id,text,timestamp,user,location,source,language,query,true_sentiment,politician,party,is_sarcastic,cleaned_text,tokens,token_count,char_count,ml_label,ml_confidence,ml_probs,split,dl_label,dl_confidence,dl_probs,final_sentiment,final_confidence,is_different_from_ml,extracted_entities
1,its oscar nomination ,2024-11-13,unknown_user,,SST-2,en,sst2,positive,Unknown,Unknown,0,oscar nomination,"['oscar', 'nomination']",2,16,positive,0.4046,"{np.str_('negative'): 0.2554, np.str_('neutral'): 0.34, np.str_('positive'): 0.4046}",labeled,neutral,0.7831,"{'neutral': 0.7831, 'positive': 0.1418, 'negative': 0.0751}",neutral,0.6059,1,[]
2,@user oohh may i know you something? are you a muslim or orientalist? you seem to hate islam,2024-11-07,unknown_user,,Twitter (tweet_eval),en,tweet_eval_sentiment,neutral,Unknown,Unknown,0,oohh may know something muslim orientalist seem hate islam,"['oohh', 'may', 'know', 'something', 'muslim', 'orientalist', 'seem', 'hate', 'islam']",9,58,neutral,0.4382,"{np.str_('negative'): 0.2333, np.str_('neutral'): 0.4382, np.str_('positive'): 0.3284}",labeled,negative,0.74,"{'negative': 0.74, 'neutral': 0.2499, 'positive': 0.0102}",negative,0.5373,1,['@user']
3,Oh great\u002c weather warning for Tayside and I\u2019m going to Dundee tomorrow.  Hope I don\u2019t get stranded up there #help,2024-12-04,unknown_user,,Twitter (tweet_eval),en,tweet_eval_sentiment,positive,Unknown,Unknown,0,oh greatu002c weather warning tayside iu2019m going dundee tomorrow hope donu2019t get stranded,"['oh', 'greatu002c', 'weather', 'warning', 'tayside', 'iu2019m', 'going', 'dundee', 'tomorrow', 'hope', 'donu2019t', 'get', 'stranded']",13,95,positive,0.5253,"{np.str_('negative'): 0.2487, np.str_('neutral'): 0.226, np.str_('positive'): 0.5253}",labeled,positive,0.8485,"{'positive': 0.8485, 'neutral': 0.1292, 'negative': 0.0223}",positive,0.7192,0,"['Tayside', 'Dundee']"
4,"as teen movies go , "" orange county "" is a refreshing change",2024-10-15,unknown_user,,Rotten Tomatoes,en,rotten_tomatoes,positive,Unknown,Unknown,0,teen movie go orange county refreshing change,"['teen', 'movie', 'go', 'orange', 'county', 'refreshing', 'change']",7,45,negative,0.4265,"{np.str_('negative'): 0.4265, np.str_('neutral'): 0.2208, np.str_('positive'): 0.3526}",labeled,neutral,0.6432,"{'neutral': 0.6432, 'positive': 0.3454, 'negative': 0.0114}",neutral,0.4742,1,[]
5,it almost feels as if the movie is more interested in entertaining itself than in amusing us .,2025-02-05,unknown_user,,Rotten Tomatoes,en,rotten_tomatoes,negative,Unknown,Unknown,0,almost feel movie interested entertaining amusing u,"['almost', 'feel', 'movie', 'interested', 'entertaining', 'amusing', 'u']",7,51,negative,0.4939,"{np.str_('negative'): 0.4939, np.str_('neutral'): 0.1688, np.str_('positive'): 0.3373}",labeled,positive,0.7854,"{'positive': 0.7854, 'neutral': 0.2071, 'negative': 0.0076}",positive,0.6062,1,[]
6,See Win% on 1st Serve for Serena : Get more than the #usopen tennis score with #IBMSports.,2024-05-17,unknown_user,,Twitter (tweet_eval),en,tweet_eval_sentiment,positive,Unknown,Unknown,0,see win 1st serve serena get tennis score,"['see', 'win', '1st', 'serve', 'serena', 'get', 'tennis', 'score']",8,41,neutral,0.5033,"{np.str_('negative'): 0.1317, np.str_('neutral'): 0.5033, np.str_('positive'): 0.3651}",labeled,neutral,0.5111,"{'neutral': 0.5111, 'positive': 0.4806, 'negative': 0.0084}",neutral,0.508,0,[]
7,Islam in Bangladesh is like the multiple colors of a mirror under the sun  There is love in these images. A...,2024-10-27,unknown_user,,Twitter (tweet_eval),en,tweet_eval_sentiment,positive,Unknown,Unknown,0,islam bangladesh like multiple color mirror sun love image,"['islam', 'bangladesh', 'like', 'multiple', 'color', 'mirror', 'sun', 'love', 'image']",9,58,positive,0.4287,"{np.str_('negative'): 0.1858, np.str_('neutral'): 0.3855, np.str_('positive'): 0.4287}",labeled,neutral,0.5124,"{'neutral': 0.5124, 'positive': 0.4714, 'negative': 0.0162}",neutral,0.4616,1,"['Bangladesh', 'Islam']"
8,"I'm sure deep in the recesses of Jack Blacks mind the character of Nacho Libre is absolutely hilarious but no it isn't. You can tell ol Jacks having a whale of a time hammin it up playing a smarmy, slimy Mexican friar with dreams of becoming a wrestler but this movie is a total m",2024-08-26,unknown_user,,IMDB,en,imdb,negative,Unknown,Unknown,0,im sure deep recess jack black mind character nacho libre absolutely hilarious but no isnt tell ol jack whale time hammin playing smarmy slimy mexican friar dream becoming wrestler but movie total,"['im', 'sure', 'deep', 'recess', 'jack', 'black', 'mind', 'character', 'nacho', 'libre', 'absolutely', 'hilarious', 'but', 'no', 'isnt', 'tell', 'ol', 'jack', 'whale', 'time', 'hammin', 'playing', 'smarmy', 'slimy', 'mexican', 'friar', 'dream', 'becoming', 'wrestler', 'but', 'movie', 'total']",32,196,positive,0.4384,"{np.str_('negative'): 0.3457, np.str_('neutral'): 0.2158, np.str_('positive'): 0.4384}",labeled,positive,0.4949,"{'positive': 0.4949, 'neutral': 0.4275, 'negative': 0.0776}",positive,0.4723,0,"['Jacks', 'Jack Blacks', 'Nacho Libre']"
9,in its lack of poetic frissons ,2024-05-26,unknown_user,,SST-2,en,sst2,negative,Unknown,Unknown,0,lack poetic frisson,"['lack', 'poetic', 'frisson']",3,19,positive,0.4046,"{np.str_('negative'): 0.2554, np.str_('neutral'): 0.34, np.str_('positive'): 0.4046}",labeled,negative,0.5833,"{'negative': 0.5833, 'neutral': 0.3775, 'positive': 0.0392}",negative,0.4521,1,[]
10,"add yet another hat to a talented head , clooney 's a good director . ",2024-02-24,unknown_user,,SST-2,en,sst2,positive,Unknown,Unknown,0,add yet another hat talented head clooney good director,"['add', 'yet', 'another', 'hat', 'talented', 'head', 'clooney', 'good', 'director']",9,55,positive,0.4611,"{np.str_('negative'): 0.2669, np.str_('neutral'): 0.2721, np.str_('positive'): 0.4611}",labeled,positive,0.6307,"{'positive': 0.6307, 'neutral': 0.2687, 'negative': 0.1007}",positive,0.5629,0,['clooney']
11,is its utter sincerity . ,2025-02-03,unknown_user,,SST-2,en,sst2,positive,Unknown,Unknown,0,utter sincerity,"['utter', 'sincerity']",2,15,positive,0.4046,"{np.str_('negative'): 0.2554, np.str_('neutral'): 0.34, np.str_('positive'): 0.4046}",labeled,neutral,0.4192,"{'neutral': 0.4192, 'positive': 0.3547, 'negative': 0.2261}",neutral,0.3875,1,[]
12,"The 8th video about Planned Parenthood has come out.  In light of this, it's important to remember that for...",2025-04-14,unknown_user,,Twitter (tweet_eval),en,tweet_eval_sentiment,neutral,Unknown,Unknown,0,8th video planned parenthood come light important remember,"['8th', 'video', 'planned', 'parenthood', 'come', 'light', 'important', 'remember']",8,58,neutral,0.3803,"{np.str_('negative'): 0.2916, np.str_('neutral'): 0.3803, np.str_('positive'): 0.3281}",labeled,neutral,0.6161,"{'neutral': 0.6161, 'positive': 0.3725, 'negative': 0.0114}",neutral,0.5218,0,['Planned Parenthood']
13,Rick Perry has stopped paying staff &amp; rumors of Rand Paul implosion are everywhere. Are these the 1st 2 out?,2024-03-16,unknown_user,,Twitter (tweet_eval),en,tweet_eval_sentiment,neutral,Unknown,Unknown,0,rick perry stopped paying staff amp rumor rand paul implosion everywhere 1st,"['rick', 'perry', 'stopped', 'paying', 'staff', 'amp', 'rumor', 'rand', 'paul', 'implosion', 'everywhere', '1st']",12,76,positive,0.4514,"{np.str_('negative'): 0.208, np.str_('neutral'): 0.3406, np.str_('positive'): 0.4514}",labeled,neutral,0.5642,"{'neutral': 0.5642, 'negative': 0.4223, 'positive': 0.0135}",neutral,0.4748,1,"['Rick Perry', 'Rand Paul']"
14,"Pope Francis USA tshirts on sale for $10 to Mr. Hylka-room 219 by Thursday 3pm. These will be worn 9/23, the day the pope arrives in the US.",2024-04-05,unknown_user,,Twitter (tweet_eval),en,tweet_eval_sentiment,positive,Unknown,Unknown,0,pope francis usa tshirts sale 10 mr hylkaroom 219 thursday 3pm worn 923 day pope arrives u,"['pope', 'francis', 'usa', 'tshirts', 'sale', '10', 'mr', 'hylkaroom', '219', 'thursday', '3pm', 'worn', '923', 'day', 'pope', 'arrives', 'u']",17,90,neutral,0.424,"{np.str_('negative'): 0.1637, np.str_('neutral'): 0.424, np.str_('positive'): 0.4123}",labeled,neutral,0.8459,"{'neutral': 0.8459, 'positive': 0.1429, 'negative': 0.0111}",neutral,0.6771,0,"['US', 'Francis USA', 'Hylka']"
15,More about nothing X Wale Friday Night Lights X J.Cole The Movie X Gucci  The Lonny Breaux Collection X Frank Ocean   Is mixtapes you need,2024-11-04,unknown_user,,Twitter (tweet_eval),en,tweet_eval_sentiment,neutral,Unknown,Unknown,0,nothing wale friday night light jcole movie gucci lonny breaux collection frank ocean mixtapes need,"['nothing', 'wale', 'friday', 'night', 'light', 'jcole', 'movie', 'gucci', 'lonny', 'breaux', 'collection', 'frank', 'ocean', 'mixtapes', 'need']",15,99,positive,0.5259,"{np.str_('negative'): 0.1124, np.str_('neutral'): 0.3617, np.str_('positive'): 0.5259}",labeled,neutral,0.7766,"{'neutral': 0.7766, 'negative': 0.115, 'positive': 0.1084}",neutral,0.6106,1,['The Lonny Breaux Collection X Frank Ocean']
16,"sc2 is an autopilot hollywood concoction lacking in imagination and authentic christmas spirit , yet it's geared toward an audience full of masters of both .",2025-05-02,unknown_user,,Rotten Tomatoes,en,rotten_tomatoes,negative,Unknown,Unknown,0,sc2 autopilot hollywood concoction lacking imagination authentic christmas spirit yet geared toward audience full master,"['sc2', 'autopilot', 'hollywood', 'concoction', 'lacking', 'imagination', 'authentic', 'christmas', 'spirit', 'yet', 'geared', 'toward', 'audience', 'full', 'master']",15,120,negative,0.4225,"{np.str_('negative'): 0.4225, np.str_('neutral'): 0.2057, np.str_('positive'): 0.3718}",labeled,negative,0.7605,"{'negative': 0.7605, 'neutral': 0.2209, 'positive': 0.0186}",negative,0.6253,0,[]
17,"If he looked any shade of brown skin he would have been. These ""Deplorables"" are really starting to come out ofthe…",2025-02-17,unknown_user,,Twitter (tweet_eval),en,tweet_eval_sentiment,negative,Unknown,Unknown,1,looked shade brown skin would deplorables really starting come ofthe…,"['looked', 'shade', 'brown', 'skin', 'would', 'deplorables', 'really', 'starting', 'come', 'ofthe…']",10,69,positive,0.4184,"{np.str_('negative'): 0.2742, np.str_('neutral'): 0.3075, np.str_('positive'): 0.4184}",labeled,negative,0.7219,"{'negative': 0.7219, 'neutral': 0.2675, 'positive': 0.0105}",negative,0.5428,1,[]
18,#UNDP The DPRK is not here. Such traitorous actions cannot be tolerated. Praise to Kim Jong-un. #SydMUN16,2024-07-21,unknown_user,,Twitter (tweet_eval),en,tweet_eval_sentiment,negative,Unknown,Unknown,0,dprk not traitorous action not tolerated praise kim jongun,"['dprk', 'not', 'traitorous', 'action', 'not', 'tolerated', 'praise', 'kim', 'jongun']",9,58,neutral,0.4136,"{np.str_('negative'): 0.3814, np.str_('neutral'): 0.4136, np.str_('positive'): 0.2049}",labeled,negative,0.8382,"{'negative': 0.8382, 'neutral': 0.1508, 'positive': 0.0109}",negative,0.6555,1,"['DPRK', 'Kim Jong-un', 'SydMUN16']"
19,1st movie of the night: The Vow,2024-10-09,unknown_user,,Twitter (tweet_eval),en,tweet_eval_sentiment,neutral,Unknown,Unknown,0,1st movie night vow,"['1st', 'movie', 'night', 'vow']",4,19,positive,0.5128,"{np.str_('negative'): 0.1587, np.str_('neutral'): 0.3285, np.str_('positive'): 0.5128}",labeled,neutral,0.7337,"{'neutral': 0.7337, 'positive': 0.2452, 'negative': 0.0211}",neutral,0.5716,1,[]
20,Imagine going home before Sunday and missing Snoop Dogg hahahaha,2024-02-15,unknown_user,,Twitter (tweet_eval),en,tweet_eval_sentiment,positive,Unknown,Unknown,0,imagine going home sunday missing snoop dogg hahahaha,"['imagine', 'going', 'home', 'sunday', 'missing', 'snoop', 'dogg', 'hahahaha']",8,53,positive,0.4686,"{np.str_('negative'): 0.1571, np.str_('neutral'): 0.3743, np.str_('positive'): 0.4686}",labeled,neutral,0.4675,"{'neutral': 0.4675, 'positive': 0.4297, 'negative': 0.1028}",positive,0.4453,0,['Snoop Dogg']
21,@user DAVID BLAINE DOES MAGIC AT KANYE WEST. Kanye doesn't really have a *great* time.,2024-06-05,unknown_user,,Twitter (tweet_eval),en,tweet_eval_sentiment,neutral,Unknown,Unknown,0,david blaine magic kanye west kanye doesnt really great time,"['david', 'blaine', 'magic', 'kanye', 'west', 'kanye', 'doesnt', 'really', 'great', 'time']",10,60,positive,0.4666,"{np.str_('negative'): 0.2008, np.str_('neutral'): 0.3326, np.str_('positive'): 0.4666}",labeled,neutral,0.6783,"{'neutral': 0.6783, 'negative': 0.2801, 'positive': 0.0416}",neutral,0.54,1,"['Kanye', 'DAVID BLAINE DOES']"
22,"Like Tarzan the Ape Man (1932), only more so. There's more of everything, more animals, more varied African tribes, and scenes in which the thought must be, if this was good with three or four lions, forty would be better. Tarzan wrestles with crocodilesthe the crocodile machine",2024-10-07,unknown_user,,IMDB,en,imdb,positive,Unknown,Unknown,0,like tarzan ape man 1932 there everything animal varied african tribe scene thought must good three four lion forty would better tarzan wrestle crocodilesthe crocodile machine,"['like', 'tarzan', 'ape', 'man', '1932', 'there', 'everything', 'animal', 'varied', 'african', 'tribe', 'scene', 'thought', 'must', 'good', 'three', 'four', 'lion', 'forty', 'would', 'better', 'tarzan', 'wrestle', 'crocodiles\x97the', 'crocodile', 'machine']",26,176,positive,0.5132,"{np.str_('negative'): 0.3175, np.str_('neutral'): 0.1693, np.str_('positive'): 0.5132}",labeled,neutral,0.5274,"{'neutral': 0.5274, 'positive': 0.4315, 'negative': 0.0411}",positive,0.4642,0,[]
23,@user reminds me day I was walked btw IBM bldgs in S.Fla Sun for health; hot; I past 2 guys digging a 4x8' cable trench 10' deep,2025-05-13,unknown_user,,Twitter (tweet_eval),en,tweet_eval_sentiment,neutral,Unknown,Unknown,0,reminds day walked btw ibm bldgs sfla sun health hot past guy digging 4x8 cable trench 10 deep,"['reminds', 'day', 'walked', 'btw', 'ibm', 'bldgs', 'sfla', 'sun', 'health', 'hot', 'past', 'guy', 'digging', '4x8', 'cable', 'trench', '10', 'deep']",18,94,neutral,0.5058,"{np.str_('negative'): 0.1227, np.str_('neutral'): 0.5058, np.str_('positive'): 0.3715}",labeled,neutral,0.8211,"{'neutral': 0.8211, 'negative': 0.0924, 'positive': 0.0865}",neutral,0.695,0,"['@user', 'IBM']"
24,"thanks to haynes' absolute control of the film's mood , and buoyed by three terrific performances , far from heaven actually pulls off this stylistic juggling act .",2024-01-16,unknown_user,,Rotten Tomatoes,en,rotten_tomatoes,positive,Unknown,Unknown,0,thanks haynes absolute control film mood buoyed three terrific performance far heaven actually pull stylistic juggling act,"['thanks', 'haynes', 'absolute', 'control', 'film', 'mood', 'buoyed', 'three', 'terrific', 'performance', 'far', 'heaven', 'actually', 'pull', 'stylistic', 'juggling', 'act']",17,122,positive,0.625,"{np.str_('negative'): 0.2737, np.str_('neutral'): 0.1012, np.str_('positive'): 0.625}",labeled,positive,0.9718,"{'positive': 0.9718, 'neutral': 0.0217, 'negative': 0.0065}",positive,0.8331,0,[]
25,Last friday was a blast. I really missed mamox coz shes the only one who understands me when it comes to kpop. (we even sang 2pm's go crazy),2024-09-18,unknown_user,,Twitter (tweet_eval),en,tweet_eval_sentiment,positive,Unknown,Unknown,0,last friday blast really missed mamox coz shes one understands come kpop even sang 2pms go crazy,"['last', 'friday', 'blast', 'really', 'missed', 'mamox', 'coz', 'shes', 'one', 'understands', 'come', 'kpop', 'even', 'sang', '2pms', 'go', 'crazy']",17,96,positive,0.4411,"{np.str_('negative'): 0.1929, np.str_('neutral'): 0.366, np.str_('positive'): 0.4411}",labeled,positive,0.509,"{'positive': 0.509, 'neutral': 0.2659, 'negative': 0.2251}",positive,0.4818,0,[]
26,Putting together a preview story for the CMU field hockey team. They're hosting Kent State Saturday with the MAC Championship on the line.,2024-04-03,unknown_user,,Twitter (tweet_eval),en,tweet_eval_sentiment,neutral,Unknown,Conservatives,0,putting together preview story cmu field hockey team theyre hosting kent state saturday mac championship line,"['putting', 'together', 'preview', 'story', 'cmu', 'field', 'hockey', 'team', 'theyre', 'hosting', 'kent', 'state', 'saturday', 'mac', 'championship', 'line']",16,109,positive,0.3617,"{np.str_('negative'): 0.3169, np.str_('neutral'): 0.3214, np.str_('positive'): 0.3617}",labeled,neutral,0.9321,"{'neutral': 0.9321, 'positive': 0.0614, 'negative': 0.0065}",neutral,0.6878,1,"['Kent State', 'CMU']"
27,"""Cliff Avril on whether he would have been healthy to play on Sunday (Lions on bye): \""""""""I would have played.\""""""""""",2024-12-29,unknown_user,,Twitter (tweet_eval),en,tweet_eval_sentiment,neutral,Unknown,Unknown,0,cliff avril whether would healthy play sunday lion bye would played,"['cliff', 'avril', 'whether', 'would', 'healthy', 'play', 'sunday', 'lion', 'bye', 'would', 'played']",11,67,positive,0.4401,"{np.str_('negative'): 0.2214, np.str_('neutral'): 0.3385, np.str_('positive'): 0.4401}",labeled,neutral,0.9171,"{'neutral': 0.9171, 'positive': 0.0573, 'negative': 0.0256}",neutral,0.6857,1,[]
28,This movie has everything typical horror movies lack. Although some things are far fetched we are dealing with quality snow man engineers. The only preview i can reveal is that i cant wait for Jackzilla. Dare i say oscar winner. This is a perfect date movie. I advise all men for ,2024-08-08,unknown_user,,IMDB,en,imdb,positive,Unknown,Unknown,0,movie everything typical horror movie lack although thing far fetched dealing quality snow man engineer preview reveal cant wait jackzilla dare say oscar winner perfect date movie advise men,"['movie', 'everything', 'typical', 'horror', 'movie', 'lack', 'although', 'thing', 'far', 'fetched', 'dealing', 'quality', 'snow', 'man', 'engineer', 'preview', 'reveal', 'cant', 'wait', 'jackzilla', 'dare', 'say', 'oscar', 'winner', 'perfect', 'date', 'movie', 'advise', 'men']",29,190,positive,0.4468,"{np.str_('negative'): 0.4463, np.str_('neutral'): 0.1069, np.str_('positive'): 0.4468}",labeled,positive,0.4904,"{'positive': 0.4904, 'neutral': 0.2887, 'negative': 0.2209}",positive,0.473,0,[]
29,Can\u2019t wait for ISS tomorrow.... Not but at least ill have Kenna with me,2024-01-27,unknown_user,,Twitter (tweet_eval),en,tweet_eval_sentiment,positive,Unknown,Unknown,0,canu2019t wait iss tomorrow not but least ill kenna,"['canu2019t', 'wait', 'iss', 'tomorrow', 'not', 'but', 'least', 'ill', 'kenna']",9,51,positive,0.5666,"{np.str_('negative'): 0.1962, np.str_('neutral'): 0.2372, np.str_('positive'): 0.5666}",labeled,positive,0.8505,"{'positive': 0.8505, 'neutral': 0.1165, 'negative': 0.033}",positive,0.7369,0,['Kenna']
30,@user Sumlin just mixing it up or is Murray the 2nd half an?,2024-04-05,unknown_user,,Twitter (tweet_eval),en,tweet_eval_sentiment,neutral,Unknown,Unknown,0,sumlin mixing murray 2nd half,"['sumlin', 'mixing', 'murray', '2nd', 'half']",5,29,neutral,0.4461,"{np.str_('negative'): 0.1849, np.str_('neutral'): 0.4461, np.str_('positive'): 0.3689}",labeled,neutral,0.9467,"{'neutral': 0.9467, 'positive': 0.027, 'negative': 0.0263}",neutral,0.7465,0,"['Murray', '@user Sumlin']"
31,I went to the Marijuana March\u002c but I do not remember what happened there.,2025-01-10,unknown_user,,Twitter (tweet_eval),en,tweet_eval_sentiment,neutral,Unknown,Unknown,0,went marijuana marchu002c but not remember happened,"['went', 'marijuana', 'marchu002c', 'but', 'not', 'remember', 'happened']",7,51,neutral,0.4904,"{np.str_('negative'): 0.2941, np.str_('neutral'): 0.4904, np.str_('positive'): 0.2155}",labeled,neutral,0.6492,"{'neutral': 0.6492, 'negative': 0.3231, 'positive': 0.0277}",neutral,0.5857,0,['Marijuana']
32,@user when will your 2013 dates at the MGM Grand will be released? I wanna meet you for my 30th birthday on March 10th! #Bucketlist,2025-03-22,unknown_user,,Twitter (tweet_eval),en,tweet_eval_sentiment,neutral,Unknown,Unknown,0,2013 date mgm grand released wan na meet 30th birthday march 10th,"['2013', 'date', 'mgm', 'grand', 'released', 'wan', 'na', 'meet', '30th', 'birthday', 'march', '10th']",12,65,neutral,0.4756,"{np.str_('negative'): 0.1293, np.str_('neutral'): 0.4756, np.str_('positive'): 0.3951}",labeled,neutral,0.8235,"{'neutral': 0.8235, 'positive': 0.1693, 'negative': 0.0073}",neutral,0.6843,0,"['@user', 'Bucketlist']"
33,@user @user Not a Fox fan but I respect MK. Good luck with your book dear!,2024-10-23,unknown_user,,Twitter (tweet_eval),en,tweet_eval_sentiment,positive,Unknown,Unknown,0,not fox fan but respect mk good luck book dear,"['not', 'fox', 'fan', 'but', 'respect', 'mk', 'good', 'luck', 'book', 'dear']",10,46,positive,0.5481,"{np.str_('negative'): 0.271, np.str_('neutral'): 0.1809, np.str_('positive'): 0.5481}",labeled,positive,0.5522,"{'positive': 0.5522, 'neutral': 0.4119, 'negative': 0.0359}",positive,0.5506,0,['Fox']
34,"@user Drain the swamp? Obamacare? Int allegiances? Interrogation? Climate change? Clinton being charged? Gigantic wall? Yeah, exactly.",2025-02-19,unknown_user,,Twitter (tweet_eval),en,tweet_eval_sentiment,negative,Obama,Unknown,0,drain swamp obamacare int allegiance interrogation climate change clinton charged gigantic wall yeah exactly,"['drain', 'swamp', 'obamacare', 'int', 'allegiance', 'interrogation', 'climate', 'change', 'clinton', 'charged', 'gigantic', 'wall', 'yeah', 'exactly']",14,108,neutral,0.4275,"{np.str_('negative'): 0.2946, np.str_('neutral'): 0.4275, np.str_('positive'): 0.2779}",labeled,neutral,0.5168,"{'neutral': 0.5168, 'negative': 0.4471, 'positive': 0.0361}",neutral,0.4811,0,"['Clinton', '@user Drain']"
35,"""Tomorrow, September 13th 8pm-midnight Cafe Asia , link to buy a ticket if you're interested will follow this tweet""",2024-04-06,unknown_user,,Twitter (tweet_eval),en,tweet_eval_sentiment,neutral,Unknown,Unknown,0,tomorrow september 13th 8pmmidnight cafe asia link buy ticket youre interested follow tweet,"['tomorrow', 'september', '13th', '8pmmidnight', 'cafe', 'asia', 'link', 'buy', 'ticket', 'youre', 'interested', 'follow', 'tweet']",13,91,neutral,0.497,"{np.str_('negative'): 0.1849, np.str_('neutral'): 0.497, np.str_('positive'): 0.3181}",labeled,neutral,0.8438,"{'neutral': 0.8438, 'positive': 0.152, 'negative': 0.0042}",neutral,0.7051,0,[]
36,"""4 Jan Cracking the case of Charles Dickens THE MYSTERY OF EDWIN DROOD and the madcap musical it inspired @user",2025-05-13,unknown_user,,Twitter (tweet_eval),en,tweet_eval_sentiment,neutral,Unknown,Unknown,0,jan cracking case charles dickens mystery edwin drood madcap musical inspired,"['jan', 'cracking', 'case', 'charles', 'dickens', 'mystery', 'edwin', 'drood', 'madcap', 'musical', 'inspired']",11,77,positive,0.4046,"{np.str_('negative'): 0.2554, np.str_('neutral'): 0.34, np.str_('positive'): 0.4046}",labeled,neutral,0.8482,"{'neutral': 0.8482, 'positive': 0.1262, 'negative': 0.0256}",neutral,0.6449,1,"['Charles Dickens', '@user']"
37,Just found out we have 91 Appointments n we are shooting for 120 on Monday - Huntsville\u002c AL are you ready for us?!?!  #NMAE @user,2025-02-23,unknown_user,,Twitter (tweet_eval),en,tweet_eval_sentiment,neutral,Unknown,Unknown,0,found 91 appointment shooting 120 monday huntsvilleu002c al ready u,"['found', '91', 'appointment', 'shooting', '120', 'monday', 'huntsvilleu002c', 'al', 'ready', 'u']",10,67,neutral,0.4056,"{np.str_('negative'): 0.22, np.str_('neutral'): 0.4056, np.str_('positive'): 0.3744}",labeled,neutral,0.8614,"{'neutral': 0.8614, 'positive': 0.1168, 'negative': 0.0217}",neutral,0.6791,0,"['NMAE', 'Appointments']"
38,"""29 March 1987 - Wrestlemania III-93,173 watch Hulk Hogan beat Andre the Giant.",2024-02-07,unknown_user,,Twitter (tweet_eval),en,tweet_eval_sentiment,positive,Unknown,Unknown,0,29 march 1987 wrestlemania iii93173 watch hulk hogan beat andre giant,"['29', 'march', '1987', 'wrestlemania', 'iii93173', 'watch', 'hulk', 'hogan', 'beat', 'andre', 'giant']",11,69,neutral,0.4382,"{np.str_('negative'): 0.1599, np.str_('neutral'): 0.4382, np.str_('positive'): 0.4019}",labeled,neutral,0.7705,"{'neutral': 0.7705, 'positive': 0.2239, 'negative': 0.0056}",neutral,0.6376,0,"['Hulk Hogan', 'Andre', 'Giant']"
39,Did you just tell me Lucas scott leaves in the 5th season of tree hill? #YOUJUSTRUINEDMYLIFE,2024-01-08,unknown_user,,Twitter (tweet_eval),en,tweet_eval_sentiment,negative,Unknown,Unknown,0,tell lucas scott leaf 5th season tree hill,"['tell', 'lucas', 'scott', 'leaf', '5th', 'season', 'tree', 'hill']",8,42,neutral,0.4864,"{np.str_('negative'): 0.2388, np.str_('neutral'): 0.4864, np.str_('positive'): 0.2748}",labeled,neutral,0.8984,"{'neutral': 0.8984, 'positive': 0.0674, 'negative': 0.0342}",neutral,0.7336,0,"['YOUJUSTRUINEDMYLIFE', 'Lucas']"
40,@user the 6th edition was great too! i traveled around 5 islands in Vanuatu & New Caledonia,2024-07-05,unknown_user,,Twitter (tweet_eval),en,tweet_eval_sentiment,positive,Unknown,Unknown,0,6th edition great traveled around island vanuatu new caledonia,"['6th', 'edition', 'great', 'traveled', 'around', 'island', 'vanuatu', 'new', 'caledonia']",9,62,positive,0.4962,"{np.str_('negative'): 0.1207, np.str_('neutral'): 0.3831, np.str_('positive'): 0.4962}",labeled,positive,0.9165,"{'positive': 0.9165, 'neutral': 0.081, 'negative': 0.0025}",positive,0.7484,0,['Vanuatu & New Caledonia']
41,Is it fair to expect more from Christians at the work place? More on that this Sunday. #GospelAtWork,2025-01-25,unknown_user,,Twitter (tweet_eval),en,tweet_eval_sentiment,neutral,Unknown,Unknown,0,fair expect christian work place sunday,"['fair', 'expect', 'christian', 'work', 'place', 'sunday']",6,39,neutral,0.423,"{np.str_('negative'): 0.2076, np.str_('neutral'): 0.423, np.str_('positive'): 0.3694}",labeled,neutral,0.8221,"{'neutral': 0.8221, 'positive': 0.1435, 'negative': 0.0343}",neutral,0.6625,0,[]
42,"""Baha , as if I'm singing in front of people at Bluesfest tomorrow ! Everyone is going to be so great! #sinkingin #feelingsick""",2024-09-28,unknown_user,,Twitter (tweet_eval),en,tweet_eval_sentiment,positive,Unknown,Unknown,0,baha im singing front people bluesfest tomorrow everyone going great,"['baha', 'im', 'singing', 'front', 'people', 'bluesfest', 'tomorrow', 'everyone', 'going', 'great']",10,68,positive,0.6535,"{np.str_('negative'): 0.171, np.str_('neutral'): 0.1755, np.str_('positive'): 0.6535}",labeled,positive,0.9777,"{'positive': 0.9777, 'neutral': 0.0186, 'negative': 0.0037}",positive,0.848,0,[]
43,Happy to know that Delhi Police had found today the missing girl from India gate on 28 sept 2014,2024-04-06,unknown_user,,Twitter (tweet_eval),en,tweet_eval_sentiment,positive,Unknown,Unknown,0,happy know delhi police found today missing girl india gate 28 sept 2014,"['happy', 'know', 'delhi', 'police', 'found', 'today', 'missing', 'girl', 'india', 'gate', '28', 'sept', '2014']",13,72,positive,0.408,"{np.str_('negative'): 0.2402, np.str_('neutral'): 0.3518, np.str_('positive'): 0.408}",labeled,positive,0.8767,"{'positive': 0.8767, 'neutral': 0.1178, 'negative': 0.0055}",positive,0.6892,0,"['Delhi Police', 'India']"
44,the guys still feels counterproductive ,2025-03-18,unknown_user,,SST-2,en,sst2,negative,Unknown,Unknown,0,guy still feel counterproductive,"['guy', 'still', 'feel', 'counterproductive']",4,32,neutral,0.3731,"{np.str_('negative'): 0.2661, np.str_('neutral'): 0.3731, np.str_('positive'): 0.3608}",labeled,neutral,0.5085,"{'neutral': 0.5085, 'negative': 0.4531, 'positive': 0.0385}",neutral,0.4543,0,[]
45,trying to break your heart an attraction it desperately needed ,2024-07-17,unknown_user,,SST-2,en,sst2,positive,Unknown,Unknown,0,trying break heart attraction desperately needed,"['trying', 'break', 'heart', 'attraction', 'desperately', 'needed']",6,48,positive,0.4046,"{np.str_('negative'): 0.2554, np.str_('neutral'): 0.34, np.str_('positive'): 0.4046}",labeled,neutral,0.6272,"{'neutral': 0.6272, 'negative': 0.2055, 'positive': 0.1673}",neutral,0.5123,1,[]
46,If this is the end for @user I once again have to commend @user for his emotional Gary Carter memorial show in February,2024-12-04,unknown_user,,Twitter (tweet_eval),en,tweet_eval_sentiment,neutral,Unknown,Unknown,0,end commend emotional gary carter memorial show february,"['end', 'commend', 'emotional', 'gary', 'carter', 'memorial', 'show', 'february']",8,56,positive,0.434,"{np.str_('negative'): 0.2745, np.str_('neutral'): 0.2915, np.str_('positive'): 0.434}",labeled,neutral,0.7007,"{'neutral': 0.7007, 'positive': 0.2722, 'negative': 0.0271}",neutral,0.537,1,"['@user', 'Gary Carter']"
47,Love @user ! We need to see more of her on @user . Maybe replace @user ?,2025-03-13,unknown_user,,Twitter (tweet_eval),en,tweet_eval_sentiment,positive,Unknown,Unknown,0,love need see maybe replace,"['love', 'need', 'see', 'maybe', 'replace']",5,27,positive,0.5222,"{np.str_('negative'): 0.1304, np.str_('neutral'): 0.3474, np.str_('positive'): 0.5222}",labeled,neutral,0.6423,"{'neutral': 0.6423, 'positive': 0.2399, 'negative': 0.1178}",neutral,0.5243,1,['@user']
48,"1st watched 8/26/2001 - 8 out of 10 (Dir-John Cassavetes): Well-done early independent film by Cassavetes introduced a style that was much different than what Hollywood shows it's audience. This movie also introduced some very taboo subjects, especially the actual racism that pro",2024-12-07,unknown_user,,IMDB,en,imdb,positive,Unknown,Unknown,0,1st watched 8262001 10 dirjohn cassavetes welldone early independent film cassavetes introduced style much different hollywood show audience movie also introduced taboo subject especially actual racism pro,"['1st', 'watched', '8262001', '10', 'dirjohn', 'cassavetes', 'welldone', 'early', 'independent', 'film', 'cassavetes', 'introduced', 'style', 'much', 'different', 'hollywood', 'show', 'audience', 'movie', 'also', 'introduced', 'taboo', 'subject', 'especially', 'actual', 'racism', 'pro']",27,205,positive,0.4867,"{np.str_('negative'): 0.3405, np.str_('neutral'): 0.1728, np.str_('positive'): 0.4867}",labeled,positive,0.5887,"{'positive': 0.5887, 'neutral': 0.3878, 'negative': 0.0235}",positive,0.5479,0,"['Dir-John Cassavetes', 'Hollywood', 'Cassavetes']"
49,@user were on just before yee at Castlepalooza next Sat. Deezer stage though. Buzztown! There's a good crew about that day,2024-07-23,unknown_user,,Twitter (tweet_eval),en,tweet_eval_sentiment,positive,Unknown,Unknown,0,yee castlepalooza next sat deezer stage though buzztown there good crew day,"['yee', 'castlepalooza', 'next', 'sat', 'deezer', 'stage', 'though', 'buzztown', 'there', 'good', 'crew', 'day']",12,75,positive,0.6071,"{np.str_('negative'): 0.1672, np.str_('neutral'): 0.2257, np.str_('positive'): 0.6071}",labeled,positive,0.953,"{'positive': 0.953, 'neutral': 0.0449, 'negative': 0.0021}",positive,0.8146,0,"['@user', 'Castlepalooza next Sat']"
50,Toni Gonzaga will be in Legazpi on October 30. Huhuhuhu. I wanna cry i want to come but how? I dont have money. Waaaah @user,2024-05-17,unknown_user,,Twitter (tweet_eval),en,tweet_eval_sentiment,negative,Unknown,Unknown,0,toni gonzaga legazpi october 30 huhuhuhu wan na cry want come but dont money waaaah,"['toni', 'gonzaga', 'legazpi', 'october', '30', 'huhuhuhu', 'wan', 'na', 'cry', 'want', 'come', 'but', 'dont', 'money', 'waaaah']",15,83,negative,0.4028,"{np.str_('negative'): 0.4028, np.str_('neutral'): 0.2992, np.str_('positive'): 0.298}",labeled,negative,0.4277,"{'negative': 0.4277, 'neutral': 0.4238, 'positive': 0.1485}",negative,0.4177,0,"['Waaaah', 'Legazpi', 'Toni Gonzaga']"
51,@user @user may I please have the picture of the seatplan for The Vamps Concert please,2024-11-05,unknown_user,,Twitter (tweet_eval),en,tweet_eval_sentiment,neutral,Unknown,Unknown,0,may please picture seatplan vamp concert please,"['may', 'please', 'picture', 'seatplan', 'vamp', 'concert', 'please']",7,47,positive,0.4278,"{np.str_('negative'): 0.2548, np.str_('neutral'): 0.3174, np.str_('positive'): 0.4278}",labeled,neutral,0.776,"{'neutral': 0.776, 'positive': 0.201, 'negative': 0.0231}",neutral,0.5926,1,[]
52,"Microsoft brings Outlook to Apple Watch: Microsoft made a bigger push in the wearables market on Thursday, but...",2024-10-24,unknown_user,,Twitter (tweet_eval),en,tweet_eval_sentiment,neutral,Unknown,Unknown,0,microsoft brings outlook apple watch microsoft made bigger push wearable market thursday but,"['microsoft', 'brings', 'outlook', 'apple', 'watch', 'microsoft', 'made', 'bigger', 'push', 'wearable', 'market', 'thursday', 'but']",13,92,positive,0.4282,"{np.str_('negative'): 0.2212, np.str_('neutral'): 0.3506, np.str_('positive'): 0.4282}",labeled,neutral,0.5902,"{'neutral': 0.5902, 'positive': 0.4031, 'negative': 0.0067}",neutral,0.4944,1,"['Apple Watch', 'Microsoft', 'Outlook']"
53,Church blocks sexual contraception and education. Government blocks the Death Penalty. No wonder there's a population bubble.,2024-08-10,unknown_user,,Twitter (tweet_eval),en,tweet_eval_sentiment,negative,Unknown,Unknown,1,church block sexual contraception education government block death penalty no wonder there population bubble,"['church', 'block', 'sexual', 'contraception', 'education', 'government', 'block', 'death', 'penalty', 'no', 'wonder', 'there', 'population', 'bubble']",14,108,positive,0.4046,"{np.str_('negative'): 0.2554, np.str_('neutral'): 0.34, np.str_('positive'): 0.4046}",labeled,negative,0.8595,"{'negative': 0.8595, 'neutral': 0.1345, 'positive': 0.006}",negative,0.6179,1,[]
54,"this flick is fun , and host to some truly excellent sequences . ",2024-04-10,unknown_user,,SST-2,en,sst2,positive,Unknown,Unknown,0,flick fun host truly excellent sequence,"['flick', 'fun', 'host', 'truly', 'excellent', 'sequence']",6,39,positive,0.4046,"{np.str_('negative'): 0.2554, np.str_('neutral'): 0.34, np.str_('positive'): 0.4046}",labeled,positive,0.9734,"{'positive': 0.9734, 'neutral': 0.0214, 'negative': 0.0052}",positive,0.7459,0,[]
55,samuel beckett applied to the iranian voting process .,2024-11-12,unknown_user,,Rotten Tomatoes,en,rotten_tomatoes,positive,Unknown,Unknown,0,samuel beckett applied iranian voting process,"['samuel', 'beckett', 'applied', 'iranian', 'voting', 'process']",6,45,positive,0.4046,"{np.str_('negative'): 0.2554, np.str_('neutral'): 0.34, np.str_('positive'): 0.4046}",labeled,neutral,0.9272,"{'neutral': 0.9272, 'positive': 0.042, 'negative': 0.0308}",neutral,0.6923,1,['samuel beckett']
56,#BeyDay fun fact: Beyonce swept the hair off the floor of her mother's salon for her 1st job. #HumbleBeginnings,2024-10-09,unknown_user,,Twitter (tweet_eval),en,tweet_eval_sentiment,positive,Unknown,Unknown,0,fun fact beyonce swept hair floor mother salon 1st job,"['fun', 'fact', 'beyonce', 'swept', 'hair', 'floor', 'mother', 'salon', '1st', 'job']",10,54,neutral,0.4312,"{np.str_('negative'): 0.2349, np.str_('neutral'): 0.4312, np.str_('positive'): 0.3339}",labeled,positive,0.5178,"{'positive': 0.5178, 'neutral': 0.4717, 'negative': 0.0105}",neutral,0.4555,0,['HumbleBeginnings']
57,"#NationalFastFoodDay Should we be promoting a industry that has led to obesity,high cholesterol?#letsmakeamericaskinnyagain  @user",2025-05-05,unknown_user,,Twitter (tweet_eval),en,tweet_eval_sentiment,negative,Unknown,Unknown,1,promoting industry led obesityhigh cholesterol,"['promoting', 'industry', 'led', 'obesityhigh', 'cholesterol']",5,46,positive,0.4046,"{np.str_('negative'): 0.2554, np.str_('neutral'): 0.34, np.str_('positive'): 0.4046}",labeled,negative,0.7018,"{'negative': 0.7018, 'neutral': 0.2771, 'positive': 0.0211}",negative,0.5232,1,['@user']
58,At the 10th Annual Cloud Expo @user,2024-04-02,unknown_user,,Twitter (tweet_eval),en,tweet_eval_sentiment,neutral,Unknown,Unknown,0,10th annual cloud expo,"['10th', 'annual', 'cloud', 'expo']",4,22,positive,0.4046,"{np.str_('negative'): 0.2554, np.str_('neutral'): 0.34, np.str_('positive'): 0.4046}",labeled,neutral,0.7939,"{'neutral': 0.7939, 'positive': 0.1973, 'negative': 0.0087}",neutral,0.6123,1,[]
59,"After ""Central City"" loses its mob boss to murder, partner-in-crime Robert Armstrong (as ""Doc"" Rogers) decides to take drastic measures To preserve criminal continuity, he recruits the dead mobster's milquetoast son, Richard Cromwell (as Edward ""Baby Face"" Morgan), to run the fam",2024-01-17,unknown_user,,IMDB,en,imdb,negative,Unknown,Unknown,0,central city loses mob bos murder partnerincrime robert armstrong doc rogers decides take drastic measure preserve criminal continuity recruit dead mobster milquetoast son richard cromwell edward baby face morgan run fam,"['central', 'city', 'loses', 'mob', 'bos', 'murder', 'partnerincrime', 'robert', 'armstrong', 'doc', 'rogers', 'decides', 'take', 'drastic', 'measure', 'preserve', 'criminal', 'continuity', 'recruit', 'dead', 'mobster', 'milquetoast', 'son', 'richard', 'cromwell', 'edward', 'baby', 'face', 'morgan', 'run', 'fam']",31,220,negative,0.3516,"{np.str_('negative'): 0.3516, np.str_('neutral'): 0.3482, np.str_('positive'): 0.3003}",labeled,negative,0.5747,"{'negative': 0.5747, 'neutral': 0.4112, 'positive': 0.0141}",negative,0.4855,0,"['Richard Cromwell', 'Edward ""Baby Face"" Morgan', 'Robert Armstrong']"
60,The Accounting Career Fair is this Friday! Be sure to engage with us by using #kubusfair--you might win an iPad mini!,2024-09-29,unknown_user,,Twitter (tweet_eval),en,tweet_eval_sentiment,neutral,Unknown,Unknown,0,accounting career fair friday sure engage u using might win ipad mini,"['accounting', 'career', 'fair', 'friday', 'sure', 'engage', 'u', 'using', 'might', 'win', 'ipad', 'mini']",12,69,neutral,0.4734,"{np.str_('negative'): 0.1032, np.str_('neutral'): 0.4734, np.str_('positive'): 0.4233}",labeled,positive,0.5345,"{'positive': 0.5345, 'neutral': 0.4598, 'negative': 0.0057}",positive,0.49,1,"['iPad', 'kubusfair']"
61,would like to get to milan for the world tour appearance of  maestro Zubin Mehta in may,2024-06-24,unknown_user,,Twitter (tweet_eval),en,tweet_eval_sentiment,neutral,Unknown,Unknown,0,would like get milan world tour appearance maestro zubin mehta may,"['would', 'like', 'get', 'milan', 'world', 'tour', 'appearance', 'maestro', 'zubin', 'mehta', 'may']",11,66,neutral,0.501,"{np.str_('negative'): 0.2204, np.str_('neutral'): 0.501, np.str_('positive'): 0.2786}",labeled,neutral,0.648,"{'neutral': 0.648, 'positive': 0.3441, 'negative': 0.008}",neutral,0.5892,0,['Zubin Mehta']
62,Dean Ambrose and Roman Regins might have found their 3rd partner because he is going to want payback #Raw,2025-03-31,unknown_user,,Twitter (tweet_eval),en,tweet_eval_sentiment,neutral,Unknown,Unknown,0,dean ambrose roman regins might found 3rd partner going want payback,"['dean', 'ambrose', 'roman', 'regins', 'might', 'found', '3rd', 'partner', 'going', 'want', 'payback']",11,68,neutral,0.3961,"{np.str_('negative'): 0.3004, np.str_('neutral'): 0.3961, np.str_('positive'): 0.3035}",labeled,neutral,0.9016,"{'neutral': 0.9016, 'negative': 0.0518, 'positive': 0.0466}",neutral,0.6994,0,"['Dean Ambrose', 'Roman Regins']"
63,i miss you like the moon misses the sun at twilight,2024-10-30,unknown_user,,Twitter (tweet_eval),en,tweet_eval_sentiment,positive,Unknown,Unknown,0,miss like moon miss sun twilight,"['miss', 'like', 'moon', 'miss', 'sun', 'twilight']",6,32,positive,0.503,"{np.str_('negative'): 0.2474, np.str_('neutral'): 0.2496, np.str_('positive'): 0.503}",labeled,neutral,0.7716,"{'neutral': 0.7716, 'positive': 0.1149, 'negative': 0.1135}",neutral,0.5628,1,[]
64,Nebraska doesn't land Gesell...a Top 100 guy in your state and you don't get him.  C'mon #Nebrasketball,2024-12-04,unknown_user,,Twitter (tweet_eval),en,tweet_eval_sentiment,negative,Unknown,Unknown,0,nebraska doesnt land gesella top 100 guy state dont get cmon,"['nebraska', 'doesnt', 'land', 'gesella', 'top', '100', 'guy', 'state', 'dont', 'get', 'cmon']",11,60,neutral,0.4311,"{np.str_('negative'): 0.251, np.str_('neutral'): 0.4311, np.str_('positive'): 0.3179}",labeled,negative,0.6893,"{'negative': 0.6893, 'neutral': 0.2937, 'positive': 0.017}",negative,0.514,1,"['Gesell', 'Nebraska', 'Nebrasketball']"
65,a movie with a real anarchic flair .,2024-09-15,unknown_user,,Rotten Tomatoes,en,rotten_tomatoes,positive,Unknown,Unknown,0,movie real anarchic flair,"['movie', 'real', 'anarchic', 'flair']",4,25,negative,0.4383,"{np.str_('negative'): 0.4383, np.str_('neutral'): 0.1326, np.str_('positive'): 0.4291}",labeled,neutral,0.7541,"{'neutral': 0.7541, 'positive': 0.1948, 'negative': 0.0511}",neutral,0.5055,1,[]
66,"""If you hate Kanye West, just listen to Runaway. It may change your perspective on his personality.""",2024-08-21,unknown_user,,Twitter (tweet_eval),en,tweet_eval_sentiment,positive,Unknown,Unknown,0,hate kanye west listen runaway may change perspective personality,"['hate', 'kanye', 'west', 'listen', 'runaway', 'may', 'change', 'perspective', 'personality']",9,65,neutral,0.399,"{np.str_('negative'): 0.2891, np.str_('neutral'): 0.399, np.str_('positive'): 0.312}",labeled,negative,0.8814,"{'negative': 0.8814, 'neutral': 0.1109, 'positive': 0.0078}",negative,0.6445,1,"['Kanye West', 'Runaway']"
67,"passion , lip-synching , tragedy , and lots of really really high notes . for me , this opera isn't a favorite , so it's a long time before the fat lady sings .",2024-12-15,unknown_user,,Rotten Tomatoes,en,rotten_tomatoes,negative,Unknown,Unknown,1,passion lipsynching tragedy lot really really high note opera isnt favorite long time fat lady sings,"['passion', 'lipsynching', 'tragedy', 'lot', 'really', 'really', 'high', 'note', 'opera', 'isnt', 'favorite', 'long', 'time', 'fat', 'lady', 'sings']",16,100,positive,0.3903,"{np.str_('negative'): 0.248, np.str_('neutral'): 0.3617, np.str_('positive'): 0.3903}",labeled,negative,0.7771,"{'negative': 0.7771, 'neutral': 0.2012, 'positive': 0.0217}",negative,0.5655,1,[]
68,Friday Night Lights with Mitt! #tcot #tlot #bcot #ccot #gop #nra #ocra #sgp #teaparty #twisters #breitbart #Israel,2024-07-02,unknown_user,,Twitter (tweet_eval),en,tweet_eval_sentiment,neutral,Unknown,Republicans,0,friday night light mitt,"['friday', 'night', 'light', 'mitt']",4,23,neutral,0.5173,"{np.str_('negative'): 0.0647, np.str_('neutral'): 0.5173, np.str_('positive'): 0.4181}",labeled,neutral,0.8882,"{'neutral': 0.8882, 'positive': 0.1015, 'negative': 0.0103}",neutral,0.7398,0,"['Israel', 'gop']"
69,"""May I know @user How you can be so sure that Yakub is Innocent? Any Proof?""",2024-05-05,unknown_user,,Twitter (tweet_eval),en,tweet_eval_sentiment,neutral,Unknown,Unknown,0,may know sure yakub innocent proof,"['may', 'know', 'sure', 'yakub', 'innocent', 'proof']",6,34,positive,0.4171,"{np.str_('negative'): 0.1852, np.str_('neutral'): 0.3977, np.str_('positive'): 0.4171}",labeled,neutral,0.7457,"{'neutral': 0.7457, 'positive': 0.2193, 'negative': 0.035}",neutral,0.6065,1,[]
70,It's Prince George's 2nd birthday! With the following hashtag you can congratulate the little Prince. We wish His...,2024-02-07,unknown_user,,Twitter (tweet_eval),en,tweet_eval_sentiment,positive,Unknown,Unknown,0,prince george 2nd birthday following hashtag congratulate little prince wish,"['prince', 'george', '2nd', 'birthday', 'following', 'hashtag', 'congratulate', 'little', 'prince', 'wish']",10,76,positive,0.4133,"{np.str_('negative'): 0.2056, np.str_('neutral'): 0.381, np.str_('positive'): 0.4133}",labeled,positive,0.734,"{'positive': 0.734, 'neutral': 0.2623, 'negative': 0.0037}",positive,0.6057,0,[]
71,sungkyunkwan scandal on ABS-CBN.. i just finished the series yesterday..:))))) i may sound like a spoiler now <evil laugh>,2024-02-04,unknown_user,,Twitter (tweet_eval),en,tweet_eval_sentiment,neutral,Unknown,Unknown,0,sungkyunkwan scandal abscbn finished series yesterday may sound like spoiler,"['sungkyunkwan', 'scandal', 'abscbn', 'finished', 'series', 'yesterday', 'may', 'sound', 'like', 'spoiler']",10,76,neutral,0.3648,"{np.str_('negative'): 0.3238, np.str_('neutral'): 0.3648, np.str_('positive'): 0.3114}",labeled,neutral,0.6307,"{'neutral': 0.6307, 'negative': 0.343, 'positive': 0.0262}",neutral,0.5243,0,[]
72,THE EVIL THAT MEN DO by IRON MAIDEN was no.5 in the UK charts on 20 August 1988,2025-03-16,unknown_user,,Twitter (tweet_eval),en,tweet_eval_sentiment,neutral,Unknown,Unknown,0,evil men iron maiden no5 uk chart 20 august 1988,"['evil', 'men', 'iron', 'maiden', 'no5', 'uk', 'chart', '20', 'august', '1988']",10,48,positive,0.4046,"{np.str_('negative'): 0.2554, np.str_('neutral'): 0.34, np.str_('positive'): 0.4046}",labeled,neutral,0.8782,"{'neutral': 0.8782, 'negative': 0.0615, 'positive': 0.0604}",neutral,0.6629,1,"['UK', 'MEN', 'no.5', 'EVIL', 'MAIDEN']"
73,I am in line to meet E L James! Guess I should start on #fiftyshades for the 4th time! @user #FiftyShadesOfGrey,2025-01-31,unknown_user,,Twitter (tweet_eval),en,tweet_eval_sentiment,neutral,Unknown,Unknown,0,line meet james guess start 4th time,"['line', 'meet', 'james', 'guess', 'start', '4th', 'time']",7,36,neutral,0.4747,"{np.str_('negative'): 0.2275, np.str_('neutral'): 0.4747, np.str_('positive'): 0.2978}",labeled,neutral,0.902,"{'neutral': 0.902, 'positive': 0.0873, 'negative': 0.0107}",neutral,0.7311,0,['FiftyShadesOfGrey']
74,"@user Tonight at @user Tomorrow we'll start there and bus to Toyota at 2, or you can meet us at Toyota from 4-7""",2025-03-04,unknown_user,,Twitter (tweet_eval),en,tweet_eval_sentiment,neutral,Unknown,Unknown,0,tonight tomorrow well start bus toyota meet u toyota 47,"['tonight', 'tomorrow', 'well', 'start', 'bus', 'toyota', 'meet', 'u', 'toyota', '47']",10,55,neutral,0.4543,"{np.str_('negative'): 0.1332, np.str_('neutral'): 0.4543, np.str_('positive'): 0.4125}",labeled,neutral,0.6199,"{'neutral': 0.6199, 'positive': 0.3743, 'negative': 0.0058}",neutral,0.5537,0,['Toyota']
75,@user it's girls night ! We Go out somewhere to sat and then moomba ! Are you like jealous ?,2024-04-07,unknown_user,,Twitter (tweet_eval),en,tweet_eval_sentiment,neutral,Unknown,Unknown,0,girl night go somewhere sat moomba like jealous,"['girl', 'night', 'go', 'somewhere', 'sat', 'moomba', 'like', 'jealous']",8,47,neutral,0.465,"{np.str_('negative'): 0.1955, np.str_('neutral'): 0.465, np.str_('positive'): 0.3395}",labeled,negative,0.6699,"{'negative': 0.6699, 'neutral': 0.3019, 'positive': 0.0282}",negative,0.4801,1,['@user']
76,Floyd Mayweather confirmed September 12 will be his last fight and he's happy to go out 48-0,2024-02-05,unknown_user,,Twitter (tweet_eval),en,tweet_eval_sentiment,neutral,Unknown,Unknown,0,floyd mayweather confirmed september 12 last fight he happy go 480,"['floyd', 'mayweather', 'confirmed', 'september', '12', 'last', 'fight', 'he', 'happy', 'go', '480']",11,66,positive,0.4436,"{np.str_('negative'): 0.1528, np.str_('neutral'): 0.4035, np.str_('positive'): 0.4436}",labeled,neutral,0.6399,"{'neutral': 0.6399, 'positive': 0.3526, 'negative': 0.0075}",neutral,0.5453,1,['Floyd Mayweather']
77,"""In 4th Form our English teacher made us study Kane and Abel by Jeffrey Archer. Scarred for life. From the shitty writing, not the sex scenes""",2025-01-07,unknown_user,,Twitter (tweet_eval),en,tweet_eval_sentiment,negative,Unknown,Unknown,1,4th form english teacher made u study kane abel jeffrey archer scarred life shitty writing not sex scene,"['4th', 'form', 'english', 'teacher', 'made', 'u', 'study', 'kane', 'abel', 'jeffrey', 'archer', 'scarred', 'life', 'shitty', 'writing', 'not', 'sex', 'scene']",18,104,positive,0.3859,"{np.str_('negative'): 0.3313, np.str_('neutral'): 0.2828, np.str_('positive'): 0.3859}",labeled,negative,0.9165,"{'negative': 0.9165, 'neutral': 0.0791, 'positive': 0.0044}",negative,0.6824,1,"['Kane', 'Jeffrey Archer', 'Abel']"
78,"1. Shes a model not a comedian 2. It was political agenda at a music award 3.Melania is the cheap shot, ridicule Tr…",2024-10-31,unknown_user,,Twitter (tweet_eval),en,tweet_eval_sentiment,negative,Unknown,Unknown,0,shes model not comedian political agenda music award 3melania cheap shot ridicule tr…,"['shes', 'model', 'not', 'comedian', 'political', 'agenda', 'music', 'award', '3melania', 'cheap', 'shot', 'ridicule', 'tr…']",13,85,positive,0.4129,"{np.str_('negative'): 0.3526, np.str_('neutral'): 0.2345, np.str_('positive'): 0.4129}",labeled,negative,0.6929,"{'negative': 0.6929, 'neutral': 0.2926, 'positive': 0.0145}",negative,0.5568,1,['3.Melania']
79,@user - Martin Bryant's weapons & ammo' were all legally obtained. PM Howard gave us strong gun control laws #Nationals trash them,2025-01-11,unknown_user,,Twitter (tweet_eval),en,tweet_eval_sentiment,negative,Unknown,Unknown,1,martin bryants weapon ammo legally obtained pm howard gave u strong gun control law trash,"['martin', 'bryants', 'weapon', 'ammo', 'legally', 'obtained', 'pm', 'howard', 'gave', 'u', 'strong', 'gun', 'control', 'law', 'trash']",15,89,positive,0.4046,"{np.str_('negative'): 0.2554, np.str_('neutral'): 0.34, np.str_('positive'): 0.4046}",labeled,negative,0.7648,"{'negative': 0.7648, 'neutral': 0.2184, 'positive': 0.0169}",negative,0.561,1,"['@user', ""Martin Bryant's""]"
80,"I was reticent to see this flick before reading the external reviews and user comments posted here. Why? Firstly because Mick Malloy's humour can (in my humble opinion) be pretty crass and over the top, evidenced by his ill fated shemozzle of a television show some years back. An",2024-05-25,unknown_user,,IMDB,en,imdb,positive,Unknown,Unknown,0,reticent see flick reading external review user comment posted firstly mick malloys humour humble opinion pretty crass top evidenced ill fated shemozzle television show year back,"['reticent', 'see', 'flick', 'reading', 'external', 'review', 'user', 'comment', 'posted', 'firstly', 'mick', 'malloys', 'humour', 'humble', 'opinion', 'pretty', 'crass', 'top', 'evidenced', 'ill', 'fated', 'shemozzle', 'television', 'show', 'year', 'back']",26,178,positive,0.4673,"{np.str_('negative'): 0.2426, np.str_('neutral'): 0.29, np.str_('positive'): 0.4673}",labeled,negative,0.6395,"{'negative': 0.6395, 'neutral': 0.341, 'positive': 0.0196}",negative,0.4807,1,"[""Mick Malloy's""]"
81,I should dress up as randy Orton tomorrow bc he's basically a super hero,2024-04-13,unknown_user,,Twitter (tweet_eval),en,tweet_eval_sentiment,positive,Unknown,Unknown,0,dress randy orton tomorrow bc he basically super hero,"['dress', 'randy', 'orton', 'tomorrow', 'bc', 'he', 'basically', 'super', 'hero']",9,53,positive,0.4691,"{np.str_('negative'): 0.1414, np.str_('neutral'): 0.3895, np.str_('positive'): 0.4691}",labeled,positive,0.5653,"{'positive': 0.5653, 'neutral': 0.4246, 'negative': 0.0102}",positive,0.5268,0,['randy Orton']
82,Marine Le Pen storms into the lead in French election polls | World | News | Daily Express...crows the Express.,2024-10-08,unknown_user,,Twitter (tweet_eval),en,tweet_eval_sentiment,neutral,Unknown,Unknown,0,marine le pen storm lead french election poll world news daily expresscrows express,"['marine', 'le', 'pen', 'storm', 'lead', 'french', 'election', 'poll', 'world', 'news', 'daily', 'expresscrows', 'express']",13,83,positive,0.3805,"{np.str_('negative'): 0.2547, np.str_('neutral'): 0.3648, np.str_('positive'): 0.3805}",labeled,neutral,0.8577,"{'neutral': 0.8577, 'negative': 0.0954, 'positive': 0.0469}",neutral,0.6605,1,"['Marine Le', 'Daily Express', 'Express']"
83,"@user see the attacks on iran by christofascist zionist cabal. Primarily for oil, 2nd, for hegemony. groups get scared. they see libya""",2025-03-24,unknown_user,,Twitter (tweet_eval),en,tweet_eval_sentiment,negative,Unknown,Unknown,0,see attack iran christofascist zionist cabal primarily oil 2nd hegemony group get scared see libya,"['see', 'attack', 'iran', 'christofascist', 'zionist', 'cabal', 'primarily', 'oil', '2nd', 'hegemony', 'group', 'get', 'scared', 'see', 'libya']",15,98,neutral,0.3916,"{np.str_('negative'): 0.2274, np.str_('neutral'): 0.3916, np.str_('positive'): 0.381}",labeled,negative,0.7964,"{'negative': 0.7964, 'neutral': 0.1919, 'positive': 0.0117}",negative,0.5688,1,"['christofascist zionist', '@user', 'iran']"
84,"just had a bad dream about digi mon and you were in it, you left me in ASDA car park alone too (digi was where pets at home is) @user",2024-09-02,unknown_user,,Twitter (tweet_eval),en,tweet_eval_sentiment,neutral,Unknown,Unknown,0,bad dream digi mon left asda car park alone digi pet home,"['bad', 'dream', 'digi', 'mon', 'left', 'asda', 'car', 'park', 'alone', 'digi', 'pet', 'home']",12,57,positive,0.3611,"{np.str_('negative'): 0.3607, np.str_('neutral'): 0.2781, np.str_('positive'): 0.3611}",labeled,neutral,0.523,"{'neutral': 0.523, 'negative': 0.4392, 'positive': 0.0378}",neutral,0.425,1,"['ASDA', '@user']"
85,"@user @user Both young, talented with potential. Kane's 1st season was ace, struggled since. Martial still raw.risks in both""",2025-02-25,unknown_user,,Twitter (tweet_eval),en,tweet_eval_sentiment,neutral,Unknown,Unknown,0,young talented potential kanes 1st season ace struggled since martial still rawrisks,"['young', 'talented', 'potential', 'kanes', '1st', 'season', 'ace', 'struggled', 'since', 'martial', 'still', 'rawrisks']",12,84,neutral,0.4868,"{np.str_('negative'): 0.163, np.str_('neutral'): 0.4868, np.str_('positive'): 0.3502}",labeled,neutral,0.687,"{'neutral': 0.687, 'negative': 0.1744, 'positive': 0.1386}",neutral,0.6069,0,"['Kane', 'Martial']"
86,The Raiders need to represent tonight!,2024-07-25,unknown_user,,Twitter (tweet_eval),en,tweet_eval_sentiment,positive,Unknown,Unknown,0,raider need represent tonight,"['raider', 'need', 'represent', 'tonight']",4,29,positive,0.4352,"{np.str_('negative'): 0.1401, np.str_('neutral'): 0.4248, np.str_('positive'): 0.4352}",labeled,neutral,0.8289,"{'neutral': 0.8289, 'positive': 0.1364, 'negative': 0.0347}",neutral,0.6673,1,[]
87,I just found out Sharknado 3 comes out tomorrow night. I'm beyond excited,2025-03-22,unknown_user,,Twitter (tweet_eval),en,tweet_eval_sentiment,positive,Unknown,Unknown,0,found sharknado come tomorrow night im beyond excited,"['found', 'sharknado', 'come', 'tomorrow', 'night', 'im', 'beyond', 'excited']",8,53,positive,0.6164,"{np.str_('negative'): 0.0997, np.str_('neutral'): 0.2839, np.str_('positive'): 0.6164}",labeled,positive,0.9867,"{'positive': 0.9867, 'neutral': 0.0115, 'negative': 0.0018}",positive,0.8386,0,['Sharknado']
88,"""Spent the majority of my day riding Boris Bikes, playing a crazy game of frizbi and just general lobstering in the sun :) #Summer2012""",2025-02-05,unknown_user,,Twitter (tweet_eval),en,tweet_eval_sentiment,positive,Unknown,Unknown,0,spent majority day riding boris bike playing crazy game frizbi general lobstering sun,"['spent', 'majority', 'day', 'riding', 'boris', 'bike', 'playing', 'crazy', 'game', 'frizbi', 'general', 'lobstering', 'sun']",13,85,neutral,0.5095,"{np.str_('negative'): 0.1262, np.str_('neutral'): 0.5095, np.str_('positive'): 0.3643}",labeled,neutral,0.7012,"{'neutral': 0.7012, 'negative': 0.1738, 'positive': 0.125}",neutral,0.6245,0,['Boris Bikes']
89,Monday Night Football #TeamTexans all day & tomorrow... #MNS,2024-04-14,unknown_user,,Twitter (tweet_eval),en,tweet_eval_sentiment,neutral,Unknown,Unknown,0,monday night football day tomorrow,"['monday', 'night', 'football', 'day', 'tomorrow']",5,34,neutral,0.5009,"{np.str_('negative'): 0.0979, np.str_('neutral'): 0.5009, np.str_('positive'): 0.4012}",labeled,neutral,0.7686,"{'neutral': 0.7686, 'positive': 0.2243, 'negative': 0.0071}",neutral,0.6615,0,"['MNS', 'TeamTexans']"
90,Biggest problem with UFC is that Dana White seems to feed sheep to lions for ticket sales. It's not exactly fixed but it may as well be.,2024-11-09,unknown_user,,Twitter (tweet_eval),en,tweet_eval_sentiment,negative,Unknown,Unknown,0,biggest problem ufc dana white seems feed sheep lion ticket sale not exactly fixed but may well,"['biggest', 'problem', 'ufc', 'dana', 'white', 'seems', 'feed', 'sheep', 'lion', 'ticket', 'sale', 'not', 'exactly', 'fixed', 'but', 'may', 'well']",17,95,neutral,0.5102,"{np.str_('negative'): 0.2262, np.str_('neutral'): 0.5102, np.str_('positive'): 0.2636}",labeled,negative,0.8966,"{'negative': 0.8966, 'neutral': 0.097, 'positive': 0.0064}",negative,0.6284,1,"['Dana White', 'UFC']"
91,"@user ""Speak American"" that may just sum up how stupid Sarah Palin is. I thought they spoke English in the US or a bastersised version.",2024-06-14,unknown_user,,Twitter (tweet_eval),en,tweet_eval_sentiment,negative,Unknown,Unknown,1,speak american may sum stupid sarah palin thought spoke english u bastersised version,"['speak', 'american', 'may', 'sum', 'stupid', 'sarah', 'palin', 'thought', 'spoke', 'english', 'u', 'bastersised', 'version']",13,85,positive,0.3708,"{np.str_('negative'): 0.2652, np.str_('neutral'): 0.364, np.str_('positive'): 0.3708}",labeled,negative,0.8588,"{'negative': 0.8588, 'neutral': 0.1326, 'positive': 0.0086}",negative,0.6214,1,"['US', '@user', 'Sarah Palin']"
92,Andrew Luck is going to be on the September 10th cover of the Rolling Stone. That's badass.,2024-01-26,unknown_user,,Twitter (tweet_eval),en,tweet_eval_sentiment,positive,Unknown,Unknown,0,andrew luck going september 10th cover rolling stone thats badass,"['andrew', 'luck', 'going', 'september', '10th', 'cover', 'rolling', 'stone', 'thats', 'badass']",10,65,positive,0.4982,"{np.str_('negative'): 0.1909, np.str_('neutral'): 0.3109, np.str_('positive'): 0.4982}",labeled,positive,0.9521,"{'positive': 0.9521, 'neutral': 0.0435, 'negative': 0.0044}",positive,0.7705,0,"['Andrew Luck', 'the Rolling Stone']"
93,Sunday is Pride Day! Come tomorrow to @user to see Pride Parade and enjoy the day with exciting entertainment!,2024-05-04,unknown_user,,Twitter (tweet_eval),en,tweet_eval_sentiment,positive,Unknown,Unknown,0,sunday pride day come tomorrow see pride parade enjoy day exciting entertainment,"['sunday', 'pride', 'day', 'come', 'tomorrow', 'see', 'pride', 'parade', 'enjoy', 'day', 'exciting', 'entertainment']",12,80,positive,0.6135,"{np.str_('negative'): 0.1147, np.str_('neutral'): 0.2718, np.str_('positive'): 0.6135}",labeled,positive,0.981,"{'positive': 0.981, 'neutral': 0.0174, 'negative': 0.0016}",positive,0.834,0,"['@user', 'Pride Parade']"
94,"""Super Eagles' Head Coach, Sunday Oliseh has made some adjustments to the group of home -based professionals as...",2025-04-10,unknown_user,,Twitter (tweet_eval),en,tweet_eval_sentiment,neutral,Unknown,Unknown,0,super eagle head coach sunday oliseh made adjustment group home based professional,"['super', 'eagle', 'head', 'coach', 'sunday', 'oliseh', 'made', 'adjustment', 'group', 'home', 'based', 'professional']",12,82,neutral,0.5209,"{np.str_('negative'): 0.1513, np.str_('neutral'): 0.5209, np.str_('positive'): 0.3278}",labeled,neutral,0.8952,"{'neutral': 0.8952, 'positive': 0.0928, 'negative': 0.012}",neutral,0.7455,0,['Oliseh']
95,"""FEC Holds Valedictory Session For Maku, 6 Other Ministers: The Federal Executive Council (FEC) on Wednesday he...",2024-01-01,unknown_user,,Twitter (tweet_eval),en,tweet_eval_sentiment,neutral,Unknown,Conservatives,0,fec hold valedictory session maku minister federal executive council fec wednesday,"['fec', 'hold', 'valedictory', 'session', 'maku', 'minister', 'federal', 'executive', 'council', 'fec', 'wednesday']",11,82,neutral,0.4651,"{np.str_('negative'): 0.173, np.str_('neutral'): 0.4651, np.str_('positive'): 0.3619}",labeled,neutral,0.9507,"{'neutral': 0.9507, 'positive': 0.0319, 'negative': 0.0174}",neutral,0.7565,0,['The Federal Executive Council']
96,"one of those films where the characters inhabit that special annex of hell where adults behave like kids , children behave like adults and everyone screams at the top of their lungs no matter what the situation .",2024-06-27,unknown_user,,Rotten Tomatoes,en,rotten_tomatoes,negative,Unknown,Unknown,0,one film character inhabit special annex hell adult behave like kid child behave like adult everyone scream top lung no matter situation,"['one', 'film', 'character', 'inhabit', 'special', 'annex', 'hell', 'adult', 'behave', 'like', 'kid', 'child', 'behave', 'like', 'adult', 'everyone', 'scream', 'top', 'lung', 'no', 'matter', 'situation']",22,136,negative,0.5004,"{np.str_('negative'): 0.5004, np.str_('neutral'): 0.1376, np.str_('positive'): 0.362}",labeled,negative,0.6755,"{'negative': 0.6755, 'neutral': 0.2861, 'positive': 0.0384}",negative,0.6055,0,[]
97,June 23rd ladies free till 11!! Thas all you need to know! Don't miss this one! Heat wave vol1 will be previ,2024-12-06,unknown_user,,Twitter (tweet_eval),en,tweet_eval_sentiment,positive,Unknown,Unknown,0,june 23rd lady free till 11 thas need know dont miss one heat wave vol1 previ,"['june', '23rd', 'lady', 'free', 'till', '11', 'thas', 'need', 'know', 'dont', 'miss', 'one', 'heat', 'wave', 'vol1', 'previ']",16,77,positive,0.4624,"{np.str_('negative'): 0.2785, np.str_('neutral'): 0.2591, np.str_('positive'): 0.4624}",labeled,neutral,0.7145,"{'neutral': 0.7145, 'positive': 0.2511, 'negative': 0.0344}",neutral,0.5323,1,[]
98,"""As liberals raised fears about hacked voting machines..""Months after the donald did.#AuditTheVotehttps://t.co/p2eyQyFpQL via @user",2025-01-18,unknown_user,,Twitter (tweet_eval),en,tweet_eval_sentiment,negative,Unknown,Liberal,0,liberal raised fear hacked voting machinesmonths donald via,"['liberal', 'raised', 'fear', 'hacked', 'voting', 'machinesmonths', 'donald', 'via']",8,59,positive,0.4046,"{np.str_('negative'): 0.2554, np.str_('neutral'): 0.34, np.str_('positive'): 0.4046}",labeled,negative,0.6229,"{'negative': 0.6229, 'neutral': 0.3644, 'positive': 0.0126}",negative,0.4759,1,['@user']
99,Michael  Just heard Green Day's 'Time of our life' for the 1st time since leaving florida and i burst into tears. I miss...  Penderg,2024-01-03,unknown_user,,Twitter (tweet_eval),en,tweet_eval_sentiment,negative,Unknown,Unknown,0,michael heard green day time life 1st time since leaving florida burst tear miss penderg,"['michael', 'heard', 'green', 'day', 'time', 'life', '1st', 'time', 'since', 'leaving', 'florida', 'burst', 'tear', 'miss', 'penderg']",15,88,positive,0.5313,"{np.str_('negative'): 0.2534, np.str_('neutral'): 0.2153, np.str_('positive'): 0.5313}",labeled,neutral,0.6841,"{'neutral': 0.6841, 'positive': 0.2544, 'negative': 0.0615}",neutral,0.4966,1,"['Penderg', 'florida', 'Michael']"
100,Omg! I wish this was myself. I'm going to digi fest tomorrow..but don't have vip.,2024-12-29,unknown_user,,Twitter (tweet_eval),en,tweet_eval_sentiment,positive,Unknown,Unknown,0,omg wish im going digi fest tomorrowbut dont vip,"['omg', 'wish', 'im', 'going', 'digi', 'fest', 'tomorrowbut', 'dont', 'vip']",9,48,positive,0.3901,"{np.str_('negative'): 0.3025, np.str_('neutral'): 0.3074, np.str_('positive'): 0.3901}",labeled,negative,0.5447,"{'negative': 0.5447, 'neutral': 0.3464, 'positive': 0.1089}",negative,0.4478,1,[]
101,"even as i valiantly struggled to remain interested , or at least conscious , i could feel my eyelids . . . getting . . . very . . . heavy . . .",2024-08-25,unknown_user,,Rotten Tomatoes,en,rotten_tomatoes,negative,Unknown,Unknown,0,even valiantly struggled remain interested least conscious could feel eyelid getting heavy,"['even', 'valiantly', 'struggled', 'remain', 'interested', 'least', 'conscious', 'could', 'feel', 'eyelid', 'getting', 'heavy']",12,90,negative,0.4231,"{np.str_('negative'): 0.4231, np.str_('neutral'): 0.2538, np.str_('positive'): 0.3231}",labeled,negative,0.7142,"{'negative': 0.7142, 'neutral': 0.2614, 'positive': 0.0244}",negative,0.5978,0,[]
102,"""Yoga, the sunrise and a nice long run easy Sunday morning""",2024-12-23,unknown_user,,Twitter (tweet_eval),en,tweet_eval_sentiment,positive,Unknown,Unknown,0,yoga sunrise nice long run easy sunday morning,"['yoga', 'sunrise', 'nice', 'long', 'run', 'easy', 'sunday', 'morning']",8,46,positive,0.5098,"{np.str_('negative'): 0.1796, np.str_('neutral'): 0.3106, np.str_('positive'): 0.5098}",labeled,positive,0.9469,"{'positive': 0.9469, 'neutral': 0.0486, 'negative': 0.0044}",positive,0.7721,0,[]
103,"the screenplay by james eric , james horton and director peter o'fallon . . . is so pat it makes your teeth hurt .",2024-07-18,unknown_user,,Rotten Tomatoes,en,rotten_tomatoes,negative,Unknown,Unknown,0,screenplay james eric james horton director peter ofallon pat make teeth hurt,"['screenplay', 'james', 'eric', 'james', 'horton', 'director', 'peter', 'ofallon', 'pat', 'make', 'teeth', 'hurt']",12,77,positive,0.4664,"{np.str_('negative'): 0.2908, np.str_('neutral'): 0.2427, np.str_('positive'): 0.4664}",labeled,neutral,0.6805,"{'neutral': 0.6805, 'negative': 0.2817, 'positive': 0.0378}",neutral,0.5054,1,"['james horton', 'james eric', ""peter o'fallon""]"
104,"@user On Model 3 delivery... One man's opinion, but yikes.",2024-01-06,unknown_user,,Twitter (tweet_eval),en,tweet_eval_sentiment,neutral,Unknown,Unknown,0,model delivery one man opinion but yikes,"['model', 'delivery', 'one', 'man', 'opinion', 'but', 'yikes']",7,40,positive,0.4873,"{np.str_('negative'): 0.2738, np.str_('neutral'): 0.2388, np.str_('positive'): 0.4873}",labeled,negative,0.5807,"{'negative': 0.5807, 'neutral': 0.3926, 'positive': 0.0267}",negative,0.4579,1,['@user']
105,@user You played a Janet Jackson joint around 2am on Thursday NIght/Friday morning. No verses. Almost just an instrumental loop.,2024-09-27,unknown_user,,Twitter (tweet_eval),en,tweet_eval_sentiment,positive,Unknown,Unknown,0,played janet jackson joint around 2am thursday nightfriday morning no verse almost instrumental loop,"['played', 'janet', 'jackson', 'joint', 'around', '2am', 'thursday', 'nightfriday', 'morning', 'no', 'verse', 'almost', 'instrumental', 'loop']",14,100,positive,0.5218,"{np.str_('negative'): 0.1644, np.str_('neutral'): 0.3138, np.str_('positive'): 0.5218}",labeled,neutral,0.9193,"{'neutral': 0.9193, 'positive': 0.0671, 'negative': 0.0136}",neutral,0.6771,1,"['Janet Jackson', '@user']"
106,@user I may have mentioned that I had just came back from Jurassic World and was sleepy when TLing. I can't recall my thoughts.,2024-08-08,unknown_user,,Twitter (tweet_eval),en,tweet_eval_sentiment,neutral,Unknown,Unknown,0,may mentioned came back jurassic world sleepy tling cant recall thought,"['may', 'mentioned', 'came', 'back', 'jurassic', 'world', 'sleepy', 'tling', 'cant', 'recall', 'thought']",11,71,positive,0.3914,"{np.str_('negative'): 0.2545, np.str_('neutral'): 0.3541, np.str_('positive'): 0.3914}",labeled,neutral,0.6842,"{'neutral': 0.6842, 'negative': 0.2547, 'positive': 0.0611}",neutral,0.5522,1,"['Jurassic World', 'TLing']"
107,"The weakest of the 'old' crew Star Trek films, this film suffers from an awful script and obvious budget constraints, particularly in the mishandled finale. The bones of a good movie are here, and the directing from Shatner is not as bad as is commonly made out, but the character",2024-09-13,unknown_user,,IMDB,en,imdb,negative,Unknown,Unknown,0,weakest old crew star trek film film suffers awful script obvious budget constraint particularly mishandled finale bone good movie directing shatner not bad commonly made but character,"['weakest', 'old', 'crew', 'star', 'trek', 'film', 'film', 'suffers', 'awful', 'script', 'obvious', 'budget', 'constraint', 'particularly', 'mishandled', 'finale', 'bone', 'good', 'movie', 'directing', 'shatner', 'not', 'bad', 'commonly', 'made', 'but', 'character']",27,184,negative,0.4622,"{np.str_('negative'): 0.4622, np.str_('neutral'): 0.0793, np.str_('positive'): 0.4585}",labeled,negative,0.8493,"{'negative': 0.8493, 'neutral': 0.125, 'positive': 0.0257}",negative,0.6945,0,['Shatner']
108,flawless ,2024-10-23,unknown_user,,SST-2,en,sst2,positive,Unknown,Unknown,0,flawless,['flawless'],1,8,positive,0.4046,"{np.str_('negative'): 0.2554, np.str_('neutral'): 0.34, np.str_('positive'): 0.4046}",labeled,positive,0.7437,"{'positive': 0.7437, 'neutral': 0.2084, 'negative': 0.0478}",positive,0.6081,0,[]
109,Got a PandoMonthly ticket to hear a fireside chat w/ Reid Hoffman Thursday in SF. I\u2019ll report on it or hopefully a buddy can fill in for me.,2024-04-12,unknown_user,,Twitter (tweet_eval),en,tweet_eval_sentiment,neutral,Unknown,Unknown,0,got pandomonthly ticket hear fireside chat reid hoffman thursday sf iu2019ll report hopefully buddy fill,"['got', 'pandomonthly', 'ticket', 'hear', 'fireside', 'chat', 'reid', 'hoffman', 'thursday', 'sf', 'iu2019ll', 'report', 'hopefully', 'buddy', 'fill']",15,104,neutral,0.494,"{np.str_('negative'): 0.1504, np.str_('neutral'): 0.494, np.str_('positive'): 0.3556}",labeled,neutral,0.6745,"{'neutral': 0.6745, 'positive': 0.3151, 'negative': 0.0104}",neutral,0.6023,0,"['SF', 'Reid Hoffman', 'PandoMonthly', 'I\\u2019ll']"
110,C'mon... It's pretty hard to form the Harper govt without Harper!!! Wait... maybe they have another Harper...,2024-11-14,unknown_user,,Twitter (tweet_eval),en,tweet_eval_sentiment,positive,Unknown,Unknown,0,cmon pretty hard form harper govt without harper wait maybe another harper,"['cmon', 'pretty', 'hard', 'form', 'harper', 'govt', 'without', 'harper', 'wait', 'maybe', 'another', 'harper']",12,74,positive,0.5015,"{np.str_('negative'): 0.2671, np.str_('neutral'): 0.2314, np.str_('positive'): 0.5015}",labeled,neutral,0.7281,"{'neutral': 0.7281, 'negative': 0.1424, 'positive': 0.1294}",neutral,0.5294,1,['Harper']
111,"the most brilliant and brutal uk crime film since jack carter went back to newcastle , the first half of gangster no. 1 drips with style and , at times , blood . ",2025-05-07,unknown_user,,SST-2,en,sst2,positive,Unknown,Unknown,0,brilliant brutal uk crime film since jack carter went back newcastle first half gangster no drip style time blood,"['brilliant', 'brutal', 'uk', 'crime', 'film', 'since', 'jack', 'carter', 'went', 'back', 'newcastle', 'first', 'half', 'gangster', 'no', 'drip', 'style', 'time', 'blood']",19,113,negative,0.3677,"{np.str_('negative'): 0.3677, np.str_('neutral'): 0.2868, np.str_('positive'): 0.3455}",labeled,negative,0.8046,"{'negative': 0.8046, 'neutral': 0.1587, 'positive': 0.0367}",negative,0.6298,0,"['jack carter', 'newcastle']"
112,This picture sums it all up!  I am headed on my 2nd earned trip with Younique in just a few days. I got my...,2024-09-12,unknown_user,,Twitter (tweet_eval),en,tweet_eval_sentiment,positive,Unknown,Unknown,0,picture sum headed 2nd earned trip younique day got,"['picture', 'sum', 'headed', '2nd', 'earned', 'trip', 'younique', 'day', 'got']",9,51,neutral,0.4248,"{np.str_('negative'): 0.1705, np.str_('neutral'): 0.4248, np.str_('positive'): 0.4047}",labeled,neutral,0.7601,"{'neutral': 0.7601, 'positive': 0.1439, 'negative': 0.096}",neutral,0.626,0,['Younique']
113,all mood and no movie .,2025-02-08,unknown_user,,Rotten Tomatoes,en,rotten_tomatoes,negative,Unknown,Unknown,0,mood no movie,"['mood', 'no', 'movie']",3,13,negative,0.4383,"{np.str_('negative'): 0.4383, np.str_('neutral'): 0.1326, np.str_('positive'): 0.4291}",labeled,neutral,0.731,"{'neutral': 0.731, 'negative': 0.1637, 'positive': 0.1054}",neutral,0.4916,1,[]
114,"samira makhmalbaf as a very distinctive sensibility , working to develop her own film language with conspicuous success ",2025-03-16,unknown_user,,SST-2,en,sst2,positive,Unknown,Unknown,0,samira makhmalbaf distinctive sensibility working develop film language conspicuous success,"['samira', 'makhmalbaf', 'distinctive', 'sensibility', 'working', 'develop', 'film', 'language', 'conspicuous', 'success']",10,91,positive,0.5315,"{np.str_('negative'): 0.3576, np.str_('neutral'): 0.1109, np.str_('positive'): 0.5315}",labeled,positive,0.6724,"{'positive': 0.6724, 'neutral': 0.3162, 'negative': 0.0115}",positive,0.616,0,['samira makhmalbaf']
115,"An absolute classic of 80's scare flix. This one isn't like any other as it pits pint-size, wild-eyed, psychotic youngsters with an urge to kill against all the grown-ups in town. Bud from JUST ONE OF THE GUYS (80's gold again) plays one of the killer-kids and he's paired up with",2024-04-27,unknown_user,,IMDB,en,imdb,positive,Unknown,Unknown,0,absolute classic 80 scare flix one isnt like pit pintsize wildeyed psychotic youngster urge kill against grownup town bud one guy 80 gold play one killerkids he paired,"['absolute', 'classic', '80', 'scare', 'flix', 'one', 'isnt', 'like', 'pit', 'pintsize', 'wildeyed', 'psychotic', 'youngster', 'urge', 'kill', 'against', 'grownup', 'town', 'bud', 'one', 'guy', '80', 'gold', 'play', 'one', 'killerkids', 'he', 'paired']",28,167,positive,0.4774,"{np.str_('negative'): 0.2015, np.str_('neutral'): 0.3211, np.str_('positive'): 0.4774}",labeled,negative,0.6075,"{'negative': 0.6075, 'neutral': 0.356, 'positive': 0.0365}",negative,0.4451,1,[]
116,David Price is gonna be hellafun every 5th day.,2024-06-10,unknown_user,,Twitter (tweet_eval),en,tweet_eval_sentiment,positive,Unknown,Unknown,0,david price gon na hellafun every 5th day,"['david', 'price', 'gon', 'na', 'hellafun', 'every', '5th', 'day']",8,41,positive,0.5409,"{np.str_('negative'): 0.1416, np.str_('neutral'): 0.3176, np.str_('positive'): 0.5409}",labeled,negative,0.5599,"{'negative': 0.5599, 'neutral': 0.4056, 'positive': 0.0344}",negative,0.3926,1,['David Price']
117,"@user don't know if you saw, but Simmons and Jalen's nba preview is out tomorrow. Which means Simmons is back!""",2024-01-04,unknown_user,,Twitter (tweet_eval),en,tweet_eval_sentiment,positive,Unknown,Unknown,0,dont know saw but simmons jalens nba preview tomorrow mean simmons back,"['dont', 'know', 'saw', 'but', 'simmons', 'jalens', 'nba', 'preview', 'tomorrow', 'mean', 'simmons', 'back']",12,71,neutral,0.3975,"{np.str_('negative'): 0.2811, np.str_('neutral'): 0.3975, np.str_('positive'): 0.3214}",labeled,neutral,0.8923,"{'neutral': 0.8923, 'positive': 0.089, 'negative': 0.0188}",neutral,0.6944,0,"['@user', 'Jalen', 'Simmons']"
118,"1) may be wrong, but if I read it right, Bernie Sanders majored in Political Science and then went straight to a life of running for office",2025-04-05,unknown_user,,Twitter (tweet_eval),en,tweet_eval_sentiment,neutral,Unknown,Unknown,0,may wrong but read right bernie sander majored political science went straight life running office,"['may', 'wrong', 'but', 'read', 'right', 'bernie', 'sander', 'majored', 'political', 'science', 'went', 'straight', 'life', 'running', 'office']",15,98,neutral,0.4406,"{np.str_('negative'): 0.2643, np.str_('neutral'): 0.4406, np.str_('positive'): 0.295}",labeled,neutral,0.8224,"{'neutral': 0.8224, 'positive': 0.1085, 'negative': 0.0691}",neutral,0.6697,0,['Bernie Sanders']
119,"""If Rousey's fighting in Oz, that mean I can be out &amp; about on a 'pretty nice little Saturday' of errands as white brahs Twitter slobber?""",2024-03-12,unknown_user,,Twitter (tweet_eval),en,tweet_eval_sentiment,neutral,Unknown,Unknown,0,rouseys fighting oz mean amp pretty nice little saturday errand white brahs twitter slobber,"['rouseys', 'fighting', 'oz', 'mean', 'amp', 'pretty', 'nice', 'little', 'saturday', 'errand', 'white', 'brahs', 'twitter', 'slobber']",14,91,neutral,0.3852,"{np.str_('negative'): 0.2969, np.str_('neutral'): 0.3852, np.str_('positive'): 0.3179}",labeled,positive,0.6452,"{'positive': 0.6452, 'neutral': 0.3048, 'negative': 0.05}",positive,0.5143,1,"['Rousey', 'Twitter']"
120,Qatar should receive the same help from Hezbollah that Israel got from Qatar in last Gaza war.,2024-02-24,unknown_user,,Twitter (tweet_eval),en,tweet_eval_sentiment,neutral,Unknown,Unknown,0,qatar receive help hezbollah israel got qatar last gaza war,"['qatar', 'receive', 'help', 'hezbollah', 'israel', 'got', 'qatar', 'last', 'gaza', 'war']",10,59,neutral,0.4722,"{np.str_('negative'): 0.203, np.str_('neutral'): 0.4722, np.str_('positive'): 0.3248}",labeled,neutral,0.7866,"{'neutral': 0.7866, 'positive': 0.1258, 'negative': 0.0876}",neutral,0.6608,0,"['Hezbollah', 'Gaza', 'Israel', 'Qatar']"
121,Kirk\u2019s Bike Shop: Support the businesses you love and Shop Small this November 24th.,2024-07-15,unknown_user,,Twitter (tweet_eval),en,tweet_eval_sentiment,neutral,Unknown,Unknown,0,kirku2019s bike shop support business love shop small november 24th,"['kirku2019s', 'bike', 'shop', 'support', 'business', 'love', 'shop', 'small', 'november', '24th']",10,67,positive,0.5191,"{np.str_('negative'): 0.1598, np.str_('neutral'): 0.3211, np.str_('positive'): 0.5191}",labeled,neutral,0.7459,"{'neutral': 0.7459, 'positive': 0.2471, 'negative': 0.0071}",neutral,0.576,1,"['Kirk\\u2019s Bike Shop', 'Shop Small']"
122,Check Out Charlie Rose with Adel al-Jubeir; Bill Carter (March 5\u002c 2002): Adel al-Jubeir\u002c adviser to the Crown Pr...,2024-10-07,unknown_user,,Twitter (tweet_eval),en,tweet_eval_sentiment,neutral,Unknown,Unknown,0,check charlie rose adel aljubeir bill carter march 5u002c 2002 adel aljubeiru002c adviser crown pr,"['check', 'charlie', 'rose', 'adel', 'aljubeir', 'bill', 'carter', 'march', '5u002c', '2002', 'adel', 'aljubeiru002c', 'adviser', 'crown', 'pr']",15,98,neutral,0.4911,"{np.str_('negative'): 0.1676, np.str_('neutral'): 0.4911, np.str_('positive'): 0.3413}",labeled,neutral,0.8907,"{'neutral': 0.8907, 'negative': 0.0596, 'positive': 0.0498}",neutral,0.7309,0,"['Charlie Rose', 'Adel al-Jubeir', 'Bill Carter', 'Adel al-Jubeir\\u002c']"
123,Friday's Top 10: Gerald Green rises above the everyone in Friday's Top 10.,2025-02-26,unknown_user,,Twitter (tweet_eval),en,tweet_eval_sentiment,neutral,Unknown,Unknown,0,friday top 10 gerald green rise everyone friday top 10,"['friday', 'top', '10', 'gerald', 'green', 'rise', 'everyone', 'friday', 'top', '10']",10,54,neutral,0.5121,"{np.str_('negative'): 0.1282, np.str_('neutral'): 0.5121, np.str_('positive'): 0.3596}",labeled,neutral,0.6391,"{'neutral': 0.6391, 'positive': 0.3555, 'negative': 0.0054}",neutral,0.5883,0,['Gerald Green']
124,Kim Kardashian's 'Kimoji' app broke the App Store: Kim launched Kimoji's Monday -- Kim-themed emojis -- and the response was crazy.,2025-01-02,unknown_user,,Twitter (tweet_eval),en,tweet_eval_sentiment,positive,Unknown,Unknown,0,kim kardashians kimoji app broke app store kim launched kimojis monday kimthemed emojis response crazy,"['kim', 'kardashians', 'kimoji', 'app', 'broke', 'app', 'store', 'kim', 'launched', 'kimojis', 'monday', 'kimthemed', 'emojis', 'response', 'crazy']",15,102,neutral,0.4379,"{np.str_('negative'): 0.3145, np.str_('neutral'): 0.4379, np.str_('positive'): 0.2475}",labeled,neutral,0.6356,"{'neutral': 0.6356, 'negative': 0.2503, 'positive': 0.1142}",neutral,0.5565,0,"[""Kim Kardashian's"", 'Kim', 'Kimoji', 'App Store']"
125,Majority of Australians know technique as #Fracking ABC anti-renewables Chris_Mahlsman editorialized #CSG as cover #ClimateCriminal #Spin,2024-01-06,unknown_user,,Twitter (tweet_eval),en,tweet_eval_sentiment,neutral,Unknown,Unknown,0,majority australian know technique abc antirenewables chrismahlsman editorialized cover,"['majority', 'australian', 'know', 'technique', 'abc', 'antirenewables', 'chrismahlsman', 'editorialized', 'cover']",9,87,neutral,0.4382,"{np.str_('negative'): 0.2333, np.str_('neutral'): 0.4382, np.str_('positive'): 0.3284}",labeled,neutral,0.871,"{'neutral': 0.871, 'negative': 0.0817, 'positive': 0.0473}",neutral,0.6979,0,['ABC']
126,Everyone desperate to see Paper Towns tomorrow - seen it!!! So good tho hope you all enjoy it if you haven't seen it already it's amazing,2025-01-24,unknown_user,,Twitter (tweet_eval),en,tweet_eval_sentiment,positive,Unknown,Unknown,0,everyone desperate see paper town tomorrow seen good tho hope enjoy havent seen already amazing,"['everyone', 'desperate', 'see', 'paper', 'town', 'tomorrow', 'seen', 'good', 'tho', 'hope', 'enjoy', 'havent', 'seen', 'already', 'amazing']",15,95,positive,0.6679,"{np.str_('negative'): 0.2014, np.str_('neutral'): 0.1307, np.str_('positive'): 0.6679}",labeled,positive,0.9578,"{'positive': 0.9578, 'neutral': 0.0359, 'negative': 0.0064}",positive,0.8418,0,['Paper Towns']
127,Jennifer Lawrence waxed lyrical about Amy Schumer's physique on Monday to chat show hos...,2024-04-14,unknown_user,,Twitter (tweet_eval),en,tweet_eval_sentiment,neutral,Unknown,Unknown,0,jennifer lawrence waxed lyrical amy schumers physique monday chat show ho,"['jennifer', 'lawrence', 'waxed', 'lyrical', 'amy', 'schumers', 'physique', 'monday', 'chat', 'show', 'ho']",11,73,neutral,0.493,"{np.str_('negative'): 0.2872, np.str_('neutral'): 0.493, np.str_('positive'): 0.2197}",labeled,neutral,0.913,"{'neutral': 0.913, 'positive': 0.0696, 'negative': 0.0174}",neutral,0.745,0,"[""Amy Schumer's"", 'Jennifer Lawrence']"
128,"one of those pictures whose promising , if rather precious , premise is undercut by amateurish execution .",2024-05-17,unknown_user,,Rotten Tomatoes,en,rotten_tomatoes,negative,Unknown,Unknown,0,one picture whose promising rather precious premise undercut amateurish execution,"['one', 'picture', 'whose', 'promising', 'rather', 'precious', 'premise', 'undercut', 'amateurish', 'execution']",10,81,positive,0.4046,"{np.str_('negative'): 0.2554, np.str_('neutral'): 0.34, np.str_('positive'): 0.4046}",labeled,negative,0.6598,"{'negative': 0.6598, 'neutral': 0.2925, 'positive': 0.0477}",negative,0.498,1,[]
129,Arianators please help me. I\u2019m a girl who\u2019s body is very sore and just asking for Ariana & Jennette\u2019s goodluck for tomorrow. PLEASE :(,2024-04-10,unknown_user,,Twitter (tweet_eval),en,tweet_eval_sentiment,negative,Unknown,Unknown,0,arianators please help iu2019m girl whou2019s body sore asking ariana jennetteu2019s goodluck tomorrow please,"['arianators', 'please', 'help', 'iu2019m', 'girl', 'whou2019s', 'body', 'sore', 'asking', 'ariana', 'jennetteu2019s', 'goodluck', 'tomorrow', 'please']",14,109,neutral,0.3783,"{np.str_('negative'): 0.2771, np.str_('neutral'): 0.3783, np.str_('positive'): 0.3447}",labeled,neutral,0.5999,"{'neutral': 0.5999, 'positive': 0.3102, 'negative': 0.0899}",neutral,0.5113,0,['Ariana & Jennette\\u2019s']
130,Europe AA prices may firm on Asian supply\u002c but not in Q4 - buyers: LONDON (ICIS)--Buyers in the European acrylat...,2024-08-26,unknown_user,,Twitter (tweet_eval),en,tweet_eval_sentiment,neutral,Unknown,Unknown,0,europe aa price may firm asian supplyu002c but not q4 buyer london icisbuyers european acrylat,"['europe', 'aa', 'price', 'may', 'firm', 'asian', 'supplyu002c', 'but', 'not', 'q4', 'buyer', 'london', 'icisbuyers', 'european', 'acrylat']",15,94,positive,0.4046,"{np.str_('negative'): 0.2554, np.str_('neutral'): 0.34, np.str_('positive'): 0.4046}",labeled,neutral,0.8257,"{'neutral': 0.8257, 'negative': 0.1524, 'positive': 0.0219}",neutral,0.6314,1,"['LONDON', 'Q4', 'Europe']"
131,a sobering and powerful documentary about the most severe kind of personal loss : rejection by one's mother .,2024-09-03,unknown_user,,Rotten Tomatoes,en,rotten_tomatoes,positive,Unknown,Unknown,0,sobering powerful documentary severe kind personal loss rejection one mother,"['sobering', 'powerful', 'documentary', 'severe', 'kind', 'personal', 'loss', 'rejection', 'one', 'mother']",10,76,positive,0.4983,"{np.str_('negative'): 0.2626, np.str_('neutral'): 0.2391, np.str_('positive'): 0.4983}",labeled,neutral,0.6485,"{'neutral': 0.6485, 'negative': 0.1901, 'positive': 0.1614}",neutral,0.4847,1,[]
132,"comedian , like its subjects , delivers the goods and audiences will have a fun , no-frills ride .",2024-09-10,unknown_user,,Rotten Tomatoes,en,rotten_tomatoes,positive,Unknown,Unknown,0,comedian like subject delivers good audience fun nofrills ride,"['comedian', 'like', 'subject', 'delivers', 'good', 'audience', 'fun', 'nofrills', 'ride']",9,62,positive,0.4693,"{np.str_('negative'): 0.37, np.str_('neutral'): 0.1608, np.str_('positive'): 0.4693}",labeled,positive,0.943,"{'positive': 0.943, 'neutral': 0.0522, 'negative': 0.0048}",positive,0.7535,0,[]
133,Catch up on the top 5 business articles from 11/23 #uber #airbnb $URBN #urbanoutfitters $CTRP,2025-05-11,unknown_user,,Twitter (tweet_eval),en,tweet_eval_sentiment,neutral,Unknown,Unknown,0,catch top business article 1123 urbn ctrp,"['catch', 'top', 'business', 'article', '1123', 'urbn', 'ctrp']",7,41,positive,0.4046,"{np.str_('negative'): 0.2554, np.str_('neutral'): 0.34, np.str_('positive'): 0.4046}",labeled,neutral,0.8886,"{'neutral': 0.8886, 'positive': 0.0883, 'negative': 0.0231}",neutral,0.6692,1,['URBN']
134,Kugan Cassius interviewing Ricky Burns on his Dec 15th fight! Is Rick the only World Champ still working part time?!..,2024-03-09,unknown_user,,Twitter (tweet_eval),en,tweet_eval_sentiment,neutral,Unknown,Unknown,0,kugan cassius interviewing ricky burn dec 15th fight rick world champ still working part time,"['kugan', 'cassius', 'interviewing', 'ricky', 'burn', 'dec', '15th', 'fight', 'rick', 'world', 'champ', 'still', 'working', 'part', 'time']",15,93,neutral,0.4001,"{np.str_('negative'): 0.2256, np.str_('neutral'): 0.4001, np.str_('positive'): 0.3743}",labeled,neutral,0.9352,"{'neutral': 0.9352, 'positive': 0.0556, 'negative': 0.0092}",neutral,0.7212,0,"['Ricky Burns', 'Rick', 'Kugan Cassius']"
135,Reckless Moron. 😡🌪🇺🇸#trumptransitionteam #notmypresident #fucktrump #jewishresistance…,2024-03-24,unknown_user,,Twitter (tweet_eval),en,tweet_eval_sentiment,negative,Trump,Unknown,1,reckless moron enragedface tornado unitedstates,"['reckless', 'moron', 'enragedface', 'tornado', 'unitedstates']",5,47,positive,0.4046,"{np.str_('negative'): 0.2554, np.str_('neutral'): 0.34, np.str_('positive'): 0.4046}",labeled,negative,0.9094,"{'negative': 0.9094, 'neutral': 0.0781, 'positive': 0.0125}",negative,0.6478,1,"['jewishresistance', 'Moron', '😡']"
136,candid camera on methamphetamines .,2024-12-06,unknown_user,,Rotten Tomatoes,en,rotten_tomatoes,positive,Unknown,Unknown,0,candid camera methamphetamine,"['candid', 'camera', 'methamphetamine']",3,29,positive,0.4046,"{np.str_('negative'): 0.2554, np.str_('neutral'): 0.34, np.str_('positive'): 0.4046}",labeled,neutral,0.7029,"{'neutral': 0.7029, 'positive': 0.2506, 'negative': 0.0465}",neutral,0.5577,1,[]
137,What will see tomorrow?? Mad face?? Bitter face?? Screw you people.. We've paid to see his happy smile!!,2025-01-27,unknown_user,,Twitter (tweet_eval),en,tweet_eval_sentiment,negative,Unknown,Unknown,1,see tomorrow mad face bitter face screw people weve paid see happy smile,"['see', 'tomorrow', 'mad', 'face', 'bitter', 'face', 'screw', 'people', 'weve', 'paid', 'see', 'happy', 'smile']",13,72,positive,0.4124,"{np.str_('negative'): 0.2856, np.str_('neutral'): 0.3021, np.str_('positive'): 0.4124}",labeled,negative,0.7297,"{'negative': 0.7297, 'neutral': 0.1837, 'positive': 0.0865}",negative,0.5521,1,[]
138,"Jerry Garcia / Grateful Dead -  CNN report from the evening of August 9, 1995 I was watching",2025-01-01,unknown_user,,Twitter (tweet_eval),en,tweet_eval_sentiment,neutral,Unknown,Unknown,0,jerry garcia grateful dead cnn report evening august 1995 watching,"['jerry', 'garcia', 'grateful', 'dead', 'cnn', 'report', 'evening', 'august', '1995', 'watching']",10,66,positive,0.438,"{np.str_('negative'): 0.1702, np.str_('neutral'): 0.3917, np.str_('positive'): 0.438}",labeled,neutral,0.7569,"{'neutral': 0.7569, 'negative': 0.1808, 'positive': 0.0623}",neutral,0.6108,1,"['CNN', 'Jerry Garcia / Grateful Dead -  ']"
139,Love that James Bond montage at the end of Super Sunday by Sky,2024-07-03,unknown_user,,Twitter (tweet_eval),en,tweet_eval_sentiment,positive,Unknown,Unknown,0,love james bond montage end super sunday sky,"['love', 'james', 'bond', 'montage', 'end', 'super', 'sunday', 'sky']",8,44,positive,0.4899,"{np.str_('negative'): 0.1715, np.str_('neutral'): 0.3386, np.str_('positive'): 0.4899}",labeled,positive,0.9249,"{'positive': 0.9249, 'neutral': 0.0718, 'negative': 0.0034}",positive,0.7509,0,"['Sky', 'Super', 'James Bond']"
140,"""Once again Dustin Johnson is leading early in the tourny, which means he has plenty of time to screw it up on ether Saturday or Sunday""",2024-01-03,unknown_user,,Twitter (tweet_eval),en,tweet_eval_sentiment,negative,Boris Johnson,Unknown,0,dustin johnson leading early tourny mean plenty time screw ether saturday sunday,"['dustin', 'johnson', 'leading', 'early', 'tourny', 'mean', 'plenty', 'time', 'screw', 'ether', 'saturday', 'sunday']",12,80,neutral,0.4089,"{np.str_('negative'): 0.2457, np.str_('neutral'): 0.4089, np.str_('positive'): 0.3455}",labeled,neutral,0.6724,"{'neutral': 0.6724, 'negative': 0.1996, 'positive': 0.128}",neutral,0.567,0,['Dustin Johnson']
141,World Bank  approves US$50 million for  improving compliance with industrial wastewater treatment regulations in Vietnam - Oct 25th,2024-01-07,unknown_user,,Twitter (tweet_eval),en,tweet_eval_sentiment,positive,Unknown,Unknown,0,world bank approves us50 million improving compliance industrial wastewater treatment regulation vietnam oct 25th,"['world', 'bank', 'approves', 'us50', 'million', 'improving', 'compliance', 'industrial', 'wastewater', 'treatment', 'regulation', 'vietnam', 'oct', '25th']",14,113,positive,0.4232,"{np.str_('negative'): 0.2429, np.str_('neutral'): 0.3339, np.str_('positive'): 0.4232}",labeled,positive,0.63,"{'positive': 0.63, 'neutral': 0.362, 'negative': 0.0081}",positive,0.5473,0,"['Vietnam', 'World Bank']"
142,@user I saw the drummer from Frankie and the Heartstrings in town on Saturday.,2024-12-25,unknown_user,,Twitter (tweet_eval),en,tweet_eval_sentiment,neutral,Unknown,Unknown,0,saw drummer frankie heartstrings town saturday,"['saw', 'drummer', 'frankie', 'heartstrings', 'town', 'saturday']",6,46,positive,0.5734,"{np.str_('negative'): 0.1874, np.str_('neutral'): 0.2392, np.str_('positive'): 0.5734}",labeled,neutral,0.8373,"{'neutral': 0.8373, 'positive': 0.1493, 'negative': 0.0134}",neutral,0.5981,1,"['Heartstrings', 'Frankie']"
143,Super Eagles play Tanzania today.   Most Nigerians are just waiting for them to lose so they lambast Sunday oliseh and the whole of NFF.,2024-01-19,unknown_user,,Twitter (tweet_eval),en,tweet_eval_sentiment,neutral,Unknown,Unknown,0,super eagle play tanzania today nigerian waiting lose lambast sunday oliseh whole nff,"['super', 'eagle', 'play', 'tanzania', 'today', 'nigerian', 'waiting', 'lose', 'lambast', 'sunday', 'oliseh', 'whole', 'nff']",13,85,positive,0.4805,"{np.str_('negative'): 0.165, np.str_('neutral'): 0.3545, np.str_('positive'): 0.4805}",labeled,neutral,0.7659,"{'neutral': 0.7659, 'positive': 0.1491, 'negative': 0.085}",neutral,0.6013,1,"['Tanzania', 'Super Eagles']"
144,"""On Monday my next blog post """"Smells like team spirit"""" will go live. Will it reach Nirvana? :)""",2025-05-08,unknown_user,,Twitter (tweet_eval),en,tweet_eval_sentiment,positive,Unknown,Unknown,0,monday next blog post smell like team spirit go live reach nirvana,"['monday', 'next', 'blog', 'post', 'smell', 'like', 'team', 'spirit', 'go', 'live', 'reach', 'nirvana']",12,66,positive,0.3841,"{np.str_('negative'): 0.3287, np.str_('neutral'): 0.2872, np.str_('positive'): 0.3841}",labeled,positive,0.7007,"{'positive': 0.7007, 'neutral': 0.2902, 'negative': 0.0091}",positive,0.5741,0,['Nirvana']
145,Maybe Chanel's finest moment #BlackFriday #screamQueens,2024-10-21,unknown_user,,Twitter (tweet_eval),en,tweet_eval_sentiment,positive,Unknown,Unknown,0,maybe chanels finest moment,"['maybe', 'chanels', 'finest', 'moment']",4,27,positive,0.4046,"{np.str_('negative'): 0.2554, np.str_('neutral'): 0.34, np.str_('positive'): 0.4046}",labeled,positive,0.7369,"{'positive': 0.7369, 'neutral': 0.2531, 'negative': 0.01}",positive,0.604,0,['Chanel']
146,"@user I met you in LAX in august I've been trying to get a follow from you since I met u, follow me pls?",2024-08-20,unknown_user,,Twitter (tweet_eval),en,tweet_eval_sentiment,positive,Unknown,Unknown,0,met lax august ive trying get follow since met follow pls,"['met', 'lax', 'august', 'ive', 'trying', 'get', 'follow', 'since', 'met', 'follow', 'pls']",11,57,positive,0.4046,"{np.str_('negative'): 0.2554, np.str_('neutral'): 0.34, np.str_('positive'): 0.4046}",labeled,neutral,0.729,"{'neutral': 0.729, 'positive': 0.2437, 'negative': 0.0273}",neutral,0.5734,1,[]
147,@user Now we want Dunkin' Donuts for breakfast. We may just have to get those tomorrow morning. Thanks for the (unintentional) suggestion!,2024-07-01,unknown_user,,Twitter (tweet_eval),en,tweet_eval_sentiment,positive,Unknown,Unknown,0,want dunkin donut breakfast may get tomorrow morning thanks unintentional suggestion,"['want', 'dunkin', 'donut', 'breakfast', 'may', 'get', 'tomorrow', 'morning', 'thanks', 'unintentional', 'suggestion']",11,84,positive,0.4992,"{np.str_('negative'): 0.1656, np.str_('neutral'): 0.3352, np.str_('positive'): 0.4992}",labeled,positive,0.6064,"{'positive': 0.6064, 'neutral': 0.3809, 'negative': 0.0128}",positive,0.5635,0,['Dunkin']
148,"the narrator and the other characters try to convince us that acting transfigures esther , but she's never seen speaking on stage ; one feels cheated , and esther seems to remain an unchanged dullard .",2025-01-14,unknown_user,,Rotten Tomatoes,en,rotten_tomatoes,negative,Unknown,Unknown,0,narrator character try convince u acting transfigures esther but shes never seen speaking stage one feel cheated esther seems remain unchanged dullard,"['narrator', 'character', 'try', 'convince', 'u', 'acting', 'transfigures', 'esther', 'but', 'shes', 'never', 'seen', 'speaking', 'stage', 'one', 'feel', 'cheated', 'esther', 'seems', 'remain', 'unchanged', 'dullard']",22,150,negative,0.5642,"{np.str_('negative'): 0.5642, np.str_('neutral'): 0.1318, np.str_('positive'): 0.3039}",labeled,negative,0.755,"{'negative': 0.755, 'neutral': 0.2322, 'positive': 0.0128}",negative,0.6787,0,[]
149,saw the potential success inherent in the mixture of bullock bubble and hugh goo ,2024-04-24,unknown_user,,SST-2,en,sst2,positive,Unknown,Unknown,0,saw potential success inherent mixture bullock bubble hugh goo,"['saw', 'potential', 'success', 'inherent', 'mixture', 'bullock', 'bubble', 'hugh', 'goo']",9,62,positive,0.4883,"{np.str_('negative'): 0.2652, np.str_('neutral'): 0.2465, np.str_('positive'): 0.4883}",labeled,positive,0.7612,"{'positive': 0.7612, 'neutral': 0.2295, 'negative': 0.0093}",positive,0.652,0,[]
150,"Going to bed, can't wait to see for myself the ""anti-hetero male campaign"" that Magic Mike XXL is apparently leading tomorrow.  Goodnight!",2025-04-11,unknown_user,,Twitter (tweet_eval),en,tweet_eval_sentiment,positive,Unknown,Unknown,0,going bed cant wait see antihetero male campaign magic mike xxl apparently leading tomorrow goodnight,"['going', 'bed', 'cant', 'wait', 'see', 'antihetero', 'male', 'campaign', 'magic', 'mike', 'xxl', 'apparently', 'leading', 'tomorrow', 'goodnight']",15,101,positive,0.5407,"{np.str_('negative'): 0.2159, np.str_('neutral'): 0.2434, np.str_('positive'): 0.5407}",labeled,positive,0.9265,"{'positive': 0.9265, 'neutral': 0.0678, 'negative': 0.0056}",positive,0.7722,0,['Goodnight']
151,"""John Danks retires the Royals lineup in order in the 3rd, 4th and 5th innings. White Sox still leading 6-0, top of 6.""",2025-02-18,unknown_user,,Twitter (tweet_eval),en,tweet_eval_sentiment,neutral,Unknown,Unknown,0,john danks retires royal lineup order 3rd 4th 5th inning white sox still leading 60 top,"['john', 'danks', 'retires', 'royal', 'lineup', 'order', '3rd', '4th', '5th', 'inning', 'white', 'sox', 'still', 'leading', '60', 'top']",16,87,neutral,0.5583,"{np.str_('negative'): 0.2472, np.str_('neutral'): 0.5583, np.str_('positive'): 0.1946}",labeled,neutral,0.922,"{'neutral': 0.922, 'positive': 0.0706, 'negative': 0.0074}",neutral,0.7765,0,"['Royals', 'White Sox', 'John Danks']"
152,"Originally aired as an ABC Movie of the Week. This involves two young innocent female college students who are railroaded into a prison camp in a little Southern town. They aren't allowed phone calls and nobody knows they're there. What follows is rape, torture, beatings, humilia",2024-02-06,unknown_user,,IMDB,en,imdb,negative,Unknown,Unknown,1,originally aired abc movie week involves two young innocent female college student railroaded prison camp little southern town arent allowed phone call nobody know theyre follows rape torture beating humilia,"['originally', 'aired', 'abc', 'movie', 'week', 'involves', 'two', 'young', 'innocent', 'female', 'college', 'student', 'railroaded', 'prison', 'camp', 'little', 'southern', 'town', 'arent', 'allowed', 'phone', 'call', 'nobody', 'know', 'theyre', 'follows', 'rape', 'torture', 'beating', 'humilia']",30,207,positive,0.4263,"{np.str_('negative'): 0.3836, np.str_('neutral'): 0.19, np.str_('positive'): 0.4263}",labeled,negative,0.8876,"{'negative': 0.8876, 'neutral': 0.1074, 'positive': 0.005}",negative,0.686,1,"['humilia', 'ABC Movie']"
153,"Although this show has been off the air since 1973, after viewing a DVD set I borrowed at our library, I felt compelled to say a bit about it.<br /><br />I can remember when it was the only color show on television in the 1960s, and sometimes there would be a little ""Sunday Night",2024-08-11,unknown_user,,IMDB,en,imdb,positive,Unknown,Unknown,0,although show air since 1973 viewing dvd set borrowed library felt compelled say bit remember color show television 1960s sometimes would little sunday night,"['although', 'show', 'air', 'since', '1973', 'viewing', 'dvd', 'set', 'borrowed', 'library', 'felt', 'compelled', 'say', 'bit', 'remember', 'color', 'show', 'television', '1960s', 'sometimes', 'would', 'little', 'sunday', 'night']",24,157,neutral,0.4234,"{np.str_('negative'): 0.2223, np.str_('neutral'): 0.4234, np.str_('positive'): 0.3543}",labeled,neutral,0.8401,"{'neutral': 0.8401, 'positive': 0.142, 'negative': 0.0179}",neutral,0.6734,0,[]
154,"This thing works on all levels -- it's intense as a thriller, full of Lars von Trier homages, but also very much its own film -- and it does have a message: happiness comes from within, best personified in the wounded soldier who practically (and, believe it or not, humorously) d",2024-07-04,unknown_user,,IMDB,en,imdb,positive,Unknown,Unknown,0,thing work level intense thriller full lars von trier homage but also much film message happiness come within best personified wounded soldier practically believe not humorously,"['thing', 'work', 'level', 'intense', 'thriller', 'full', 'lars', 'von', 'trier', 'homage', 'but', 'also', 'much', 'film', 'message', 'happiness', 'come', 'within', 'best', 'personified', 'wounded', 'soldier', 'practically', 'believe', 'not', 'humorously']",26,177,positive,0.6435,"{np.str_('negative'): 0.225, np.str_('neutral'): 0.1315, np.str_('positive'): 0.6435}",labeled,positive,0.8526,"{'positive': 0.8526, 'neutral': 0.1368, 'negative': 0.0106}",positive,0.769,0,[]
155,You can tell I'm off my meds by the fact that I'm sat in the dark listening to David Bowie,2024-04-01,unknown_user,,Twitter (tweet_eval),en,tweet_eval_sentiment,negative,Unknown,Unknown,0,tell im med fact im sat dark listening david bowie,"['tell', 'im', 'med', 'fact', 'im', 'sat', 'dark', 'listening', 'david', 'bowie']",10,50,positive,0.3925,"{np.str_('negative'): 0.2402, np.str_('neutral'): 0.3673, np.str_('positive'): 0.3925}",labeled,neutral,0.7909,"{'neutral': 0.7909, 'positive': 0.1375, 'negative': 0.0716}",neutral,0.6215,1,['David Bowie']
156,@user I admire the relationship U have with your family.  Lol iron man\u2019s a pretty suitable costume. Good Luck Monday Go Saints!,2024-11-15,unknown_user,,Twitter (tweet_eval),en,tweet_eval_sentiment,positive,Unknown,Unknown,0,admire relationship family lol iron manu2019s pretty suitable costume good luck monday go saint,"['admire', 'relationship', 'family', 'lol', 'iron', 'manu2019s', 'pretty', 'suitable', 'costume', 'good', 'luck', 'monday', 'go', 'saint']",14,95,positive,0.3897,"{np.str_('negative'): 0.2655, np.str_('neutral'): 0.3448, np.str_('positive'): 0.3897}",labeled,positive,0.9652,"{'positive': 0.9652, 'neutral': 0.0311, 'negative': 0.0037}",positive,0.735,0,['Good Luck']
157,"boldly engineering a collision between tawdry b-movie flamboyance and grandiose spiritual anomie , rose's film , true to its source material , provides a tenacious demonstration of death as the great equalizer .",2024-02-23,unknown_user,,Rotten Tomatoes,en,rotten_tomatoes,positive,Unknown,Unknown,0,boldly engineering collision tawdry bmovie flamboyance grandiose spiritual anomie rose film true source material provides tenacious demonstration death great equalizer,"['boldly', 'engineering', 'collision', 'tawdry', 'bmovie', 'flamboyance', 'grandiose', 'spiritual', 'anomie', 'rose', 'film', 'true', 'source', 'material', 'provides', 'tenacious', 'demonstration', 'death', 'great', 'equalizer']",20,167,positive,0.7111,"{np.str_('negative'): 0.1872, np.str_('neutral'): 0.1017, np.str_('positive'): 0.7111}",labeled,neutral,0.6283,"{'neutral': 0.6283, 'positive': 0.3289, 'negative': 0.0428}",positive,0.4818,0,[]
158,"Hello. I am Paul Raddick, a.k.a. Panic Attack of WTAF, Channel 29 in Philadelphia. Let me tell you about this god awful movie that powered on Adam Sandler's film career but was digitized after a short time.<br /><br />Going Overboard is about an aspiring comedian played by Sandle",2024-11-04,unknown_user,,IMDB,en,imdb,negative,Unknown,Unknown,1,hello paul raddick aka panic attack wtaf channel 29 philadelphia let tell god awful movie powered adam sandlers film career but digitized short time going overboard aspiring comedian played sandle,"['hello', 'paul', 'raddick', 'aka', 'panic', 'attack', 'wtaf', 'channel', '29', 'philadelphia', 'let', 'tell', 'god', 'awful', 'movie', 'powered', 'adam', 'sandlers', 'film', 'career', 'but', 'digitized', 'short', 'time', 'going', 'overboard', 'aspiring', 'comedian', 'played', 'sandle']",30,196,positive,0.4452,"{np.str_('negative'): 0.4184, np.str_('neutral'): 0.1364, np.str_('positive'): 0.4452}",labeled,negative,0.8671,"{'negative': 0.8671, 'neutral': 0.1184, 'positive': 0.0145}",negative,0.6876,1,"[""Adam Sandler's"", 'Sandle', 'Channel 29', 'Philadelphia', 'Paul Raddick']"
159,"is no solace here , no entertainment value , merely a fierce lesson in where filmmaking can take us ",2024-07-18,unknown_user,,SST-2,en,sst2,negative,Unknown,Unknown,0,no solace no entertainment value merely fierce lesson filmmaking take u,"['no', 'solace', 'no', 'entertainment', 'value', 'merely', 'fierce', 'lesson', 'filmmaking', 'take', 'u']",11,71,positive,0.4046,"{np.str_('negative'): 0.2554, np.str_('neutral'): 0.34, np.str_('positive'): 0.4046}",labeled,negative,0.661,"{'negative': 0.661, 'neutral': 0.3081, 'positive': 0.0309}",negative,0.4988,1,[]
160,"""Deep Learning Students worth 5 million to 10 million""- Wall Street Journal #goals",2024-10-14,unknown_user,,Twitter (tweet_eval),en,tweet_eval_sentiment,neutral,Unknown,Unknown,0,deep learning student worth million 10 million wall street journal,"['deep', 'learning', 'student', 'worth', 'million', '10', 'million', 'wall', 'street', 'journal']",10,66,neutral,0.44,"{np.str_('negative'): 0.23, np.str_('neutral'): 0.44, np.str_('positive'): 0.3299}",labeled,neutral,0.7007,"{'neutral': 0.7007, 'positive': 0.2785, 'negative': 0.0208}",neutral,0.5964,0,[]
161,zhang . . . has done an amazing job of getting realistic performances from his mainly nonprofessional cast .,2024-04-18,unknown_user,,Rotten Tomatoes,en,rotten_tomatoes,positive,Unknown,Unknown,0,zhang done amazing job getting realistic performance mainly nonprofessional cast,"['zhang', 'done', 'amazing', 'job', 'getting', 'realistic', 'performance', 'mainly', 'nonprofessional', 'cast']",10,80,positive,0.5924,"{np.str_('negative'): 0.2283, np.str_('neutral'): 0.1793, np.str_('positive'): 0.5924}",labeled,positive,0.9712,"{'positive': 0.9712, 'neutral': 0.0246, 'negative': 0.0042}",positive,0.8197,0,[]
162,@user I know it's so good! There's a marathon on comedy central. And yeah that really blows. Do you work tomorrow?,2024-02-27,unknown_user,,Twitter (tweet_eval),en,tweet_eval_sentiment,positive,Unknown,Unknown,0,know good there marathon comedy central yeah really blow work tomorrow,"['know', 'good', 'there', 'marathon', 'comedy', 'central', 'yeah', 'really', 'blow', 'work', 'tomorrow']",11,70,positive,0.5161,"{np.str_('negative'): 0.2328, np.str_('neutral'): 0.2511, np.str_('positive'): 0.5161}",labeled,positive,0.6681,"{'positive': 0.6681, 'neutral': 0.2047, 'negative': 0.1272}",positive,0.6073,0,[]
163,"The acting was horrible. The special effects, while exceptional, dominated the movie. The writing was pathetic, and the dialogue was unbelievable. And the silly little love story between Liv Tyler and Ben Affleck was out of place.<br /><br />But the worst offense of ""Armageddon"" ",2025-01-09,unknown_user,,IMDB,en,imdb,negative,Unknown,Conservatives,1,acting horrible special effect exceptional dominated movie writing pathetic dialogue unbelievable silly little love story liv tyler ben affleck place but worst offense armageddon,"['acting', 'horrible', 'special', 'effect', 'exceptional', 'dominated', 'movie', 'writing', 'pathetic', 'dialogue', 'unbelievable', 'silly', 'little', 'love', 'story', 'liv', 'tyler', 'ben', 'affleck', 'place', 'but', 'worst', 'offense', 'armageddon']",24,178,positive,0.4273,"{np.str_('negative'): 0.3539, np.str_('neutral'): 0.2188, np.str_('positive'): 0.4273}",labeled,negative,0.9083,"{'negative': 0.9083, 'neutral': 0.081, 'positive': 0.0107}",negative,0.6865,1,"['Liv Tyler', 'Ben Affleck']"
164,"""So Watchman is an earlier draft of Mockingbird?? People have been had in getting excited for this. C'mon public, you're better than this.""",2025-04-28,unknown_user,,Twitter (tweet_eval),en,tweet_eval_sentiment,negative,Unknown,Unknown,0,watchman earlier draft mockingbird people getting excited cmon public youre better,"['watchman', 'earlier', 'draft', 'mockingbird', 'people', 'getting', 'excited', 'cmon', 'public', 'youre', 'better']",11,82,positive,0.4634,"{np.str_('negative'): 0.3294, np.str_('neutral'): 0.2073, np.str_('positive'): 0.4634}",labeled,neutral,0.5691,"{'neutral': 0.5691, 'negative': 0.2793, 'positive': 0.1515}",neutral,0.4244,1,"['Mockingbird', 'Watchman']"
165,the fact that so many will vote for a socialist fake liar for President is very very frightening and may bring America to ruin!,2024-04-08,unknown_user,,Twitter (tweet_eval),en,tweet_eval_sentiment,negative,Unknown,Unknown,0,fact many vote socialist fake liar president frightening may bring america ruin,"['fact', 'many', 'vote', 'socialist', 'fake', 'liar', 'president', 'frightening', 'may', 'bring', 'america', 'ruin']",12,79,neutral,0.4723,"{np.str_('negative'): 0.3203, np.str_('neutral'): 0.4723, np.str_('positive'): 0.2074}",labeled,negative,0.9082,"{'negative': 0.9082, 'neutral': 0.083, 'positive': 0.0088}",negative,0.673,1,['America']
166,"""Also, Paper Towns was AMAZING. (@AnselElgort making an appearance was the cherry on top &amp; I may or may not have freaked in the theater)""",2024-09-04,unknown_user,,Twitter (tweet_eval),en,tweet_eval_sentiment,positive,Unknown,Unknown,0,also paper town amazing making appearance cherry top amp may may not freaked theater,"['also', 'paper', 'town', 'amazing', 'making', 'appearance', 'cherry', 'top', 'amp', 'may', 'may', 'not', 'freaked', 'theater']",14,84,positive,0.622,"{np.str_('negative'): 0.1613, np.str_('neutral'): 0.2166, np.str_('positive'): 0.622}",labeled,positive,0.836,"{'positive': 0.836, 'neutral': 0.1587, 'negative': 0.0053}",positive,0.7504,0,[]
167,the ending feels at odds with the rest of the film .,2025-04-29,unknown_user,,Rotten Tomatoes,en,rotten_tomatoes,positive,Unknown,Unknown,0,ending feel odds rest film,"['ending', 'feel', 'odds', 'rest', 'film']",5,26,negative,0.4522,"{np.str_('negative'): 0.4522, np.str_('neutral'): 0.1411, np.str_('positive'): 0.4067}",labeled,neutral,0.792,"{'neutral': 0.792, 'positive': 0.1577, 'negative': 0.0503}",neutral,0.5316,1,[]
168,The Wednesday iPad edition is out now - including Tom Segal\u2019s Pricewise advice and brilliant previews for Juddmonte International day,2024-01-12,unknown_user,,Twitter (tweet_eval),en,tweet_eval_sentiment,positive,Unknown,Unknown,0,wednesday ipad edition including tom segalu2019s pricewise advice brilliant preview juddmonte international day,"['wednesday', 'ipad', 'edition', 'including', 'tom', 'segalu2019s', 'pricewise', 'advice', 'brilliant', 'preview', 'juddmonte', 'international', 'day']",13,111,positive,0.445,"{np.str_('negative'): 0.149, np.str_('neutral'): 0.4059, np.str_('positive'): 0.445}",labeled,positive,0.812,"{'positive': 0.812, 'neutral': 0.1845, 'negative': 0.0035}",positive,0.6652,0,"['iPad', 'Tom Segal\\u2019s Pricewise']"
169,"""Later today: Cowboys and Aliens, good food, My Chemical Romance and Blink 182 show with @user and her friends. Jazzed 2 teh max!""",2024-11-23,unknown_user,,Twitter (tweet_eval),en,tweet_eval_sentiment,positive,Unknown,Unknown,0,later today cowboy alien good food chemical romance blink 182 show friend jazzed teh max,"['later', 'today', 'cowboy', 'alien', 'good', 'food', 'chemical', 'romance', 'blink', '182', 'show', 'friend', 'jazzed', 'teh', 'max']",15,88,positive,0.6411,"{np.str_('negative'): 0.1801, np.str_('neutral'): 0.1788, np.str_('positive'): 0.6411}",labeled,neutral,0.7939,"{'neutral': 0.7939, 'positive': 0.2, 'negative': 0.0061}",neutral,0.5479,1,"['Aliens', '@user', 'Cowboys', 'Blink', 'Jazzed 2 teh max']"
170,"This was intolerable. (SPOILER #1) Protagonists avoid the pointless disclosure of agonizing truths to their loved ones, lest they surrender said status and assume the roles of Antagonists. (SPOILER #2) The writers would have us believe that the exposure of multiple transgressions",2024-09-06,unknown_user,,IMDB,en,imdb,negative,Unknown,Unknown,0,intolerable spoiler protagonist avoid pointless disclosure agonizing truth loved one lest surrender said status assume role antagonist spoiler writer would u believe exposure multiple transgression,"['intolerable', 'spoiler', 'protagonist', 'avoid', 'pointless', 'disclosure', 'agonizing', 'truth', 'loved', 'one', 'lest', 'surrender', 'said', 'status', 'assume', 'role', 'antagonist', 'spoiler', 'writer', 'would', 'u', 'believe', 'exposure', 'multiple', 'transgression']",25,197,neutral,0.5348,"{np.str_('negative'): 0.271, np.str_('neutral'): 0.5348, np.str_('positive'): 0.1942}",labeled,negative,0.533,"{'negative': 0.533, 'neutral': 0.4497, 'positive': 0.0173}",neutral,0.4837,0,[]
171,Today's Tesla cars will become tomorrow's self-driving cars (CNET Update) #windowsphone,2024-01-03,unknown_user,,Twitter (tweet_eval),en,tweet_eval_sentiment,positive,Unknown,Unknown,0,today tesla car become tomorrow selfdriving car cnet update,"['today', 'tesla', 'car', 'become', 'tomorrow', 'selfdriving', 'car', 'cnet', 'update']",9,59,positive,0.556,"{np.str_('negative'): 0.1336, np.str_('neutral'): 0.3104, np.str_('positive'): 0.556}",labeled,neutral,0.8063,"{'neutral': 0.8063, 'positive': 0.1853, 'negative': 0.0084}",neutral,0.6079,1,['CNET Update']
172,"Victor Sjostrom, who is the grandfather of Swedish cinema, directed this stark, existentialist film about atonement, betrayal, death, forgiveness, guilt, redemption, and the bleakest moments of the human condition. He stars as David Holm, a no good-nick who responds to a moment o",2024-03-28,unknown_user,,IMDB,en,imdb,positive,Unknown,Unknown,0,victor sjostrom grandfather swedish cinema directed stark existentialist film atonement betrayal death forgiveness guilt redemption bleakest moment human condition star david holm no goodnick responds moment,"['victor', 'sjostrom', 'grandfather', 'swedish', 'cinema', 'directed', 'stark', 'existentialist', 'film', 'atonement', 'betrayal', 'death', 'forgiveness', 'guilt', 'redemption', 'bleakest', 'moment', 'human', 'condition', 'star', 'david', 'holm', 'no', 'goodnick', 'responds', 'moment']",26,207,positive,0.4933,"{np.str_('negative'): 0.2925, np.str_('neutral'): 0.2141, np.str_('positive'): 0.4933}",labeled,negative,0.673,"{'negative': 0.673, 'neutral': 0.3078, 'positive': 0.0192}",negative,0.5208,1,"['Victor Sjostrom', 'David Holm']"
173,"Whoever gave this movie rave reviews needs to see more movies.<br /><br />A loser takes his camera and photographs his mental family. The movie is filled with idiots and includes live ""teabagging"". That should sum it all up for you.<br /><br />Do not waste your time. You may want",2024-05-13,unknown_user,,IMDB,en,imdb,negative,Unknown,Unknown,1,whoever gave movie rave review need see movie loser take camera photograph mental family movie filled idiot includes live teabagging sum not waste time may want,"['whoever', 'gave', 'movie', 'rave', 'review', 'need', 'see', 'movie', 'loser', 'take', 'camera', 'photograph', 'mental', 'family', 'movie', 'filled', 'idiot', 'includes', 'live', 'teabagging', 'sum', 'not', 'waste', 'time', 'may', 'want']",26,160,positive,0.4595,"{np.str_('negative'): 0.3677, np.str_('neutral'): 0.1727, np.str_('positive'): 0.4595}",labeled,negative,0.9183,"{'negative': 0.9183, 'neutral': 0.074, 'positive': 0.0077}",negative,0.6981,1,[]
174,Match my grind 😏,2024-08-15,unknown_user,,Twitter (tweet_eval),en,tweet_eval_sentiment,neutral,Unknown,Unknown,0,match grind smirkingface,"['match', 'grind', 'smirkingface']",3,24,positive,0.4046,"{np.str_('negative'): 0.2554, np.str_('neutral'): 0.34, np.str_('positive'): 0.4046}",labeled,neutral,0.8158,"{'neutral': 0.8158, 'positive': 0.1343, 'negative': 0.0499}",neutral,0.6255,1,[]
175,🎶 Browse this site for more information on Dallas 3D Printing. This...,2025-04-17,unknown_user,,Twitter (tweet_eval),en,tweet_eval_sentiment,positive,Unknown,Unknown,0,musicalnotes browse site information dallas 3d printing,"['musicalnotes', 'browse', 'site', 'information', 'dallas', '3d', 'printing']",7,55,positive,0.4046,"{np.str_('negative'): 0.2554, np.str_('neutral'): 0.34, np.str_('positive'): 0.4046}",labeled,neutral,0.9187,"{'neutral': 0.9187, 'positive': 0.0703, 'negative': 0.0111}",neutral,0.6872,1,"['🎶 Browse', 'Dallas']"
176,"in all , an interesting look at the life of the campaign-trail press , especially ones that do n't really care for the candidate ",2024-07-08,unknown_user,,SST-2,en,sst2,positive,Unknown,Unknown,0,interesting look life campaigntrail press especially one nt really care candidate,"['interesting', 'look', 'life', 'campaigntrail', 'press', 'especially', 'one', 'nt', 'really', 'care', 'candidate']",11,81,positive,0.4216,"{np.str_('negative'): 0.3419, np.str_('neutral'): 0.2365, np.str_('positive'): 0.4216}",labeled,negative,0.6067,"{'negative': 0.6067, 'neutral': 0.3697, 'positive': 0.0236}",negative,0.5008,1,[]
177,Trump Supporters Protest CNN in Los Angeles via @user,2024-04-29,unknown_user,,Twitter (tweet_eval),en,tweet_eval_sentiment,neutral,Trump,Unknown,0,trump supporter protest cnn los angeles via,"['trump', 'supporter', 'protest', 'cnn', 'los', 'angeles', 'via']",7,43,negative,0.3978,"{np.str_('negative'): 0.3978, np.str_('neutral'): 0.3072, np.str_('positive'): 0.295}",labeled,neutral,0.6623,"{'neutral': 0.6623, 'negative': 0.3128, 'positive': 0.025}",neutral,0.5203,1,"['Los Angeles', '@user', 'CNN', 'Trump Supporters Protest']"
178,@user aww!! Thank U too!! <13  Have a Nice Swift Day you too!! :) and good luck for tomorrow!! I hope you have a wonderfull Day! :),2024-11-29,unknown_user,,Twitter (tweet_eval),en,tweet_eval_sentiment,positive,Unknown,Unknown,0,aww thank 13 nice swift day good luck tomorrow hope wonderfull day,"['aww', 'thank', '13', 'nice', 'swift', 'day', 'good', 'luck', 'tomorrow', 'hope', 'wonderfull', 'day']",12,66,positive,0.6846,"{np.str_('negative'): 0.1396, np.str_('neutral'): 0.1757, np.str_('positive'): 0.6846}",labeled,positive,0.9834,"{'positive': 0.9834, 'neutral': 0.0111, 'negative': 0.0055}",positive,0.8639,0,['@user']
179,"a heartbreakingly thoughtful minor classic , the work of a genuine and singular artist .",2024-07-25,unknown_user,,Rotten Tomatoes,en,rotten_tomatoes,positive,Unknown,Unknown,0,heartbreakingly thoughtful minor classic work genuine singular artist,"['heartbreakingly', 'thoughtful', 'minor', 'classic', 'work', 'genuine', 'singular', 'artist']",8,69,positive,0.3789,"{np.str_('negative'): 0.258, np.str_('neutral'): 0.3631, np.str_('positive'): 0.3789}",labeled,positive,0.9262,"{'positive': 0.9262, 'neutral': 0.0547, 'negative': 0.0192}",positive,0.7073,0,[]
180,Haggins flipped by Hoya linebacker\u002c but he gets the 1st down!  1st and goal at the 5!,2024-12-14,unknown_user,,Twitter (tweet_eval),en,tweet_eval_sentiment,neutral,Unknown,Unknown,0,haggins flipped hoya linebackeru002c but get 1st 1st goal,"['haggins', 'flipped', 'hoya', 'linebackeru002c', 'but', 'get', '1st', '1st', 'goal']",9,57,positive,0.4223,"{np.str_('negative'): 0.1754, np.str_('neutral'): 0.4023, np.str_('positive'): 0.4223}",labeled,neutral,0.9166,"{'neutral': 0.9166, 'positive': 0.0506, 'negative': 0.0329}",neutral,0.7109,1,"['Hoya', 'Haggins']"
181,#Aleppo : Despite Russian airstrikes the Regime has failed to advance and the Opposition have killed 250 militiamen in the last 48 hours.,2024-03-13,unknown_user,,Twitter (tweet_eval),en,tweet_eval_sentiment,neutral,Unknown,Unknown,0,despite russian airstrikes regime failed advance opposition killed 250 militiaman last 48 hour,"['despite', 'russian', 'airstrikes', 'regime', 'failed', 'advance', 'opposition', 'killed', '250', 'militiaman', 'last', '48', 'hour']",13,94,negative,0.3916,"{np.str_('negative'): 0.3916, np.str_('neutral'): 0.3093, np.str_('positive'): 0.2991}",labeled,negative,0.8295,"{'negative': 0.8295, 'neutral': 0.1636, 'positive': 0.0069}",negative,0.6543,0,"['Opposition', 'Aleppo', 'Regime']"
182,Good morning Auburn Family! Today feels like a good day to beat Nick Saban and Bama at...everything! #thatincludesbeingbetterchristians,2025-01-19,unknown_user,,Twitter (tweet_eval),en,tweet_eval_sentiment,positive,Unknown,Unknown,0,good morning auburn family today feel like good day beat nick saban bama ateverything,"['good', 'morning', 'auburn', 'family', 'today', 'feel', 'like', 'good', 'day', 'beat', 'nick', 'saban', 'bama', 'ateverything']",14,85,positive,0.6219,"{np.str_('negative'): 0.1742, np.str_('neutral'): 0.2039, np.str_('positive'): 0.6219}",labeled,positive,0.9685,"{'positive': 0.9685, 'neutral': 0.0284, 'negative': 0.0031}",positive,0.8299,0,"['Bama', 'Auburn Family', 'Nick Saban']"
183,it's August 22nd and Frank Ocean's album has still not dropped.,2024-09-12,unknown_user,,Twitter (tweet_eval),en,tweet_eval_sentiment,negative,Unknown,Unknown,0,august 22nd frank ocean album still not dropped,"['august', '22nd', 'frank', 'ocean', 'album', 'still', 'not', 'dropped']",8,47,positive,0.4046,"{np.str_('negative'): 0.2554, np.str_('neutral'): 0.34, np.str_('positive'): 0.4046}",labeled,neutral,0.4867,"{'neutral': 0.4867, 'negative': 0.4808, 'positive': 0.0325}",neutral,0.428,1,"[""Frank Ocean's""]"
184,David Price has a lead in the 6th so basically this game is over,2024-03-26,unknown_user,,Twitter (tweet_eval),en,tweet_eval_sentiment,neutral,Unknown,Unknown,0,david price lead 6th basically game,"['david', 'price', 'lead', '6th', 'basically', 'game']",6,35,neutral,0.5022,"{np.str_('negative'): 0.1275, np.str_('neutral'): 0.5022, np.str_('positive'): 0.3703}",labeled,neutral,0.8531,"{'neutral': 0.8531, 'positive': 0.1258, 'negative': 0.021}",neutral,0.7127,0,['David Price']
185,#teens with fat pussys zac efron and vanessa have sex,2024-09-12,unknown_user,,Twitter (tweet_eval),en,tweet_eval_sentiment,negative,Unknown,Unknown,0,fat pussy zac efron vanessa sex,"['fat', 'pussy', 'zac', 'efron', 'vanessa', 'sex']",6,31,positive,0.4046,"{np.str_('negative'): 0.2554, np.str_('neutral'): 0.34, np.str_('positive'): 0.4046}",labeled,neutral,0.6805,"{'neutral': 0.6805, 'negative': 0.23, 'positive': 0.0895}",neutral,0.5443,1,[]
186,"When I first saw this film in the 1980's, I was in my middle teenage years and somewhat reluctant to see this since I considered myself grown up and out of the ""Sesame Street/Muppets"" age. I honestly don't remember if I liked it at the time or not. However, somewhere in college I",2025-03-23,unknown_user,,IMDB,en,imdb,positive,Unknown,Unknown,0,first saw film 1980s middle teenage year somewhat reluctant see since considered grown sesame streetmuppets age honestly dont remember liked time not however somewhere college,"['first', 'saw', 'film', '1980s', 'middle', 'teenage', 'year', 'somewhat', 'reluctant', 'see', 'since', 'considered', 'grown', 'sesame', 'streetmuppets', 'age', 'honestly', 'dont', 'remember', 'liked', 'time', 'not', 'however', 'somewhere', 'college']",25,175,negative,0.5178,"{np.str_('negative'): 0.5178, np.str_('neutral'): 0.1713, np.str_('positive'): 0.3109}",labeled,negative,0.6875,"{'negative': 0.6875, 'neutral': 0.2961, 'positive': 0.0163}",negative,0.6196,0,[]
187,you'll end up moved .,2024-11-18,unknown_user,,Rotten Tomatoes,en,rotten_tomatoes,positive,Unknown,Unknown,0,youll end moved,"['youll', 'end', 'moved']",3,15,positive,0.434,"{np.str_('negative'): 0.2745, np.str_('neutral'): 0.2915, np.str_('positive'): 0.434}",labeled,negative,0.502,"{'negative': 0.502, 'neutral': 0.4389, 'positive': 0.0591}",negative,0.411,1,[]
188,the only thing scary about feardotcom is that the filmmakers and studio are brazen enough to attempt to pass this stinker off as a scary movie .,2024-10-29,unknown_user,,Rotten Tomatoes,en,rotten_tomatoes,negative,Unknown,Unknown,0,thing scary feardotcom filmmaker studio brazen enough attempt pas stinker scary movie,"['thing', 'scary', 'feardotcom', 'filmmaker', 'studio', 'brazen', 'enough', 'attempt', 'pas', 'stinker', 'scary', 'movie']",12,85,positive,0.4595,"{np.str_('negative'): 0.4179, np.str_('neutral'): 0.1226, np.str_('positive'): 0.4595}",labeled,negative,0.6348,"{'negative': 0.6348, 'neutral': 0.3335, 'positive': 0.0317}",negative,0.548,1,[]
189,@user @user Now that's awesome. Have his autograph but that's as close as I ever got to meeting him Lol. Did meet Bob Dylan tho!,2024-06-24,unknown_user,,Twitter (tweet_eval),en,tweet_eval_sentiment,positive,Unknown,Unknown,0,thats awesome autograph but thats close ever got meeting lol meet bob dylan tho,"['thats', 'awesome', 'autograph', 'but', 'thats', 'close', 'ever', 'got', 'meeting', 'lol', 'meet', 'bob', 'dylan', 'tho']",14,79,positive,0.4511,"{np.str_('negative'): 0.2262, np.str_('neutral'): 0.3227, np.str_('positive'): 0.4511}",labeled,positive,0.9548,"{'positive': 0.9548, 'neutral': 0.0402, 'negative': 0.0049}",positive,0.7533,0,"['Bob Dylan', '@user @user']"
190,"well , jason's gone to manhattan and hell , i guess a space station in the year 2455 can be crossed off the list of ideas for the inevitable future sequels ( hey , don't shoot the messenger ) .",2024-12-30,unknown_user,,Rotten Tomatoes,en,rotten_tomatoes,negative,Unknown,Unknown,0,well jason gone manhattan hell guess space station year 2455 crossed list idea inevitable future sequel hey dont shoot messenger,"['well', 'jason', 'gone', 'manhattan', 'hell', 'guess', 'space', 'station', 'year', '2455', 'crossed', 'list', 'idea', 'inevitable', 'future', 'sequel', 'hey', 'dont', 'shoot', 'messenger']",20,128,neutral,0.5588,"{np.str_('negative'): 0.2839, np.str_('neutral'): 0.5588, np.str_('positive'): 0.1573}",labeled,negative,0.5162,"{'negative': 0.5162, 'neutral': 0.4327, 'positive': 0.0512}",neutral,0.4831,0,"['jason', 'manhattan']"
191,@user I may have over did the score but I still think Alabama is gunna win,2024-08-30,unknown_user,,Twitter (tweet_eval),en,tweet_eval_sentiment,neutral,Unknown,Unknown,0,may score but still think alabama gunna win,"['may', 'score', 'but', 'still', 'think', 'alabama', 'gunna', 'win']",8,43,neutral,0.5293,"{np.str_('negative'): 0.1255, np.str_('neutral'): 0.5293, np.str_('positive'): 0.3452}",labeled,neutral,0.6554,"{'neutral': 0.6554, 'positive': 0.3134, 'negative': 0.0311}",neutral,0.605,0,['Alabama']
192,#HeadiesAll of you famzing live at the #Headies and dnt knw where Eko Hotel n suite dey..May ur twitter connection be bad.#GodPunishU,2025-02-07,unknown_user,,Twitter (tweet_eval),en,tweet_eval_sentiment,negative,Unknown,Unknown,1,famzing live dnt knw eko hotel suite deymay ur twitter connection bad,"['famzing', 'live', 'dnt', 'knw', 'eko', 'hotel', 'suite', 'deymay', 'ur', 'twitter', 'connection', 'bad']",12,69,positive,0.4592,"{np.str_('negative'): 0.3453, np.str_('neutral'): 0.1954, np.str_('positive'): 0.4592}",labeled,negative,0.7443,"{'negative': 0.7443, 'neutral': 0.2444, 'positive': 0.0114}",negative,0.5847,1,"['Eko Hotel', 'bad.#GodPunishU', 'HeadiesAll']"
193,"""I got Reggie Wayne in the 4th, then worked it and got Miles Austin in the 5th @user",2025-05-12,unknown_user,,Twitter (tweet_eval),en,tweet_eval_sentiment,neutral,Unknown,Unknown,0,got reggie wayne 4th worked got mile austin 5th,"['got', 'reggie', 'wayne', '4th', 'worked', 'got', 'mile', 'austin', '5th']",9,47,neutral,0.5244,"{np.str_('negative'): 0.1796, np.str_('neutral'): 0.5244, np.str_('positive'): 0.296}",labeled,neutral,0.8098,"{'neutral': 0.8098, 'positive': 0.18, 'negative': 0.0101}",neutral,0.6956,0,"['Miles Austin', 'Reggie Wayne', '@user']"
194,"""It's September 8th and Frank Ocean still ain't released an album, thought Abel bought you time? Nah.""",2025-02-22,unknown_user,,Twitter (tweet_eval),en,tweet_eval_sentiment,neutral,Unknown,Unknown,0,september 8th frank ocean still aint released album thought abel bought time nah,"['september', '8th', 'frank', 'ocean', 'still', 'aint', 'released', 'album', 'thought', 'abel', 'bought', 'time', 'nah']",13,80,neutral,0.4349,"{np.str_('negative'): 0.2305, np.str_('neutral'): 0.4349, np.str_('positive'): 0.3345}",labeled,negative,0.5591,"{'negative': 0.5591, 'neutral': 0.4251, 'positive': 0.0158}",neutral,0.429,0,"['Nah', 'Frank Ocean', 'Abel']"
195,SAD asks Rahul Gandhi what action he has taken against Congress leaders for  Nov 10 congregation#Pb  @user  @user,2024-09-28,unknown_user,,Twitter (tweet_eval),en,tweet_eval_sentiment,neutral,Rahul Gandhi,INC (Congress),0,sad asks RahulGandhi action taken against congress leader nov 10 congregation,"['sad', 'asks', 'RahulGandhi', 'action', 'taken', 'against', 'congress', 'leader', 'nov', '10', 'congregation']",11,77,neutral,0.6046,"{np.str_('negative'): 0.221, np.str_('neutral'): 0.6046, np.str_('positive'): 0.1744}",labeled,negative,0.8068,"{'negative': 0.8068, 'neutral': 0.1842, 'positive': 0.0089}",negative,0.5725,1,"['Rahul Gandhi', 'Congress', '@user  @user']"
196,"@user The massacre on March 11 in Karm al-Zaitoun was similar: 25 children killed with knives, 20 women:",2025-02-02,unknown_user,,Twitter (tweet_eval),en,tweet_eval_sentiment,negative,Unknown,Unknown,1,massacre march 11 karm alzaitoun similar 25 child killed knife 20 woman,"['massacre', 'march', '11', 'karm', 'alzaitoun', 'similar', '25', 'child', 'killed', 'knife', '20', 'woman']",12,71,positive,0.3774,"{np.str_('negative'): 0.273, np.str_('neutral'): 0.3495, np.str_('positive'): 0.3774}",labeled,negative,0.8859,"{'negative': 0.8859, 'neutral': 0.1082, 'positive': 0.0059}",negative,0.6407,1,"['@user', 'Karm al-Zaitoun']"
197,Help your support for Uber in Maryland #Uber,2024-04-03,unknown_user,,Twitter (tweet_eval),en,tweet_eval_sentiment,neutral,Unknown,Unknown,0,help support uber maryland,"['help', 'support', 'uber', 'maryland']",4,26,positive,0.4046,"{np.str_('negative'): 0.2554, np.str_('neutral'): 0.34, np.str_('positive'): 0.4046}",labeled,neutral,0.6497,"{'neutral': 0.6497, 'positive': 0.3, 'negative': 0.0503}",neutral,0.5258,1,['Maryland']
198,a charmer from belgium .,2024-10-11,unknown_user,,Rotten Tomatoes,en,rotten_tomatoes,positive,Unknown,Unknown,0,charmer belgium,"['charmer', 'belgium']",2,15,positive,0.4046,"{np.str_('negative'): 0.2554, np.str_('neutral'): 0.34, np.str_('positive'): 0.4046}",labeled,neutral,0.8393,"{'neutral': 0.8393, 'positive': 0.0937, 'negative': 0.067}",neutral,0.6396,1,['belgium']
199,@user oh man I had the same feeling Sunday when my Packers hung on to beat the Dolphins LOL,2025-04-18,unknown_user,,Twitter (tweet_eval),en,tweet_eval_sentiment,neutral,Unknown,Unknown,0,oh man feeling sunday packer hung beat dolphin lol,"['oh', 'man', 'feeling', 'sunday', 'packer', 'hung', 'beat', 'dolphin', 'lol']",9,50,positive,0.5372,"{np.str_('negative'): 0.2197, np.str_('neutral'): 0.2431, np.str_('positive'): 0.5372}",labeled,neutral,0.5602,"{'neutral': 0.5602, 'positive': 0.2986, 'negative': 0.1412}",neutral,0.4334,1,"['@user', 'Dolphins']"
200,"though an important political documentary , this does not really make the case the kissinger should be tried as a war criminal .",2025-02-09,unknown_user,,Rotten Tomatoes,en,rotten_tomatoes,positive,Unknown,Unknown,0,though important political documentary not really make case kissinger tried war criminal,"['though', 'important', 'political', 'documentary', 'not', 'really', 'make', 'case', 'kissinger', 'tried', 'war', 'criminal']",12,88,positive,0.4183,"{np.str_('negative'): 0.2669, np.str_('neutral'): 0.3148, np.str_('positive'): 0.4183}",labeled,negative,0.6419,"{'negative': 0.6419, 'neutral': 0.3386, 'positive': 0.0195}",negative,0.4919,1,[]
201,What? The Jaguars may trade to get Tim Tebow from the Jets? God is Good\u002c teams still want him. #TestifyhisGreatness,2024-03-19,unknown_user,,Twitter (tweet_eval),en,tweet_eval_sentiment,positive,Unknown,Unknown,0,jaguar may trade get tim tebow jet god goodu002c team still want,"['jaguar', 'may', 'trade', 'get', 'tim', 'tebow', 'jet', 'god', 'goodu002c', 'team', 'still', 'want']",12,64,positive,0.4525,"{np.str_('negative'): 0.2871, np.str_('neutral'): 0.2604, np.str_('positive'): 0.4525}",labeled,positive,0.5415,"{'positive': 0.5415, 'neutral': 0.4394, 'negative': 0.0192}",positive,0.5059,0,"['Jets', 'Tim Tebow', 'Jaguars']"
202,"[screenwriter] pimental took the farrelly brothers comedy and feminized it , but it is a rather poor imitation .",2024-09-07,unknown_user,,Rotten Tomatoes,en,rotten_tomatoes,negative,Unknown,Unknown,1,screenwriter pimental took farrelly brother comedy feminized but rather poor imitation,"['screenwriter', 'pimental', 'took', 'farrelly', 'brother', 'comedy', 'feminized', 'but', 'rather', 'poor', 'imitation']",11,86,positive,0.5395,"{np.str_('negative'): 0.2714, np.str_('neutral'): 0.1892, np.str_('positive'): 0.5395}",labeled,negative,0.7464,"{'negative': 0.7464, 'neutral': 0.2412, 'positive': 0.0124}",negative,0.5564,1,[]
203,abrupt ,2024-02-20,unknown_user,,SST-2,en,sst2,negative,Unknown,Unknown,0,abrupt,['abrupt'],1,6,positive,0.4046,"{np.str_('negative'): 0.2554, np.str_('neutral'): 0.34, np.str_('positive'): 0.4046}",labeled,negative,0.5357,"{'negative': 0.5357, 'neutral': 0.3706, 'positive': 0.0937}",negative,0.4236,1,[]
204,@user sure? Magneto McKellen is leading out the Pride parade in town on Saturday,2025-05-12,unknown_user,,Twitter (tweet_eval),en,tweet_eval_sentiment,positive,Unknown,Unknown,0,sure magneto mckellen leading pride parade town saturday,"['sure', 'magneto', 'mckellen', 'leading', 'pride', 'parade', 'town', 'saturday']",8,56,positive,0.5497,"{np.str_('negative'): 0.178, np.str_('neutral'): 0.2724, np.str_('positive'): 0.5497}",labeled,neutral,0.7485,"{'neutral': 0.7485, 'positive': 0.2321, 'negative': 0.0194}",neutral,0.5581,1,"['@user', 'Magneto McKellen']"
205,"""http://t.co/N0ynB9vr, Tudou merger may be in jeopardy, report says, Bloomberg notes: See the rest of the story he...",2024-08-16,unknown_user,,Twitter (tweet_eval),en,tweet_eval_sentiment,negative,Unknown,Conservatives,0,tudou merger may jeopardy report say bloomberg note see rest story,"['tudou', 'merger', 'may', 'jeopardy', 'report', 'say', 'bloomberg', 'note', 'see', 'rest', 'story']",11,66,negative,0.4241,"{np.str_('negative'): 0.4241, np.str_('neutral'): 0.3394, np.str_('positive'): 0.2366}",labeled,neutral,0.9411,"{'neutral': 0.9411, 'negative': 0.0324, 'positive': 0.0265}",neutral,0.7004,1,"['Tudou', 'Bloomberg']"
206,"""Practicing for my show tomorrow night. You should come, it's FREE!  @ The Lair",2024-11-13,unknown_user,,Twitter (tweet_eval),en,tweet_eval_sentiment,positive,Unknown,Unknown,0,practicing show tomorrow night come free lair,"['practicing', 'show', 'tomorrow', 'night', 'come', 'free', 'lair']",7,45,positive,0.6078,"{np.str_('negative'): 0.1218, np.str_('neutral'): 0.2704, np.str_('positive'): 0.6078}",labeled,neutral,0.8668,"{'neutral': 0.8668, 'positive': 0.118, 'negative': 0.0152}",neutral,0.6282,1,['FREE']
207,I\u2019m just looking forward to the Knicks verse Nets game on Thursday! Carmelo Anthony verse Deron Williams my two favorite players!,2025-02-08,unknown_user,,Twitter (tweet_eval),en,tweet_eval_sentiment,positive,Unknown,Unknown,0,iu2019m looking forward knicks verse net game thursday carmelo anthony verse deron williams two favorite player,"['iu2019m', 'looking', 'forward', 'knicks', 'verse', 'net', 'game', 'thursday', 'carmelo', 'anthony', 'verse', 'deron', 'williams', 'two', 'favorite', 'player']",16,111,positive,0.5244,"{np.str_('negative'): 0.1526, np.str_('neutral'): 0.323, np.str_('positive'): 0.5244}",labeled,positive,0.9089,"{'positive': 0.9089, 'neutral': 0.0881, 'negative': 0.003}",positive,0.7551,0,"['Deron Williams', 'Carmelo Anthony', 'Knicks']"
208,Because the night belongs to lovers -> Nuit blanche :0) #video #art #love,2024-05-29,unknown_user,,Twitter (tweet_eval),en,tweet_eval_sentiment,positive,Unknown,Unknown,0,night belongs lover nuit blanche,"['night', 'belongs', 'lover', 'nuit', 'blanche']",5,32,neutral,0.5059,"{np.str_('negative'): 0.0755, np.str_('neutral'): 0.5059, np.str_('positive'): 0.4187}",labeled,neutral,0.5983,"{'neutral': 0.5983, 'positive': 0.3592, 'negative': 0.0425}",neutral,0.5613,0,[]
209,GIRLS GONE WILD will be filming LIVE @ Stoneys THIS SATURDAY!!! #BACP 10-2am $10 at the door!,2025-01-28,unknown_user,,Twitter (tweet_eval),en,tweet_eval_sentiment,neutral,Unknown,Unknown,0,girl gone wild filming live stoneys saturday 102am 10 door,"['girl', 'gone', 'wild', 'filming', 'live', 'stoneys', 'saturday', '102am', '10', 'door']",10,58,positive,0.3832,"{np.str_('negative'): 0.2792, np.str_('neutral'): 0.3375, np.str_('positive'): 0.3832}",labeled,neutral,0.7443,"{'neutral': 0.7443, 'positive': 0.2426, 'negative': 0.0131}",neutral,0.5816,1,['BACP']
210,I'm going to be so emo tomorrow at the concert bc the best buy theater is so special bc thats where i first saw shawn headline a show ever,2024-09-27,unknown_user,,Twitter (tweet_eval),en,tweet_eval_sentiment,positive,Unknown,Unknown,0,im going emo tomorrow concert bc best buy theater special bc thats first saw shawn headline show ever,"['im', 'going', 'emo', 'tomorrow', 'concert', 'bc', 'best', 'buy', 'theater', 'special', 'bc', 'thats', 'first', 'saw', 'shawn', 'headline', 'show', 'ever']",18,101,positive,0.5635,"{np.str_('negative'): 0.1751, np.str_('neutral'): 0.2613, np.str_('positive'): 0.5635}",labeled,positive,0.7437,"{'positive': 0.7437, 'neutral': 0.2458, 'negative': 0.0105}",positive,0.6716,0,[]
211,"@user Harry Potter, Percy Jackson, Thursday Next, Game of Thrones, or Pillars of the Earth are mine. #SS15",2024-03-25,unknown_user,,Twitter (tweet_eval),en,tweet_eval_sentiment,positive,Unknown,Unknown,0,harry potter percy jackson thursday next game throne pillar earth mine,"['harry', 'potter', 'percy', 'jackson', 'thursday', 'next', 'game', 'throne', 'pillar', 'earth', 'mine']",11,70,neutral,0.5084,"{np.str_('negative'): 0.1381, np.str_('neutral'): 0.5084, np.str_('positive'): 0.3536}",labeled,neutral,0.7983,"{'neutral': 0.7983, 'positive': 0.1953, 'negative': 0.0064}",neutral,0.6823,0,"['Percy Jackson', 'Pillars of the Earth', 'Harry Potter', 'Thrones']"
212,Omg! I just want to run my fingers thru Michael Easton's gorgeous hair! Watching Friday's #GH.,2024-09-29,unknown_user,,Twitter (tweet_eval),en,tweet_eval_sentiment,positive,Unknown,Unknown,0,omg want run finger thru michael eastons gorgeous hair watching friday,"['omg', 'want', 'run', 'finger', 'thru', 'michael', 'eastons', 'gorgeous', 'hair', 'watching', 'friday']",11,70,positive,0.4313,"{np.str_('negative'): 0.2223, np.str_('neutral'): 0.3464, np.str_('positive'): 0.4313}",labeled,positive,0.8282,"{'positive': 0.8282, 'neutral': 0.1484, 'negative': 0.0235}",positive,0.6694,0,"[""Michael Easton's""]"
213,#Trump Gorges On Himself During Thanksgiving Feast @user,2025-04-28,unknown_user,,Twitter (tweet_eval),en,tweet_eval_sentiment,neutral,Trump,Unknown,0,gorge thanksgiving feast,"['gorge', 'thanksgiving', 'feast']",3,24,positive,0.4046,"{np.str_('negative'): 0.2554, np.str_('neutral'): 0.34, np.str_('positive'): 0.4046}",labeled,positive,0.9578,"{'positive': 0.9578, 'neutral': 0.037, 'negative': 0.0052}",positive,0.7365,0,[]
214,Rio Ferdinand thinks Manchester United may have signed the next David Beckham:,2025-02-27,unknown_user,,Twitter (tweet_eval),en,tweet_eval_sentiment,positive,Unknown,Unknown,0,rio ferdinand think manchester united may signed next david beckham,"['rio', 'ferdinand', 'think', 'manchester', 'united', 'may', 'signed', 'next', 'david', 'beckham']",10,67,positive,0.439,"{np.str_('negative'): 0.1391, np.str_('neutral'): 0.4218, np.str_('positive'): 0.439}",labeled,neutral,0.9081,"{'neutral': 0.9081, 'positive': 0.0812, 'negative': 0.0106}",neutral,0.7136,1,"['Manchester United', 'Rio Ferdinand', 'David Beckham']"
215,"Hello, BTLs.  Every single one of you consumes BBC content even indirectly.  Stop whining.",2024-03-12,unknown_user,,Twitter (tweet_eval),en,tweet_eval_sentiment,negative,Unknown,Unknown,0,hello btls every single one consumes bbc content even indirectly stop whining,"['hello', 'btls', 'every', 'single', 'one', 'consumes', 'bbc', 'content', 'even', 'indirectly', 'stop', 'whining']",12,77,positive,0.4046,"{np.str_('negative'): 0.2554, np.str_('neutral'): 0.34, np.str_('positive'): 0.4046}",labeled,negative,0.5124,"{'negative': 0.5124, 'neutral': 0.4379, 'positive': 0.0497}",negative,0.4096,1,['BBC']
216,"@user Those are some big words, I'm hyped. I'm getting it tomorrow, Amazon Prime is a beautiful thing.",2024-10-15,unknown_user,,Twitter (tweet_eval),en,tweet_eval_sentiment,positive,Unknown,Unknown,0,big word im hyped im getting tomorrow amazon prime beautiful thing,"['big', 'word', 'im', 'hyped', 'im', 'getting', 'tomorrow', 'amazon', 'prime', 'beautiful', 'thing']",11,66,positive,0.5781,"{np.str_('negative'): 0.199, np.str_('neutral'): 0.2229, np.str_('positive'): 0.5781}",labeled,positive,0.9903,"{'positive': 0.9903, 'neutral': 0.0072, 'negative': 0.0025}",positive,0.8254,0,['Amazon']
217,Nuno Espirito Santo has been a nice surprise. Valencia currently 2nd in La Liga. Beat Atletico Madrid on the weekend.,2024-10-17,unknown_user,,Twitter (tweet_eval),en,tweet_eval_sentiment,positive,Unknown,Unknown,0,nuno espirito santo nice surprise valencia currently 2nd la liga beat atletico madrid weekend,"['nuno', 'espirito', 'santo', 'nice', 'surprise', 'valencia', 'currently', '2nd', 'la', 'liga', 'beat', 'atletico', 'madrid', 'weekend']",14,93,positive,0.5714,"{np.str_('negative'): 0.164, np.str_('neutral'): 0.2647, np.str_('positive'): 0.5714}",labeled,positive,0.8134,"{'positive': 0.8134, 'neutral': 0.1812, 'negative': 0.0053}",positive,0.7166,0,"['Nuno Espirito Santo', 'Valencia', 'Beat Atletico Madrid']"
218,@user all I'm thinking about is how zayn left on March 25TH rip,2024-05-25,unknown_user,,Twitter (tweet_eval),en,tweet_eval_sentiment,neutral,Unknown,Unknown,0,im thinking zayn left march 25th rip,"['im', 'thinking', 'zayn', 'left', 'march', '25th', 'rip']",7,36,neutral,0.4309,"{np.str_('negative'): 0.1747, np.str_('neutral'): 0.4309, np.str_('positive'): 0.3943}",labeled,neutral,0.669,"{'neutral': 0.669, 'negative': 0.3133, 'positive': 0.0177}",neutral,0.5738,0,['@user']
219,"""It's Friday, Friday Gotta get down on Friday Everybody's lookin' forward to the weekend, weekend -. Rebecca Black""",2024-11-21,unknown_user,,Twitter (tweet_eval),en,tweet_eval_sentiment,positive,Unknown,Unknown,0,friday friday got ta get friday everybodys lookin forward weekend weekend rebecca black,"['friday', 'friday', 'got', 'ta', 'get', 'friday', 'everybodys', 'lookin', 'forward', 'weekend', 'weekend', 'rebecca', 'black']",13,87,positive,0.5592,"{np.str_('negative'): 0.1133, np.str_('neutral'): 0.3274, np.str_('positive'): 0.5592}",labeled,positive,0.8314,"{'positive': 0.8314, 'neutral': 0.1661, 'negative': 0.0025}",positive,0.7225,0,['Rebecca Black']
220,got one floor ticket for Kenny Chesney and Jason Aldean tomorrow night for 100$ who's coming with me?,2025-01-06,unknown_user,,Twitter (tweet_eval),en,tweet_eval_sentiment,neutral,Unknown,Unknown,0,got one floor ticket kenny chesney jason aldean tomorrow night 100 who coming,"['got', 'one', 'floor', 'ticket', 'kenny', 'chesney', 'jason', 'aldean', 'tomorrow', 'night', '100', 'who', 'coming']",13,77,neutral,0.6483,"{np.str_('negative'): 0.0919, np.str_('neutral'): 0.6483, np.str_('positive'): 0.2598}",labeled,neutral,0.7502,"{'neutral': 0.7502, 'positive': 0.2456, 'negative': 0.0042}",neutral,0.7094,0,"['Jason Aldean', 'Kenny Chesney']"
221,"the reason to see "" sade "" lay with the chemistry and complex relationship between the marquis ( auteil ) and emilie ( le besco ) .",2024-06-27,unknown_user,,Rotten Tomatoes,en,rotten_tomatoes,positive,Unknown,Unknown,0,reason see sade lay chemistry complex relationship marquis auteil emilie le besco,"['reason', 'see', 'sade', 'lay', 'chemistry', 'complex', 'relationship', 'marquis', 'auteil', 'emilie', 'le', 'besco']",12,81,positive,0.4046,"{np.str_('negative'): 0.2554, np.str_('neutral'): 0.34, np.str_('positive'): 0.4046}",labeled,neutral,0.8831,"{'neutral': 0.8831, 'positive': 0.0987, 'negative': 0.0182}",neutral,0.6659,1,['marquis']
222,Photos: A Thanksgiving protest against Dakota Access pipeline - The Boston Globe,2024-09-02,unknown_user,,Twitter (tweet_eval),en,tweet_eval_sentiment,neutral,Unknown,Unknown,0,photo thanksgiving protest against dakota access pipeline boston globe,"['photo', 'thanksgiving', 'protest', 'against', 'dakota', 'access', 'pipeline', 'boston', 'globe']",9,70,positive,0.4046,"{np.str_('negative'): 0.2554, np.str_('neutral'): 0.34, np.str_('positive'): 0.4046}",labeled,neutral,0.749,"{'neutral': 0.749, 'negative': 0.2202, 'positive': 0.0308}",neutral,0.5854,1,"['The Boston Globe', 'Dakota Access']"
223,If they did can I take a guess and say Grayson Allen?,2025-04-15,unknown_user,,Twitter (tweet_eval),en,tweet_eval_sentiment,neutral,Unknown,Unknown,0,take guess say grayson allen,"['take', 'guess', 'say', 'grayson', 'allen']",5,28,neutral,0.4878,"{np.str_('negative'): 0.2953, np.str_('neutral'): 0.4878, np.str_('positive'): 0.2169}",labeled,neutral,0.8816,"{'neutral': 0.8816, 'positive': 0.0897, 'negative': 0.0286}",neutral,0.7241,0,['Grayson Allen']
224,Just posted a new episode of #StraightTalk with @user Tipp FM on Podomatic:,2024-05-19,unknown_user,,Twitter (tweet_eval),en,tweet_eval_sentiment,neutral,Unknown,Unknown,0,posted new episode tipp fm podomatic,"['posted', 'new', 'episode', 'tipp', 'fm', 'podomatic']",6,36,neutral,0.5889,"{np.str_('negative'): 0.1286, np.str_('neutral'): 0.5889, np.str_('positive'): 0.2825}",labeled,neutral,0.8458,"{'neutral': 0.8458, 'positive': 0.1375, 'negative': 0.0167}",neutral,0.743,0,['@user Tipp FM on Podomatic']
225,"disney aficionados will notice distinct parallels between this story and the 1971 musical "" bedknobs and broomsticks , "" which also dealt with british children rediscovering the power of fantasy during wartime .",2024-07-06,unknown_user,,Rotten Tomatoes,en,rotten_tomatoes,positive,Unknown,Conservatives,0,disney aficionado notice distinct parallel story 1971 musical bedknobs broomstick also dealt british child rediscovering power fantasy wartime,"['disney', 'aficionado', 'notice', 'distinct', 'parallel', 'story', '1971', 'musical', 'bedknobs', 'broomstick', 'also', 'dealt', 'british', 'child', 'rediscovering', 'power', 'fantasy', 'wartime']",18,142,negative,0.4631,"{np.str_('negative'): 0.4631, np.str_('neutral'): 0.2414, np.str_('positive'): 0.2955}",labeled,neutral,0.8858,"{'neutral': 0.8858, 'positive': 0.0943, 'negative': 0.0199}",neutral,0.628,1,[]
226,it's fascinating to see how bettany and mcdowell play off each other .,2024-06-29,unknown_user,,Rotten Tomatoes,en,rotten_tomatoes,positive,Unknown,Unknown,0,fascinating see bettany mcdowell play,"['fascinating', 'see', 'bettany', 'mcdowell', 'play']",5,37,positive,0.4122,"{np.str_('negative'): 0.311, np.str_('neutral'): 0.2768, np.str_('positive'): 0.4122}",labeled,positive,0.9379,"{'positive': 0.9379, 'neutral': 0.0584, 'negative': 0.0036}",positive,0.7276,0,[]
227,Bill Cosby Live at the Winspear Opera House on June 9th! #billcosby,2024-02-09,unknown_user,,Twitter (tweet_eval),en,tweet_eval_sentiment,neutral,Unknown,Unknown,0,bill cosby live winspear opera house june 9th,"['bill', 'cosby', 'live', 'winspear', 'opera', 'house', 'june', '9th']",8,45,positive,0.5389,"{np.str_('negative'): 0.2737, np.str_('neutral'): 0.1875, np.str_('positive'): 0.5389}",labeled,neutral,0.7992,"{'neutral': 0.7992, 'positive': 0.1931, 'negative': 0.0077}",neutral,0.5545,1,['Bill Cosby Live']
228,@user Curtis is going down as the 2nd best Mets FA signing(Beltran #1),2024-04-17,unknown_user,,Twitter (tweet_eval),en,tweet_eval_sentiment,positive,Unknown,Unknown,0,curtis going 2nd best mets fa signingbeltran,"['curtis', 'going', '2nd', 'best', 'mets', 'fa', 'signingbeltran']",7,44,positive,0.5699,"{np.str_('negative'): 0.1475, np.str_('neutral'): 0.2826, np.str_('positive'): 0.5699}",labeled,neutral,0.5777,"{'neutral': 0.5777, 'positive': 0.4103, 'negative': 0.012}",positive,0.4741,0,['@user Curtis']
229,New changes to @user Service Agreement may mean less privacy. Learn some of the changes to Windows 10 on our Facebook or Google+,2024-12-21,unknown_user,,Twitter (tweet_eval),en,tweet_eval_sentiment,neutral,Unknown,Unknown,0,new change service agreement may mean less privacy learn change window 10 facebook google,"['new', 'change', 'service', 'agreement', 'may', 'mean', 'less', 'privacy', 'learn', 'change', 'window', '10', 'facebook', 'google']",14,89,neutral,0.5503,"{np.str_('negative'): 0.2189, np.str_('neutral'): 0.5503, np.str_('positive'): 0.2308}",labeled,neutral,0.6378,"{'neutral': 0.6378, 'negative': 0.337, 'positive': 0.0253}",neutral,0.6028,0,['@user Service Agreement']
230,"""Rebecca Black's """"""""Friday"""""""" is still at the top of my playlist. #coolkid""",2024-02-25,unknown_user,,Twitter (tweet_eval),en,tweet_eval_sentiment,positive,Unknown,Unknown,0,rebecca black friday still top playlist,"['rebecca', 'black', 'friday', 'still', 'top', 'playlist']",6,39,neutral,0.4603,"{np.str_('negative'): 0.1069, np.str_('neutral'): 0.4603, np.str_('positive'): 0.4327}",labeled,positive,0.7901,"{'positive': 0.7901, 'neutral': 0.2019, 'negative': 0.0079}",positive,0.6471,1,"[""Rebecca Black's""]"
231,briana's mum said that briana is 34 weeks pregnant which falls around the 30th of april and louis is in london by then,2024-09-22,unknown_user,,Twitter (tweet_eval),en,tweet_eval_sentiment,neutral,Unknown,Unknown,0,brianas mum said briana 34 week pregnant fall around 30th april louis london,"['brianas', 'mum', 'said', 'briana', '34', 'week', 'pregnant', 'fall', 'around', '30th', 'april', 'louis', 'london']",13,76,neutral,0.5348,"{np.str_('negative'): 0.271, np.str_('neutral'): 0.5348, np.str_('positive'): 0.1942}",labeled,neutral,0.9448,"{'neutral': 0.9448, 'positive': 0.0473, 'negative': 0.0079}",neutral,0.7808,0,"['louis', 'london', 'briana']"
232,@user Morning Huda. Happy Friday.wishing everyone a great weekend. Could you play wrecking ball for Eric Church. Thanks.,2025-02-24,unknown_user,,Twitter (tweet_eval),en,tweet_eval_sentiment,positive,Unknown,Unknown,0,morning huda happy fridaywishing everyone great weekend could play wrecking ball eric church thanks,"['morning', 'huda', 'happy', 'fridaywishing', 'everyone', 'great', 'weekend', 'could', 'play', 'wrecking', 'ball', 'eric', 'church', 'thanks']",14,99,positive,0.7026,"{np.str_('negative'): 0.1507, np.str_('neutral'): 0.1468, np.str_('positive'): 0.7026}",labeled,positive,0.9793,"{'positive': 0.9793, 'neutral': 0.0177, 'negative': 0.003}",positive,0.8686,0,['Eric Church']
233,"""On Wall Street, bulls are upbeat at the conclusion of a volatile week. Housing Starts +6.3%. #Marketsong: """"""""Friday On My Mind"""""""" by Easybeats""",2025-04-20,unknown_user,,Twitter (tweet_eval),en,tweet_eval_sentiment,positive,Unknown,Unknown,0,wall street bull upbeat conclusion volatile week housing start 63 friday mind easybeats,"['wall', 'street', 'bull', 'upbeat', 'conclusion', 'volatile', 'week', 'housing', 'start', '63', 'friday', 'mind', 'easybeats']",13,87,neutral,0.4138,"{np.str_('negative'): 0.2048, np.str_('neutral'): 0.4138, np.str_('positive'): 0.3815}",labeled,neutral,0.831,"{'neutral': 0.831, 'positive': 0.1178, 'negative': 0.0513}",neutral,0.6641,0,"['Housing Starts +6.3%', 'Marketsong']"
235,"Pickin' on the Grateful Dead: A Tribute by Pickin' On (CD, May-1997, CMH) NEW",2024-11-23,unknown_user,,Twitter (tweet_eval),en,tweet_eval_sentiment,neutral,Unknown,Unknown,0,pickin grateful dead tribute pickin cd may1997 cmh new,"['pickin', 'grateful', 'dead', 'tribute', 'pickin', 'cd', 'may1997', 'cmh', 'new']",9,54,neutral,0.5889,"{np.str_('negative'): 0.1286, np.str_('neutral'): 0.5889, np.str_('positive'): 0.2825}",labeled,neutral,0.839,"{'neutral': 0.839, 'positive': 0.1333, 'negative': 0.0277}",neutral,0.739,0,"[""the Grateful Dead: A Tribute by Pickin'"", 'CMH']"
236,"@user @user @user @user  Appears Jill Stein, Hillary Clinton and George Soros work…",2024-05-08,unknown_user,,Twitter (tweet_eval),en,tweet_eval_sentiment,neutral,Unknown,Unknown,0,appears jill stein hillary clinton george soros work…,"['appears', 'jill', 'stein', 'hillary', 'clinton', 'george', 'soros', 'work…']",8,53,neutral,0.4399,"{np.str_('negative'): 0.2429, np.str_('neutral'): 0.4399, np.str_('positive'): 0.3172}",labeled,neutral,0.8885,"{'neutral': 0.8885, 'positive': 0.0868, 'negative': 0.0247}",neutral,0.7091,0,"['George Soros', 'Jill Stein', 'Hillary Clinton']"
237,Gucci multitude libido self-command december appear the twain thine module an in earnings as far as approving ...,2024-07-22,unknown_user,,Twitter (tweet_eval),en,tweet_eval_sentiment,neutral,Unknown,Unknown,0,gucci multitude libido selfcommand december appear twain thine module earnings far approving,"['gucci', 'multitude', 'libido', 'selfcommand', 'december', 'appear', 'twain', 'thine', 'module', 'earnings', 'far', 'approving']",12,92,positive,0.4046,"{np.str_('negative'): 0.2554, np.str_('neutral'): 0.34, np.str_('positive'): 0.4046}",labeled,neutral,0.8855,"{'neutral': 0.8855, 'positive': 0.0971, 'negative': 0.0175}",neutral,0.6673,1,[]
238,Some concept art done by the late Ralph McQuarrie. May the force be with you.,2024-09-19,unknown_user,,Twitter (tweet_eval),en,tweet_eval_sentiment,positive,Unknown,Unknown,0,concept art done late ralph mcquarrie may force,"['concept', 'art', 'done', 'late', 'ralph', 'mcquarrie', 'may', 'force']",8,47,positive,0.4046,"{np.str_('negative'): 0.2554, np.str_('neutral'): 0.34, np.str_('positive'): 0.4046}",labeled,neutral,0.9025,"{'neutral': 0.9025, 'negative': 0.0641, 'positive': 0.0334}",neutral,0.6775,1,['Ralph McQuarrie']
239,University of Western Australia fear that the recent illegal action tests of ICC may be based on unreliable evidence.,2024-01-19,unknown_user,,Twitter (tweet_eval),en,tweet_eval_sentiment,neutral,Unknown,Unknown,0,university western australia fear recent illegal action test icc may based unreliable evidence,"['university', 'western', 'australia', 'fear', 'recent', 'illegal', 'action', 'test', 'icc', 'may', 'based', 'unreliable', 'evidence']",13,94,neutral,0.4064,"{np.str_('negative'): 0.3852, np.str_('neutral'): 0.4064, np.str_('positive'): 0.2084}",labeled,negative,0.6534,"{'negative': 0.6534, 'neutral': 0.3378, 'positive': 0.0088}",negative,0.5461,1,['University of Western Australia']
240,"a scary , action-packed chiller ",2024-07-14,unknown_user,,SST-2,en,sst2,positive,Unknown,Unknown,0,scary actionpacked chiller,"['scary', 'actionpacked', 'chiller']",3,26,positive,0.4046,"{np.str_('negative'): 0.2554, np.str_('neutral'): 0.34, np.str_('positive'): 0.4046}",labeled,neutral,0.5927,"{'neutral': 0.5927, 'negative': 0.2381, 'positive': 0.1691}",neutral,0.4916,1,[]
241,"this rather superficial arthouse middle-brow film knows how to please a crowd , and that's about all it does well .",2024-05-11,unknown_user,,Rotten Tomatoes,en,rotten_tomatoes,negative,Unknown,Unknown,0,rather superficial arthouse middlebrow film know please crowd thats well,"['rather', 'superficial', 'arthouse', 'middlebrow', 'film', 'know', 'please', 'crowd', 'thats', 'well']",10,72,positive,0.4958,"{np.str_('negative'): 0.3203, np.str_('neutral'): 0.1839, np.str_('positive'): 0.4958}",labeled,neutral,0.5445,"{'neutral': 0.5445, 'negative': 0.3006, 'positive': 0.1548}",neutral,0.4003,1,[]
242,"without a doubt, one of the most racially prejudiced films i've ever seen, with the prejudice being levelled against Hayden Panettiere as she has to move into a tough inner city school. She is constantly called ""white girl"" and other slurs based on her colour. Firstly would this ",2024-06-30,unknown_user,,IMDB,en,imdb,negative,Unknown,Unknown,0,without doubt one racially prejudiced film ive ever seen prejudice levelled against hayden panettiere move tough inner city school constantly called white girl slur based colour firstly would,"['without', 'doubt', 'one', 'racially', 'prejudiced', 'film', 'ive', 'ever', 'seen', 'prejudice', 'levelled', 'against', 'hayden', 'panettiere', 'move', 'tough', 'inner', 'city', 'school', 'constantly', 'called', 'white', 'girl', 'slur', 'based', 'colour', 'firstly', 'would']",28,191,negative,0.5645,"{np.str_('negative'): 0.5645, np.str_('neutral'): 0.1805, np.str_('positive'): 0.255}",labeled,negative,0.8257,"{'negative': 0.8257, 'neutral': 0.1634, 'positive': 0.0108}",negative,0.7212,0,['Hayden Panettiere']
243,"""31 games played with Inter and I sit in 5th, 4 points behind city rivals Milan in my final CL spot. 2nd to last game I face them """"away""""...""",2024-03-23,unknown_user,,Twitter (tweet_eval),en,tweet_eval_sentiment,neutral,Unknown,Unknown,0,31 game played inter sit 5th point behind city rival milan final cl spot 2nd last game face away,"['31', 'game', 'played', 'inter', 'sit', '5th', 'point', 'behind', 'city', 'rival', 'milan', 'final', 'cl', 'spot', '2nd', 'last', 'game', 'face', 'away']",19,96,neutral,0.6474,"{np.str_('negative'): 0.1429, np.str_('neutral'): 0.6474, np.str_('positive'): 0.2096}",labeled,neutral,0.9076,"{'neutral': 0.9076, 'positive': 0.0548, 'negative': 0.0376}",neutral,0.8035,0,"['Milan', 'Inter', 'CL']"
244,Carly Fiorina on the Rise After Thursday Night's Debate - She &amp; Trump are like oil and water.,2025-03-18,unknown_user,,Twitter (tweet_eval),en,tweet_eval_sentiment,positive,Trump,Unknown,0,carly fiorina rise thursday night debate amp trump like oil water,"['carly', 'fiorina', 'rise', 'thursday', 'night', 'debate', 'amp', 'trump', 'like', 'oil', 'water']",11,65,positive,0.4162,"{np.str_('negative'): 0.1972, np.str_('neutral'): 0.3866, np.str_('positive'): 0.4162}",labeled,neutral,0.8481,"{'neutral': 0.8481, 'positive': 0.0779, 'negative': 0.074}",neutral,0.6635,1,"['Carly Fiorina', 'Debate - She &amp', 'Trump']"
245,Come play the @user 15th Ball Challenge and you could score a Nokia tablet! #15thShot #yougotthis,2024-05-06,unknown_user,,Twitter (tweet_eval),en,tweet_eval_sentiment,positive,Unknown,Unknown,0,come play 15th ball challenge could score nokia tablet,"['come', 'play', '15th', 'ball', 'challenge', 'could', 'score', 'nokia', 'tablet']",9,54,positive,0.5308,"{np.str_('negative'): 0.2555, np.str_('neutral'): 0.2137, np.str_('positive'): 0.5308}",labeled,neutral,0.7481,"{'neutral': 0.7481, 'positive': 0.2077, 'negative': 0.0442}",neutral,0.5343,1,"['@user', 'Nokia']"
246,"Don't wait for the herd to act against vaccines because the herd takes their orders from government, newspapers,...",2024-11-10,unknown_user,,Twitter (tweet_eval),en,tweet_eval_sentiment,negative,Unknown,Unknown,0,dont wait herd act against vaccine herd take order government newspaper,"['dont', 'wait', 'herd', 'act', 'against', 'vaccine', 'herd', 'take', 'order', 'government', 'newspaper']",11,71,positive,0.3806,"{np.str_('negative'): 0.3679, np.str_('neutral'): 0.2515, np.str_('positive'): 0.3806}",labeled,neutral,0.7122,"{'neutral': 0.7122, 'negative': 0.2444, 'positive': 0.0434}",neutral,0.5279,1,[]
247,"@user I am in favor of Marine Le Pen for France, i love how leftists always project baselessly. I am not in favor of crooked clinton",2024-10-07,unknown_user,,Twitter (tweet_eval),en,tweet_eval_sentiment,neutral,Unknown,Unknown,0,favor marine le pen france love leftist always project baselessly not favor crooked clinton,"['favor', 'marine', 'le', 'pen', 'france', 'love', 'leftist', 'always', 'project', 'baselessly', 'not', 'favor', 'crooked', 'clinton']",14,91,neutral,0.4192,"{np.str_('negative'): 0.182, np.str_('neutral'): 0.4192, np.str_('positive'): 0.3988}",labeled,negative,0.6071,"{'negative': 0.6071, 'neutral': 0.3398, 'positive': 0.0531}",negative,0.4371,1,"['France', 'Marine Le Pen', 'clinton']"
248,@user Hey Girl\u002c Excited to see the New Jersey Shore tomorrow! :),2024-02-01,unknown_user,,Twitter (tweet_eval),en,tweet_eval_sentiment,positive,Unknown,Unknown,0,hey girlu002c excited see new jersey shore tomorrow,"['hey', 'girlu002c', 'excited', 'see', 'new', 'jersey', 'shore', 'tomorrow']",8,51,positive,0.4595,"{np.str_('negative'): 0.1227, np.str_('neutral'): 0.4178, np.str_('positive'): 0.4595}",labeled,positive,0.9842,"{'positive': 0.9842, 'neutral': 0.0141, 'negative': 0.0017}",positive,0.7743,0,['the New Jersey']
249,Staying positive today with the talented George Harrison. Bad day? The sun always rises the next#herecomesthesun,2024-10-14,unknown_user,,Twitter (tweet_eval),en,tweet_eval_sentiment,positive,Harris,Unknown,0,staying positive today talented george harrison bad day sun always rise next,"['staying', 'positive', 'today', 'talented', 'george', 'harrison', 'bad', 'day', 'sun', 'always', 'rise', 'next']",12,76,positive,0.4722,"{np.str_('negative'): 0.1978, np.str_('neutral'): 0.33, np.str_('positive'): 0.4722}",labeled,positive,0.8356,"{'positive': 0.8356, 'neutral': 0.1396, 'negative': 0.0248}",positive,0.6902,0,['George Harrison']
250,@user Franko's RBI single in the top of the 1st gives Gray a 1-0 heading to the bottom. Atta way!,2024-07-09,unknown_user,,Twitter (tweet_eval),en,tweet_eval_sentiment,positive,Unknown,Unknown,0,frankos rbi single top 1st give gray 10 heading bottom atta way,"['frankos', 'rbi', 'single', 'top', '1st', 'give', 'gray', '10', 'heading', 'bottom', 'atta', 'way']",12,63,positive,0.3956,"{np.str_('negative'): 0.2279, np.str_('neutral'): 0.3765, np.str_('positive'): 0.3956}",labeled,neutral,0.9155,"{'neutral': 0.9155, 'positive': 0.0673, 'negative': 0.0173}",neutral,0.6999,1,"['RBI', ""@user Franko's""]"
251,@user @user More good news may O and Carter can have a beer summit in the Gaza strip,2025-04-08,unknown_user,,Twitter (tweet_eval),en,tweet_eval_sentiment,positive,Unknown,Unknown,0,good news may carter beer summit gaza strip,"['good', 'news', 'may', 'carter', 'beer', 'summit', 'gaza', 'strip']",8,43,positive,0.5008,"{np.str_('negative'): 0.2495, np.str_('neutral'): 0.2496, np.str_('positive'): 0.5008}",labeled,positive,0.909,"{'positive': 0.909, 'neutral': 0.0867, 'negative': 0.0042}",positive,0.7457,0,"['Gaza', 'Carter']"
252,@user but wrong on gay gene.  However bad fatherly figure or lack there of may be the issue and vice a versa for a lesbian,2024-03-05,unknown_user,,Twitter (tweet_eval),en,tweet_eval_sentiment,negative,Unknown,Unknown,1,but wrong gay gene however bad fatherly figure lack may issue vice versa lesbian,"['but', 'wrong', 'gay', 'gene', 'however', 'bad', 'fatherly', 'figure', 'lack', 'may', 'issue', 'vice', 'versa', 'lesbian']",14,80,positive,0.3611,"{np.str_('negative'): 0.3607, np.str_('neutral'): 0.2781, np.str_('positive'): 0.3611}",labeled,negative,0.8084,"{'negative': 0.8084, 'neutral': 0.1845, 'positive': 0.0071}",negative,0.6293,1,['@user']
253,Going to go watch the 36 Saints movie on my tv.  Night! Cya tomorrow. Oh I watched Big Brother. LOL!,2024-06-24,unknown_user,,Twitter (tweet_eval),en,tweet_eval_sentiment,positive,Unknown,Unknown,0,going go watch 36 saint movie tv night cya tomorrow oh watched big brother lol,"['going', 'go', 'watch', '36', 'saint', 'movie', 'tv', 'night', 'cya', 'tomorrow', 'oh', 'watched', 'big', 'brother', 'lol']",15,78,positive,0.5923,"{np.str_('negative'): 0.2063, np.str_('neutral'): 0.2013, np.str_('positive'): 0.5923}",labeled,neutral,0.6857,"{'neutral': 0.6857, 'positive': 0.2869, 'negative': 0.0274}",neutral,0.4919,1,"['Saints', 'LOL']"
254,Mort Zuckerman\u002c WSJDon\u2019t be fooled by the headline unemployment number of 8.1% announced on Friday. The reason the number dropped to 8.1%...,2024-07-04,unknown_user,,Twitter (tweet_eval),en,tweet_eval_sentiment,neutral,Unknown,Unknown,0,mort zuckermanu002c wsjdonu2019t fooled headline unemployment number 81 announced friday reason number dropped 81,"['mort', 'zuckermanu002c', 'wsjdonu2019t', 'fooled', 'headline', 'unemployment', 'number', '81', 'announced', 'friday', 'reason', 'number', 'dropped', '81']",14,113,neutral,0.438,"{np.str_('negative'): 0.1297, np.str_('neutral'): 0.438, np.str_('positive'): 0.4323}",labeled,negative,0.5871,"{'negative': 0.5871, 'neutral': 0.3954, 'positive': 0.0175}",neutral,0.4124,0,"['WSJDon\\u2019', 'Mort']"
255,"the documentary does little , apart from raising the topic , to further stoke the conversation .",2025-01-31,unknown_user,,Rotten Tomatoes,en,rotten_tomatoes,negative,Unknown,Unknown,0,documentary little apart raising topic stoke conversation,"['documentary', 'little', 'apart', 'raising', 'topic', 'stoke', 'conversation']",7,57,positive,0.4139,"{np.str_('negative'): 0.301, np.str_('neutral'): 0.2852, np.str_('positive'): 0.4139}",labeled,neutral,0.918,"{'neutral': 0.918, 'positive': 0.0597, 'negative': 0.0223}",neutral,0.6649,1,[]
256,Copper river salmon season is just days away from starting...Call us on May 17th for pricing,2025-04-18,unknown_user,,Twitter (tweet_eval),en,tweet_eval_sentiment,neutral,Unknown,Unknown,0,copper river salmon season day away startingcall u may 17th pricing,"['copper', 'river', 'salmon', 'season', 'day', 'away', 'startingcall', 'u', 'may', '17th', 'pricing']",11,67,positive,0.4281,"{np.str_('negative'): 0.1873, np.str_('neutral'): 0.3846, np.str_('positive'): 0.4281}",labeled,neutral,0.9318,"{'neutral': 0.9318, 'positive': 0.0553, 'negative': 0.0128}",neutral,0.7129,1,[]
257,2 Episodes of Westworld down. 8 to go.,2024-07-25,unknown_user,,Twitter (tweet_eval),en,tweet_eval_sentiment,positive,Unknown,Unknown,0,episode westworld go,"['episode', 'westworld', 'go']",3,20,positive,0.4046,"{np.str_('negative'): 0.2554, np.str_('neutral'): 0.34, np.str_('positive'): 0.4046}",labeled,neutral,0.8509,"{'neutral': 0.8509, 'positive': 0.0764, 'negative': 0.0727}",neutral,0.6465,1,[]
258,Mets 3B David Wright crushed the ball deep to left on the third pitch of his 1st at-bat,2024-04-16,unknown_user,,Twitter (tweet_eval),en,tweet_eval_sentiment,positive,Unknown,Unknown,0,mets 3b david wright crushed ball deep left third pitch 1st atbat,"['mets', '3b', 'david', 'wright', 'crushed', 'ball', 'deep', 'left', 'third', 'pitch', '1st', 'atbat']",12,65,positive,0.516,"{np.str_('negative'): 0.1613, np.str_('neutral'): 0.3228, np.str_('positive'): 0.516}",labeled,neutral,0.9304,"{'neutral': 0.9304, 'positive': 0.0454, 'negative': 0.0242}",neutral,0.6874,1,['3B David Wright']
259,"Of the three remakes of this plot, I like them all, I have all three on VHS and in addition have a copy of this one on DVD. There is just enough variation in the scripts to make all three entertaining and re-watchable. In addition has any other film been remade three times with s",2025-03-06,unknown_user,,IMDB,en,imdb,positive,Unknown,Unknown,0,three remake plot like three vhs addition copy one dvd enough variation script make three entertaining rewatchable addition film remade three time,"['three', 'remake', 'plot', 'like', 'three', 'vhs', 'addition', 'copy', 'one', 'dvd', 'enough', 'variation', 'script', 'make', 'three', 'entertaining', 'rewatchable', 'addition', 'film', 'remade', 'three', 'time']",22,146,positive,0.5675,"{np.str_('negative'): 0.2835, np.str_('neutral'): 0.149, np.str_('positive'): 0.5675}",labeled,positive,0.5653,"{'positive': 0.5653, 'neutral': 0.4287, 'negative': 0.006}",positive,0.5662,0,['VHS']
260,Tina Fey and Amy Poehler will host the Golden Globe Awards: In what may be the smartest thing the Hollywood Fore...,2024-09-16,unknown_user,,Twitter (tweet_eval),en,tweet_eval_sentiment,positive,Unknown,Unknown,0,tina fey amy poehler host golden globe award may smartest thing hollywood fore,"['tina', 'fey', 'amy', 'poehler', 'host', 'golden', 'globe', 'award', 'may', 'smartest', 'thing', 'hollywood', 'fore']",13,78,positive,0.4685,"{np.str_('negative'): 0.3603, np.str_('neutral'): 0.1712, np.str_('positive'): 0.4685}",labeled,positive,0.7665,"{'positive': 0.7665, 'neutral': 0.2237, 'negative': 0.0097}",positive,0.6473,0,"['Tina Fey', 'Amy Poehler']"
261,Saw Margaret Cho tonight at Leicester Square Theatre. Brilliant woman\u002c intuitive\u002c insightful\u002c sexy. She\u2019s here til 31st u must go!!,2024-11-10,unknown_user,,Twitter (tweet_eval),en,tweet_eval_sentiment,positive,Unknown,Unknown,0,saw margaret cho tonight leicester square theatre brilliant womanu002c intuitiveu002c insightfulu002c sexy sheu2019s til 31st must go,"['saw', 'margaret', 'cho', 'tonight', 'leicester', 'square', 'theatre', 'brilliant', 'womanu002c', 'intuitiveu002c', 'insightfulu002c', 'sexy', 'sheu2019s', 'til', '31st', 'must', 'go']",17,133,positive,0.4723,"{np.str_('negative'): 0.2098, np.str_('neutral'): 0.3179, np.str_('positive'): 0.4723}",labeled,positive,0.9664,"{'positive': 0.9664, 'neutral': 0.0293, 'negative': 0.0043}",positive,0.7688,0,['Margaret Cho']
262,"""15-30 on Murray's serve, but the Scot more up than down finally and grabs the hold of serve with a couple of aces.  Andy up 4-3* 3rd set.""",2024-06-09,unknown_user,,Twitter (tweet_eval),en,tweet_eval_sentiment,positive,Unknown,Unknown,0,1530 murray serve but scot finally grab hold serve couple ace andy 43 3rd set,"['1530', 'murray', 'serve', 'but', 'scot', 'finally', 'grab', 'hold', 'serve', 'couple', 'ace', 'andy', '43', '3rd', 'set']",15,77,neutral,0.3969,"{np.str_('negative'): 0.2826, np.str_('neutral'): 0.3969, np.str_('positive'): 0.3205}",labeled,neutral,0.8593,"{'neutral': 0.8593, 'positive': 0.1352, 'negative': 0.0055}",neutral,0.6743,0,"['Scot', 'Murray', 'Andy']"
263,Win @user tickets right now for their impressive 3D-enhanced performance at the Kirby Center this Tuesday:,2025-04-27,unknown_user,,Twitter (tweet_eval),en,tweet_eval_sentiment,positive,Unknown,Unknown,0,win ticket right impressive 3denhanced performance kirby center tuesday,"['win', 'ticket', 'right', 'impressive', '3denhanced', 'performance', 'kirby', 'center', 'tuesday']",9,71,positive,0.5504,"{np.str_('negative'): 0.1544, np.str_('neutral'): 0.2952, np.str_('positive'): 0.5504}",labeled,positive,0.7637,"{'positive': 0.7637, 'neutral': 0.2332, 'negative': 0.0032}",positive,0.6784,0,[]
264,I wanted to read the other comments before leaving my review and the majority definately rules: This movie is aweful! From the acting to the non-realistic animation to the countless errors. I was actually hoping that the flaps would have been extended by a stretch of the imaginat,2025-04-09,unknown_user,,IMDB,en,imdb,negative,Unknown,Unknown,0,wanted read comment leaving review majority definately rule movie aweful acting nonrealistic animation countless error actually hoping flap would extended stretch imaginat,"['wanted', 'read', 'comment', 'leaving', 'review', 'majority', 'definately', 'rule', 'movie', 'aweful', 'acting', 'nonrealistic', 'animation', 'countless', 'error', 'actually', 'hoping', 'flap', 'would', 'extended', 'stretch', 'imaginat']",22,171,negative,0.4383,"{np.str_('negative'): 0.4383, np.str_('neutral'): 0.1326, np.str_('positive'): 0.4291}",labeled,negative,0.8778,"{'negative': 0.8778, 'neutral': 0.1135, 'positive': 0.0087}",negative,0.702,0,[]
265,I think that this film has become an important record of the most horrifying aspect of the East German regime - the imprisonment of its people by what the regime called its anti-fascist protective wall. It is a document of desperation and courage not to be missed. I would however,2024-04-14,unknown_user,,IMDB,en,imdb,positive,Unknown,Unknown,0,think film become important record horrifying aspect east german regime imprisonment people regime called antifascist protective wall document desperation courage not missed would however,"['think', 'film', 'become', 'important', 'record', 'horrifying', 'aspect', 'east', 'german', 'regime', 'imprisonment', 'people', 'regime', 'called', 'antifascist', 'protective', 'wall', 'document', 'desperation', 'courage', 'not', 'missed', 'would', 'however']",24,187,positive,0.4596,"{np.str_('negative'): 0.3784, np.str_('neutral'): 0.162, np.str_('positive'): 0.4596}",labeled,negative,0.5158,"{'negative': 0.5158, 'neutral': 0.4466, 'positive': 0.0375}",negative,0.4608,1,[]
266,Had a great conversation with a guy at 16th & Mission after he gave me his last book for World Book Day. It was nifty\u002c dude!,2024-02-06,unknown_user,,Twitter (tweet_eval),en,tweet_eval_sentiment,positive,Unknown,Unknown,0,great conversation guy 16th mission gave last book world book day niftyu002c dude,"['great', 'conversation', 'guy', '16th', 'mission', 'gave', 'last', 'book', 'world', 'book', 'day', 'niftyu002c', 'dude']",13,81,positive,0.5809,"{np.str_('negative'): 0.126, np.str_('neutral'): 0.2931, np.str_('positive'): 0.5809}",labeled,positive,0.9599,"{'positive': 0.9599, 'neutral': 0.0362, 'negative': 0.0038}",positive,0.8083,0,['16th & Mission']
267,Courageous & compelling story telling of terrible trap for civilians #Mosul #Mosuloffensive @user,2025-03-09,unknown_user,,Twitter (tweet_eval),en,tweet_eval_sentiment,neutral,Unknown,Conservatives,0,courageous compelling story telling terrible trap civilian,"['courageous', 'compelling', 'story', 'telling', 'terrible', 'trap', 'civilian']",7,58,negative,0.3996,"{np.str_('negative'): 0.3996, np.str_('neutral'): 0.336, np.str_('positive'): 0.2643}",labeled,negative,0.6169,"{'negative': 0.6169, 'neutral': 0.3085, 'positive': 0.0746}",negative,0.53,0,[]
268,I had to march to get MLK day as a recognized holiday in Greenville\u002c mind you I 16yrs old when I did it!,2024-11-29,unknown_user,,Twitter (tweet_eval),en,tweet_eval_sentiment,neutral,Unknown,Unknown,0,march get mlk day recognized holiday greenvilleu002c mind 16yrs old,"['march', 'get', 'mlk', 'day', 'recognized', 'holiday', 'greenvilleu002c', 'mind', '16yrs', 'old']",10,67,positive,0.4356,"{np.str_('negative'): 0.1497, np.str_('neutral'): 0.4147, np.str_('positive'): 0.4356}",labeled,neutral,0.8099,"{'neutral': 0.8099, 'positive': 0.1714, 'negative': 0.0187}",neutral,0.6518,1,[]
269,"@user I must say your book nearly made me cry, because i paid money for it, haa haa just kiddin. What you want to be when grow up?",2025-03-05,unknown_user,,Twitter (tweet_eval),en,tweet_eval_sentiment,neutral,Unknown,Unknown,0,must say book nearly made cry paid money haa haa kiddin want grow,"['must', 'say', 'book', 'nearly', 'made', 'cry', 'paid', 'money', 'haa', 'haa', 'kiddin', 'want', 'grow']",13,65,negative,0.4276,"{np.str_('negative'): 0.4276, np.str_('neutral'): 0.3713, np.str_('positive'): 0.2011}",labeled,positive,0.4741,"{'positive': 0.4741, 'neutral': 0.3607, 'negative': 0.1652}",neutral,0.3649,1,[]
270,Today (July 28th \u201912) is Milk Chocolate Day. Bring it on. #milkchocolateday,2024-03-12,unknown_user,,Twitter (tweet_eval),en,tweet_eval_sentiment,positive,Unknown,Unknown,0,today july 28th u201912 milk chocolate day bring,"['today', 'july', '28th', 'u201912', 'milk', 'chocolate', 'day', 'bring']",8,48,positive,0.5682,"{np.str_('negative'): 0.1485, np.str_('neutral'): 0.2833, np.str_('positive'): 0.5682}",labeled,neutral,0.7756,"{'neutral': 0.7756, 'positive': 0.2153, 'negative': 0.0091}",neutral,0.5787,1,['\\u201912']
271,"David Cameron, Theresa May - you turn you back on this - you shame us all. Bri",2024-01-01,unknown_user,,Twitter (tweet_eval),en,tweet_eval_sentiment,negative,Unknown,Unknown,1,david cameron theresa may turn back shame u bri,"['david', 'cameron', 'theresa', 'may', 'turn', 'back', 'shame', 'u', 'bri']",9,47,positive,0.4722,"{np.str_('negative'): 0.1688, np.str_('neutral'): 0.359, np.str_('positive'): 0.4722}",labeled,negative,0.7441,"{'negative': 0.7441, 'neutral': 0.2464, 'positive': 0.0095}",negative,0.514,1,"['Bri', 'David Cameron']"
272,"""oh, hi! just listening to sam smith's """"like i can"""" and weeping! happy wednesday!""",2024-10-29,unknown_user,,Twitter (tweet_eval),en,tweet_eval_sentiment,positive,Unknown,Unknown,0,oh hi listening sam smith like weeping happy wednesday,"['oh', 'hi', 'listening', 'sam', 'smith', 'like', 'weeping', 'happy', 'wednesday']",9,54,positive,0.4673,"{np.str_('negative'): 0.2532, np.str_('neutral'): 0.2795, np.str_('positive'): 0.4673}",labeled,positive,0.9055,"{'positive': 0.9055, 'neutral': 0.0849, 'negative': 0.0096}",positive,0.7302,0,"[""sam smith's""]"
273,cremaster 3 is at once a tough pill to swallow and a minor miracle of self-expression . ,2024-05-16,unknown_user,,SST-2,en,sst2,positive,Unknown,Unknown,0,cremaster tough pill swallow minor miracle selfexpression,"['cremaster', 'tough', 'pill', 'swallow', 'minor', 'miracle', 'selfexpression']",7,57,positive,0.4046,"{np.str_('negative'): 0.2554, np.str_('neutral'): 0.34, np.str_('positive'): 0.4046}",labeled,neutral,0.8439,"{'neutral': 0.8439, 'positive': 0.0803, 'negative': 0.0758}",neutral,0.6423,1,[]
274,"OK let's get right to the point. We have five recent college grads (must have majored in the F word) going out on a weekend camping trip. They run into someone who is in need of help, but instead of trying to assist him, they decide to set him on fire instead. Nice bunch of peopl",2025-04-08,unknown_user,,IMDB,en,imdb,negative,Unknown,Unknown,0,ok let get right point five recent college grad must majored word going weekend camping trip run someone need help but instead trying assist decide set fire instead nice bunch peopl,"['ok', 'let', 'get', 'right', 'point', 'five', 'recent', 'college', 'grad', 'must', 'majored', 'word', 'going', 'weekend', 'camping', 'trip', 'run', 'someone', 'need', 'help', 'but', 'instead', 'trying', 'assist', 'decide', 'set', 'fire', 'instead', 'nice', 'bunch', 'peopl']",31,181,positive,0.4851,"{np.str_('negative'): 0.3095, np.str_('neutral'): 0.2055, np.str_('positive'): 0.4851}",labeled,negative,0.6089,"{'negative': 0.6089, 'neutral': 0.3441, 'positive': 0.047}",negative,0.4891,1,[]
275,@user may be worth you investigating what happened to the wwe wrestler recently as part of this programme! Seth Rollins is the guy...,2024-01-14,unknown_user,,Twitter (tweet_eval),en,tweet_eval_sentiment,neutral,Unknown,Unknown,0,may worth investigating happened wwe wrestler recently part programme seth rollins guy,"['may', 'worth', 'investigating', 'happened', 'wwe', 'wrestler', 'recently', 'part', 'programme', 'seth', 'rollins', 'guy']",12,86,neutral,0.4541,"{np.str_('negative'): 0.1601, np.str_('neutral'): 0.4541, np.str_('positive'): 0.3858}",labeled,neutral,0.9313,"{'neutral': 0.9313, 'positive': 0.0385, 'negative': 0.0302}",neutral,0.7404,0,"['@user', 'Seth Rollins']"
276,"""But with poverty defenders, midfielders from Galatasaray and Olympiakos and a captain that works as cancer in your team, you may expect to""",2024-07-22,unknown_user,,Twitter (tweet_eval),en,tweet_eval_sentiment,negative,Unknown,Unknown,1,but poverty defender midfielders galatasaray olympiakos captain work cancer team may expect,"['but', 'poverty', 'defender', 'midfielders', 'galatasaray', 'olympiakos', 'captain', 'work', 'cancer', 'team', 'may', 'expect']",12,91,positive,0.4109,"{np.str_('negative'): 0.2626, np.str_('neutral'): 0.3265, np.str_('positive'): 0.4109}",labeled,negative,0.7456,"{'negative': 0.7456, 'neutral': 0.2413, 'positive': 0.0131}",negative,0.5524,1,"['Olympiakos', 'Galatasaray']"
277,I'll be live streaming the sad Giants fans via @user this Saturday night at MetLife after @user beats the Giants again. #JAXvsNYG,2024-04-21,unknown_user,,Twitter (tweet_eval),en,tweet_eval_sentiment,positive,Unknown,Unknown,0,ill live streaming sad giant fan via saturday night metlife beat giant,"['ill', 'live', 'streaming', 'sad', 'giant', 'fan', 'via', 'saturday', 'night', 'metlife', 'beat', 'giant']",12,70,positive,0.5785,"{np.str_('negative'): 0.1504, np.str_('neutral'): 0.2711, np.str_('positive'): 0.5785}",labeled,neutral,0.6675,"{'neutral': 0.6675, 'negative': 0.1767, 'positive': 0.1558}",neutral,0.5089,1,"['Giants', '@user', 'MetLife']"
278,"whenever you think you've figured out late marriage , it throws you for a loop .",2025-05-09,unknown_user,,Rotten Tomatoes,en,rotten_tomatoes,positive,Unknown,Unknown,0,whenever think youve figured late marriage throw loop,"['whenever', 'think', 'youve', 'figured', 'late', 'marriage', 'throw', 'loop']",8,53,neutral,0.4455,"{np.str_('negative'): 0.1649, np.str_('neutral'): 0.4455, np.str_('positive'): 0.3896}",labeled,neutral,0.7679,"{'neutral': 0.7679, 'negative': 0.1788, 'positive': 0.0533}",neutral,0.6389,0,[]
279,Shawn with little kids may just be the cutest thing on the face of this planet,2024-02-27,unknown_user,,Twitter (tweet_eval),en,tweet_eval_sentiment,positive,Unknown,Unknown,0,shawn little kid may cutest thing face planet,"['shawn', 'little', 'kid', 'may', 'cutest', 'thing', 'face', 'planet']",8,45,negative,0.3792,"{np.str_('negative'): 0.3792, np.str_('neutral'): 0.2626, np.str_('positive'): 0.3582}",labeled,positive,0.9432,"{'positive': 0.9432, 'neutral': 0.0438, 'negative': 0.013}",positive,0.7092,1,[]
280,"""In other news, had a great Saturday on the town with @user and my old uni friend at a David Bowie tribute orchestra :P""",2024-09-01,unknown_user,,Twitter (tweet_eval),en,tweet_eval_sentiment,positive,Unknown,Unknown,0,news great saturday town old uni friend david bowie tribute orchestra,"['news', 'great', 'saturday', 'town', 'old', 'uni', 'friend', 'david', 'bowie', 'tribute', 'orchestra']",11,69,positive,0.6139,"{np.str_('negative'): 0.1379, np.str_('neutral'): 0.2482, np.str_('positive'): 0.6139}",labeled,positive,0.9673,"{'positive': 0.9673, 'neutral': 0.0295, 'negative': 0.0032}",positive,0.8259,0,"['@user', 'David Bowie', ':P']"
281,a solid film ... but more conscientious than it is truly stirring . ,2024-12-06,unknown_user,,SST-2,en,sst2,positive,Unknown,Unknown,0,solid film but conscientious truly stirring,"['solid', 'film', 'but', 'conscientious', 'truly', 'stirring']",6,43,positive,0.5315,"{np.str_('negative'): 0.3576, np.str_('neutral'): 0.1109, np.str_('positive'): 0.5315}",labeled,positive,0.8135,"{'positive': 0.8135, 'neutral': 0.1544, 'negative': 0.0321}",positive,0.7007,0,[]
282,That Kris Bryant 9th inning home run was the turning point in the season.,2024-02-14,unknown_user,,Twitter (tweet_eval),en,tweet_eval_sentiment,positive,Unknown,Unknown,0,kris bryant 9th inning home run turning point season,"['kris', 'bryant', '9th', 'inning', 'home', 'run', 'turning', 'point', 'season']",9,52,neutral,0.3923,"{np.str_('negative'): 0.2745, np.str_('neutral'): 0.3923, np.str_('positive'): 0.3331}",labeled,neutral,0.818,"{'neutral': 0.818, 'positive': 0.1725, 'negative': 0.0095}",neutral,0.6477,0,[]
283,"has enough wit , energy and geniality to please not only the fanatical adherents on either side , but also people who know nothing about the subject and think they're not interested .",2024-04-29,unknown_user,,Rotten Tomatoes,en,rotten_tomatoes,positive,Unknown,Unknown,0,enough wit energy geniality please not fanatical adherent either side but also people know nothing subject think theyre not interested,"['enough', 'wit', 'energy', 'geniality', 'please', 'not', 'fanatical', 'adherent', 'either', 'side', 'but', 'also', 'people', 'know', 'nothing', 'subject', 'think', 'theyre', 'not', 'interested']",20,134,positive,0.3861,"{np.str_('negative'): 0.304, np.str_('neutral'): 0.3099, np.str_('positive'): 0.3861}",labeled,neutral,0.5217,"{'neutral': 0.5217, 'negative': 0.4248, 'positive': 0.0535}",neutral,0.437,1,[]
284,The Anti-trump Riots Are A Smoke Screen The Real Goal – Eliminate The Electoral College:,2024-01-01,unknown_user,,Twitter (tweet_eval),en,tweet_eval_sentiment,negative,Trump,Unknown,0,antitrump riot smoke screen real goal eliminate electoral college,"['antitrump', 'riot', 'smoke', 'screen', 'real', 'goal', 'eliminate', 'electoral', 'college']",9,65,negative,0.4533,"{np.str_('negative'): 0.4533, np.str_('neutral'): 0.2253, np.str_('positive'): 0.3215}",labeled,negative,0.7931,"{'negative': 0.7931, 'neutral': 0.1927, 'positive': 0.0142}",negative,0.6572,0,"['The Electoral College', 'Riots Are A Smoke Screen']"
285,@user @user i seized some in our neighborhood on EID's 2nd day but faced some anger frm their families' side :( so gave thm back,2025-01-09,unknown_user,,Twitter (tweet_eval),en,tweet_eval_sentiment,negative,Unknown,Unknown,0,seized neighborhood eids 2nd day but faced anger frm family side gave thm back,"['seized', 'neighborhood', 'eids', '2nd', 'day', 'but', 'faced', 'anger', 'frm', 'family', 'side', 'gave', 'thm', 'back']",14,78,positive,0.4176,"{np.str_('negative'): 0.1838, np.str_('neutral'): 0.3985, np.str_('positive'): 0.4176}",labeled,neutral,0.6158,"{'neutral': 0.6158, 'negative': 0.3532, 'positive': 0.031}",neutral,0.5289,1,['EID']
286,@user Same could be said about Marie Colvin. I may not liked him\u002c nor his employer but he never harmed anyone and he has family.,2024-04-29,unknown_user,,Twitter (tweet_eval),en,tweet_eval_sentiment,neutral,Unknown,Unknown,0,could said marie colvin may not liked himu002c nor employer but never harmed anyone family,"['could', 'said', 'marie', 'colvin', 'may', 'not', 'liked', 'himu002c', 'nor', 'employer', 'but', 'never', 'harmed', 'anyone', 'family']",15,90,neutral,0.5394,"{np.str_('negative'): 0.2425, np.str_('neutral'): 0.5394, np.str_('positive'): 0.2181}",labeled,negative,0.5352,"{'negative': 0.5352, 'neutral': 0.4393, 'positive': 0.0255}",neutral,0.4793,0,"['@user', 'Marie Colvin']"
287,"""tonight I dreamed of being in Orleans with the bus lines of Milan, and the IperCoop of Piazza Lodi instead of the Carrefour of Place d'Arc.""",2024-10-06,unknown_user,,Twitter (tweet_eval),en,tweet_eval_sentiment,neutral,Unknown,Unknown,0,tonight dreamed orleans bus line milan ipercoop piazza lodi instead carrefour place darc,"['tonight', 'dreamed', 'orleans', 'bus', 'line', 'milan', 'ipercoop', 'piazza', 'lodi', 'instead', 'carrefour', 'place', 'darc']",13,88,neutral,0.5912,"{np.str_('negative'): 0.1651, np.str_('neutral'): 0.5912, np.str_('positive'): 0.2437}",labeled,neutral,0.9215,"{'neutral': 0.9215, 'negative': 0.0395, 'positive': 0.039}",neutral,0.7894,0,"['the IperCoop of Piazza Lodi', 'Milan', 'Orleans']"
288,it's a perfect show of respect to just one of those underrated professionals who deserve but rarely receive it .,2025-03-04,unknown_user,,Rotten Tomatoes,en,rotten_tomatoes,positive,Unknown,Unknown,0,perfect show respect one underrated professional deserve but rarely receive,"['perfect', 'show', 'respect', 'one', 'underrated', 'professional', 'deserve', 'but', 'rarely', 'receive']",10,75,positive,0.4046,"{np.str_('negative'): 0.2554, np.str_('neutral'): 0.34, np.str_('positive'): 0.4046}",labeled,positive,0.9393,"{'positive': 0.9393, 'neutral': 0.0495, 'negative': 0.0112}",positive,0.7254,0,[]
289,"""Cate Blanchett isn't a tall poppy, she's a redwood. Long may she continue to grow. #AACTAs""",2025-04-18,unknown_user,,Twitter (tweet_eval),en,tweet_eval_sentiment,positive,Unknown,Unknown,0,cate blanchett isnt tall poppy shes redwood long may continue grow,"['cate', 'blanchett', 'isnt', 'tall', 'poppy', 'shes', 'redwood', 'long', 'may', 'continue', 'grow']",11,66,positive,0.4217,"{np.str_('negative'): 0.196, np.str_('neutral'): 0.3823, np.str_('positive'): 0.4217}",labeled,neutral,0.7709,"{'neutral': 0.7709, 'positive': 0.1369, 'negative': 0.0923}",neutral,0.6155,1,[]
290,interesting how the US will now see Latin America. The ice cream is really good and so is the health system. Get Cuba to run Obamacare.,2024-12-22,unknown_user,,Twitter (tweet_eval),en,tweet_eval_sentiment,neutral,Obama,Unknown,0,interesting u see latin america ice cream really good health system get cuba run obamacare,"['interesting', 'u', 'see', 'latin', 'america', 'ice', 'cream', 'really', 'good', 'health', 'system', 'get', 'cuba', 'run', 'obamacare']",15,90,positive,0.4366,"{np.str_('negative'): 0.3258, np.str_('neutral'): 0.2377, np.str_('positive'): 0.4366}",labeled,positive,0.9237,"{'positive': 0.9237, 'neutral': 0.0721, 'negative': 0.0042}",positive,0.7289,0,"['US', 'Latin America', 'Cuba']"
291,First time I've been called off in a while and couldn't ask for a better day to have off. Plus Jason Aldean is tomorrow!,2024-08-17,unknown_user,,Twitter (tweet_eval),en,tweet_eval_sentiment,positive,Unknown,Unknown,0,first time ive called couldnt ask better day plus jason aldean tomorrow,"['first', 'time', 'ive', 'called', 'couldnt', 'ask', 'better', 'day', 'plus', 'jason', 'aldean', 'tomorrow']",12,71,positive,0.4365,"{np.str_('negative'): 0.2529, np.str_('neutral'): 0.3106, np.str_('positive'): 0.4365}",labeled,positive,0.9773,"{'positive': 0.9773, 'neutral': 0.02, 'negative': 0.0027}",positive,0.761,0,['Jason Aldean']
292,(Part I) Dead Network Walking: Why Google+ May Be On its Way Out: Google is phasing out many of the capabiliti...,2024-08-31,unknown_user,,Twitter (tweet_eval),en,tweet_eval_sentiment,negative,Unknown,Unknown,0,part dead network walking google may way google phasing many capabiliti,"['part', 'dead', 'network', 'walking', 'google', 'may', 'way', 'google', 'phasing', 'many', 'capabiliti']",11,71,positive,0.4147,"{np.str_('negative'): 0.36, np.str_('neutral'): 0.2253, np.str_('positive'): 0.4147}",labeled,neutral,0.6321,"{'neutral': 0.6321, 'negative': 0.3352, 'positive': 0.0327}",neutral,0.4694,1,[]
293,"""via GigaOM: Facebook may have solved mobile, but Google is still struggling with it",2024-12-01,unknown_user,,Twitter (tweet_eval),en,tweet_eval_sentiment,neutral,Unknown,Unknown,0,via gigaom facebook may solved mobile but google still struggling,"['via', 'gigaom', 'facebook', 'may', 'solved', 'mobile', 'but', 'google', 'still', 'struggling']",10,65,positive,0.4046,"{np.str_('negative'): 0.2554, np.str_('neutral'): 0.34, np.str_('positive'): 0.4046}",labeled,negative,0.5184,"{'negative': 0.5184, 'neutral': 0.4382, 'positive': 0.0434}",negative,0.4132,1,['Google']
294,looking and stylish ,2024-08-25,unknown_user,,SST-2,en,sst2,positive,Unknown,Unknown,0,looking stylish,"['looking', 'stylish']",2,15,positive,0.4046,"{np.str_('negative'): 0.2554, np.str_('neutral'): 0.34, np.str_('positive'): 0.4046}",labeled,positive,0.7414,"{'positive': 0.7414, 'neutral': 0.2218, 'negative': 0.0368}",positive,0.6067,0,[]
295,I'm only ok with 3rd floor playing Snoop Dogg this early because I'm still on a gangsta rap high after seeing Straight Outta Compton #dope,2024-04-10,unknown_user,,Twitter (tweet_eval),en,tweet_eval_sentiment,neutral,Unknown,Unknown,0,im ok 3rd floor playing snoop dogg early im still gangsta rap high seeing straight outta compton,"['im', 'ok', '3rd', 'floor', 'playing', 'snoop', 'dogg', 'early', 'im', 'still', 'gangsta', 'rap', 'high', 'seeing', 'straight', 'outta', 'compton']",17,96,neutral,0.433,"{np.str_('negative'): 0.2668, np.str_('neutral'): 0.433, np.str_('positive'): 0.3002}",labeled,neutral,0.5085,"{'neutral': 0.5085, 'positive': 0.4558, 'negative': 0.0357}",neutral,0.4783,0,"['Snoop Dogg', 'Straight Outta Compton']"
296,"There's fake news, and then there's bulls**t news.",2024-01-21,unknown_user,,Twitter (tweet_eval),en,tweet_eval_sentiment,negative,Unknown,Unknown,0,there fake news there bullst news,"['there', 'fake', 'news', 'there', 'bullst', 'news']",6,33,neutral,0.3784,"{np.str_('negative'): 0.2652, np.str_('neutral'): 0.3784, np.str_('positive'): 0.3565}",labeled,negative,0.802,"{'negative': 0.802, 'neutral': 0.1845, 'positive': 0.0135}",negative,0.5873,1,[]
297,"will undoubtedly play well in european markets , where mr . besson is a brand name , and in asia , where ms . shu is an institution , but american audiences will probably find it familiar and insufficiently cathartic .",2025-02-09,unknown_user,,Rotten Tomatoes,en,rotten_tomatoes,negative,Unknown,Unknown,0,undoubtedly play well european market mr besson brand name asia m shu institution but american audience probably find familiar insufficiently cathartic,"['undoubtedly', 'play', 'well', 'european', 'market', 'mr', 'besson', 'brand', 'name', 'asia', 'm', 'shu', 'institution', 'but', 'american', 'audience', 'probably', 'find', 'familiar', 'insufficiently', 'cathartic']",21,151,negative,0.4183,"{np.str_('negative'): 0.4183, np.str_('neutral'): 0.2016, np.str_('positive'): 0.3801}",labeled,positive,0.5159,"{'positive': 0.5159, 'neutral': 0.4527, 'negative': 0.0314}",positive,0.4616,1,"['asia', 'shu', 'besson']"
298,"""'A Bee Gees tune was on the radio, the sun was out and the smell of bacon wafted through the air.' #guesthouse""",2025-03-31,unknown_user,,Twitter (tweet_eval),en,tweet_eval_sentiment,neutral,Unknown,Unknown,0,bee gee tune radio sun smell bacon wafted air,"['bee', 'gee', 'tune', 'radio', 'sun', 'smell', 'bacon', 'wafted', 'air']",9,45,neutral,0.446,"{np.str_('negative'): 0.1968, np.str_('neutral'): 0.446, np.str_('positive'): 0.3572}",labeled,neutral,0.8153,"{'neutral': 0.8153, 'positive': 0.1378, 'negative': 0.0469}",neutral,0.6676,0,[]
299,it's a beautifully accomplished lyrical meditation on a bunch of despondent and vulnerable characters living in the renown chelsea hotel . . .,2024-12-23,unknown_user,,Rotten Tomatoes,en,rotten_tomatoes,positive,Unknown,Unknown,0,beautifully accomplished lyrical meditation bunch despondent vulnerable character living renown chelsea hotel,"['beautifully', 'accomplished', 'lyrical', 'meditation', 'bunch', 'despondent', 'vulnerable', 'character', 'living', 'renown', 'chelsea', 'hotel']",12,109,negative,0.4731,"{np.str_('negative'): 0.4731, np.str_('neutral'): 0.1705, np.str_('positive'): 0.3564}",labeled,positive,0.6982,"{'positive': 0.6982, 'neutral': 0.2605, 'negative': 0.0412}",positive,0.5615,1,[]
300,Adamawa to pay prayer warriors N200m to pray against Boko Haram. At 1st I thought this was a joke. Now I know money's the root of all evils.,2024-10-03,unknown_user,,Twitter (tweet_eval),en,tweet_eval_sentiment,negative,Unknown,Unknown,0,adamawa pay prayer warrior n200m pray against boko haram 1st thought joke know money root evil,"['adamawa', 'pay', 'prayer', 'warrior', 'n200m', 'pray', 'against', 'boko', 'haram', '1st', 'thought', 'joke', 'know', 'money', 'root', 'evil']",16,94,neutral,0.4912,"{np.str_('negative'): 0.2944, np.str_('neutral'): 0.4912, np.str_('positive'): 0.2144}",labeled,negative,0.8085,"{'negative': 0.8085, 'neutral': 0.1807, 'positive': 0.0109}",negative,0.6029,1,"['Adamawa', 'Boko Haram']"
301,#Thailand Washington - US President Barack Obama vowed Wednesday as he visited storm-ravaged New Jersey shore to...,2024-03-26,unknown_user,,Twitter (tweet_eval),en,tweet_eval_sentiment,neutral,Obama,Unknown,0,washington u president Obama vowed wednesday visited stormravaged new jersey shore,"['washington', 'u', 'president', 'Obama', 'vowed', 'wednesday', 'visited', 'stormravaged', 'new', 'jersey', 'shore']",11,82,neutral,0.6982,"{np.str_('negative'): 0.1449, np.str_('neutral'): 0.6982, np.str_('positive'): 0.1569}",labeled,neutral,0.891,"{'neutral': 0.891, 'positive': 0.0639, 'negative': 0.0451}",neutral,0.8139,0,"['Washington', 'Barack Obama', 'Thailand', 'US', 'New Jersey']"
302,"@user yeah honestly, going up to see my Gran plus my cousin got tickets for the edinburgh derby on Sunday. Yeah course you can""",2025-04-21,unknown_user,,Twitter (tweet_eval),en,tweet_eval_sentiment,positive,Unknown,Unknown,0,yeah honestly going see gran plus cousin got ticket edinburgh derby sunday yeah course,"['yeah', 'honestly', 'going', 'see', 'gran', 'plus', 'cousin', 'got', 'ticket', 'edinburgh', 'derby', 'sunday', 'yeah', 'course']",14,86,neutral,0.495,"{np.str_('negative'): 0.1331, np.str_('neutral'): 0.495, np.str_('positive'): 0.372}",labeled,positive,0.8416,"{'positive': 0.8416, 'neutral': 0.1559, 'negative': 0.0025}",positive,0.6538,1,['@user']
303,I saw this movie as a very young girl (I'm 27 now) and it scared me witless for years. I had nightmares about every aspect of this film from the way it was drawn to the music to (obviously) the violence. My parents still argue about who allowed me to watch it and both of them say,2025-01-02,unknown_user,,IMDB,en,imdb,negative,Unknown,Unknown,0,saw movie young girl im 27 scared witless year nightmare every aspect film way drawn music obviously violence parent still argue allowed watch say,"['saw', 'movie', 'young', 'girl', 'im', '27', 'scared', 'witless', 'year', 'nightmare', 'every', 'aspect', 'film', 'way', 'drawn', 'music', 'obviously', 'violence', 'parent', 'still', 'argue', 'allowed', 'watch', 'say']",24,146,negative,0.4922,"{np.str_('negative'): 0.4922, np.str_('neutral'): 0.1396, np.str_('positive'): 0.3683}",labeled,negative,0.8948,"{'negative': 0.8948, 'neutral': 0.0982, 'positive': 0.0069}",negative,0.7338,0,[]
304,Kris Bryant flies out to the warning track. Almost had his 4th hit of the night. #Cubs,2024-08-24,unknown_user,,Twitter (tweet_eval),en,tweet_eval_sentiment,neutral,Unknown,Unknown,0,kris bryant fly warning track almost 4th hit night,"['kris', 'bryant', 'fly', 'warning', 'track', 'almost', '4th', 'hit', 'night']",9,50,neutral,0.4982,"{np.str_('negative'): 0.108, np.str_('neutral'): 0.4982, np.str_('positive'): 0.3939}",labeled,neutral,0.8694,"{'neutral': 0.8694, 'positive': 0.0848, 'negative': 0.0459}",neutral,0.7209,0,"['Kris Bryant', 'Cubs']"
305,I'm going to see the Foo Fighters tonight in Edinburgh! I expect to be 10% a better human being tomorrow morning!...,2025-03-12,unknown_user,,Twitter (tweet_eval),en,tweet_eval_sentiment,positive,Unknown,Unknown,0,im going see foo fighter tonight edinburgh expect 10 better human tomorrow morning,"['im', 'going', 'see', 'foo', 'fighter', 'tonight', 'edinburgh', 'expect', '10', 'better', 'human', 'tomorrow', 'morning']",13,82,positive,0.533,"{np.str_('negative'): 0.1356, np.str_('neutral'): 0.3314, np.str_('positive'): 0.533}",labeled,positive,0.8631,"{'positive': 0.8631, 'neutral': 0.1326, 'negative': 0.0043}",positive,0.7311,0,"['Edinburgh', 'the Foo Fighters']"
306,"Big rock candy mountain is amazing. i watched it when i was little, and still do to this day.(senior in high school). if i could imagine heaven, that is what it would look like. i wish i could live in big rock candy mountain where candy grows on trees. Zach Hyman is profs, and my",2025-03-28,unknown_user,,IMDB,en,imdb,positive,Unknown,Unknown,0,big rock candy mountain amazing watched little still daysenior high school could imagine heaven would look like wish could live big rock candy mountain candy grows tree zach hyman prof,"['big', 'rock', 'candy', 'mountain', 'amazing', 'watched', 'little', 'still', 'daysenior', 'high', 'school', 'could', 'imagine', 'heaven', 'would', 'look', 'like', 'wish', 'could', 'live', 'big', 'rock', 'candy', 'mountain', 'candy', 'grows', 'tree', 'zach', 'hyman', 'prof']",30,184,positive,0.6096,"{np.str_('negative'): 0.2226, np.str_('neutral'): 0.1678, np.str_('positive'): 0.6096}",labeled,positive,0.9445,"{'positive': 0.9445, 'neutral': 0.0514, 'negative': 0.0041}",positive,0.8105,0,['Zach Hyman']
307,... the kind of entertainment that parents love to have their kids see . ,2024-01-02,unknown_user,,SST-2,en,sst2,positive,Unknown,Unknown,0,kind entertainment parent love kid see,"['kind', 'entertainment', 'parent', 'love', 'kid', 'see']",6,38,positive,0.5061,"{np.str_('negative'): 0.2358, np.str_('neutral'): 0.2581, np.str_('positive'): 0.5061}",labeled,positive,0.9266,"{'positive': 0.9266, 'neutral': 0.0647, 'negative': 0.0087}",positive,0.7584,0,[]
308,It would be poetic if Nintendo became a Sony 2nd Party Developer. It would also make choosing consoles every generation very easy,2024-07-21,unknown_user,,Twitter (tweet_eval),en,tweet_eval_sentiment,positive,Unknown,Unknown,0,would poetic nintendo became sony 2nd party developer would also make choosing console every generation easy,"['would', 'poetic', 'nintendo', 'became', 'sony', '2nd', 'party', 'developer', 'would', 'also', 'make', 'choosing', 'console', 'every', 'generation', 'easy']",16,108,positive,0.4809,"{np.str_('negative'): 0.2102, np.str_('neutral'): 0.309, np.str_('positive'): 0.4809}",labeled,neutral,0.5321,"{'neutral': 0.5321, 'positive': 0.4469, 'negative': 0.021}",positive,0.4605,0,"['Nintendo', 'Sony 2nd Party']"
309,TFI Friday is just Chris Evans having a mid life crisis live on TV,2024-10-13,unknown_user,,Twitter (tweet_eval),en,tweet_eval_sentiment,negative,Unknown,Unknown,0,tfi friday chris evans mid life crisis live tv,"['tfi', 'friday', 'chris', 'evans', 'mid', 'life', 'crisis', 'live', 'tv']",9,46,positive,0.4,"{np.str_('negative'): 0.3199, np.str_('neutral'): 0.2801, np.str_('positive'): 0.4}",labeled,neutral,0.8876,"{'neutral': 0.8876, 'positive': 0.0571, 'negative': 0.0553}",neutral,0.6446,1,['Chris Evans']
310,@user you did an amazing job.....Can u fly to Indiana and sing to me for my birthday tomorrow,2024-11-19,unknown_user,,Twitter (tweet_eval),en,tweet_eval_sentiment,positive,Unknown,Unknown,0,amazing jobcan fly indiana sing birthday tomorrow,"['amazing', 'jobcan', 'fly', 'indiana', 'sing', 'birthday', 'tomorrow']",7,49,positive,0.576,"{np.str_('negative'): 0.1254, np.str_('neutral'): 0.2986, np.str_('positive'): 0.576}",labeled,positive,0.9878,"{'positive': 0.9878, 'neutral': 0.0094, 'negative': 0.0028}",positive,0.8231,0,"['@user', 'Indiana']"
311,@user @user no!  Some bad hombres doesn't excuse you from being a good person. If you need help...,2024-11-07,unknown_user,,Twitter (tweet_eval),en,tweet_eval_sentiment,neutral,Unknown,Unknown,1,no bad hombre doesnt excuse good person need help,"['no', 'bad', 'hombre', 'doesnt', 'excuse', 'good', 'person', 'need', 'help']",9,49,positive,0.5374,"{np.str_('negative'): 0.2336, np.str_('neutral'): 0.229, np.str_('positive'): 0.5374}",labeled,negative,0.7947,"{'negative': 0.7947, 'neutral': 0.1876, 'positive': 0.0177}",negative,0.5703,1,['@user']
312,No. What sets you apart is that you're such hypocrites. Now allow a peaceful transition of power to #Trump. Typical…,2024-03-30,unknown_user,,Twitter (tweet_eval),en,tweet_eval_sentiment,negative,Trump,Unknown,1,no set apart youre hypocrite allow peaceful transition power typical…,"['no', 'set', 'apart', 'youre', 'hypocrite', 'allow', 'peaceful', 'transition', 'power', 'typical…']",10,69,positive,0.3756,"{np.str_('negative'): 0.3087, np.str_('neutral'): 0.3157, np.str_('positive'): 0.3756}",labeled,negative,0.8625,"{'negative': 0.8625, 'neutral': 0.1305, 'positive': 0.007}",negative,0.641,1,['Trump']
313,I'm supposed to see Frank Ocean tomorrow. Then he pulled another houdini and won't be going to FYF.,2025-04-16,unknown_user,,Twitter (tweet_eval),en,tweet_eval_sentiment,negative,Unknown,Unknown,0,im supposed see frank ocean tomorrow pulled another houdini wont going fyf,"['im', 'supposed', 'see', 'frank', 'ocean', 'tomorrow', 'pulled', 'another', 'houdini', 'wont', 'going', 'fyf']",12,74,positive,0.5466,"{np.str_('negative'): 0.1562, np.str_('neutral'): 0.2972, np.str_('positive'): 0.5466}",labeled,neutral,0.4953,"{'neutral': 0.4953, 'negative': 0.4479, 'positive': 0.0569}",neutral,0.4161,1,"['Frank Ocean', 'FYF']"
314,"@user Sorry to hear that, Naruto.  Hopefully things will turn around for you very soon.  And good luck with 1st semester!""",2024-01-15,unknown_user,,Twitter (tweet_eval),en,tweet_eval_sentiment,neutral,Unknown,Unknown,0,sorry hear naruto hopefully thing turn around soon good luck 1st semester,"['sorry', 'hear', 'naruto', 'hopefully', 'thing', 'turn', 'around', 'soon', 'good', 'luck', '1st', 'semester']",12,73,positive,0.5979,"{np.str_('negative'): 0.2206, np.str_('neutral'): 0.1815, np.str_('positive'): 0.5979}",labeled,positive,0.691,"{'positive': 0.691, 'neutral': 0.2434, 'negative': 0.0656}",positive,0.6538,0,"['@user', 'Naruto']"
315,"You want a movie that'll take you places? Well this is a good pick. If you were an adolescent in the era portrayed in this film--the hayday of Motown--or if you want to reach back and see what your parents made so much noise about, I suggest you pick up this flick and give it a w",2025-03-17,unknown_user,,IMDB,en,imdb,positive,Unknown,Unknown,0,want movie thatll take place well good pick adolescent era portrayed filmthe hayday motownor want reach back see parent made much noise suggest pick flick give,"['want', 'movie', 'thatll', 'take', 'place', 'well', 'good', 'pick', 'adolescent', 'era', 'portrayed', 'filmthe', 'hayday', 'motownor', 'want', 'reach', 'back', 'see', 'parent', 'made', 'much', 'noise', 'suggest', 'pick', 'flick', 'give']",26,159,positive,0.4237,"{np.str_('negative'): 0.3383, np.str_('neutral'): 0.238, np.str_('positive'): 0.4237}",labeled,neutral,0.5258,"{'neutral': 0.5258, 'positive': 0.4296, 'negative': 0.0446}",positive,0.4272,0,['Motown']
316,pathetic junk ,2024-11-16,unknown_user,,SST-2,en,sst2,negative,Unknown,Unknown,1,pathetic junk,"['pathetic', 'junk']",2,13,positive,0.4046,"{np.str_('negative'): 0.2554, np.str_('neutral'): 0.34, np.str_('positive'): 0.4046}",labeled,negative,0.8535,"{'negative': 0.8535, 'neutral': 0.1239, 'positive': 0.0226}",negative,0.6143,1,[]
317,.@pimping_is_easy @user @user #hamas is killing #Palestine. Here's the leader's son telling truth,2024-05-11,unknown_user,,Twitter (tweet_eval),en,tweet_eval_sentiment,negative,Unknown,Unknown,1,killing here leader son telling truth,"['killing', 'here', 'leader', 'son', 'telling', 'truth']",6,37,positive,0.4046,"{np.str_('negative'): 0.2554, np.str_('neutral'): 0.34, np.str_('positive'): 0.4046}",labeled,negative,0.7666,"{'negative': 0.7666, 'neutral': 0.2182, 'positive': 0.0152}",negative,0.5621,1,"['@user', 'hamas']"
318,Netflix and Hulu stats - Seinfeld still killing it;,2025-04-07,unknown_user,,Twitter (tweet_eval),en,tweet_eval_sentiment,positive,Unknown,Unknown,0,netflix hulu stats seinfeld still killing,"['netflix', 'hulu', 'stats', 'seinfeld', 'still', 'killing']",6,41,positive,0.4046,"{np.str_('negative'): 0.2554, np.str_('neutral'): 0.34, np.str_('positive'): 0.4046}",labeled,positive,0.6167,"{'positive': 0.6167, 'neutral': 0.3578, 'negative': 0.0255}",positive,0.5319,0,['Netflix']
319,"""Rahul Gandhi's inaugural address at the 31st Plenary Session of INTUC, today, at Talkatora Stadium. #RGwithWorkers",2024-01-28,unknown_user,,Twitter (tweet_eval),en,tweet_eval_sentiment,neutral,Rahul Gandhi,Unknown,0,rahul gandhi inaugural address 31st plenary session intuc today talkatora stadium,"['rahul', 'gandhi', 'inaugural', 'address', '31st', 'plenary', 'session', 'intuc', 'today', 'talkatora', 'stadium']",11,81,positive,0.5062,"{np.str_('negative'): 0.1806, np.str_('neutral'): 0.3133, np.str_('positive'): 0.5062}",labeled,neutral,0.8939,"{'neutral': 0.8939, 'positive': 0.0955, 'negative': 0.0107}",neutral,0.6617,1,"[""Rahul Gandhi's"", 'INTUC']"
320,"""\""""""""@ForeverJeTi: Tiffany will be one of the MCs along with CNBlue\u2019s Yonghwa and Beast\u2019s Gikwang for SBS KPOP Super Concert on November 10.\""""""""""",2024-12-09,unknown_user,,Twitter (tweet_eval),en,tweet_eval_sentiment,neutral,Unknown,Unknown,0,tiffany one mc along cnblueu2019s yonghwa beastu2019s gikwang sb kpop super concert november 10,"['tiffany', 'one', 'mc', 'along', 'cnblueu2019s', 'yonghwa', 'beastu2019s', 'gikwang', 'sb', 'kpop', 'super', 'concert', 'november', '10']",14,95,neutral,0.4422,"{np.str_('negative'): 0.1803, np.str_('neutral'): 0.4422, np.str_('positive'): 0.3775}",labeled,neutral,0.8645,"{'neutral': 0.8645, 'positive': 0.1265, 'negative': 0.009}",neutral,0.6956,0,"['Tiffany', 'Yonghwa']"
321,"@user haha! Seriously, though, it reminds me of the Seinfeld character Jimmy. ""Jimmy liked worship this Sunday.""  #chsocm",2024-04-21,unknown_user,,Twitter (tweet_eval),en,tweet_eval_sentiment,positive,Unknown,Unknown,0,haha seriously though reminds seinfeld character jimmy jimmy liked worship sunday,"['haha', 'seriously', 'though', 'reminds', 'seinfeld', 'character', 'jimmy', 'jimmy', 'liked', 'worship', 'sunday']",11,81,positive,0.4219,"{np.str_('negative'): 0.3285, np.str_('neutral'): 0.2496, np.str_('positive'): 0.4219}",labeled,positive,0.8119,"{'positive': 0.8119, 'neutral': 0.1809, 'negative': 0.0072}",positive,0.6559,0,"['@user', 'Seinfeld', 'Jimmy']"
322,"despite its raucous intent , xxx is as conventional as a nike ad and as rebellious as spring break .",2024-09-10,unknown_user,,Rotten Tomatoes,en,rotten_tomatoes,negative,Unknown,Unknown,0,despite raucous intent xxx conventional nike ad rebellious spring break,"['despite', 'raucous', 'intent', 'xxx', 'conventional', 'nike', 'ad', 'rebellious', 'spring', 'break']",10,71,negative,0.3916,"{np.str_('negative'): 0.3916, np.str_('neutral'): 0.3093, np.str_('positive'): 0.2991}",labeled,neutral,0.743,"{'neutral': 0.743, 'positive': 0.2007, 'negative': 0.0563}",neutral,0.5695,1,[]
323,"@user It's against the Constitution to turn Christians into 2nd class citizens for disagreeing with homosexuality, like it or not""",2024-09-18,unknown_user,,Twitter (tweet_eval),en,tweet_eval_sentiment,negative,Unknown,Unknown,1,against constitution turn christian 2nd class citizen disagreeing homosexuality like not,"['against', 'constitution', 'turn', 'christian', '2nd', 'class', 'citizen', 'disagreeing', 'homosexuality', 'like', 'not']",11,88,positive,0.3829,"{np.str_('negative'): 0.3455, np.str_('neutral'): 0.2716, np.str_('positive'): 0.3829}",labeled,negative,0.7323,"{'negative': 0.7323, 'neutral': 0.2584, 'positive': 0.0093}",negative,0.5776,1,['@user']
324,Fashion Star tomorrow.... Should be a fun long day,2024-06-21,unknown_user,,Twitter (tweet_eval),en,tweet_eval_sentiment,positive,Unknown,Unknown,0,fashion star tomorrow fun long day,"['fashion', 'star', 'tomorrow', 'fun', 'long', 'day']",6,34,positive,0.491,"{np.str_('negative'): 0.1773, np.str_('neutral'): 0.3317, np.str_('positive'): 0.491}",labeled,positive,0.8331,"{'positive': 0.8331, 'neutral': 0.1525, 'negative': 0.0145}",positive,0.6963,0,[]
325,"""Greg Abbott/AG Ken Paxton cost taxpayers $741,000 in legal fees in gay marriage case. Can you say frivolous lawsuit?",2024-09-01,unknown_user,,Twitter (tweet_eval),en,tweet_eval_sentiment,negative,Unknown,Unknown,0,greg abbottag ken paxton cost taxpayer 741000 legal fee gay marriage case say frivolous lawsuit,"['greg', 'abbottag', 'ken', 'paxton', 'cost', 'taxpayer', '741000', 'legal', 'fee', 'gay', 'marriage', 'case', 'say', 'frivolous', 'lawsuit']",15,95,neutral,0.3553,"{np.str_('negative'): 0.344, np.str_('neutral'): 0.3553, np.str_('positive'): 0.3007}",labeled,negative,0.7347,"{'negative': 0.7347, 'neutral': 0.2551, 'positive': 0.0102}",negative,0.5784,1,"['Ken Paxton', 'Greg Abbott/AG']"
326,the emotions are raw and will strike a nerve with anyone who 's ever had family trauma . ,2025-03-16,unknown_user,,SST-2,en,sst2,positive,Unknown,Unknown,0,emotion raw strike nerve anyone ever family trauma,"['emotion', 'raw', 'strike', 'nerve', 'anyone', 'ever', 'family', 'trauma']",8,50,neutral,0.4207,"{np.str_('negative'): 0.2264, np.str_('neutral'): 0.4207, np.str_('positive'): 0.3529}",labeled,negative,0.7348,"{'negative': 0.7348, 'neutral': 0.255, 'positive': 0.0102}",negative,0.5314,1,[]
327,#MuhammadAli Muhammad Ali VS Sonny Liston 1965 Signed Autographed Framed #Photo Steine #Legend #Boxer,2024-01-04,unknown_user,,Twitter (tweet_eval),en,tweet_eval_sentiment,neutral,Unknown,Unknown,0,muhammad ali v sonny liston 1965 signed autographed framed steine,"['muhammad', 'ali', 'v', 'sonny', 'liston', '1965', 'signed', 'autographed', 'framed', 'steine']",10,65,positive,0.4046,"{np.str_('negative'): 0.2554, np.str_('neutral'): 0.34, np.str_('positive'): 0.4046}",labeled,neutral,0.9118,"{'neutral': 0.9118, 'positive': 0.0757, 'negative': 0.0125}",neutral,0.6831,1,"['Signed Autographed', 'Photo Steine', 'MuhammadAli Muhammad Ali VS Sonny Liston', 'Boxer']"
328,the film 's hero is a bore and his innocence soon becomes a questionable kind of inexcusable dumb innocence . ,2024-09-02,unknown_user,,SST-2,en,sst2,negative,Unknown,Unknown,1,film hero bore innocence soon becomes questionable kind inexcusable dumb innocence,"['film', 'hero', 'bore', 'innocence', 'soon', 'becomes', 'questionable', 'kind', 'inexcusable', 'dumb', 'innocence']",11,82,positive,0.5551,"{np.str_('negative'): 0.3145, np.str_('neutral'): 0.1304, np.str_('positive'): 0.5551}",labeled,negative,0.7689,"{'negative': 0.7689, 'neutral': 0.2076, 'positive': 0.0235}",negative,0.5871,1,[]
329,"""Well, beautiful people the actual album in full glory will arrive today ready for tomorrow at the Horn! Thanks to @user you guys rock""",2025-04-15,unknown_user,,Twitter (tweet_eval),en,tweet_eval_sentiment,positive,Unknown,Unknown,0,well beautiful people actual album full glory arrive today ready tomorrow horn thanks guy rock,"['well', 'beautiful', 'people', 'actual', 'album', 'full', 'glory', 'arrive', 'today', 'ready', 'tomorrow', 'horn', 'thanks', 'guy', 'rock']",15,94,positive,0.5855,"{np.str_('negative'): 0.1462, np.str_('neutral'): 0.2684, np.str_('positive'): 0.5855}",labeled,positive,0.9838,"{'positive': 0.9838, 'neutral': 0.0141, 'negative': 0.0022}",positive,0.8245,0,['@user']
330,Here Is Everything You Should Know About Melania Trumphttps://t.co/eH6V4gxcDF,2024-06-29,unknown_user,,Twitter (tweet_eval),en,tweet_eval_sentiment,positive,Trump,Unknown,0,everything know melania trump,"['everything', 'know', 'melania', 'trump']",4,29,neutral,0.3731,"{np.str_('negative'): 0.3456, np.str_('neutral'): 0.3731, np.str_('positive'): 0.2813}",labeled,neutral,0.725,"{'neutral': 0.725, 'negative': 0.1881, 'positive': 0.0869}",neutral,0.5842,0,[]
331,"""Would the bigger story be 3rd straight major for @user or win by an am from Ireland, Paul Dunne, @user Hmmm""",2024-03-13,unknown_user,,Twitter (tweet_eval),en,tweet_eval_sentiment,neutral,Unknown,Conservatives,0,would bigger story 3rd straight major win ireland paul dunne hmmm,"['would', 'bigger', 'story', '3rd', 'straight', 'major', 'win', 'ireland', 'paul', 'dunne', 'hmmm']",11,65,neutral,0.5073,"{np.str_('negative'): 0.2608, np.str_('neutral'): 0.5073, np.str_('positive'): 0.2319}",labeled,neutral,0.7474,"{'neutral': 0.7474, 'positive': 0.2439, 'negative': 0.0087}",neutral,0.6514,0,"['Paul Dunne', '@user', 'Ireland']"
332,"it has the air of a surprisingly juvenile lark , a pop-influenced prank whose charms are immediately apparent and wear thin with repetition .",2024-04-13,unknown_user,,Rotten Tomatoes,en,rotten_tomatoes,negative,Unknown,Unknown,0,air surprisingly juvenile lark popinfluenced prank whose charm immediately apparent wear thin repetition,"['air', 'surprisingly', 'juvenile', 'lark', 'popinfluenced', 'prank', 'whose', 'charm', 'immediately', 'apparent', 'wear', 'thin', 'repetition']",13,104,positive,0.4046,"{np.str_('negative'): 0.2554, np.str_('neutral'): 0.34, np.str_('positive'): 0.4046}",labeled,negative,0.5011,"{'negative': 0.5011, 'neutral': 0.4398, 'positive': 0.059}",negative,0.4028,1,[]
333,"""I had this written at like half 6 today and almost forgot to post it!   Featuring Wilco, Ant-Man, WHAS and more.""",2024-08-02,unknown_user,,Twitter (tweet_eval),en,tweet_eval_sentiment,neutral,Unknown,Unknown,0,written like half today almost forgot post featuring wilco antman whas,"['written', 'like', 'half', 'today', 'almost', 'forgot', 'post', 'featuring', 'wilco', 'antman', 'whas']",11,70,positive,0.4646,"{np.str_('negative'): 0.2243, np.str_('neutral'): 0.3112, np.str_('positive'): 0.4646}",labeled,neutral,0.6026,"{'neutral': 0.6026, 'negative': 0.3441, 'positive': 0.0533}",neutral,0.486,1,"['Ant-Man', 'Featuring Wilco']"
334,Sampdoria-Milan: The Rossoneri squad: Here is the squad of Milan. AC Milan face U.C. Sampdoria on Thursday eve...,2025-02-07,unknown_user,,Twitter (tweet_eval),en,tweet_eval_sentiment,neutral,Unknown,Unknown,0,sampdoriamilan rossoneri squad squad milan ac milan face uc sampdoria thursday eve,"['sampdoriamilan', 'rossoneri', 'squad', 'squad', 'milan', 'ac', 'milan', 'face', 'uc', 'sampdoria', 'thursday', 'eve']",12,82,neutral,0.6181,"{np.str_('negative'): 0.1707, np.str_('neutral'): 0.6181, np.str_('positive'): 0.2112}",labeled,neutral,0.9407,"{'neutral': 0.9407, 'positive': 0.0344, 'negative': 0.0248}",neutral,0.8117,0,"['Milan', 'AC Milan', 'U.C. Sampdoria', 'Sampdoria', 'Rossoneri']"
335,Can anyone take me home from the alonso game tomorrow,2025-01-31,unknown_user,,Twitter (tweet_eval),en,tweet_eval_sentiment,neutral,Unknown,Unknown,0,anyone take home alonso game tomorrow,"['anyone', 'take', 'home', 'alonso', 'game', 'tomorrow']",6,37,neutral,0.5134,"{np.str_('negative'): 0.1135, np.str_('neutral'): 0.5134, np.str_('positive'): 0.3731}",labeled,neutral,0.9271,"{'neutral': 0.9271, 'positive': 0.0526, 'negative': 0.0204}",neutral,0.7616,0,[]
336,"""To compare, Anderson Silva also has won 8 bonuses and made $475,000. If Lytle gets a bonus tonight, the $65k would be his 2nd biggest one.""",2024-09-15,unknown_user,,Twitter (tweet_eval),en,tweet_eval_sentiment,neutral,Unknown,Unknown,0,compare anderson silva also won bonus made 475000 lytle get bonus tonight 65k would 2nd biggest one,"['compare', 'anderson', 'silva', 'also', 'won', 'bonus', 'made', '475000', 'lytle', 'get', 'bonus', 'tonight', '65k', 'would', '2nd', 'biggest', 'one']",17,99,neutral,0.4381,"{np.str_('negative'): 0.1792, np.str_('neutral'): 0.4381, np.str_('positive'): 0.3827}",labeled,positive,0.7243,"{'positive': 0.7243, 'neutral': 0.2716, 'negative': 0.0041}",positive,0.5877,1,"['Lytle', 'Anderson Silva']"
337,"""Watching \""""Red Tails\"""" 4 the 1st time""",2024-09-09,unknown_user,,Twitter (tweet_eval),en,tweet_eval_sentiment,neutral,Unknown,Unknown,0,watching red tail 1st time,"['watching', 'red', 'tail', '1st', 'time']",5,26,neutral,0.406,"{np.str_('negative'): 0.1996, np.str_('neutral'): 0.406, np.str_('positive'): 0.3945}",labeled,neutral,0.6287,"{'neutral': 0.6287, 'positive': 0.3607, 'negative': 0.0107}",neutral,0.5396,0,[]
338,Gucci - Sun Valley! #Zone6 what you know about that?,2024-07-26,unknown_user,,Twitter (tweet_eval),en,tweet_eval_sentiment,neutral,Unknown,Unknown,0,gucci sun valley know,"['gucci', 'sun', 'valley', 'know']",4,21,neutral,0.487,"{np.str_('negative'): 0.195, np.str_('neutral'): 0.487, np.str_('positive'): 0.318}",labeled,neutral,0.8408,"{'neutral': 0.8408, 'positive': 0.1348, 'negative': 0.0244}",neutral,0.6993,0,"['Gucci - Sun Valley', 'Zone6']"
339,warm and exotic .,2024-03-23,unknown_user,,Rotten Tomatoes,en,rotten_tomatoes,positive,Unknown,Unknown,0,warm exotic,"['warm', 'exotic']",2,11,positive,0.4046,"{np.str_('negative'): 0.2554, np.str_('neutral'): 0.34, np.str_('positive'): 0.4046}",labeled,neutral,0.6054,"{'neutral': 0.6054, 'positive': 0.3405, 'negative': 0.054}",neutral,0.4992,1,[]
340,I need someone to come see Ed Sheeran with me this Saturday in Dallas,2025-01-19,unknown_user,,Twitter (tweet_eval),en,tweet_eval_sentiment,neutral,Unknown,Unknown,0,need someone come see ed sheeran saturday dallas,"['need', 'someone', 'come', 'see', 'ed', 'sheeran', 'saturday', 'dallas']",8,48,positive,0.5392,"{np.str_('negative'): 0.1496, np.str_('neutral'): 0.3112, np.str_('positive'): 0.5392}",labeled,neutral,0.7733,"{'neutral': 0.7733, 'positive': 0.2081, 'negative': 0.0185}",neutral,0.5885,1,"['Ed Sheeran', 'Dallas']"
341,"""Would never vote for Kane for president, mostly with Kim Kardashian as his wife. No way in hell is she going to be the 1st lady""",2025-05-12,unknown_user,,Twitter (tweet_eval),en,tweet_eval_sentiment,negative,Unknown,Unknown,0,would never vote kane president mostly kim kardashian wife no way hell going 1st lady,"['would', 'never', 'vote', 'kane', 'president', 'mostly', 'kim', 'kardashian', 'wife', 'no', 'way', 'hell', 'going', '1st', 'lady']",15,85,neutral,0.4112,"{np.str_('negative'): 0.3223, np.str_('neutral'): 0.4112, np.str_('positive'): 0.2666}",labeled,negative,0.902,"{'negative': 0.902, 'neutral': 0.0886, 'positive': 0.0094}",negative,0.6701,1,"['Kane', 'Kim Kardashian']"
342,foster breathes life into a roll that could have otherwise been bland and run of the mill .,2024-06-18,unknown_user,,Rotten Tomatoes,en,rotten_tomatoes,positive,Unknown,Unknown,0,foster breathes life roll could otherwise bland run mill,"['foster', 'breathes', 'life', 'roll', 'could', 'otherwise', 'bland', 'run', 'mill']",9,56,positive,0.4025,"{np.str_('negative'): 0.3461, np.str_('neutral'): 0.2515, np.str_('positive'): 0.4025}",labeled,neutral,0.7461,"{'neutral': 0.7461, 'positive': 0.143, 'negative': 0.111}",neutral,0.5483,1,['foster']
343,"@user @user I don't either. Complete mystery. Also, I may have just been chair dancing to Heartbreaker by Mariah Carey.",2025-01-17,unknown_user,,Twitter (tweet_eval),en,tweet_eval_sentiment,neutral,Unknown,Unknown,0,dont either complete mystery also may chair dancing heartbreaker mariah carey,"['dont', 'either', 'complete', 'mystery', 'also', 'may', 'chair', 'dancing', 'heartbreaker', 'mariah', 'carey']",11,77,negative,0.408,"{np.str_('negative'): 0.408, np.str_('neutral'): 0.3212, np.str_('positive'): 0.2709}",labeled,neutral,0.7918,"{'neutral': 0.7918, 'negative': 0.1162, 'positive': 0.092}",neutral,0.6036,1,"['Mariah Carey', 'Heartbreaker']"
344,"like being trapped inside a huge video game , where exciting , inane images keep popping past your head and the same illogical things keep happening over and over again .",2024-04-27,unknown_user,,Rotten Tomatoes,en,rotten_tomatoes,negative,Unknown,Unknown,0,like trapped inside huge video game exciting inane image keep popping past head illogical thing keep happening,"['like', 'trapped', 'inside', 'huge', 'video', 'game', 'exciting', 'inane', 'image', 'keep', 'popping', 'past', 'head', 'illogical', 'thing', 'keep', 'happening']",17,110,neutral,0.4526,"{np.str_('negative'): 0.2354, np.str_('neutral'): 0.4526, np.str_('positive'): 0.312}",labeled,negative,0.8134,"{'negative': 0.8134, 'neutral': 0.1689, 'positive': 0.0177}",negative,0.5822,1,[]
345,with such confidence ,2025-01-29,unknown_user,,SST-2,en,sst2,positive,Unknown,Unknown,0,confidence,['confidence'],1,10,positive,0.4046,"{np.str_('negative'): 0.2554, np.str_('neutral'): 0.34, np.str_('positive'): 0.4046}",labeled,positive,0.5374,"{'positive': 0.5374, 'neutral': 0.4033, 'negative': 0.0592}",positive,0.4843,0,[]
346,"Following his 2nd round knock-out last night, we make Conor McGregor 4/7 to defeat Jose Aldo...http://t.co/1qZWXTAJ3Y",2024-12-03,unknown_user,,Twitter (tweet_eval),en,tweet_eval_sentiment,positive,Unknown,Unknown,0,following 2nd round knockout last night make conor mcgregor 47 defeat jose aldo,"['following', '2nd', 'round', 'knockout', 'last', 'night', 'make', 'conor', 'mcgregor', '47', 'defeat', 'jose', 'aldo']",13,79,positive,0.4873,"{np.str_('negative'): 0.1142, np.str_('neutral'): 0.3985, np.str_('positive'): 0.4873}",labeled,neutral,0.8938,"{'neutral': 0.8938, 'positive': 0.0898, 'negative': 0.0165}",neutral,0.6957,1,['Jose Aldo...http://t.co/1qZWXTAJ3Y']
347,Awe @user is retiring. 1st pro tennis match I ever watched live was Andy vs Feliciano under the lights in Indian Wells! #goodtimes,2025-03-08,unknown_user,,Twitter (tweet_eval),en,tweet_eval_sentiment,positive,Unknown,Unknown,0,awe retiring 1st pro tennis match ever watched live andy v feliciano light indian well,"['awe', 'retiring', '1st', 'pro', 'tennis', 'match', 'ever', 'watched', 'live', 'andy', 'v', 'feliciano', 'light', 'indian', 'well']",15,86,positive,0.5867,"{np.str_('negative'): 0.207, np.str_('neutral'): 0.2062, np.str_('positive'): 0.5867}",labeled,neutral,0.7571,"{'neutral': 0.7571, 'positive': 0.2267, 'negative': 0.0162}",neutral,0.5367,1,"['@user', 'Andy vs Feliciano']"
348,"even with all those rough edges safely sanded down , the american insomnia is still pretty darned good .",2024-04-13,unknown_user,,Rotten Tomatoes,en,rotten_tomatoes,positive,Unknown,Unknown,0,even rough edge safely sanded american insomnia still pretty darned good,"['even', 'rough', 'edge', 'safely', 'sanded', 'american', 'insomnia', 'still', 'pretty', 'darned', 'good']",11,72,positive,0.6326,"{np.str_('negative'): 0.2113, np.str_('neutral'): 0.1561, np.str_('positive'): 0.6326}",labeled,positive,0.765,"{'positive': 0.765, 'neutral': 0.2116, 'negative': 0.0233}",positive,0.712,0,[]
349,keenest pleasures ,2025-01-26,unknown_user,,SST-2,en,sst2,positive,Unknown,Unknown,0,keenest pleasure,"['keenest', 'pleasure']",2,16,positive,0.4046,"{np.str_('negative'): 0.2554, np.str_('neutral'): 0.34, np.str_('positive'): 0.4046}",labeled,positive,0.798,"{'positive': 0.798, 'neutral': 0.1898, 'negative': 0.0122}",positive,0.6406,0,[]
350,"the vitality of the actors keeps the intensity of the film high , even as the strafings blend together .",2025-02-17,unknown_user,,Rotten Tomatoes,en,rotten_tomatoes,positive,Unknown,Unknown,0,vitality actor keep intensity film high even strafings blend together,"['vitality', 'actor', 'keep', 'intensity', 'film', 'high', 'even', 'strafings', 'blend', 'together']",10,69,negative,0.41,"{np.str_('negative'): 0.41, np.str_('neutral'): 0.1843, np.str_('positive'): 0.4057}",labeled,positive,0.577,"{'positive': 0.577, 'neutral': 0.4036, 'negative': 0.0194}",positive,0.5085,1,[]
351,"End (the myth of) rape culture.  Kurt Cobain may have written ""Rape Me"" as an anti-rape protest song, but...",2024-07-27,unknown_user,,Twitter (tweet_eval),en,tweet_eval_sentiment,neutral,Unknown,Unknown,0,end myth rape culture kurt cobain may written rape antirape protest song but,"['end', 'myth', 'rape', 'culture', 'kurt', 'cobain', 'may', 'written', 'rape', 'antirape', 'protest', 'song', 'but']",13,76,positive,0.4396,"{np.str_('negative'): 0.2541, np.str_('neutral'): 0.3063, np.str_('positive'): 0.4396}",labeled,negative,0.5678,"{'negative': 0.5678, 'neutral': 0.4117, 'positive': 0.0206}",negative,0.4423,1,['Kurt Cobain']
352,@user Never trust Comey😡 if it wasn't for him we would have Hillary 😠 F Comey!! Get rid of him,2024-03-10,unknown_user,,Twitter (tweet_eval),en,tweet_eval_sentiment,negative,Unknown,Unknown,1,never trust comey enragedface wasnt would hillary angryface comey get rid,"['never', 'trust', 'comey', 'enragedface', 'wasnt', 'would', 'hillary', 'angryface', 'comey', 'get', 'rid']",11,73,positive,0.4046,"{np.str_('negative'): 0.2554, np.str_('neutral'): 0.34, np.str_('positive'): 0.4046}",labeled,negative,0.8382,"{'negative': 0.8382, 'neutral': 0.1479, 'positive': 0.0139}",negative,0.6051,1,"['Hillary 😠 F Comey', '@user Never trust Comey']"
353,If I rise tomorrow and there's no sign of 1) Zayn throwing a public tantrum or 2) Nicki taking over the world then I'm checking out of life,2024-01-24,unknown_user,,Twitter (tweet_eval),en,tweet_eval_sentiment,neutral,Unknown,Unknown,0,rise tomorrow there no sign zayn throwing public tantrum nicki taking world im checking life,"['rise', 'tomorrow', 'there', 'no', 'sign', 'zayn', 'throwing', 'public', 'tantrum', 'nicki', 'taking', 'world', 'im', 'checking', 'life']",15,92,positive,0.5188,"{np.str_('negative'): 0.2075, np.str_('neutral'): 0.2738, np.str_('positive'): 0.5188}",labeled,negative,0.6467,"{'negative': 0.6467, 'neutral': 0.3346, 'positive': 0.0186}",negative,0.471,1,[]
354,"a pathetic exploitation film that tries to seem sincere , and just seems worse for the effort .",2024-06-04,unknown_user,,Rotten Tomatoes,en,rotten_tomatoes,negative,Unknown,Unknown,1,pathetic exploitation film try seem sincere seems worse effort,"['pathetic', 'exploitation', 'film', 'try', 'seem', 'sincere', 'seems', 'worse', 'effort']",9,62,positive,0.5315,"{np.str_('negative'): 0.3576, np.str_('neutral'): 0.1109, np.str_('positive'): 0.5315}",labeled,negative,0.8983,"{'negative': 0.8983, 'neutral': 0.091, 'positive': 0.0106}",negative,0.682,1,[]
355,@user fancy going to the leonard cohen concert with me n my madre november 9? It should be heavenly,2024-04-09,unknown_user,,Twitter (tweet_eval),en,tweet_eval_sentiment,positive,Unknown,Unknown,0,fancy going leonard cohen concert madre november heavenly,"['fancy', 'going', 'leonard', 'cohen', 'concert', 'madre', 'november', 'heavenly']",8,57,positive,0.4618,"{np.str_('negative'): 0.2294, np.str_('neutral'): 0.3088, np.str_('positive'): 0.4618}",labeled,positive,0.7831,"{'positive': 0.7831, 'neutral': 0.2105, 'negative': 0.0064}",positive,0.6546,0,['@user']
356,@user @user @user answer to you question = Nazi,2024-07-20,unknown_user,,Twitter (tweet_eval),en,tweet_eval_sentiment,negative,Unknown,Unknown,0,answer question nazi,"['answer', 'question', 'nazi']",3,20,positive,0.4046,"{np.str_('negative'): 0.2554, np.str_('neutral'): 0.34, np.str_('positive'): 0.4046}",labeled,neutral,0.5596,"{'neutral': 0.5596, 'negative': 0.3868, 'positive': 0.0536}",neutral,0.4718,1,['@user']
357,check your brain and your secret agent decoder ring at the door because you don't want to think too much about what's going on . the movie does has some entertainment value - how much depends on how well you like chris rock .,2024-01-07,unknown_user,,Rotten Tomatoes,en,rotten_tomatoes,negative,Unknown,Unknown,0,check brain secret agent decoder ring door dont want think much whats going movie entertainment value much depends well like chris rock,"['check', 'brain', 'secret', 'agent', 'decoder', 'ring', 'door', 'dont', 'want', 'think', 'much', 'whats', 'going', 'movie', 'entertainment', 'value', 'much', 'depends', 'well', 'like', 'chris', 'rock']",22,135,negative,0.3955,"{np.str_('negative'): 0.3955, np.str_('neutral'): 0.298, np.str_('positive'): 0.3065}",labeled,neutral,0.7881,"{'neutral': 0.7881, 'negative': 0.1336, 'positive': 0.0784}",neutral,0.5921,1,['chris rock']
358,John cena and the primetime players vs the The new day members Big E and Kofi Kingston and Seth Rollins now on wwe monday night raw 9/7/2015,2025-02-07,unknown_user,,Twitter (tweet_eval),en,tweet_eval_sentiment,neutral,Unknown,Unknown,0,john cena primetime player v new day member big kofi kingston seth rollins wwe monday night raw 972015,"['john', 'cena', 'primetime', 'player', 'v', 'new', 'day', 'member', 'big', 'kofi', 'kingston', 'seth', 'rollins', 'wwe', 'monday', 'night', 'raw', '972015']",18,102,neutral,0.6089,"{np.str_('negative'): 0.1071, np.str_('neutral'): 0.6089, np.str_('positive'): 0.284}",labeled,neutral,0.8649,"{'neutral': 0.8649, 'positive': 0.1269, 'negative': 0.0082}",neutral,0.7625,0,"['Kofi Kingston', 'John cena', 'Seth Rollins']"
359,"Don't build walls, divest from fossil fuels! Climate Change Will Stir ‘Unimaginable’ Refugee Crisis -https://t.co/dgfcOHjIRZ",2024-03-31,unknown_user,,Twitter (tweet_eval),en,tweet_eval_sentiment,negative,Unknown,Unknown,0,dont build wall divest fossil fuel climate change stir unimaginable refugee crisis,"['dont', 'build', 'wall', 'divest', 'fossil', 'fuel', 'climate', 'change', 'stir', 'unimaginable', 'refugee', 'crisis']",12,82,negative,0.3902,"{np.str_('negative'): 0.3902, np.str_('neutral'): 0.3489, np.str_('positive'): 0.2608}",labeled,negative,0.7954,"{'negative': 0.7954, 'neutral': 0.1931, 'positive': 0.0115}",negative,0.6333,0,[]
360,A fine afternoon photographing the Pride parade on Saturday afternoon. #BeHappy #PrideGlasgow #Pride2015,2024-12-12,unknown_user,,Twitter (tweet_eval),en,tweet_eval_sentiment,positive,Unknown,Unknown,0,fine afternoon photographing pride parade saturday afternoon,"['fine', 'afternoon', 'photographing', 'pride', 'parade', 'saturday', 'afternoon']",7,60,positive,0.4428,"{np.str_('negative'): 0.2174, np.str_('neutral'): 0.3398, np.str_('positive'): 0.4428}",labeled,positive,0.8973,"{'positive': 0.8973, 'neutral': 0.1001, 'negative': 0.0026}",positive,0.7155,0,"['BeHappy', 'Pride', 'PrideGlasgow']"
361,( the kid 's ) just too bratty for sympathy ,2024-11-15,unknown_user,,SST-2,en,sst2,negative,Unknown,Unknown,0,kid bratty sympathy,"['kid', 'bratty', 'sympathy']",3,19,positive,0.3734,"{np.str_('negative'): 0.3178, np.str_('neutral'): 0.3089, np.str_('positive'): 0.3734}",labeled,negative,0.6835,"{'negative': 0.6835, 'neutral': 0.2775, 'positive': 0.039}",negative,0.5372,1,[]
362,COP22 Marrakech: Women Rising for Climate Justice #EmilyArasim #UnitedNations,2024-02-08,unknown_user,,Twitter (tweet_eval),en,tweet_eval_sentiment,neutral,Unknown,Unknown,0,cop22 marrakech woman rising climate justice,"['cop22', 'marrakech', 'woman', 'rising', 'climate', 'justice']",6,44,positive,0.4046,"{np.str_('negative'): 0.2554, np.str_('neutral'): 0.34, np.str_('positive'): 0.4046}",labeled,neutral,0.7502,"{'neutral': 0.7502, 'positive': 0.1687, 'negative': 0.0811}",neutral,0.5861,1,"['EmilyArasim', 'UnitedNations']"
363,"I may be biased, I am the author of the novel The Hungry Bachelors Club, self-published in 1994. The screenplay was written by my good friend and hungry bachelor, Fred Dresch, who was the inspiration for the character Marlon in the film. I couldn't be more pleased with the traile",2024-07-28,unknown_user,,IMDB,en,imdb,positive,Unknown,Unknown,0,may biased author novel hungry bachelor club selfpublished 1994 screenplay written good friend hungry bachelor fred dresch inspiration character marlon film couldnt pleased traile,"['may', 'biased', 'author', 'novel', 'hungry', 'bachelor', 'club', 'selfpublished', '1994', 'screenplay', 'written', 'good', 'friend', 'hungry', 'bachelor', 'fred', 'dresch', 'inspiration', 'character', 'marlon', 'film', 'couldnt', 'pleased', 'traile']",24,179,positive,0.5602,"{np.str_('negative'): 0.3569, np.str_('neutral'): 0.0829, np.str_('positive'): 0.5602}",labeled,negative,0.4837,"{'negative': 0.4837, 'neutral': 0.4786, 'positive': 0.0377}",negative,0.433,1,"['The Hungry Bachelors Club', 'Fred Dresch']"
364,'s just plain lurid ,2024-10-20,unknown_user,,SST-2,en,sst2,negative,Unknown,Unknown,0,plain lurid,"['plain', 'lurid']",2,11,positive,0.4046,"{np.str_('negative'): 0.2554, np.str_('neutral'): 0.34, np.str_('positive'): 0.4046}",labeled,neutral,0.6558,"{'neutral': 0.6558, 'negative': 0.2832, 'positive': 0.0611}",neutral,0.5295,1,[]
365,"chicago offers much colorful eye candy , including the spectacle of gere in his dancing shoes , hoofing and crooning with the best of them .",2025-04-20,unknown_user,,Rotten Tomatoes,en,rotten_tomatoes,positive,Unknown,Unknown,0,chicago offer much colorful eye candy including spectacle gere dancing shoe hoofing crooning best,"['chicago', 'offer', 'much', 'colorful', 'eye', 'candy', 'including', 'spectacle', 'gere', 'dancing', 'shoe', 'hoofing', 'crooning', 'best']",14,97,positive,0.6426,"{np.str_('negative'): 0.1312, np.str_('neutral'): 0.2262, np.str_('positive'): 0.6426}",labeled,positive,0.8555,"{'positive': 0.8555, 'neutral': 0.1389, 'negative': 0.0056}",positive,0.7703,0,['chicago']
366,Not sure if it's 14 august or Eid ul fitar.,2024-06-20,unknown_user,,Twitter (tweet_eval),en,tweet_eval_sentiment,neutral,Unknown,Unknown,0,not sure 14 august eid ul fitar,"['not', 'sure', '14', 'august', 'eid', 'ul', 'fitar']",7,31,positive,0.4925,"{np.str_('negative'): 0.1774, np.str_('neutral'): 0.3301, np.str_('positive'): 0.4925}",labeled,neutral,0.9169,"{'neutral': 0.9169, 'negative': 0.0542, 'positive': 0.0288}",neutral,0.6822,1,[]
367,"a full world has been presented onscreen , not some series of carefully structured plot points building to a pat resolution . ",2025-03-20,unknown_user,,SST-2,en,sst2,positive,Unknown,Unknown,0,full world presented onscreen not series carefully structured plot point building pat resolution,"['full', 'world', 'presented', 'onscreen', 'not', 'series', 'carefully', 'structured', 'plot', 'point', 'building', 'pat', 'resolution']",13,96,positive,0.4869,"{np.str_('negative'): 0.2386, np.str_('neutral'): 0.2746, np.str_('positive'): 0.4869}",labeled,neutral,0.6407,"{'neutral': 0.6407, 'negative': 0.3172, 'positive': 0.0421}",neutral,0.4943,1,[]
368,@user and you think the sun shines of out Tony Blair's ass....you are no better than a paid shill,2024-08-25,unknown_user,,Twitter (tweet_eval),en,tweet_eval_sentiment,negative,Unknown,Unknown,1,think sun shine tony blair assyou no better paid shill,"['think', 'sun', 'shine', 'tony', 'blair', 'assyou', 'no', 'better', 'paid', 'shill']",10,54,positive,0.4158,"{np.str_('negative'): 0.1866, np.str_('neutral'): 0.3976, np.str_('positive'): 0.4158}",labeled,negative,0.8487,"{'negative': 0.8487, 'neutral': 0.1399, 'positive': 0.0113}",negative,0.5839,1,"['@user', ""Tony Blair's""]"
369,@user @user oh my god I'm obsessed. Soo upset they don't have the 4th season on Netflix though,2024-05-27,unknown_user,,Twitter (tweet_eval),en,tweet_eval_sentiment,positive,Unknown,Unknown,0,oh god im obsessed soo upset dont 4th season netflix though,"['oh', 'god', 'im', 'obsessed', 'soo', 'upset', 'dont', '4th', 'season', 'netflix', 'though']",11,59,positive,0.405,"{np.str_('negative'): 0.3183, np.str_('neutral'): 0.2767, np.str_('positive'): 0.405}",labeled,negative,0.5575,"{'negative': 0.5575, 'neutral': 0.2394, 'positive': 0.2031}",negative,0.4618,1,['Netflix']
370,"@user @user Nazi philosophy defined: Breathtaking douchebag stuff. Also, a form of Socialism",2024-08-21,unknown_user,,Twitter (tweet_eval),en,tweet_eval_sentiment,negative,Unknown,Unknown,0,nazi philosophy defined breathtaking douchebag stuff also form socialism,"['nazi', 'philosophy', 'defined', 'breathtaking', 'douchebag', 'stuff', 'also', 'form', 'socialism']",9,72,positive,0.4046,"{np.str_('negative'): 0.2554, np.str_('neutral'): 0.34, np.str_('positive'): 0.4046}",labeled,negative,0.696,"{'negative': 0.696, 'neutral': 0.2862, 'positive': 0.0177}",negative,0.5198,1,[]
371,an odd drama set in the world of lingerie models and bar dancers in the midwest that held my interest precisely because it did n't try to . ,2024-07-28,unknown_user,,SST-2,en,sst2,positive,Unknown,Unknown,0,odd drama set world lingerie model bar dancer midwest held interest precisely nt try,"['odd', 'drama', 'set', 'world', 'lingerie', 'model', 'bar', 'dancer', 'midwest', 'held', 'interest', 'precisely', 'nt', 'try']",14,84,positive,0.4194,"{np.str_('negative'): 0.2823, np.str_('neutral'): 0.2983, np.str_('positive'): 0.4194}",labeled,negative,0.6005,"{'negative': 0.6005, 'neutral': 0.3678, 'positive': 0.0317}",negative,0.4732,1,['midwest']
372,@user i'm going to try to wake up for Yoga on the Beach tomorrow ^^ It's later on Sundays so I might actually make it...,2024-07-02,unknown_user,,Twitter (tweet_eval),en,tweet_eval_sentiment,positive,Unknown,Unknown,0,im going try wake yoga beach tomorrow later sunday might actually make,"['im', 'going', 'try', 'wake', 'yoga', 'beach', 'tomorrow', 'later', 'sunday', 'might', 'actually', 'make']",12,70,positive,0.5878,"{np.str_('negative'): 0.1264, np.str_('neutral'): 0.2859, np.str_('positive'): 0.5878}",labeled,neutral,0.6295,"{'neutral': 0.6295, 'positive': 0.3637, 'negative': 0.0068}",neutral,0.4921,1,['@user']
373,@user So...the party of the robots?,2024-02-21,unknown_user,,Twitter (tweet_eval),en,tweet_eval_sentiment,neutral,Unknown,Unknown,0,sothe party robot,"['sothe', 'party', 'robot']",3,17,positive,0.4046,"{np.str_('negative'): 0.2554, np.str_('neutral'): 0.34, np.str_('positive'): 0.4046}",labeled,neutral,0.7572,"{'neutral': 0.7572, 'negative': 0.1371, 'positive': 0.1057}",neutral,0.5903,1,['@user']
374,"the movie occasionally threatens to become didactic , but it's too grounded in the reality of its characters to go over the edge . a touch of humor or an unexpected plot twist always pulls it back .",2024-08-10,unknown_user,,Rotten Tomatoes,en,rotten_tomatoes,positive,Unknown,Unknown,0,movie occasionally threatens become didactic but grounded reality character go edge touch humor unexpected plot twist always pull back,"['movie', 'occasionally', 'threatens', 'become', 'didactic', 'but', 'grounded', 'reality', 'character', 'go', 'edge', 'touch', 'humor', 'unexpected', 'plot', 'twist', 'always', 'pull', 'back']",19,134,positive,0.4664,"{np.str_('negative'): 0.4208, np.str_('neutral'): 0.1128, np.str_('positive'): 0.4664}",labeled,negative,0.5597,"{'negative': 0.5597, 'neutral': 0.4155, 'positive': 0.0249}",negative,0.5041,1,[]
375,@user we'll see you on 2 May in Milan,2024-05-30,unknown_user,,Twitter (tweet_eval),en,tweet_eval_sentiment,neutral,Unknown,Unknown,0,well see may milan,"['well', 'see', 'may', 'milan']",4,18,neutral,0.6202,"{np.str_('negative'): 0.1689, np.str_('neutral'): 0.6202, np.str_('positive'): 0.2109}",labeled,neutral,0.8441,"{'neutral': 0.8441, 'positive': 0.1139, 'negative': 0.042}",neutral,0.7545,0,"['@user', 'Milan']"
376,Tennessee Tech\u2019s Steve Payne says Murray State does things the right way - Oct 24 @ 6:47 PM ET,2024-08-06,unknown_user,,Twitter (tweet_eval),en,tweet_eval_sentiment,positive,Unknown,Unknown,0,tennessee techu2019s steve payne say murray state thing right way oct 24 647 pm et,"['tennessee', 'techu2019s', 'steve', 'payne', 'say', 'murray', 'state', 'thing', 'right', 'way', 'oct', '24', '647', 'pm', 'et']",15,82,positive,0.4386,"{np.str_('negative'): 0.2997, np.str_('neutral'): 0.2618, np.str_('positive'): 0.4386}",labeled,neutral,0.9369,"{'neutral': 0.9369, 'positive': 0.0489, 'negative': 0.0142}",neutral,0.6669,1,"['Murray State', 'Tennessee', 'Tech\\u2019s Steve Payne']"
377,"""Tribe Uses Homers to Set Sale; Indians 3, White Sox 2: The Indians beat Chris Sale and the White Sox, 3-2, Mon...",2024-08-26,unknown_user,,Twitter (tweet_eval),en,tweet_eval_sentiment,neutral,Unknown,Unknown,0,tribe us homer set sale indian white sox indian beat chris sale white sox 32 mon,"['tribe', 'us', 'homer', 'set', 'sale', 'indian', 'white', 'sox', 'indian', 'beat', 'chris', 'sale', 'white', 'sox', '32', 'mon']",16,80,neutral,0.5154,"{np.str_('negative'): 0.2563, np.str_('neutral'): 0.5154, np.str_('positive'): 0.2284}",labeled,neutral,0.9097,"{'neutral': 0.9097, 'positive': 0.0751, 'negative': 0.0152}",neutral,0.752,0,"['Chris Sale', 'the White Sox']"
378,@user I finally got moto g 3rd gen but its camera is not good as my Nokia lumia 720 is there something wrong in the unit which I got,2025-04-21,unknown_user,,Twitter (tweet_eval),en,tweet_eval_sentiment,neutral,Unknown,Unknown,0,finally got moto 3rd gen but camera not good nokia lumia 720 something wrong unit got,"['finally', 'got', 'moto', '3rd', 'gen', 'but', 'camera', 'not', 'good', 'nokia', 'lumia', '720', 'something', 'wrong', 'unit', 'got']",16,85,neutral,0.3931,"{np.str_('negative'): 0.2463, np.str_('neutral'): 0.3931, np.str_('positive'): 0.3606}",labeled,negative,0.9105,"{'negative': 0.9105, 'neutral': 0.0812, 'positive': 0.0083}",negative,0.6448,1,['Nokia']
379,1st time to watch PBA. Best Seat on the House!! Thanx sahia! =) @ SMART Araneta Coliseum,2024-09-21,unknown_user,,Twitter (tweet_eval),en,tweet_eval_sentiment,positive,Unknown,Unknown,0,1st time watch pba best seat house thanx sahia smart araneta coliseum,"['1st', 'time', 'watch', 'pba', 'best', 'seat', 'house', 'thanx', 'sahia', 'smart', 'araneta', 'coliseum']",12,69,positive,0.5235,"{np.str_('negative'): 0.1784, np.str_('neutral'): 0.2981, np.str_('positive'): 0.5235}",labeled,positive,0.941,"{'positive': 0.941, 'neutral': 0.0558, 'negative': 0.0032}",positive,0.774,0,"['House', 'Best Seat', 'PBA', '=) @']"
380,@user @user @user Don:Please have the Conway girl send this to all the deplorables that voted for the 2016  scam,2024-10-18,unknown_user,,Twitter (tweet_eval),en,tweet_eval_sentiment,negative,Unknown,Unknown,0,donplease conway girl send deplorables voted 2016 scam,"['donplease', 'conway', 'girl', 'send', 'deplorables', 'voted', '2016', 'scam']",8,54,negative,0.3799,"{np.str_('negative'): 0.3799, np.str_('neutral'): 0.3658, np.str_('positive'): 0.2543}",labeled,negative,0.8129,"{'negative': 0.8129, 'neutral': 0.175, 'positive': 0.0121}",negative,0.6397,0,['Conway']
381,@user perfect @user,2024-04-04,unknown_user,,Twitter (tweet_eval),en,tweet_eval_sentiment,neutral,Unknown,Unknown,0,perfect,['perfect'],1,7,positive,0.4046,"{np.str_('negative'): 0.2554, np.str_('neutral'): 0.34, np.str_('positive'): 0.4046}",labeled,positive,0.7877,"{'positive': 0.7877, 'neutral': 0.1478, 'negative': 0.0645}",positive,0.6345,0,['@user']
382,"things really get weird , though not particularly scary : ",2025-02-25,unknown_user,,SST-2,en,sst2,negative,Unknown,Unknown,1,thing really get weird though not particularly scary,"['thing', 'really', 'get', 'weird', 'though', 'not', 'particularly', 'scary']",8,52,positive,0.3822,"{np.str_('negative'): 0.3487, np.str_('neutral'): 0.2691, np.str_('positive'): 0.3822}",labeled,negative,0.7276,"{'negative': 0.7276, 'neutral': 0.2571, 'positive': 0.0154}",negative,0.576,1,[]
383,"@user Yep, that's Putin's girl, same as Bernie and Trump puppets.",2025-02-10,unknown_user,,Twitter (tweet_eval),en,tweet_eval_sentiment,negative,Trump,Unknown,0,yep thats putin girl bernie trump puppet,"['yep', 'thats', 'putin', 'girl', 'bernie', 'trump', 'puppet']",7,40,negative,0.4362,"{np.str_('negative'): 0.4362, np.str_('neutral'): 0.2726, np.str_('positive'): 0.2912}",labeled,negative,0.5363,"{'negative': 0.5363, 'neutral': 0.4172, 'positive': 0.0465}",negative,0.4963,0,"['Putin', '@user Yep', 'Bernie', 'Trump']"
384,@user tweeting\u002c beats me to the punch. I\u2019m sure he aims to beat everybody else tomorrow night in NNS race #NASCAR,2024-11-02,unknown_user,,Twitter (tweet_eval),en,tweet_eval_sentiment,neutral,Unknown,Unknown,0,tweetingu002c beat punch iu2019m sure aim beat everybody else tomorrow night nns race,"['tweetingu002c', 'beat', 'punch', 'iu2019m', 'sure', 'aim', 'beat', 'everybody', 'else', 'tomorrow', 'night', 'nns', 'race']",13,85,positive,0.5127,"{np.str_('negative'): 0.0957, np.str_('neutral'): 0.3916, np.str_('positive'): 0.5127}",labeled,neutral,0.7033,"{'neutral': 0.7033, 'positive': 0.1506, 'negative': 0.1461}",neutral,0.5786,1,"['@user', 'NNS', 'NASCAR']"
385,"All Cheney could say is that's it's Obama's fault...classic, as if Iran started its nuke program on Jan 1st 2009",2024-09-02,unknown_user,,Twitter (tweet_eval),en,tweet_eval_sentiment,negative,Obama,Unknown,0,cheney could say thats obamas faultclassic iran started nuke program jan 1st 2009,"['cheney', 'could', 'say', 'thats', 'obamas', 'faultclassic', 'iran', 'started', 'nuke', 'program', 'jan', '1st', '2009']",13,81,positive,0.4115,"{np.str_('negative'): 0.2741, np.str_('neutral'): 0.3144, np.str_('positive'): 0.4115}",labeled,negative,0.5325,"{'negative': 0.5325, 'neutral': 0.4504, 'positive': 0.017}",negative,0.4291,1,"['Cheney', 'Iran', 'Obama']"
386,Oh! So bummed @user has no rooms avail on the 16th! Where the heck am I supposed to stay when I see Madonna?,2024-10-01,unknown_user,,Twitter (tweet_eval),en,tweet_eval_sentiment,negative,Unknown,Unknown,1,oh bummed no room avail 16th heck supposed stay see madonna,"['oh', 'bummed', 'no', 'room', 'avail', '16th', 'heck', 'supposed', 'stay', 'see', 'madonna']",11,59,positive,0.4379,"{np.str_('negative'): 0.353, np.str_('neutral'): 0.2091, np.str_('positive'): 0.4379}",labeled,negative,0.9089,"{'negative': 0.9089, 'neutral': 0.0819, 'positive': 0.0093}",negative,0.6865,1,"['@user', 'Madonna']"
387,Clearly an attempt to scare people people into supporting more gun control,2024-03-19,unknown_user,,Twitter (tweet_eval),en,tweet_eval_sentiment,negative,Unknown,Unknown,0,clearly attempt scare people people supporting gun control,"['clearly', 'attempt', 'scare', 'people', 'people', 'supporting', 'gun', 'control']",8,58,positive,0.4376,"{np.str_('negative'): 0.3782, np.str_('neutral'): 0.1842, np.str_('positive'): 0.4376}",labeled,negative,0.5819,"{'negative': 0.5819, 'neutral': 0.3906, 'positive': 0.0274}",negative,0.5004,1,[]
388,Sweet Sunday morning with the King...  Bob Marley #reggaemusic #emancipateyourself,2024-06-16,unknown_user,,Twitter (tweet_eval),en,tweet_eval_sentiment,positive,Unknown,Unknown,0,sweet sunday morning king bob marley,"['sweet', 'sunday', 'morning', 'king', 'bob', 'marley']",6,36,positive,0.5183,"{np.str_('negative'): 0.1441, np.str_('neutral'): 0.3376, np.str_('positive'): 0.5183}",labeled,positive,0.9637,"{'positive': 0.9637, 'neutral': 0.0332, 'negative': 0.0031}",positive,0.7855,0,"['Bob Marley', 'King']"
389,National Ice Cream day on Sunday and now it's National Hot Dog Day? Is the calendar trying to kill me???,2024-01-08,unknown_user,,Twitter (tweet_eval),en,tweet_eval_sentiment,negative,Unknown,Unknown,0,national ice cream day sunday national hot dog day calendar trying kill,"['national', 'ice', 'cream', 'day', 'sunday', 'national', 'hot', 'dog', 'day', 'calendar', 'trying', 'kill']",12,71,positive,0.4646,"{np.str_('negative'): 0.2746, np.str_('neutral'): 0.2607, np.str_('positive'): 0.4646}",labeled,neutral,0.6091,"{'neutral': 0.6091, 'positive': 0.2579, 'negative': 0.133}",neutral,0.4697,1,['National Ice Cream day']
390,We may as well be part of China the day Kanye West gets to the White House.,2024-05-16,unknown_user,,Twitter (tweet_eval),en,tweet_eval_sentiment,negative,Unknown,Unknown,0,may well part china day kanye west get white house,"['may', 'well', 'part', 'china', 'day', 'kanye', 'west', 'get', 'white', 'house']",10,50,neutral,0.4423,"{np.str_('negative'): 0.2337, np.str_('neutral'): 0.4423, np.str_('positive'): 0.324}",labeled,neutral,0.7892,"{'neutral': 0.7892, 'negative': 0.1649, 'positive': 0.0459}",neutral,0.6504,0,"['the White House', 'China']"
391,"""School starts on monday, I want to crai.""",2024-05-25,unknown_user,,Twitter (tweet_eval),en,tweet_eval_sentiment,negative,Unknown,Unknown,0,school start monday want crai,"['school', 'start', 'monday', 'want', 'crai']",5,29,neutral,0.4428,"{np.str_('negative'): 0.3346, np.str_('neutral'): 0.4428, np.str_('positive'): 0.2226}",labeled,neutral,0.5968,"{'neutral': 0.5968, 'negative': 0.3613, 'positive': 0.042}",neutral,0.5352,0,[]
392,"""Do you own a Nissan Titan in Mesa, Jim Click wants to be your one stop  automotive destination. Visit us at",2024-10-09,unknown_user,,Twitter (tweet_eval),en,tweet_eval_sentiment,neutral,Unknown,Unknown,0,nissan titan mesa jim click want one stop automotive destination visit u,"['nissan', 'titan', 'mesa', 'jim', 'click', 'want', 'one', 'stop', 'automotive', 'destination', 'visit', 'u']",12,72,neutral,0.3938,"{np.str_('negative'): 0.2761, np.str_('neutral'): 0.3938, np.str_('positive'): 0.3301}",labeled,neutral,0.6982,"{'neutral': 0.6982, 'positive': 0.2716, 'negative': 0.0302}",neutral,0.5764,0,"['Jim Click', 'Mesa']"
393,Glad tomorrow is my last day at the Skate Center . Working one day a week is a joke ! Lol . #GottaFindANewJob,2025-01-13,unknown_user,,Twitter (tweet_eval),en,tweet_eval_sentiment,positive,Unknown,Unknown,0,glad tomorrow last day skate center working one day week joke lol,"['glad', 'tomorrow', 'last', 'day', 'skate', 'center', 'working', 'one', 'day', 'week', 'joke', 'lol']",12,65,positive,0.5691,"{np.str_('negative'): 0.1525, np.str_('neutral'): 0.2783, np.str_('positive'): 0.5691}",labeled,positive,0.8978,"{'positive': 0.8978, 'neutral': 0.0922, 'negative': 0.01}",positive,0.7663,0,"['GottaFindANewJob', 'Lol']"
394,Baron Corbin might actually have the 2nd best job in the world next to Brock Lesnar   Arrive Squash/Get Paid Leave Repeat,2025-04-12,unknown_user,,Twitter (tweet_eval),en,tweet_eval_sentiment,positive,Unknown,Unknown,0,baron corbin might actually 2nd best job world next brock lesnar arrive squashget paid leave repeat,"['baron', 'corbin', 'might', 'actually', '2nd', 'best', 'job', 'world', 'next', 'brock', 'lesnar', 'arrive', 'squashget', 'paid', 'leave', 'repeat']",16,99,positive,0.5387,"{np.str_('negative'): 0.1644, np.str_('neutral'): 0.2969, np.str_('positive'): 0.5387}",labeled,positive,0.8181,"{'positive': 0.8181, 'neutral': 0.1721, 'negative': 0.0099}",positive,0.7063,0,"['Baron Corbin', 'Brock Lesnar']"
395,kinnear gives a tremendous performance .,2024-12-22,unknown_user,,Rotten Tomatoes,en,rotten_tomatoes,positive,Unknown,Unknown,0,kinnear give tremendous performance,"['kinnear', 'give', 'tremendous', 'performance']",4,35,positive,0.5932,"{np.str_('negative'): 0.2273, np.str_('neutral'): 0.1795, np.str_('positive'): 0.5932}",labeled,positive,0.9324,"{'positive': 0.9324, 'neutral': 0.0617, 'negative': 0.0059}",positive,0.7967,0,[]
396,"""Still have 2 x Foo Fighters tickets for sale for tomorrow at the Milton Keynes bowl @ 4pm.  Unable to go, message me for details.""",2024-11-22,unknown_user,,Twitter (tweet_eval),en,tweet_eval_sentiment,neutral,Unknown,Unknown,0,still foo fighter ticket sale tomorrow milton keynes bowl 4pm unable go message detail,"['still', 'foo', 'fighter', 'ticket', 'sale', 'tomorrow', 'milton', 'keynes', 'bowl', '4pm', 'unable', 'go', 'message', 'detail']",14,86,neutral,0.435,"{np.str_('negative'): 0.1632, np.str_('neutral'): 0.435, np.str_('positive'): 0.4017}",labeled,neutral,0.7116,"{'neutral': 0.7116, 'negative': 0.2706, 'positive': 0.0178}",neutral,0.601,0,['Foo Fighters']
397,"""HEROES! Well, almost. These four lucky residents scored gigs in 'Ant-Man.' Check out the story tomorrow!",2025-04-10,unknown_user,,Twitter (tweet_eval),en,tweet_eval_sentiment,positive,Unknown,Conservatives,0,hero well almost four lucky resident scored gig antman check story tomorrow,"['hero', 'well', 'almost', 'four', 'lucky', 'resident', 'scored', 'gig', 'antman', 'check', 'story', 'tomorrow']",12,75,neutral,0.3613,"{np.str_('negative'): 0.2796, np.str_('neutral'): 0.3613, np.str_('positive'): 0.3591}",labeled,positive,0.9309,"{'positive': 0.9309, 'neutral': 0.065, 'negative': 0.0041}",positive,0.7022,1,[]
398,Only reason im excited for tomorrow is the AC/DC concert,2025-05-04,unknown_user,,Twitter (tweet_eval),en,tweet_eval_sentiment,positive,Unknown,Unknown,0,reason im excited tomorrow acdc concert,"['reason', 'im', 'excited', 'tomorrow', 'acdc', 'concert']",6,39,positive,0.5612,"{np.str_('negative'): 0.1725, np.str_('neutral'): 0.2663, np.str_('positive'): 0.5612}",labeled,positive,0.9873,"{'positive': 0.9873, 'neutral': 0.011, 'negative': 0.0017}",positive,0.8169,0,['the AC/DC']
399,"@user Deeply inspired by David Bowie - ashes to ashes and pink floyd, set the controls for the heart of the sun = depressing game""",2024-10-28,unknown_user,,Twitter (tweet_eval),en,tweet_eval_sentiment,negative,Unknown,Unknown,0,deeply inspired david bowie ash ash pink floyd set control heart sun depressing game,"['deeply', 'inspired', 'david', 'bowie', 'ash', 'ash', 'pink', 'floyd', 'set', 'control', 'heart', 'sun', 'depressing', 'game']",14,84,neutral,0.479,"{np.str_('negative'): 0.1551, np.str_('neutral'): 0.479, np.str_('positive'): 0.3659}",labeled,neutral,0.6279,"{'neutral': 0.6279, 'positive': 0.2466, 'negative': 0.1254}",neutral,0.5683,0,"['@user', 'David Bowie - ashes']"
400,an estrogen opera so intensely feminine that it serves as the antidote ( and cannier doppelganger ) to diesel's xxx flex-a-thon .,2024-02-06,unknown_user,,Rotten Tomatoes,en,rotten_tomatoes,positive,Unknown,Unknown,0,estrogen opera intensely feminine serf antidote cannier doppelganger diesel xxx flexathon,"['estrogen', 'opera', 'intensely', 'feminine', 'serf', 'antidote', 'cannier', 'doppelganger', 'diesel', 'xxx', 'flexathon']",11,89,positive,0.4046,"{np.str_('negative'): 0.2554, np.str_('neutral'): 0.34, np.str_('positive'): 0.4046}",labeled,neutral,0.8265,"{'neutral': 0.8265, 'negative': 0.1021, 'positive': 0.0714}",neutral,0.6319,1,[]
401,"@user ""As conservatives, we also care about your sexuality though"".",2024-07-22,unknown_user,,Twitter (tweet_eval),en,tweet_eval_sentiment,negative,Unknown,Conservatives,0,conservative also care sexuality though,"['conservative', 'also', 'care', 'sexuality', 'though']",5,39,positive,0.4046,"{np.str_('negative'): 0.2554, np.str_('neutral'): 0.34, np.str_('positive'): 0.4046}",labeled,neutral,0.7142,"{'neutral': 0.7142, 'negative': 0.2476, 'positive': 0.0381}",neutral,0.5645,1,['@user']
402,"""Can't wait for tomorrow's headline: """"Nicki beats the hell out of Miley at VMA after party""""""",2024-02-24,unknown_user,,Twitter (tweet_eval),en,tweet_eval_sentiment,positive,Unknown,Unknown,0,cant wait tomorrow headline nicki beat hell miley vma party,"['cant', 'wait', 'tomorrow', 'headline', 'nicki', 'beat', 'hell', 'miley', 'vma', 'party']",10,59,positive,0.5787,"{np.str_('negative'): 0.1501, np.str_('neutral'): 0.2712, np.str_('positive'): 0.5787}",labeled,positive,0.9262,"{'positive': 0.9262, 'neutral': 0.0673, 'negative': 0.0065}",positive,0.7872,0,"['Miley', 'VMA']"
403,directed the film from the back of a taxicab ,2024-06-01,unknown_user,,SST-2,en,sst2,negative,Unknown,Unknown,0,directed film back taxicab,"['directed', 'film', 'back', 'taxicab']",4,26,positive,0.5315,"{np.str_('negative'): 0.3576, np.str_('neutral'): 0.1109, np.str_('positive'): 0.5315}",labeled,neutral,0.8323,"{'neutral': 0.8323, 'positive': 0.1289, 'negative': 0.0388}",neutral,0.5437,1,[]
404,"@user u 2 missed it. statement was plotted to take attention away from UK national Rahul Gandhi. 2ndly, such BS ll hit fan in Apr.""",2024-11-21,unknown_user,,Twitter (tweet_eval),en,tweet_eval_sentiment,negative,Rahul Gandhi,INC (Congress),0,missed statement plotted take attention away uk national RahulGandhi 2ndly b hit fan apr,"['missed', 'statement', 'plotted', 'take', 'attention', 'away', 'uk', 'national', 'RahulGandhi', '2ndly', 'b', 'hit', 'fan', 'apr']",14,88,positive,0.3882,"{np.str_('negative'): 0.3721, np.str_('neutral'): 0.2396, np.str_('positive'): 0.3882}",labeled,negative,0.5823,"{'negative': 0.5823, 'neutral': 0.3958, 'positive': 0.022}",negative,0.4982,1,"['BS', '@user', 'UK', 'Rahul Gandhi']"
405,Tomorrow is National Ice Cream Day! Here's every place you can get free ice cream:,2024-02-15,unknown_user,,Twitter (tweet_eval),en,tweet_eval_sentiment,positive,Unknown,Unknown,0,tomorrow national ice cream day here every place get free ice cream,"['tomorrow', 'national', 'ice', 'cream', 'day', 'here', 'every', 'place', 'get', 'free', 'ice', 'cream']",12,67,positive,0.4695,"{np.str_('negative'): 0.2821, np.str_('neutral'): 0.2485, np.str_('positive'): 0.4695}",labeled,positive,0.9374,"{'positive': 0.9374, 'neutral': 0.0605, 'negative': 0.0021}",positive,0.7502,0,['National Ice Cream Day']
406,Nice video of latest tests @user for self-driving cars. Easy ride 🚗,2025-01-16,unknown_user,,Twitter (tweet_eval),en,tweet_eval_sentiment,positive,Unknown,Unknown,0,nice video latest test selfdriving car easy ride automobile,"['nice', 'video', 'latest', 'test', 'selfdriving', 'car', 'easy', 'ride', 'automobile']",9,59,positive,0.4325,"{np.str_('negative'): 0.2449, np.str_('neutral'): 0.3226, np.str_('positive'): 0.4325}",labeled,positive,0.935,"{'positive': 0.935, 'neutral': 0.0599, 'negative': 0.0051}",positive,0.734,0,"['@user', '🚗']"
407,I could listen to the black Friday songs Kendrick and cole dropped all day man fr,2024-03-21,unknown_user,,Twitter (tweet_eval),en,tweet_eval_sentiment,positive,Unknown,Unknown,0,could listen black friday song kendrick cole dropped day man fr,"['could', 'listen', 'black', 'friday', 'song', 'kendrick', 'cole', 'dropped', 'day', 'man', 'fr']",11,63,positive,0.5192,"{np.str_('negative'): 0.1365, np.str_('neutral'): 0.3443, np.str_('positive'): 0.5192}",labeled,positive,0.775,"{'positive': 0.775, 'neutral': 0.2095, 'negative': 0.0155}",positive,0.6727,0,['Kendrick']
408,Why the Electoral College must choose Clinton. #faithlesselectors #hamiltonelectors #ElectoralCollege #StillWithHer,2025-03-31,unknown_user,,Twitter (tweet_eval),en,tweet_eval_sentiment,positive,Unknown,Unknown,0,electoral college must choose clinton,"['electoral', 'college', 'must', 'choose', 'clinton']",5,37,negative,0.3782,"{np.str_('negative'): 0.3782, np.str_('neutral'): 0.3256, np.str_('positive'): 0.2962}",labeled,neutral,0.8245,"{'neutral': 0.8245, 'negative': 0.1082, 'positive': 0.0673}",neutral,0.6249,1,"['the Electoral College', 'Clinton', 'StillWithHer']"
409,Foo Fighters and The Vamps on the same list?!! thats why i love New Music Friday playlist on Spotify @user,2024-12-20,unknown_user,,Twitter (tweet_eval),en,tweet_eval_sentiment,positive,Unknown,Unknown,0,foo fighter vamp list thats love new music friday playlist spotify,"['foo', 'fighter', 'vamp', 'list', 'thats', 'love', 'new', 'music', 'friday', 'playlist', 'spotify']",11,66,positive,0.4555,"{np.str_('negative'): 0.1458, np.str_('neutral'): 0.3986, np.str_('positive'): 0.4555}",labeled,positive,0.9539,"{'positive': 0.9539, 'neutral': 0.0437, 'negative': 0.0024}",positive,0.7545,0,"['New Music', 'Vamps', 'Spotify', 'Foo Fighters']"
410,@user You lied your way through the entire campaign. not going to believe u now. Hiring racists and and white supremacists. SAD,2024-12-22,unknown_user,,Twitter (tweet_eval),en,tweet_eval_sentiment,negative,Unknown,Unknown,0,lied way entire campaign not going believe hiring racist white supremacist sad,"['lied', 'way', 'entire', 'campaign', 'not', 'going', 'believe', 'hiring', 'racist', 'white', 'supremacist', 'sad']",12,78,neutral,0.3348,"{np.str_('negative'): 0.3324, np.str_('neutral'): 0.3348, np.str_('positive'): 0.3328}",labeled,negative,0.9028,"{'negative': 0.9028, 'neutral': 0.0901, 'positive': 0.0071}",negative,0.6746,1,[]
411,Jim Murphy as a conflict resolution adviser? the most inspired choice since Tony Blair became a peace envoy :-/,2024-12-13,unknown_user,,Twitter (tweet_eval),en,tweet_eval_sentiment,neutral,Unknown,Unknown,0,jim murphy conflict resolution adviser inspired choice since tony blair became peace envoy,"['jim', 'murphy', 'conflict', 'resolution', 'adviser', 'inspired', 'choice', 'since', 'tony', 'blair', 'became', 'peace', 'envoy']",13,90,positive,0.4046,"{np.str_('negative'): 0.2554, np.str_('neutral'): 0.34, np.str_('positive'): 0.4046}",labeled,neutral,0.8681,"{'neutral': 0.8681, 'positive': 0.1001, 'negative': 0.0319}",neutral,0.6569,1,"['Tony Blair', 'Jim Murphy']"
412,@user Mr. Arici didn't even pretend to donate to charity while paying to undermine our country with a dictator?,2024-09-27,unknown_user,,Twitter (tweet_eval),en,tweet_eval_sentiment,neutral,Unknown,Unknown,0,mr arici didnt even pretend donate charity paying undermine country dictator,"['mr', 'arici', 'didnt', 'even', 'pretend', 'donate', 'charity', 'paying', 'undermine', 'country', 'dictator']",11,76,neutral,0.4797,"{np.str_('negative'): 0.294, np.str_('neutral'): 0.4797, np.str_('positive'): 0.2262}",labeled,negative,0.778,"{'negative': 0.778, 'neutral': 0.2079, 'positive': 0.014}",negative,0.5844,1,"['Arici', '@user']"
413,@user I guess the world's super power putting a brutal economic embargo didn't hurt Cuba at all,2025-04-11,unknown_user,,Twitter (tweet_eval),en,tweet_eval_sentiment,neutral,Unknown,Unknown,0,guess world super power putting brutal economic embargo didnt hurt cuba,"['guess', 'world', 'super', 'power', 'putting', 'brutal', 'economic', 'embargo', 'didnt', 'hurt', 'cuba']",11,71,neutral,0.5464,"{np.str_('negative'): 0.2251, np.str_('neutral'): 0.5464, np.str_('positive'): 0.2285}",labeled,negative,0.5917,"{'negative': 0.5917, 'neutral': 0.3837, 'positive': 0.0246}",neutral,0.4488,0,['Cuba']
414,"""Carly Fiorina: 'Game On': Carly Fiorina explained on Fox News Sunday this morning that the presidential """"race ...",2024-11-24,unknown_user,,Twitter (tweet_eval),en,tweet_eval_sentiment,neutral,Unknown,Unknown,0,carly fiorina game carly fiorina explained fox news sunday morning presidential race,"['carly', 'fiorina', 'game', 'carly', 'fiorina', 'explained', 'fox', 'news', 'sunday', 'morning', 'presidential', 'race']",12,84,neutral,0.4719,"{np.str_('negative'): 0.1375, np.str_('neutral'): 0.4719, np.str_('positive'): 0.3905}",labeled,neutral,0.912,"{'neutral': 0.912, 'positive': 0.0773, 'negative': 0.0107}",neutral,0.736,0,['Fox News']
415,@user Your mail monday with Fps Russia was such a tease lol,2024-08-10,unknown_user,,Twitter (tweet_eval),en,tweet_eval_sentiment,negative,Unknown,Unknown,0,mail monday fps russia tease lol,"['mail', 'monday', 'fps', 'russia', 'tease', 'lol']",6,32,neutral,0.4118,"{np.str_('negative'): 0.2958, np.str_('neutral'): 0.4118, np.str_('positive'): 0.2924}",labeled,neutral,0.7576,"{'neutral': 0.7576, 'negative': 0.1214, 'positive': 0.1211}",neutral,0.6193,0,['@user']
416,"""this Monday 21st of December, 7:30 PM in Jerusalem, the (unofficial) embassy of Iran will be opened by a group of...",2024-01-31,unknown_user,,Twitter (tweet_eval),en,tweet_eval_sentiment,neutral,Unknown,Unknown,0,monday 21st december 730 pm jerusalem unofficial embassy iran opened group,"['monday', '21st', 'december', '730', 'pm', 'jerusalem', 'unofficial', 'embassy', 'iran', 'opened', 'group']",11,74,neutral,0.493,"{np.str_('negative'): 0.2872, np.str_('neutral'): 0.493, np.str_('positive'): 0.2197}",labeled,neutral,0.9282,"{'neutral': 0.9282, 'positive': 0.0635, 'negative': 0.0083}",neutral,0.7541,0,"['Jerusalem', 'Iran']"
417,"""90% of Muslims may be good individually. But, in a mob, 95%of Muslims are just fanatic idiots.",2024-05-10,unknown_user,,Twitter (tweet_eval),en,tweet_eval_sentiment,negative,Unknown,Unknown,1,90 muslim may good individually but mob 95of muslim fanatic idiot,"['90', 'muslim', 'may', 'good', 'individually', 'but', 'mob', '95of', 'muslim', 'fanatic', 'idiot']",11,65,positive,0.6326,"{np.str_('negative'): 0.2113, np.str_('neutral'): 0.1561, np.str_('positive'): 0.6326}",labeled,negative,0.7338,"{'negative': 0.7338, 'neutral': 0.2442, 'positive': 0.0219}",negative,0.5248,1,[]
418,"""This Sunday join us for \""""""""Living in the Valley.\""""""""",2025-01-02,unknown_user,,Twitter (tweet_eval),en,tweet_eval_sentiment,neutral,Unknown,Unknown,0,sunday join u living valley,"['sunday', 'join', 'u', 'living', 'valley']",5,27,positive,0.4318,"{np.str_('negative'): 0.1532, np.str_('neutral'): 0.415, np.str_('positive'): 0.4318}",labeled,neutral,0.8895,"{'neutral': 0.8895, 'positive': 0.1012, 'negative': 0.0093}",neutral,0.6997,1,[]
419,"""Finally sat and watched it. David Bowie's #Blackstar is PERFECT. More of this, less of everything else.""",2025-01-06,unknown_user,,Twitter (tweet_eval),en,tweet_eval_sentiment,positive,Unknown,Unknown,0,finally sat watched david bowie perfect less everything else,"['finally', 'sat', 'watched', 'david', 'bowie', 'perfect', 'less', 'everything', 'else']",9,60,positive,0.5279,"{np.str_('negative'): 0.1708, np.str_('neutral'): 0.3014, np.str_('positive'): 0.5279}",labeled,positive,0.9175,"{'positive': 0.9175, 'neutral': 0.0761, 'negative': 0.0064}",positive,0.7617,0,"['Blackstar', ""David Bowie's""]"
420,Brook Lopez gets a short shot +1\u002c #brooklynnets lead 71-56 w/ 4:20 to play in the 3rd quarter. #hellobrooklyn,2024-11-16,unknown_user,,Twitter (tweet_eval),en,tweet_eval_sentiment,neutral,Unknown,Unknown,0,brook lopez get short shot 1u002c lead 7156 420 play 3rd quarter,"['brook', 'lopez', 'get', 'short', 'shot', '1u002c', 'lead', '7156', '420', 'play', '3rd', 'quarter']",12,64,negative,0.362,"{np.str_('negative'): 0.362, np.str_('neutral'): 0.3284, np.str_('positive'): 0.3096}",labeled,neutral,0.9297,"{'neutral': 0.9297, 'positive': 0.0421, 'negative': 0.0282}",neutral,0.6892,1,['Brook Lopez']
421,Made a 96 on that paper that was due the Monday after Thanksgiving break!,2024-07-05,unknown_user,,Twitter (tweet_eval),en,tweet_eval_sentiment,neutral,Unknown,Unknown,0,made 96 paper due monday thanksgiving break,"['made', '96', 'paper', 'due', 'monday', 'thanksgiving', 'break']",7,43,neutral,0.421,"{np.str_('negative'): 0.2287, np.str_('neutral'): 0.421, np.str_('positive'): 0.3503}",labeled,neutral,0.7864,"{'neutral': 0.7864, 'positive': 0.1718, 'negative': 0.0418}",neutral,0.6402,0,[]
422,Isn't Japan's debt large too: The Mainichi answers common questions readers may have about Japan's large debts...,2025-01-25,unknown_user,,Twitter (tweet_eval),en,tweet_eval_sentiment,negative,Unknown,Unknown,0,isnt japan debt large mainichi answer common question reader may japan large debt,"['isnt', 'japan', 'debt', 'large', 'mainichi', 'answer', 'common', 'question', 'reader', 'may', 'japan', 'large', 'debt']",13,81,positive,0.4046,"{np.str_('negative'): 0.2554, np.str_('neutral'): 0.34, np.str_('positive'): 0.4046}",labeled,neutral,0.7653,"{'neutral': 0.7653, 'negative': 0.2109, 'positive': 0.0237}",neutral,0.5952,1,"['Japan', 'Mainichi']"
423,"""My verdict on Paper Towns: solid 8/10. Very nice, simply done. May have fallen in love with Nat Wolff's acting more than humanly possible.""",2024-09-03,unknown_user,,Twitter (tweet_eval),en,tweet_eval_sentiment,positive,Unknown,Unknown,0,verdict paper town solid 810 nice simply done may fallen love nat wolff acting humanly possible,"['verdict', 'paper', 'town', 'solid', '810', 'nice', 'simply', 'done', 'may', 'fallen', 'love', 'nat', 'wolff', 'acting', 'humanly', 'possible']",16,95,positive,0.6304,"{np.str_('negative'): 0.1289, np.str_('neutral'): 0.2407, np.str_('positive'): 0.6304}",labeled,positive,0.9172,"{'positive': 0.9172, 'neutral': 0.0756, 'negative': 0.0072}",positive,0.8025,0,"[""Nat Wolff's""]"
424,"""Kanye West is wrong. It may be more pleasant to think that success is binary, but it's definitely not.""",2024-05-23,unknown_user,,Twitter (tweet_eval),en,tweet_eval_sentiment,negative,Unknown,Unknown,0,kanye west wrong may pleasant think success binary but definitely not,"['kanye', 'west', 'wrong', 'may', 'pleasant', 'think', 'success', 'binary', 'but', 'definitely', 'not']",11,69,neutral,0.4492,"{np.str_('negative'): 0.1897, np.str_('neutral'): 0.4492, np.str_('positive'): 0.361}",labeled,negative,0.6287,"{'negative': 0.6287, 'neutral': 0.352, 'positive': 0.0193}",negative,0.4531,1,['Kanye West']
425,"quirky , charming and ",2024-10-15,unknown_user,,SST-2,en,sst2,positive,Unknown,Unknown,0,quirky charming,"['quirky', 'charming']",2,15,positive,0.4046,"{np.str_('negative'): 0.2554, np.str_('neutral'): 0.34, np.str_('positive'): 0.4046}",labeled,positive,0.6933,"{'positive': 0.6933, 'neutral': 0.2701, 'negative': 0.0367}",positive,0.5778,0,[]
426,what more can be expected from a college comedy that's target audience hasn't graduated from junior high school ?,2025-03-16,unknown_user,,Rotten Tomatoes,en,rotten_tomatoes,negative,Unknown,Unknown,0,expected college comedy thats target audience hasnt graduated junior high school,"['expected', 'college', 'comedy', 'thats', 'target', 'audience', 'hasnt', 'graduated', 'junior', 'high', 'school']",11,80,negative,0.4692,"{np.str_('negative'): 0.4692, np.str_('neutral'): 0.173, np.str_('positive'): 0.3578}",labeled,negative,0.5892,"{'negative': 0.5892, 'neutral': 0.386, 'positive': 0.0247}",negative,0.5412,0,[]
427,"@user go to sleep you have school tomorrow""",2025-05-12,unknown_user,,Twitter (tweet_eval),en,tweet_eval_sentiment,neutral,Unknown,Unknown,0,go sleep school tomorrow,"['go', 'sleep', 'school', 'tomorrow']",4,24,positive,0.3746,"{np.str_('negative'): 0.2617, np.str_('neutral'): 0.3638, np.str_('positive'): 0.3746}",labeled,neutral,0.6562,"{'neutral': 0.6562, 'negative': 0.2801, 'positive': 0.0637}",neutral,0.5392,1,['@user']
428,Tonight - we test one of our Nuit Blanche projects! Nuit Blanche is coming up! What are we doing you ask?,2025-05-01,unknown_user,,Twitter (tweet_eval),en,tweet_eval_sentiment,neutral,Unknown,Unknown,0,tonight test one nuit blanche project nuit blanche coming ask,"['tonight', 'test', 'one', 'nuit', 'blanche', 'project', 'nuit', 'blanche', 'coming', 'ask']",10,61,neutral,0.4543,"{np.str_('negative'): 0.182, np.str_('neutral'): 0.4543, np.str_('positive'): 0.3637}",labeled,neutral,0.922,"{'neutral': 0.922, 'positive': 0.068, 'negative': 0.0101}",neutral,0.7349,0,['Nuit Blanche']
429,"with a story inspired by the tumultuous surroundings of los angeles , where feelings of marginalization loom for every dreamer with a burst bubble , the dogwalker has a few characters and ideas , but it never manages to put them on the same path .",2024-06-27,unknown_user,,Rotten Tomatoes,en,rotten_tomatoes,negative,Unknown,Conservatives,0,story inspired tumultuous surroundings los angeles feeling marginalization loom every dreamer burst bubble dogwalker character idea but never manages put path,"['story', 'inspired', 'tumultuous', 'surroundings', 'los', 'angeles', 'feeling', 'marginalization', 'loom', 'every', 'dreamer', 'burst', 'bubble', 'dogwalker', 'character', 'idea', 'but', 'never', 'manages', 'put', 'path']",21,158,negative,0.5307,"{np.str_('negative'): 0.5307, np.str_('neutral'): 0.2008, np.str_('positive'): 0.2685}",labeled,negative,0.7641,"{'negative': 0.7641, 'neutral': 0.2262, 'positive': 0.0096}",negative,0.6707,0,['los angeles']
430,I get it now he told @user  tomorrow so she wouldn't come. Dang nobody likes Calle.,2024-12-05,unknown_user,,Twitter (tweet_eval),en,tweet_eval_sentiment,negative,Unknown,Unknown,1,get told tomorrow wouldnt come dang nobody like calle,"['get', 'told', 'tomorrow', 'wouldnt', 'come', 'dang', 'nobody', 'like', 'calle']",9,53,positive,0.5337,"{np.str_('negative'): 0.1979, np.str_('neutral'): 0.2684, np.str_('positive'): 0.5337}",labeled,negative,0.8801,"{'negative': 0.8801, 'neutral': 0.1097, 'positive': 0.0103}",negative,0.6072,1,"['@user', 'Calle']"
431,Voter registration is on-going. Tweet @user for directions to where you can register in your constituency#NiShowPower,2024-01-09,unknown_user,,Twitter (tweet_eval),en,tweet_eval_sentiment,neutral,Unknown,Unknown,0,voter registration ongoing tweet direction register constituency,"['voter', 'registration', 'ongoing', 'tweet', 'direction', 'register', 'constituency']",7,64,positive,0.4046,"{np.str_('negative'): 0.2554, np.str_('neutral'): 0.34, np.str_('positive'): 0.4046}",labeled,neutral,0.9324,"{'neutral': 0.9324, 'positive': 0.0425, 'negative': 0.0252}",neutral,0.6954,1,[]
432,"it's more enjoyable than i expected , though , and that's because the laughs come from fairly basic comedic constructs . cinematic pratfalls given a working over . the cast is spot on and the mood is laid back .",2024-02-19,unknown_user,,Rotten Tomatoes,en,rotten_tomatoes,positive,Unknown,Unknown,0,enjoyable expected though thats laugh come fairly basic comedic construct cinematic pratfall given working cast spot mood laid back,"['enjoyable', 'expected', 'though', 'thats', 'laugh', 'come', 'fairly', 'basic', 'comedic', 'construct', 'cinematic', 'pratfall', 'given', 'working', 'cast', 'spot', 'mood', 'laid', 'back']",19,131,positive,0.5506,"{np.str_('negative'): 0.2432, np.str_('neutral'): 0.2062, np.str_('positive'): 0.5506}",labeled,positive,0.7771,"{'positive': 0.7771, 'neutral': 0.2059, 'negative': 0.0171}",positive,0.6865,0,[]
433,POWERFUL #AUDIO #TEACHINGS = #ConservativeReview #MarkLevin #CommonCore #Immigration #Conservatism #DanielHorowitz,2024-01-01,unknown_user,,Twitter (tweet_eval),en,tweet_eval_sentiment,neutral,Unknown,Conservatives,0,powerful,['powerful'],1,8,positive,0.4046,"{np.str_('negative'): 0.2554, np.str_('neutral'): 0.34, np.str_('positive'): 0.4046}",labeled,positive,0.7122,"{'positive': 0.7122, 'neutral': 0.2282, 'negative': 0.0596}",positive,0.5892,0,"['DanielHorowitz', 'ConservativeReview']"
434,The Anti-Trump Riots are a Smokescreen to Abolish the Electoral college:,2024-02-06,unknown_user,,Twitter (tweet_eval),en,tweet_eval_sentiment,negative,Trump,Unknown,0,antitrump riot smokescreen abolish electoral college,"['antitrump', 'riot', 'smokescreen', 'abolish', 'electoral', 'college']",6,52,negative,0.4533,"{np.str_('negative'): 0.4533, np.str_('neutral'): 0.2253, np.str_('positive'): 0.3215}",labeled,negative,0.8765,"{'negative': 0.8765, 'neutral': 0.1151, 'positive': 0.0083}",negative,0.7072,0,['Electoral']
435,#Yanukovych seems much more willing to take questions from the media than @user often is! #UkrAine,2025-02-03,unknown_user,,Twitter (tweet_eval),en,tweet_eval_sentiment,neutral,Unknown,Unknown,0,seems much willing take question medium often,"['seems', 'much', 'willing', 'take', 'question', 'medium', 'often']",7,45,positive,0.4046,"{np.str_('negative'): 0.2554, np.str_('neutral'): 0.34, np.str_('positive'): 0.4046}",labeled,neutral,0.6593,"{'neutral': 0.6593, 'positive': 0.2973, 'negative': 0.0434}",neutral,0.5316,1,"['@user', 'UkrAine', 'Yanukovych']"
436,Pumpkin spice flavor is already back at dunkin and I don't know how to feel because it's still august,2024-10-02,unknown_user,,Twitter (tweet_eval),en,tweet_eval_sentiment,positive,Unknown,Unknown,0,pumpkin spice flavor already back dunkin dont know feel still august,"['pumpkin', 'spice', 'flavor', 'already', 'back', 'dunkin', 'dont', 'know', 'feel', 'still', 'august']",11,68,negative,0.4246,"{np.str_('negative'): 0.4246, np.str_('neutral'): 0.3201, np.str_('positive'): 0.2552}",labeled,neutral,0.5653,"{'neutral': 0.5653, 'positive': 0.3544, 'negative': 0.0803}",neutral,0.4672,1,[]
437,LOL --> China Censors ‘Kim Fatty the Third’ From Search Results After North... by #prchovanec via @user,2025-03-04,unknown_user,,Twitter (tweet_eval),en,tweet_eval_sentiment,neutral,Unknown,Unknown,0,lol china censor kim fatty third search result north via,"['lol', 'china', 'censor', 'kim', 'fatty', 'third', 'search', 'result', 'north', 'via']",10,56,positive,0.3486,"{np.str_('negative'): 0.304, np.str_('neutral'): 0.3473, np.str_('positive'): 0.3486}",labeled,negative,0.6613,"{'negative': 0.6613, 'neutral': 0.3268, 'positive': 0.0119}",negative,0.5184,1,"['@user', 'LOL', 'Kim Fatty']"
438,Not bashing on Calibraska because I liked it but true because so many girls are not here for the music.,2024-06-02,unknown_user,,Twitter (tweet_eval),en,tweet_eval_sentiment,positive,Unknown,Unknown,0,not bashing calibraska liked but true many girl not music,"['not', 'bashing', 'calibraska', 'liked', 'but', 'true', 'many', 'girl', 'not', 'music']",10,57,positive,0.396,"{np.str_('negative'): 0.3387, np.str_('neutral'): 0.2653, np.str_('positive'): 0.396}",labeled,negative,0.5494,"{'negative': 0.5494, 'neutral': 0.4131, 'positive': 0.0375}",negative,0.4651,1,['Calibraska']
439,Lin picks up a loose ball and just trucks Stuckey. Unfortunately\u002c that\u2019s not allowed\u002c to bench with 4th foul as Pistons reclaim lead\u002c 67-65.,2025-01-23,unknown_user,,Twitter (tweet_eval),en,tweet_eval_sentiment,negative,Unknown,Unknown,1,lin pick loose ball truck stuckey unfortunatelyu002c thatu2019s not allowedu002c bench 4th foul piston reclaim leadu002c 6765,"['lin', 'pick', 'loose', 'ball', 'truck', 'stuckey', 'unfortunatelyu002c', 'thatu2019s', 'not', 'allowedu002c', 'bench', '4th', 'foul', 'piston', 'reclaim', 'leadu002c', '6765']",17,125,positive,0.4533,"{np.str_('negative'): 0.2291, np.str_('neutral'): 0.3177, np.str_('positive'): 0.4533}",labeled,negative,0.8543,"{'negative': 0.8543, 'neutral': 0.14, 'positive': 0.0058}",negative,0.6042,1,"['Lin', 'that\\u2019s', 'Stuckey']"
440,the ups and downs of friendships ,2025-04-30,unknown_user,,SST-2,en,sst2,positive,Unknown,Unknown,0,ups down friendship,"['ups', 'down', 'friendship']",3,19,positive,0.4046,"{np.str_('negative'): 0.2554, np.str_('neutral'): 0.34, np.str_('positive'): 0.4046}",labeled,neutral,0.7079,"{'neutral': 0.7079, 'positive': 0.153, 'negative': 0.1391}",neutral,0.5607,1,[]
441,"NBC should be ashamed. I wouldn't allow my children to see this. I definitely would tell my church to stay away. This movie is proof as to why NBC has always been a 3rd rate network The producers, actors, and writers should get on their knees and beg God's forgiveness for making ",2024-10-10,unknown_user,,IMDB,en,imdb,negative,Unknown,Unknown,0,nbc ashamed wouldnt allow child see definitely would tell church stay away movie proof nbc always 3rd rate network producer actor writer get knee beg god forgiveness making,"['nbc', 'ashamed', 'wouldnt', 'allow', 'child', 'see', 'definitely', 'would', 'tell', 'church', 'stay', 'away', 'movie', 'proof', 'nbc', 'always', '3rd', 'rate', 'network', 'producer', 'actor', 'writer', 'get', 'knee', 'beg', 'god', 'forgiveness', 'making']",28,172,negative,0.539,"{np.str_('negative'): 0.539, np.str_('neutral'): 0.1519, np.str_('positive'): 0.3091}",labeled,negative,0.9247,"{'negative': 0.9247, 'neutral': 0.069, 'positive': 0.0063}",negative,0.7704,0,['NBC']
442,Kind of a throwback to Eid when the sun and I guess wind was in our faces,2025-04-11,unknown_user,,Twitter (tweet_eval),en,tweet_eval_sentiment,neutral,Unknown,Unknown,0,kind throwback eid sun guess wind face,"['kind', 'throwback', 'eid', 'sun', 'guess', 'wind', 'face']",7,38,neutral,0.4676,"{np.str_('negative'): 0.2516, np.str_('neutral'): 0.4676, np.str_('positive'): 0.2808}",labeled,neutral,0.8623,"{'neutral': 0.8623, 'positive': 0.1144, 'negative': 0.0233}",neutral,0.7044,0,[]
443,"Coming from Kiarostami, this art-house visual and sound exposition is a surprise. For a director known for his narratives and keen observation of humans, especially children, this excursion into minimalist cinematography begs for questions: Why did he do it? Was it to keep him bu",2025-03-11,unknown_user,,IMDB,en,imdb,negative,Unknown,Unknown,0,coming kiarostami arthouse visual sound exposition surprise director known narrative keen observation human especially child excursion minimalist cinematography begs question keep bu,"['coming', 'kiarostami', 'arthouse', 'visual', 'sound', 'exposition', 'surprise', 'director', 'known', 'narrative', 'keen', 'observation', 'human', 'especially', 'child', 'excursion', 'minimalist', 'cinematography', 'begs', 'question', 'keep', 'bu']",22,182,negative,0.3645,"{np.str_('negative'): 0.3645, np.str_('neutral'): 0.2841, np.str_('positive'): 0.3514}",labeled,neutral,0.8847,"{'neutral': 0.8847, 'positive': 0.0896, 'negative': 0.0257}",neutral,0.6445,1,['Kiarostami']
444,Temple\u002c Drexel\u002c Penn\u002c NY SD\u002c state of NJ - closed for Monday and Tuesday. Philly SD? Still thinking about it. #thatmakessense #noitdoesnt,2024-03-08,unknown_user,,Twitter (tweet_eval),en,tweet_eval_sentiment,negative,Unknown,Unknown,0,templeu002c drexelu002c pennu002c ny sdu002c state nj closed monday tuesday philly sd still thinking,"['templeu002c', 'drexelu002c', 'pennu002c', 'ny', 'sdu002c', 'state', 'nj', 'closed', 'monday', 'tuesday', 'philly', 'sd', 'still', 'thinking']",14,100,neutral,0.3819,"{np.str_('negative'): 0.2899, np.str_('neutral'): 0.3819, np.str_('positive'): 0.3282}",labeled,neutral,0.8192,"{'neutral': 0.8192, 'negative': 0.1629, 'positive': 0.0179}",neutral,0.6443,0,['NJ']
445,"uneven , self-conscious but often hilarious spoof .",2024-09-15,unknown_user,,Rotten Tomatoes,en,rotten_tomatoes,positive,Unknown,Unknown,0,uneven selfconscious but often hilarious spoof,"['uneven', 'selfconscious', 'but', 'often', 'hilarious', 'spoof']",6,46,positive,0.4046,"{np.str_('negative'): 0.2554, np.str_('neutral'): 0.34, np.str_('positive'): 0.4046}",labeled,neutral,0.489,"{'neutral': 0.489, 'negative': 0.2592, 'positive': 0.2518}",neutral,0.4294,1,[]
446,"Walking home after the film, I was humming the familiar waltz music that Natalia and Alexandre were dancing to. I've heard that before - where? Ah, from Kubrick's ""Eyes Wide Shut"" (track 2), 'got it just as I arrived at the door. It's ""Waltz No. 2 from Jazz Suite No. 2"" composed ",2025-03-12,unknown_user,,IMDB,en,imdb,positive,Unknown,Unknown,0,walking home film humming familiar waltz music natalia alexandre dancing ive heard ah kubrick eye wide shut track got arrived door waltz no jazz suite no composed,"['walking', 'home', 'film', 'humming', 'familiar', 'waltz', 'music', 'natalia', 'alexandre', 'dancing', 'ive', 'heard', 'ah', 'kubrick', 'eye', 'wide', 'shut', 'track', 'got', 'arrived', 'door', 'waltz', 'no', 'jazz', 'suite', 'no', 'composed']",27,162,positive,0.4275,"{np.str_('negative'): 0.3228, np.str_('neutral'): 0.2497, np.str_('positive'): 0.4275}",labeled,neutral,0.8578,"{'neutral': 0.8578, 'positive': 0.1339, 'negative': 0.0083}",neutral,0.6146,1,"['Natalia', 'Kubrick', 'Alexandre']"
447,One for your diary. We have reindeer's coming to the garden centre on Saturday the 8th of December.,2024-09-09,unknown_user,,Twitter (tweet_eval),en,tweet_eval_sentiment,neutral,Unknown,Unknown,0,one diary reindeer coming garden centre saturday 8th december,"['one', 'diary', 'reindeer', 'coming', 'garden', 'centre', 'saturday', '8th', 'december']",9,61,neutral,0.4344,"{np.str_('negative'): 0.2295, np.str_('neutral'): 0.4344, np.str_('positive'): 0.3361}",labeled,neutral,0.8588,"{'neutral': 0.8588, 'positive': 0.1351, 'negative': 0.0061}",neutral,0.689,0,[]
448,"the action switches between past and present , but the material link is too tenuous to anchor the emotional connections that purport to span a 125-year divide . ",2024-12-05,unknown_user,,SST-2,en,sst2,negative,Unknown,Unknown,0,action switch past present but material link tenuous anchor emotional connection purport span 125year divide,"['action', 'switch', 'past', 'present', 'but', 'material', 'link', 'tenuous', 'anchor', 'emotional', 'connection', 'purport', 'span', '125year', 'divide']",15,108,neutral,0.4064,"{np.str_('negative'): 0.3852, np.str_('neutral'): 0.4064, np.str_('positive'): 0.2084}",labeled,neutral,0.8964,"{'neutral': 0.8964, 'positive': 0.0636, 'negative': 0.04}",neutral,0.7004,0,[]
449,Donald Trump lied?  What?  Never!  Donald Trump never says anything without having seriously meant it! *Sarcasm!De…,2024-08-01,unknown_user,,Twitter (tweet_eval),en,tweet_eval_sentiment,negative,Trump,Unknown,0,Trump lied never Trump never say anything without seriously meant sarcasmde…,"['Trump', 'lied', 'never', 'Trump', 'never', 'say', 'anything', 'without', 'seriously', 'meant', 'sarcasmde…']",11,76,negative,0.4248,"{np.str_('negative'): 0.4248, np.str_('neutral'): 0.3102, np.str_('positive'): 0.265}",labeled,negative,0.8372,"{'negative': 0.8372, 'neutral': 0.1478, 'positive': 0.015}",negative,0.6722,0,['Donald Trump']
450,@user @user the video wasn't aimed about gun control rather mental issues that this young boy struggle w/,2025-02-22,unknown_user,,Twitter (tweet_eval),en,tweet_eval_sentiment,negative,Unknown,Unknown,0,video wasnt aimed gun control rather mental issue young boy struggle,"['video', 'wasnt', 'aimed', 'gun', 'control', 'rather', 'mental', 'issue', 'young', 'boy', 'struggle']",11,68,neutral,0.3727,"{np.str_('negative'): 0.2647, np.str_('neutral'): 0.3727, np.str_('positive'): 0.3625}",labeled,negative,0.7845,"{'negative': 0.7845, 'neutral': 0.2072, 'positive': 0.0083}",negative,0.5766,1,['@user']
451,"though it runs 163 minutes , safe conduct is anything but languorous . it's packed to bursting with incident , and with scores of characters , some fictional , some from history .",2024-04-14,unknown_user,,Rotten Tomatoes,en,rotten_tomatoes,positive,Unknown,Conservatives,0,though run 163 minute safe conduct anything but languorous packed bursting incident score character fictional history,"['though', 'run', '163', 'minute', 'safe', 'conduct', 'anything', 'but', 'languorous', 'packed', 'bursting', 'incident', 'score', 'character', 'fictional', 'history']",16,117,negative,0.4722,"{np.str_('negative'): 0.4722, np.str_('neutral'): 0.1855, np.str_('positive'): 0.3423}",labeled,neutral,0.7024,"{'neutral': 0.7024, 'negative': 0.2477, 'positive': 0.0499}",neutral,0.4956,1,[]
452,"#Eurozone BREAKING: Vladimir Putin admits Kim Jong-un is better in every way and would ""love to see... [his] face"" #SydMUN16",2024-09-05,unknown_user,,Twitter (tweet_eval),en,tweet_eval_sentiment,positive,Unknown,Unknown,0,breaking vladimir putin admits kim jongun better every way would love see face,"['breaking', 'vladimir', 'putin', 'admits', 'kim', 'jongun', 'better', 'every', 'way', 'would', 'love', 'see', 'face']",13,78,positive,0.3913,"{np.str_('negative'): 0.3104, np.str_('neutral'): 0.2983, np.str_('positive'): 0.3913}",labeled,positive,0.8705,"{'positive': 0.8705, 'neutral': 0.1234, 'negative': 0.0061}",positive,0.6788,0,"['Kim Jong-un', 'Vladimir Putin', 'SydMUN16']"
453,Braille and Large Print Game Night is this coming Tuesday at MLK Jr. Library Room 215 from 6pm to 8pm. See you there!,2025-02-17,unknown_user,,Twitter (tweet_eval),en,tweet_eval_sentiment,neutral,Unknown,Unknown,0,braille large print game night coming tuesday mlk jr library room 215 6pm 8pm see,"['braille', 'large', 'print', 'game', 'night', 'coming', 'tuesday', 'mlk', 'jr', 'library', 'room', '215', '6pm', '8pm', 'see']",15,81,neutral,0.5176,"{np.str_('negative'): 0.1094, np.str_('neutral'): 0.5176, np.str_('positive'): 0.373}",labeled,neutral,0.8875,"{'neutral': 0.8875, 'positive': 0.1078, 'negative': 0.0047}",neutral,0.7395,0,"['MLK', 'Braille']"
454,speaks eloquently about the symbiotic relationship between art and life .,2025-02-03,unknown_user,,Rotten Tomatoes,en,rotten_tomatoes,positive,Unknown,Unknown,0,speaks eloquently symbiotic relationship art life,"['speaks', 'eloquently', 'symbiotic', 'relationship', 'art', 'life']",6,49,positive,0.4405,"{np.str_('negative'): 0.2974, np.str_('neutral'): 0.262, np.str_('positive'): 0.4405}",labeled,positive,0.7887,"{'positive': 0.7887, 'neutral': 0.1975, 'negative': 0.0138}",positive,0.6494,0,[]
455,Anything keeping me going is the Zac Brown Band concert in November,2024-05-12,unknown_user,,Twitter (tweet_eval),en,tweet_eval_sentiment,positive,Unknown,Unknown,0,anything keeping going zac brown band concert november,"['anything', 'keeping', 'going', 'zac', 'brown', 'band', 'concert', 'november']",8,54,positive,0.4618,"{np.str_('negative'): 0.2294, np.str_('neutral'): 0.3088, np.str_('positive'): 0.4618}",labeled,neutral,0.8074,"{'neutral': 0.8074, 'positive': 0.1882, 'negative': 0.0044}",neutral,0.608,1,['the Zac Brown Band']
456,"@user if I buy you a ticket to Ed Sheeran in Dallas on September 5th, will you go with me""",2024-12-11,unknown_user,,Twitter (tweet_eval),en,tweet_eval_sentiment,neutral,Unknown,Unknown,0,buy ticket ed sheeran dallas september 5th go,"['buy', 'ticket', 'ed', 'sheeran', 'dallas', 'september', '5th', 'go']",8,45,neutral,0.5714,"{np.str_('negative'): 0.1389, np.str_('neutral'): 0.5714, np.str_('positive'): 0.2897}",labeled,neutral,0.8006,"{'neutral': 0.8006, 'positive': 0.1887, 'negative': 0.0106}",neutral,0.7089,0,"['Ed Sheeran', '@user', 'Dallas']"
457,@user @user yeah but then again Kane has respect for Abby and still butts heads with her so it may happen,2025-02-19,unknown_user,,Twitter (tweet_eval),en,tweet_eval_sentiment,neutral,Unknown,Unknown,0,yeah but kane respect abby still butt head may happen,"['yeah', 'but', 'kane', 'respect', 'abby', 'still', 'butt', 'head', 'may', 'happen']",10,53,neutral,0.4716,"{np.str_('negative'): 0.2506, np.str_('neutral'): 0.4716, np.str_('positive'): 0.2778}",labeled,neutral,0.742,"{'neutral': 0.742, 'negative': 0.2197, 'positive': 0.0383}",neutral,0.6338,0,"['Kane', 'Abby']"
458,@user @user I'm now seriously tempted to re-read the 1st book and see if Cara fits. I still need to see Paper towns though,2024-05-25,unknown_user,,Twitter (tweet_eval),en,tweet_eval_sentiment,positive,Unknown,Unknown,0,im seriously tempted reread 1st book see cara fit still need see paper town though,"['im', 'seriously', 'tempted', 'reread', '1st', 'book', 'see', 'cara', 'fit', 'still', 'need', 'see', 'paper', 'town', 'though']",15,82,positive,0.5883,"{np.str_('negative'): 0.1171, np.str_('neutral'): 0.2946, np.str_('positive'): 0.5883}",labeled,positive,0.6308,"{'positive': 0.6308, 'neutral': 0.355, 'negative': 0.0142}",positive,0.6138,0,['Cara']
459,I haven't even officially started working at Dunkin yet and I already don't want to go in tomorrow lol,2025-04-10,unknown_user,,Twitter (tweet_eval),en,tweet_eval_sentiment,negative,Unknown,Unknown,1,havent even officially started working dunkin yet already dont want go tomorrow lol,"['havent', 'even', 'officially', 'started', 'working', 'dunkin', 'yet', 'already', 'dont', 'want', 'go', 'tomorrow', 'lol']",13,83,positive,0.3628,"{np.str_('negative'): 0.2879, np.str_('neutral'): 0.3494, np.str_('positive'): 0.3628}",labeled,negative,0.7941,"{'negative': 0.7941, 'neutral': 0.184, 'positive': 0.0219}",negative,0.5916,1,['Dunkin']
460,"""Advertising is getting so aggressive, just saw a billboard asking """"""""will you get HIV today? will you get HIV tonight? How about tomorrow?""""""""""",2024-09-27,unknown_user,,Twitter (tweet_eval),en,tweet_eval_sentiment,negative,Unknown,Unknown,0,advertising getting aggressive saw billboard asking get hiv today get hiv tonight tomorrow,"['advertising', 'getting', 'aggressive', 'saw', 'billboard', 'asking', 'get', 'hiv', 'today', 'get', 'hiv', 'tonight', 'tomorrow']",13,90,positive,0.5244,"{np.str_('negative'): 0.1745, np.str_('neutral'): 0.3011, np.str_('positive'): 0.5244}",labeled,neutral,0.6708,"{'neutral': 0.6708, 'negative': 0.2932, 'positive': 0.036}",neutral,0.5229,1,[]
461,all analyze that proves is that there is really only one movie's worth of decent gags to be gleaned from the premise .,2024-06-25,unknown_user,,Rotten Tomatoes,en,rotten_tomatoes,negative,Unknown,Unknown,0,analyze prof really one movie worth decent gag gleaned premise,"['analyze', 'prof', 'really', 'one', 'movie', 'worth', 'decent', 'gag', 'gleaned', 'premise']",10,62,negative,0.4277,"{np.str_('negative'): 0.4277, np.str_('neutral'): 0.216, np.str_('positive'): 0.3562}",labeled,neutral,0.5344,"{'neutral': 0.5344, 'positive': 0.4268, 'negative': 0.0387}",neutral,0.407,1,[]
462,@user it has a scene where Ice Cube sits at a lap top and says.. this his funny.. and his wife says You finished? Friday is dope.,2025-04-07,unknown_user,,Twitter (tweet_eval),en,tweet_eval_sentiment,positive,Unknown,Unknown,0,scene ice cube sits lap top say funny wife say finished friday dope,"['scene', 'ice', 'cube', 'sits', 'lap', 'top', 'say', 'funny', 'wife', 'say', 'finished', 'friday', 'dope']",13,67,positive,0.3615,"{np.str_('negative'): 0.3229, np.str_('neutral'): 0.3155, np.str_('positive'): 0.3615}",labeled,positive,0.7234,"{'positive': 0.7234, 'neutral': 0.271, 'negative': 0.0056}",positive,0.5786,0,['@user']
463,"@user doing a #XF3DayHiatus watch over the weekend! Sat Bad Blood, Sun Arcadia, Mon PMP all at 8pm EST - join in the fun!""",2024-09-27,unknown_user,,Twitter (tweet_eval),en,tweet_eval_sentiment,positive,Unknown,Unknown,0,watch weekend sat bad blood sun arcadia mon pmp 8pm est join fun,"['watch', 'weekend', 'sat', 'bad', 'blood', 'sun', 'arcadia', 'mon', 'pmp', '8pm', 'est', 'join', 'fun']",13,64,positive,0.4496,"{np.str_('negative'): 0.2432, np.str_('neutral'): 0.3072, np.str_('positive'): 0.4496}",labeled,neutral,0.7012,"{'neutral': 0.7012, 'positive': 0.2875, 'negative': 0.0113}",neutral,0.5436,1,"['@user', 'Sat Bad Blood', 'Sun Arcadia']"
464,"""Seeing Frank Ocean in two days, is literally the one and only thing on my mind, until 10:45 p.m., Saturday night.""",2024-08-21,unknown_user,,Twitter (tweet_eval),en,tweet_eval_sentiment,positive,Unknown,Unknown,0,seeing frank ocean two day literally one thing mind 1045 pm saturday night,"['seeing', 'frank', 'ocean', 'two', 'day', 'literally', 'one', 'thing', 'mind', '1045', 'pm', 'saturday', 'night']",13,74,positive,0.5651,"{np.str_('negative'): 0.1293, np.str_('neutral'): 0.3056, np.str_('positive'): 0.5651}",labeled,neutral,0.6572,"{'neutral': 0.6572, 'positive': 0.3305, 'negative': 0.0123}",neutral,0.5166,1,['Frank Ocean']
465,@user i think i go tomorrow. Cuz im on my way to my dad first cuz i have no money to go to interlaken T.T i just hope hes there tomorow,2024-03-02,unknown_user,,Twitter (tweet_eval),en,tweet_eval_sentiment,negative,Unknown,Unknown,0,think go tomorrow cuz im way dad first cuz no money go interlaken tt hope he tomorow,"['think', 'go', 'tomorrow', 'cuz', 'im', 'way', 'dad', 'first', 'cuz', 'no', 'money', 'go', 'interlaken', 'tt', 'hope', 'he', 'tomorow']",17,84,positive,0.4225,"{np.str_('negative'): 0.2854, np.str_('neutral'): 0.2922, np.str_('positive'): 0.4225}",labeled,neutral,0.6226,"{'neutral': 0.6226, 'negative': 0.2328, 'positive': 0.1447}",neutral,0.4904,1,['@user']
466,Tomorrow: Read about the very special playhouse Prince George will receive #shepherdshut #royals @user,2024-02-13,unknown_user,,Twitter (tweet_eval),en,tweet_eval_sentiment,neutral,Unknown,Unknown,0,tomorrow read special playhouse prince george receive,"['tomorrow', 'read', 'special', 'playhouse', 'prince', 'george', 'receive']",7,53,positive,0.5274,"{np.str_('negative'): 0.1372, np.str_('neutral'): 0.3354, np.str_('positive'): 0.5274}",labeled,neutral,0.7586,"{'neutral': 0.7586, 'positive': 0.2359, 'negative': 0.0055}",neutral,0.5893,1,"['@user', 'Prince George']"
467,30 Seconds to Mars - Night of the Hunter (Shannon Leto Remix) - Single - 18 Sep 2012,2024-11-05,unknown_user,,Twitter (tweet_eval),en,tweet_eval_sentiment,neutral,Unknown,Unknown,0,30 second mar night hunter shannon leto remix single 18 sep 2012,"['30', 'second', 'mar', 'night', 'hunter', 'shannon', 'leto', 'remix', 'single', '18', 'sep', '2012']",12,64,neutral,0.5059,"{np.str_('negative'): 0.0755, np.str_('neutral'): 0.5059, np.str_('positive'): 0.4187}",labeled,neutral,0.9283,"{'neutral': 0.9283, 'positive': 0.0641, 'negative': 0.0076}",neutral,0.7593,0,['Hunter']
468,@user live @user Fairground ex bengkel 6 Oct 2012. be there lads... enjoy the show,2024-12-18,unknown_user,,Twitter (tweet_eval),en,tweet_eval_sentiment,positive,Unknown,Unknown,0,live fairground ex bengkel oct 2012 lad enjoy show,"['live', 'fairground', 'ex', 'bengkel', 'oct', '2012', 'lad', 'enjoy', 'show']",9,50,positive,0.5389,"{np.str_('negative'): 0.2737, np.str_('neutral'): 0.1875, np.str_('positive'): 0.5389}",labeled,positive,0.7858,"{'positive': 0.7858, 'neutral': 0.2103, 'negative': 0.004}",positive,0.687,0,['@user']
469,Kendrick Lamar may (or may not) have brought out the best (or worst) of me.,2024-10-02,unknown_user,,Twitter (tweet_eval),en,tweet_eval_sentiment,neutral,Unknown,Unknown,0,kendrick lamar may may not brought best worst,"['kendrick', 'lamar', 'may', 'may', 'not', 'brought', 'best', 'worst']",8,45,positive,0.5524,"{np.str_('negative'): 0.158, np.str_('neutral'): 0.2897, np.str_('positive'): 0.5524}",labeled,neutral,0.5588,"{'neutral': 0.5588, 'negative': 0.2967, 'positive': 0.1445}",neutral,0.4512,1,['Kendrick Lamar']
470,offers that rare combination of entertainment and education .,2024-07-02,unknown_user,,Rotten Tomatoes,en,rotten_tomatoes,positive,Unknown,Unknown,0,offer rare combination entertainment education,"['offer', 'rare', 'combination', 'entertainment', 'education']",5,46,positive,0.4046,"{np.str_('negative'): 0.2554, np.str_('neutral'): 0.34, np.str_('positive'): 0.4046}",labeled,neutral,0.5486,"{'neutral': 0.5486, 'positive': 0.4412, 'negative': 0.0102}",neutral,0.4652,1,[]
471,"""Angry Rodgers denies Sterling refused to play for England: Roy Hodgson claimed on Tuesday the winger was """"""""too ...",2025-04-12,unknown_user,,Twitter (tweet_eval),en,tweet_eval_sentiment,negative,Unknown,Unknown,0,angry rodgers denies sterling refused play england roy hodgson claimed tuesday winger,"['angry', 'rodgers', 'denies', 'sterling', 'refused', 'play', 'england', 'roy', 'hodgson', 'claimed', 'tuesday', 'winger']",12,85,positive,0.4652,"{np.str_('negative'): 0.2896, np.str_('neutral'): 0.2452, np.str_('positive'): 0.4652}",labeled,negative,0.6662,"{'negative': 0.6662, 'neutral': 0.3241, 'positive': 0.0097}",negative,0.5156,1,"['Roy Hodgson', 'England']"
472,#ThrowbackThursday: our weekly dive into the Toyota archives: Every Thursday we take a look ... #toyota #usedcars,2024-08-18,unknown_user,,Twitter (tweet_eval),en,tweet_eval_sentiment,neutral,Unknown,Unknown,0,weekly dive toyota archive every thursday take look,"['weekly', 'dive', 'toyota', 'archive', 'every', 'thursday', 'take', 'look']",8,51,positive,0.5117,"{np.str_('negative'): 0.2346, np.str_('neutral'): 0.2537, np.str_('positive'): 0.5117}",labeled,neutral,0.8683,"{'neutral': 0.8683, 'positive': 0.122, 'negative': 0.0097}",neutral,0.6225,1,"['toyota', 'Toyota', 'ThrowbackThursday']"
473,@user Sad..but not the 1st time &amp; I'm a sports fan &amp; a kids for education bluff..its all Scott Walker..you cant feel but sad for Wi.,2024-08-13,unknown_user,,Twitter (tweet_eval),en,tweet_eval_sentiment,negative,Unknown,Unknown,0,sadbut not 1st time amp im sport fan amp kid education bluffits scott walkeryou cant feel but sad wi,"['sadbut', 'not', '1st', 'time', 'amp', 'im', 'sport', 'fan', 'amp', 'kid', 'education', 'bluffits', 'scott', 'walkeryou', 'cant', 'feel', 'but', 'sad', 'wi']",19,100,positive,0.3877,"{np.str_('negative'): 0.35, np.str_('neutral'): 0.2624, np.str_('positive'): 0.3877}",labeled,negative,0.5707,"{'negative': 0.5707, 'neutral': 0.3725, 'positive': 0.0569}",negative,0.4824,1,"['@user', 'Scott Walker']"
474,Chris Bosh may not be easy on the eyes\u002c but he has a freakin beautiful family!,2024-04-25,unknown_user,,Twitter (tweet_eval),en,tweet_eval_sentiment,positive,Unknown,Unknown,0,chris bosh may not easy eyesu002c but freakin beautiful family,"['chris', 'bosh', 'may', 'not', 'easy', 'eyesu002c', 'but', 'freakin', 'beautiful', 'family']",10,62,neutral,0.4078,"{np.str_('negative'): 0.2961, np.str_('neutral'): 0.4078, np.str_('positive'): 0.2961}",labeled,positive,0.8879,"{'positive': 0.8879, 'neutral': 0.0917, 'negative': 0.0205}",positive,0.6512,1,['Chris Bosh']
475,"The future of 3D printing? formnext 2016 showcases new tech from Nano Dimension, HP, others - #3dp",2024-08-23,unknown_user,,Twitter (tweet_eval),en,tweet_eval_sentiment,neutral,Unknown,Unknown,0,future 3d printing formnext 2016 showcase new tech nano dimension hp others,"['future', '3d', 'printing', 'formnext', '2016', 'showcase', 'new', 'tech', 'nano', 'dimension', 'hp', 'others']",12,75,neutral,0.5889,"{np.str_('negative'): 0.1286, np.str_('neutral'): 0.5889, np.str_('positive'): 0.2825}",labeled,neutral,0.5705,"{'neutral': 0.5705, 'positive': 0.4242, 'negative': 0.0053}",neutral,0.5779,0,"['HP', 'Nano Dimension']"
476,"""Al Pacino to play Joe Paterno in biopic..this is going to be his 2nd film where he says \""""""""Say hello to my little friend\"""""""" -@sethmeyers21""",2024-11-10,unknown_user,,Twitter (tweet_eval),en,tweet_eval_sentiment,neutral,Unknown,Unknown,0,al pacino play joe paterno biopicthis going 2nd film say say hello little friend,"['al', 'pacino', 'play', 'joe', 'paterno', 'biopicthis', 'going', '2nd', 'film', 'say', 'say', 'hello', 'little', 'friend']",14,80,positive,0.4217,"{np.str_('negative'): 0.3621, np.str_('neutral'): 0.2162, np.str_('positive'): 0.4217}",labeled,neutral,0.7196,"{'neutral': 0.7196, 'positive': 0.2685, 'negative': 0.0118}",neutral,0.5182,1,"['Al Pacino', 'Joe Paterno']"
477,They may as well start talking about Kim Kardashian's new camel coat...,2025-03-31,unknown_user,,Twitter (tweet_eval),en,tweet_eval_sentiment,neutral,Unknown,Unknown,0,may well start talking kim kardashians new camel coat,"['may', 'well', 'start', 'talking', 'kim', 'kardashians', 'new', 'camel', 'coat']",9,53,neutral,0.5171,"{np.str_('negative'): 0.2049, np.str_('neutral'): 0.5171, np.str_('positive'): 0.278}",labeled,neutral,0.8751,"{'neutral': 0.8751, 'positive': 0.1018, 'negative': 0.0231}",neutral,0.7319,0,"[""Kim Kardashian's""]"
478,got me looking at this paper Mars rules Tuesday and its color is Red and nights ago it was  a Blood Moon now  checking date @user,2024-12-19,unknown_user,,Twitter (tweet_eval),en,tweet_eval_sentiment,neutral,Unknown,Unknown,0,got looking paper mar rule tuesday color red night ago blood moon checking date,"['got', 'looking', 'paper', 'mar', 'rule', 'tuesday', 'color', 'red', 'night', 'ago', 'blood', 'moon', 'checking', 'date']",14,79,positive,0.4456,"{np.str_('negative'): 0.141, np.str_('neutral'): 0.4134, np.str_('positive'): 0.4456}",labeled,neutral,0.8834,"{'neutral': 0.8834, 'positive': 0.1077, 'negative': 0.0089}",neutral,0.6954,1,"['Mars', 'Red', '@user']"
479,"Meet your new (old) favorite endless runner for iOS, Race the Sun - Macworld",2024-02-22,unknown_user,,Twitter (tweet_eval),en,tweet_eval_sentiment,neutral,Unknown,Unknown,0,meet new old favorite endless runner io race sun macworld,"['meet', 'new', 'old', 'favorite', 'endless', 'runner', 'io', 'race', 'sun', 'macworld']",10,57,neutral,0.4668,"{np.str_('negative'): 0.1224, np.str_('neutral'): 0.4668, np.str_('positive'): 0.4108}",labeled,positive,0.5641,"{'positive': 0.5641, 'neutral': 0.424, 'negative': 0.0119}",positive,0.5028,1,['Race the Sun - Macworld']
480,@user I hope you make history Sunday. Show Seth Rollins what being champion is all about,2024-07-30,unknown_user,,Twitter (tweet_eval),en,tweet_eval_sentiment,positive,Unknown,Conservatives,0,hope make history sunday show seth rollins champion,"['hope', 'make', 'history', 'sunday', 'show', 'seth', 'rollins', 'champion']",8,51,positive,0.5617,"{np.str_('negative'): 0.1812, np.str_('neutral'): 0.2572, np.str_('positive'): 0.5617}",labeled,positive,0.8663,"{'positive': 0.8663, 'neutral': 0.1289, 'negative': 0.0048}",positive,0.7445,0,['Seth Rollins']
481,"@user Definitely starting my weekend with Rickard's Cardigan, several pounds of wings and Monday Night football.""",2024-06-16,unknown_user,,Twitter (tweet_eval),en,tweet_eval_sentiment,positive,Unknown,Unknown,0,definitely starting weekend rickards cardigan several pound wing monday night football,"['definitely', 'starting', 'weekend', 'rickards', 'cardigan', 'several', 'pound', 'wing', 'monday', 'night', 'football']",11,86,neutral,0.4291,"{np.str_('negative'): 0.1492, np.str_('neutral'): 0.4291, np.str_('positive'): 0.4218}",labeled,neutral,0.6734,"{'neutral': 0.6734, 'positive': 0.3143, 'negative': 0.0124}",neutral,0.5757,0,"['@user', 'Rickard']"
482,#RaulCastro: #Cuban #government will not #allow to be named after #Fidel the street and put him monuments…,2024-12-27,unknown_user,,Twitter (tweet_eval),en,tweet_eval_sentiment,neutral,Unknown,Unknown,0,not named street put monuments…,"['not', 'named', 'street', 'put', 'monuments…']",5,31,positive,0.4046,"{np.str_('negative'): 0.2554, np.str_('neutral'): 0.34, np.str_('positive'): 0.4046}",labeled,neutral,0.7947,"{'neutral': 0.7947, 'negative': 0.182, 'positive': 0.0233}",neutral,0.6128,1,['Fidel']
483,"Jay-z may not be the best looking guy, but he proves to others that looks aren't everything",2024-07-04,unknown_user,,Twitter (tweet_eval),en,tweet_eval_sentiment,positive,Unknown,Unknown,0,jayz may not best looking guy but prof others look arent everything,"['jayz', 'may', 'not', 'best', 'looking', 'guy', 'but', 'prof', 'others', 'look', 'arent', 'everything']",12,67,positive,0.5913,"{np.str_('negative'): 0.1521, np.str_('neutral'): 0.2566, np.str_('positive'): 0.5913}",labeled,neutral,0.6438,"{'neutral': 0.6438, 'negative': 0.2431, 'positive': 0.1131}",neutral,0.4889,1,['Jay-z']
484,Playstation Vita will receive great additions and games: As you may have seen with our previous blog post on the...,2024-04-18,unknown_user,,Twitter (tweet_eval),en,tweet_eval_sentiment,positive,Unknown,Unknown,0,playstation vita receive great addition game may seen previous blog post,"['playstation', 'vita', 'receive', 'great', 'addition', 'game', 'may', 'seen', 'previous', 'blog', 'post']",11,72,positive,0.5071,"{np.str_('negative'): 0.2073, np.str_('neutral'): 0.2857, np.str_('positive'): 0.5071}",labeled,positive,0.9654,"{'positive': 0.9654, 'neutral': 0.0327, 'negative': 0.0019}",positive,0.7821,0,['Playstation Vita']
485,"#Iraq, #Mosul | #Iraqi_Forces regains control on neighborhoods east of Mosulhttps://t.co/etDq7hxPvQ#mosuloffensive #MosulAid #journalism",2024-11-06,unknown_user,,Twitter (tweet_eval),en,tweet_eval_sentiment,positive,Unknown,Unknown,0,regains control neighborhood east mosul,"['regains', 'control', 'neighborhood', 'east', 'mosul']",5,39,positive,0.4046,"{np.str_('negative'): 0.2554, np.str_('neutral'): 0.34, np.str_('positive'): 0.4046}",labeled,neutral,0.8827,"{'neutral': 0.8827, 'positive': 0.0947, 'negative': 0.0226}",neutral,0.6656,1,"['Iraq', 'Mosul']"
486,"#UN #UnitedNations: Security en #Mexico Must be Handled by Civilians, not the Army",2024-09-22,unknown_user,,Twitter (tweet_eval),en,tweet_eval_sentiment,neutral,Unknown,Unknown,0,security en must handled civilian not army,"['security', 'en', 'must', 'handled', 'civilian', 'not', 'army']",7,42,positive,0.4046,"{np.str_('negative'): 0.2554, np.str_('neutral'): 0.34, np.str_('positive'): 0.4046}",labeled,neutral,0.5961,"{'neutral': 0.5961, 'negative': 0.3612, 'positive': 0.0427}",neutral,0.4937,1,"['UN', 'UnitedNations', 'Army']"
487,Putin calls Saakashvili’s appointment as Odessa governor ‘spit in Ukraine’s face’https://t.co/J2RyKnvbes,2024-10-06,unknown_user,,Twitter (tweet_eval),en,tweet_eval_sentiment,neutral,Unknown,Unknown,0,putin call saakashvili appointment odessa governor spit ukraine face,"['putin', 'call', 'saakashvili', 'appointment', 'odessa', 'governor', 'spit', 'ukraine', 'face']",9,68,neutral,0.4131,"{np.str_('negative'): 0.2998, np.str_('neutral'): 0.4131, np.str_('positive'): 0.2871}",labeled,neutral,0.5616,"{'neutral': 0.5616, 'negative': 0.4136, 'positive': 0.0249}",neutral,0.5022,0,"['Putin', 'Odessa', 'Ukraine', 'Saakashvili']"
488,"This girl is straight delusional! Hillary ain't going to jail.  She might visit one, but go...LOLOL",2024-07-14,unknown_user,,Twitter (tweet_eval),en,tweet_eval_sentiment,neutral,Unknown,Unknown,0,girl straight delusional hillary aint going jail might visit one but gololol,"['girl', 'straight', 'delusional', 'hillary', 'aint', 'going', 'jail', 'might', 'visit', 'one', 'but', 'gololol']",12,76,neutral,0.4486,"{np.str_('negative'): 0.304, np.str_('neutral'): 0.4486, np.str_('positive'): 0.2475}",labeled,negative,0.775,"{'negative': 0.775, 'neutral': 0.2042, 'positive': 0.0208}",negative,0.5866,1,['Hillary']
489,"The Stunts sequences (as well as the Special Effects) are Brilliant, in this movie. Michael Scherer must be one of Canadas BEST Stunt Co-ordinators of all time. The explosion in the Café, is a wonderful combination of Stunts, Special Effects AND Visual Effects. The Director HAD a",2024-10-31,unknown_user,,IMDB,en,imdb,positive,Unknown,Unknown,0,stunt sequence well special effect brilliant movie michael scherer must one canada best stunt coordinator time explosion café wonderful combination stunt special effect visual effect director,"['stunt', 'sequence', 'well', 'special', 'effect', 'brilliant', 'movie', 'michael', 'scherer', 'must', 'one', 'canada', 'best', 'stunt', 'coordinator', 'time', 'explosion', 'café', 'wonderful', 'combination', 'stunt', 'special', 'effect', 'visual', 'effect', 'director']",26,191,positive,0.5515,"{np.str_('negative'): 0.2825, np.str_('neutral'): 0.1659, np.str_('positive'): 0.5515}",labeled,positive,0.9644,"{'positive': 0.9644, 'neutral': 0.0325, 'negative': 0.0031}",positive,0.7992,0,"['Stunts', 'Stunts, Special Effects AND Visual Effects', 'Michael Scherer', 'Canadas BEST Stunt Co', 'Café']"
490,"""It's 16 Oct 1834 and the ancient Houses of Parliament are on fire: @user is 'live'-tweeting this """"""""forgotten national catastrophe""""""""""",2024-06-26,unknown_user,,Twitter (tweet_eval),en,tweet_eval_sentiment,negative,Unknown,Unknown,0,16 oct 1834 ancient house parliament fire livetweeting forgotten national catastrophe,"['16', 'oct', '1834', 'ancient', 'house', 'parliament', 'fire', 'livetweeting', 'forgotten', 'national', 'catastrophe']",11,85,negative,0.3903,"{np.str_('negative'): 0.3903, np.str_('neutral'): 0.25, np.str_('positive'): 0.3597}",labeled,negative,0.5398,"{'negative': 0.5398, 'neutral': 0.4449, 'positive': 0.0153}",negative,0.48,0,"['@user', 'Houses of Parliament']"
491,Moto G (2nd Generation) Just Rs.8099 pay with SBI card Black White,2024-08-13,unknown_user,,Twitter (tweet_eval),en,tweet_eval_sentiment,neutral,Unknown,Unknown,0,moto 2nd generation rs8099 pay sbi card black white,"['moto', '2nd', 'generation', 'rs8099', 'pay', 'sbi', 'card', 'black', 'white']",9,51,neutral,0.5636,"{np.str_('negative'): 0.2031, np.str_('neutral'): 0.5636, np.str_('positive'): 0.2333}",labeled,neutral,0.8743,"{'neutral': 0.8743, 'positive': 0.0931, 'negative': 0.0326}",neutral,0.75,0,"['Black White', 'Rs.8099', 'SBI']"
492,Dustin Johnson dealt with another major disappointment after shooting +3 &amp; going from leading after 2 at -10 to being tied for 22nd &amp; at -7,2025-03-11,unknown_user,,Twitter (tweet_eval),en,tweet_eval_sentiment,negative,Boris Johnson,Unknown,1,dustin johnson dealt another major disappointment shooting amp going leading 10 tied 22nd amp,"['dustin', 'johnson', 'dealt', 'another', 'major', 'disappointment', 'shooting', 'amp', 'going', 'leading', '10', 'tied', '22nd', 'amp']",14,93,positive,0.4011,"{np.str_('negative'): 0.2621, np.str_('neutral'): 0.3368, np.str_('positive'): 0.4011}",labeled,negative,0.867,"{'negative': 0.867, 'neutral': 0.1255, 'positive': 0.0075}",negative,0.625,1,"['+3 &amp', 'Dustin Johnson', '22nd &amp']"
493,an enjoyably half-wit remake of the venerable italian comedy big deal on madonna street .,2024-03-28,unknown_user,,Rotten Tomatoes,en,rotten_tomatoes,positive,Unknown,Unknown,0,enjoyably halfwit remake venerable italian comedy big deal madonna street,"['enjoyably', 'halfwit', 'remake', 'venerable', 'italian', 'comedy', 'big', 'deal', 'madonna', 'street']",10,73,positive,0.6328,"{np.str_('negative'): 0.1905, np.str_('neutral'): 0.1767, np.str_('positive'): 0.6328}",labeled,positive,0.6337,"{'positive': 0.6337, 'neutral': 0.255, 'negative': 0.1114}",positive,0.6333,0,[]
494,Had a dream last night that EJ started Sunday against the Vikings and threw for over 400 yards and 5 TDs...a man can dream right?,2024-04-12,unknown_user,,Twitter (tweet_eval),en,tweet_eval_sentiment,positive,Unknown,Unknown,0,dream last night ej started sunday against viking threw 400 yard tdsa man dream right,"['dream', 'last', 'night', 'ej', 'started', 'sunday', 'against', 'viking', 'threw', '400', 'yard', 'tdsa', 'man', 'dream', 'right']",15,85,positive,0.5456,"{np.str_('negative'): 0.117, np.str_('neutral'): 0.3373, np.str_('positive'): 0.5456}",labeled,neutral,0.8191,"{'neutral': 0.8191, 'positive': 0.1378, 'negative': 0.043}",neutral,0.6264,1,"['EJ', 'Vikings']"
495,People are boycotting these 50 brands to protest Trump via @user,2024-02-26,unknown_user,,Twitter (tweet_eval),en,tweet_eval_sentiment,negative,Trump,Unknown,0,people boycotting 50 brand protest trump via,"['people', 'boycotting', '50', 'brand', 'protest', 'trump', 'via']",7,44,negative,0.4576,"{np.str_('negative'): 0.4576, np.str_('neutral'): 0.2049, np.str_('positive'): 0.3375}",labeled,negative,0.6173,"{'negative': 0.6173, 'neutral': 0.3649, 'positive': 0.0178}",negative,0.5534,0,"['@user', 'Trump']"
496,if only merchant paid more attention the story . ,2024-11-12,unknown_user,,SST-2,en,sst2,negative,Unknown,Conservatives,0,merchant paid attention story,"['merchant', 'paid', 'attention', 'story']",4,29,negative,0.3996,"{np.str_('negative'): 0.3996, np.str_('neutral'): 0.336, np.str_('positive'): 0.2643}",labeled,neutral,0.7225,"{'neutral': 0.7225, 'positive': 0.2547, 'negative': 0.0228}",neutral,0.5679,1,[]
497,I had a dream about #Richonne last night 😊 | #Michonne #RickGrimes #OTP #TWD #TheWalkingDead,2025-01-04,unknown_user,,Twitter (tweet_eval),en,tweet_eval_sentiment,positive,Unknown,Unknown,0,dream last night smilingfacewithsmilingeyes,"['dream', 'last', 'night', 'smilingfacewithsmilingeyes']",4,43,neutral,0.5059,"{np.str_('negative'): 0.0755, np.str_('neutral'): 0.5059, np.str_('positive'): 0.4187}",labeled,positive,0.8521,"{'positive': 0.8521, 'neutral': 0.1428, 'negative': 0.005}",positive,0.6787,1,"['Michonne', 'Richonne', 'TWD', 'RickGrimes']"
498,"""Ice Cube , T Pain , Ashanti , Baby Bash , 2nd to None Live at Queen mary sept 12th. I got tickets if you need any $45 about 40 left""",2024-06-23,unknown_user,,Twitter (tweet_eval),en,tweet_eval_sentiment,neutral,Unknown,Unknown,0,ice cube pain ashanti baby bash 2nd none live queen mary sept 12th got ticket need 45 40 left,"['ice', 'cube', 'pain', 'ashanti', 'baby', 'bash', '2nd', 'none', 'live', 'queen', 'mary', 'sept', '12th', 'got', 'ticket', 'need', '45', '40', 'left']",19,93,positive,0.4495,"{np.str_('negative'): 0.186, np.str_('neutral'): 0.3644, np.str_('positive'): 0.4495}",labeled,neutral,0.8753,"{'neutral': 0.8753, 'positive': 0.0835, 'negative': 0.0412}",neutral,0.6709,1,"['Ashanti', 'Baby Bash', 'None Live']"
499,minor film ,2024-12-21,unknown_user,,SST-2,en,sst2,negative,Unknown,Unknown,0,minor film,"['minor', 'film']",2,10,positive,0.5315,"{np.str_('negative'): 0.3576, np.str_('neutral'): 0.1109, np.str_('positive'): 0.5315}",labeled,neutral,0.7932,"{'neutral': 0.7932, 'positive': 0.1607, 'negative': 0.0461}",neutral,0.5203,1,[]
500,"""Joe Kelly limited the White Sox to two runs in 7 1/3 innings, snagging the win on Monday. #RedSox #MLB""",2024-06-24,unknown_user,,Twitter (tweet_eval),en,tweet_eval_sentiment,neutral,Unknown,Unknown,0,joe kelly limited white sox two run 13 inning snagging win monday,"['joe', 'kelly', 'limited', 'white', 'sox', 'two', 'run', '13', 'inning', 'snagging', 'win', 'monday']",12,65,neutral,0.5922,"{np.str_('negative'): 0.2281, np.str_('neutral'): 0.5922, np.str_('positive'): 0.1796}",labeled,neutral,0.8336,"{'neutral': 0.8336, 'positive': 0.1526, 'negative': 0.0139}",neutral,0.737,0,"['Joe Kelly', 'MLB']"
501,Da bulls will be good until drose gets back...I figure they will b a solid 4th seed when he returns,2025-03-29,unknown_user,,Twitter (tweet_eval),en,tweet_eval_sentiment,positive,Unknown,Unknown,0,da bull good drose get backi figure solid 4th seed return,"['da', 'bull', 'good', 'drose', 'get', 'backi', 'figure', 'solid', '4th', 'seed', 'return']",11,57,positive,0.5351,"{np.str_('negative'): 0.2164, np.str_('neutral'): 0.2486, np.str_('positive'): 0.5351}",labeled,positive,0.7464,"{'positive': 0.7464, 'neutral': 0.244, 'negative': 0.0096}",positive,0.6619,0,[]
502,"this hastily mounted production exists only to capitalize on hopkins' inclination to play hannibal lecter again , even though harris has no immediate inclination to provide a fourth book .",2025-05-06,unknown_user,,Rotten Tomatoes,en,rotten_tomatoes,negative,Harris,Unknown,0,hastily mounted production exists capitalize hopkins inclination play hannibal lecter even though harris no immediate inclination provide fourth book,"['hastily', 'mounted', 'production', 'exists', 'capitalize', 'hopkins', 'inclination', 'play', 'hannibal', 'lecter', 'even', 'though', 'harris', 'no', 'immediate', 'inclination', 'provide', 'fourth', 'book']",19,149,positive,0.4122,"{np.str_('negative'): 0.311, np.str_('neutral'): 0.2768, np.str_('positive'): 0.4122}",labeled,neutral,0.8609,"{'neutral': 0.8609, 'positive': 0.0743, 'negative': 0.0648}",neutral,0.6273,1,[]
503,@user @user Hate to see it. Dustin Johnson on the 1st. #headsgone,2024-09-22,unknown_user,,Twitter (tweet_eval),en,tweet_eval_sentiment,neutral,Boris Johnson,Unknown,1,hate see dustin johnson 1st,"['hate', 'see', 'dustin', 'johnson', '1st']",5,27,positive,0.4223,"{np.str_('negative'): 0.1754, np.str_('neutral'): 0.4023, np.str_('positive'): 0.4223}",labeled,negative,0.8864,"{'negative': 0.8864, 'neutral': 0.1032, 'positive': 0.0104}",negative,0.602,1,"['@user', '@user Hate', 'Dustin Johnson']"
504,"Comey, Russians, Facebook, stein, sanders, Assange, vote machine hackers, and now Obama",2024-01-02,unknown_user,,Twitter (tweet_eval),en,tweet_eval_sentiment,negative,Obama,Unknown,0,comey russian facebook stein sander assange vote machine hacker Obama,"['comey', 'russian', 'facebook', 'stein', 'sander', 'assange', 'vote', 'machine', 'hacker', 'Obama']",10,69,neutral,0.4789,"{np.str_('negative'): 0.3367, np.str_('neutral'): 0.4789, np.str_('positive'): 0.1844}",labeled,neutral,0.545,"{'neutral': 0.545, 'negative': 0.4069, 'positive': 0.0481}",neutral,0.5186,0,"['Comey', 'Assange', 'Obama']"
505,"scotland looks wonderful , the fans are often funny fanatics , the showdown sure beats a bad day of golf ",2025-01-21,unknown_user,,SST-2,en,sst2,positive,Unknown,Unknown,0,scotland look wonderful fan often funny fanatic showdown sure beat bad day golf,"['scotland', 'look', 'wonderful', 'fan', 'often', 'funny', 'fanatic', 'showdown', 'sure', 'beat', 'bad', 'day', 'golf']",13,79,positive,0.5578,"{np.str_('negative'): 0.2175, np.str_('neutral'): 0.2247, np.str_('positive'): 0.5578}",labeled,positive,0.9664,"{'positive': 0.9664, 'neutral': 0.0282, 'negative': 0.0054}",positive,0.803,0,['scotland']
506,familiar but utterly delightful .,2025-04-03,unknown_user,,Rotten Tomatoes,en,rotten_tomatoes,positive,Unknown,Unknown,0,familiar but utterly delightful,"['familiar', 'but', 'utterly', 'delightful']",4,31,positive,0.4046,"{np.str_('negative'): 0.2554, np.str_('neutral'): 0.34, np.str_('positive'): 0.4046}",labeled,positive,0.8766,"{'positive': 0.8766, 'neutral': 0.1024, 'negative': 0.021}",positive,0.6878,0,[]
507,"@user @user @user @user @user read my articles. #Israel treats #Hamas daughter, people from #Gaza",2024-06-13,unknown_user,,Twitter (tweet_eval),en,tweet_eval_sentiment,neutral,Unknown,Unknown,0,read article treat daughter people,"['read', 'article', 'treat', 'daughter', 'people']",5,34,positive,0.4376,"{np.str_('negative'): 0.3782, np.str_('neutral'): 0.1842, np.str_('positive'): 0.4376}",labeled,neutral,0.6791,"{'neutral': 0.6791, 'negative': 0.2256, 'positive': 0.0953}",neutral,0.4811,1,"['Hamas', 'Gaza', 'Israel']"
508,"""it is, we may note, the goodness and loving-kindness of God our Savior that is the true model for Christians in our daily lives""",2025-01-17,unknown_user,,Twitter (tweet_eval),en,tweet_eval_sentiment,positive,Unknown,Unknown,0,may note goodness lovingkindness god savior true model christian daily life,"['may', 'note', 'goodness', 'lovingkindness', 'god', 'savior', 'true', 'model', 'christian', 'daily', 'life']",11,75,positive,0.5767,"{np.str_('negative'): 0.2596, np.str_('neutral'): 0.1637, np.str_('positive'): 0.5767}",labeled,positive,0.8351,"{'positive': 0.8351, 'neutral': 0.1551, 'negative': 0.0097}",positive,0.7317,0,[]
509,@user same haha. Yo I had 9th overall pick in a PPR. Went Dez over Julio. Feel like Cowboys have to throw a ton with Murray gone,2024-06-28,unknown_user,,Twitter (tweet_eval),en,tweet_eval_sentiment,neutral,Unknown,Unknown,0,haha yo 9th overall pick ppr went dez julio feel like cowboy throw ton murray gone,"['haha', 'yo', '9th', 'overall', 'pick', 'ppr', 'went', 'dez', 'julio', 'feel', 'like', 'cowboy', 'throw', 'ton', 'murray', 'gone']",16,82,neutral,0.4306,"{np.str_('negative'): 0.3053, np.str_('neutral'): 0.4306, np.str_('positive'): 0.2641}",labeled,neutral,0.7071,"{'neutral': 0.7071, 'negative': 0.1723, 'positive': 0.1205}",neutral,0.5965,0,"['@user', 'Murray', 'Cowboys', 'PPR', 'Julio']"
510,Ylianna Guerra Miss Texas USA won 1st runner up at Miss USA. So proud to say she comes from the Valley and made it this far!,2025-05-10,unknown_user,,Twitter (tweet_eval),en,tweet_eval_sentiment,positive,Unknown,Unknown,0,ylianna guerra miss texas usa won 1st runner miss usa proud say come valley made far,"['ylianna', 'guerra', 'miss', 'texas', 'usa', 'won', '1st', 'runner', 'miss', 'usa', 'proud', 'say', 'come', 'valley', 'made', 'far']",16,84,positive,0.5372,"{np.str_('negative'): 0.2416, np.str_('neutral'): 0.2212, np.str_('positive'): 0.5372}",labeled,positive,0.8856,"{'positive': 0.8856, 'neutral': 0.1105, 'negative': 0.0039}",positive,0.7462,0,"['Texas USA', 'Valley', 'Ylianna']"
511,#AllStar 2011 Panini Gold Standard Stars Memorabilia 19 #LaMarcusAldridge Basketball #Card,2024-07-05,unknown_user,,Twitter (tweet_eval),en,tweet_eval_sentiment,neutral,Unknown,Unknown,0,2011 panini gold standard star memorabilia 19 basketball,"['2011', 'panini', 'gold', 'standard', 'star', 'memorabilia', '19', 'basketball']",8,56,positive,0.3598,"{np.str_('negative'): 0.3246, np.str_('neutral'): 0.3156, np.str_('positive'): 0.3598}",labeled,neutral,0.8849,"{'neutral': 0.8849, 'positive': 0.1021, 'negative': 0.013}",neutral,0.6572,1,[]
512,"""it's august 8th and still no Frank Ocean album, when will this terror end""",2024-08-04,unknown_user,,Twitter (tweet_eval),en,tweet_eval_sentiment,negative,Unknown,Unknown,0,august 8th still no frank ocean album terror end,"['august', '8th', 'still', 'no', 'frank', 'ocean', 'album', 'terror', 'end']",9,48,positive,0.36,"{np.str_('negative'): 0.2841, np.str_('neutral'): 0.3559, np.str_('positive'): 0.36}",labeled,negative,0.6883,"{'negative': 0.6883, 'neutral': 0.293, 'positive': 0.0187}",negative,0.5266,1,['Frank Ocean']
513,Sharknado 3 release and @user 's 29th birthday on the same day. Coincidence...? HBD Andrew!!!,2024-06-28,unknown_user,,Twitter (tweet_eval),en,tweet_eval_sentiment,positive,Unknown,Unknown,0,sharknado release 29th birthday day coincidence hbd andrew,"['sharknado', 'release', '29th', 'birthday', 'day', 'coincidence', 'hbd', 'andrew']",8,58,positive,0.4939,"{np.str_('negative'): 0.1406, np.str_('neutral'): 0.3655, np.str_('positive'): 0.4939}",labeled,positive,0.8681,"{'positive': 0.8681, 'neutral': 0.1292, 'negative': 0.0027}",positive,0.7184,0,"['@user', 'HBD Andrew']"
514,@user @user @user @user it's a data point. Being triggered by data points also something liberals do. Don't be  dumb,2025-05-09,unknown_user,,Twitter (tweet_eval),en,tweet_eval_sentiment,negative,Unknown,Liberal,0,data point triggered data point also something liberal dont dumb,"['data', 'point', 'triggered', 'data', 'point', 'also', 'something', 'liberal', 'dont', 'dumb']",10,64,neutral,0.3471,"{np.str_('negative'): 0.3299, np.str_('neutral'): 0.3471, np.str_('positive'): 0.323}",labeled,neutral,0.6676,"{'neutral': 0.6676, 'negative': 0.2932, 'positive': 0.0392}",neutral,0.5394,0,[]
515,@user  Saudi Arabia &amp; Many other Foreign countries may want to debate ya on that one! Lol,2025-04-07,unknown_user,,Twitter (tweet_eval),en,tweet_eval_sentiment,neutral,Unknown,Unknown,0,saudi arabia amp many foreign country may want debate ya one lol,"['saudi', 'arabia', 'amp', 'many', 'foreign', 'country', 'may', 'want', 'debate', 'ya', 'one', 'lol']",12,64,positive,0.4182,"{np.str_('negative'): 0.2538, np.str_('neutral'): 0.328, np.str_('positive'): 0.4182}",labeled,neutral,0.7941,"{'neutral': 0.7941, 'negative': 0.1183, 'positive': 0.0876}",neutral,0.6077,1,"['ya', '@user  Saudi Arabia &']"
516,"""if Everton get beat tonight, do u think Moyes will walk out? I think he should.""",2025-02-11,unknown_user,,Twitter (tweet_eval),en,tweet_eval_sentiment,neutral,Unknown,Unknown,0,everton get beat tonight think moyes walk think,"['everton', 'get', 'beat', 'tonight', 'think', 'moyes', 'walk', 'think']",8,47,neutral,0.4637,"{np.str_('negative'): 0.1232, np.str_('neutral'): 0.4637, np.str_('positive'): 0.4131}",labeled,neutral,0.5021,"{'neutral': 0.5021, 'negative': 0.4652, 'positive': 0.0328}",neutral,0.4867,0,"['Moyes', 'Everton']"
517,opening up ,2025-05-08,unknown_user,,SST-2,en,sst2,positive,Unknown,Unknown,0,opening,['opening'],1,7,positive,0.4046,"{np.str_('negative'): 0.2554, np.str_('neutral'): 0.34, np.str_('positive'): 0.4046}",labeled,neutral,0.6341,"{'neutral': 0.6341, 'positive': 0.2628, 'negative': 0.1032}",neutral,0.5165,1,[]
518,"""Me after listening to """"Black Friday"""" by Kendrick for the first time",2024-08-25,unknown_user,,Twitter (tweet_eval),en,tweet_eval_sentiment,neutral,Unknown,Unknown,0,listening black friday kendrick first time,"['listening', 'black', 'friday', 'kendrick', 'first', 'time']",6,42,neutral,0.4401,"{np.str_('negative'): 0.1431, np.str_('neutral'): 0.4401, np.str_('positive'): 0.4168}",labeled,neutral,0.8179,"{'neutral': 0.8179, 'positive': 0.1731, 'negative': 0.009}",neutral,0.6668,0,['Kendrick']
519,"""I'm going to visit PASRB, SEB, SPR and SMB's holes tomorrow for the #SpookyMiniPutt!! Hoping for some hole-in-ones!!! #GCWCC2012""",2024-05-17,unknown_user,,Twitter (tweet_eval),en,tweet_eval_sentiment,positive,Unknown,Unknown,0,im going visit pasrb seb spr smbs hole tomorrow hoping holeinones,"['im', 'going', 'visit', 'pasrb', 'seb', 'spr', 'smbs', 'hole', 'tomorrow', 'hoping', 'holeinones']",11,65,positive,0.5466,"{np.str_('negative'): 0.1562, np.str_('neutral'): 0.2972, np.str_('positive'): 0.5466}",labeled,neutral,0.7649,"{'neutral': 0.7649, 'positive': 0.2141, 'negative': 0.021}",neutral,0.5778,1,"['SPR', 'SMB', 'SEB', 'PASRB']"
520,"What exactly do people expect when they watch an Al Adamson film? Are they expecting classic cinema that is wonderful beyond belief and will leave them with lasting memories? You'd think so by some of the reviews. Al Adamson's films are trashy and sleazy and cheesy, not much more",2024-04-06,unknown_user,,IMDB,en,imdb,positive,Unknown,Unknown,0,exactly people expect watch al adamson film expecting classic cinema wonderful beyond belief leave lasting memory youd think review al adamsons film trashy sleazy cheesy not much,"['exactly', 'people', 'expect', 'watch', 'al', 'adamson', 'film', 'expecting', 'classic', 'cinema', 'wonderful', 'beyond', 'belief', 'leave', 'lasting', 'memory', 'youd', 'think', 'review', 'al', 'adamsons', 'film', 'trashy', 'sleazy', 'cheesy', 'not', 'much']",27,178,positive,0.5139,"{np.str_('negative'): 0.3469, np.str_('neutral'): 0.1392, np.str_('positive'): 0.5139}",labeled,neutral,0.3884,"{'neutral': 0.3884, 'negative': 0.3071, 'positive': 0.3045}",positive,0.3883,0,"[""Al Adamson's"", 'Al Adamson']"
521,Shawn will perform at Best Buy Theater on the 8th of September along with his Island Records family. #IslandLifeNYC,2024-01-31,unknown_user,,Twitter (tweet_eval),en,tweet_eval_sentiment,neutral,Unknown,Unknown,0,shawn perform best buy theater 8th september along island record family,"['shawn', 'perform', 'best', 'buy', 'theater', '8th', 'september', 'along', 'island', 'record', 'family']",11,71,neutral,0.4975,"{np.str_('negative'): 0.1658, np.str_('neutral'): 0.4975, np.str_('positive'): 0.3367}",labeled,neutral,0.7264,"{'neutral': 0.7264, 'positive': 0.2692, 'negative': 0.0045}",neutral,0.6348,0,"['Shawn', 'Best Buy Theater', 'Island Records']"
522,Hyung Jun's interview is super long! Can't believe it took me 45 minutes.. Am I this slow..,2025-01-08,unknown_user,,Twitter (tweet_eval),en,tweet_eval_sentiment,neutral,Unknown,Unknown,0,hyung juns interview super long cant believe took 45 minute slow,"['hyung', 'juns', 'interview', 'super', 'long', 'cant', 'believe', 'took', '45', 'minute', 'slow']",11,64,positive,0.4149,"{np.str_('negative'): 0.1709, np.str_('neutral'): 0.4142, np.str_('positive'): 0.4149}",labeled,negative,0.4269,"{'negative': 0.4269, 'neutral': 0.4172, 'positive': 0.1559}",neutral,0.416,1,"[""Hyung Jun's""]"
523,Rory McIlroy on top of the world after beating a resurgent Tiger Woods at the Honda Classic in Flori,2024-12-06,unknown_user,,Twitter (tweet_eval),en,tweet_eval_sentiment,positive,Unknown,Unknown,0,rory mcilroy top world beating resurgent tiger wood honda classic flori,"['rory', 'mcilroy', 'top', 'world', 'beating', 'resurgent', 'tiger', 'wood', 'honda', 'classic', 'flori']",11,71,positive,0.4232,"{np.str_('negative'): 0.2429, np.str_('neutral'): 0.3339, np.str_('positive'): 0.4232}",labeled,neutral,0.6772,"{'neutral': 0.6772, 'positive': 0.3126, 'negative': 0.0103}",neutral,0.5399,1,"['Tiger Woods', 'Honda', 'Rory McIlroy']"
524,@user @user @user Hillary needs to fire up her Transition team That would certainly get Trump back on the 3am tweets,2025-02-06,unknown_user,,Twitter (tweet_eval),en,tweet_eval_sentiment,neutral,Trump,Unknown,0,hillary need fire transition team would certainly get trump back 3am tweet,"['hillary', 'need', 'fire', 'transition', 'team', 'would', 'certainly', 'get', 'trump', 'back', '3am', 'tweet']",12,74,positive,0.3957,"{np.str_('negative'): 0.2751, np.str_('neutral'): 0.3293, np.str_('positive'): 0.3957}",labeled,negative,0.5755,"{'negative': 0.5755, 'neutral': 0.3912, 'positive': 0.0333}",negative,0.4553,1,"['Trump', '@user Hillary']"
525,a beautifully tooled action thriller about love and terrorism in korea .,2024-10-18,unknown_user,,Rotten Tomatoes,en,rotten_tomatoes,positive,Unknown,Unknown,0,beautifully tooled action thriller love terrorism korea,"['beautifully', 'tooled', 'action', 'thriller', 'love', 'terrorism', 'korea']",7,55,neutral,0.4063,"{np.str_('negative'): 0.2746, np.str_('neutral'): 0.4063, np.str_('positive'): 0.3191}",labeled,positive,0.9323,"{'positive': 0.9323, 'neutral': 0.0569, 'negative': 0.0108}",positive,0.687,1,['korea']
526,Watched some of the #CMAAwards b/c of Hayden Panettiere & saw Carrie Underwood do gangnam style! lol It will be the 1st billion views video!,2024-05-06,unknown_user,,Twitter (tweet_eval),en,tweet_eval_sentiment,positive,Unknown,Unknown,0,watched bc hayden panettiere saw carrie underwood gangnam style lol 1st billion view video,"['watched', 'bc', 'hayden', 'panettiere', 'saw', 'carrie', 'underwood', 'gangnam', 'style', 'lol', '1st', 'billion', 'view', 'video']",14,90,positive,0.5058,"{np.str_('negative'): 0.2278, np.str_('neutral'): 0.2664, np.str_('positive'): 0.5058}",labeled,positive,0.4947,"{'positive': 0.4947, 'neutral': 0.4888, 'negative': 0.0166}",positive,0.4991,0,"['Hayden Panettiere &', 'Carrie Underwood']"
527,"Phosphorus: highly flamable: A person who is affected by Phosphorus is energetic, outgoing, hyperactive, sociable,…",2024-04-03,unknown_user,,Twitter (tweet_eval),en,tweet_eval_sentiment,neutral,Unknown,Unknown,0,phosphorus highly flamable person affected phosphorus energetic outgoing hyperactive sociable…,"['phosphorus', 'highly', 'flamable', 'person', 'affected', 'phosphorus', 'energetic', 'outgoing', 'hyperactive', 'sociable…']",10,94,positive,0.4046,"{np.str_('negative'): 0.2554, np.str_('neutral'): 0.34, np.str_('positive'): 0.4046}",labeled,neutral,0.8601,"{'neutral': 0.8601, 'negative': 0.0825, 'positive': 0.0574}",neutral,0.6521,1,['Phosphorus']
528,Oracle - Stock Market Crash Black Wednesday Rally Crushes the Bears,2024-09-12,unknown_user,,Twitter (tweet_eval),en,tweet_eval_sentiment,neutral,Unknown,Unknown,0,oracle stock market crash black wednesday rally crush bear,"['oracle', 'stock', 'market', 'crash', 'black', 'wednesday', 'rally', 'crush', 'bear']",9,58,neutral,0.4867,"{np.str_('negative'): 0.1308, np.str_('neutral'): 0.4867, np.str_('positive'): 0.3824}",labeled,negative,0.7387,"{'negative': 0.7387, 'neutral': 0.2447, 'positive': 0.0166}",negative,0.4955,1,"['Rally Crushes', 'Oracle - Stock Market Crash Black']"
529,does n't wrap the proceedings up neatly ,2024-08-01,unknown_user,,SST-2,en,sst2,negative,Unknown,Unknown,0,nt wrap proceeding neatly,"['nt', 'wrap', 'proceeding', 'neatly']",4,25,positive,0.4046,"{np.str_('negative'): 0.2554, np.str_('neutral'): 0.34, np.str_('positive'): 0.4046}",labeled,neutral,0.5751,"{'neutral': 0.5751, 'negative': 0.3631, 'positive': 0.0618}",neutral,0.4811,1,[]
530,Who\u2019s next then? The Togo team of Emmanuel Adebayor (TOT)\u002c that\u2019s who. 1-1 away from 1st leg. 0-0 after 30 mins of the 2nd.,2025-04-29,unknown_user,,Twitter (tweet_eval),en,tweet_eval_sentiment,neutral,Unknown,Unknown,0,whou2019s next togo team emmanuel adebayor totu002c thatu2019s 11 away 1st leg 00 30 min 2nd,"['whou2019s', 'next', 'togo', 'team', 'emmanuel', 'adebayor', 'totu002c', 'thatu2019s', '11', 'away', '1st', 'leg', '00', '30', 'min', '2nd']",16,92,positive,0.4299,"{np.str_('negative'): 0.2152, np.str_('neutral'): 0.3549, np.str_('positive'): 0.4299}",labeled,neutral,0.9453,"{'neutral': 0.9453, 'negative': 0.0307, 'positive': 0.024}",neutral,0.7091,1,['Emmanuel Adebayor']
531,"""29 November 1989- The UVF gunned down IRA man Liam Ryan and Michael Devlin at the Battery Bar in Ardboe, Co Tyrone",2024-01-12,unknown_user,,Twitter (tweet_eval),en,tweet_eval_sentiment,negative,Unknown,Unknown,0,29 november 1989 uvf gunned ira man liam ryan michael devlin battery bar ardboe co tyrone,"['29', 'november', '1989', 'uvf', 'gunned', 'ira', 'man', 'liam', 'ryan', 'michael', 'devlin', 'battery', 'bar', 'ardboe', 'co', 'tyrone']",16,89,positive,0.4976,"{np.str_('negative'): 0.3011, np.str_('neutral'): 0.2013, np.str_('positive'): 0.4976}",labeled,neutral,0.8979,"{'neutral': 0.8979, 'positive': 0.0727, 'negative': 0.0294}",neutral,0.6193,1,"['Michael Devlin', 'Ardboe', 'UVF', 'Liam Ryan']"
532,"a gentle , compassionate drama about grief and healing .",2025-03-20,unknown_user,,Rotten Tomatoes,en,rotten_tomatoes,positive,Unknown,Unknown,0,gentle compassionate drama grief healing,"['gentle', 'compassionate', 'drama', 'grief', 'healing']",5,40,positive,0.4046,"{np.str_('negative'): 0.2554, np.str_('neutral'): 0.34, np.str_('positive'): 0.4046}",labeled,neutral,0.734,"{'neutral': 0.734, 'negative': 0.1378, 'positive': 0.1282}",neutral,0.5764,1,[]
533,Hawks vs rockets today\u002chawks vs thunder Sunday.so glad the NBA is back,2024-04-14,unknown_user,,Twitter (tweet_eval),en,tweet_eval_sentiment,positive,Unknown,Unknown,0,hawk v rocket todayu002chawks v thunder sundayso glad nba back,"['hawk', 'v', 'rocket', 'todayu002chawks', 'v', 'thunder', 'sundayso', 'glad', 'nba', 'back']",10,62,positive,0.4046,"{np.str_('negative'): 0.2554, np.str_('neutral'): 0.34, np.str_('positive'): 0.4046}",labeled,positive,0.9464,"{'positive': 0.9464, 'neutral': 0.0507, 'negative': 0.003}",positive,0.7297,0,['NBA']
534,I want to go watch Denzel\u2019s new movie tomorrow! Someone take meeeeeeeeeee.,2024-10-17,unknown_user,,Twitter (tweet_eval),en,tweet_eval_sentiment,neutral,Unknown,Unknown,0,want go watch denzelu2019s new movie tomorrow someone take meeeeeeeeeee,"['want', 'go', 'watch', 'denzelu2019s', 'new', 'movie', 'tomorrow', 'someone', 'take', 'meeeeeeeeeee']",10,71,positive,0.4026,"{np.str_('negative'): 0.2317, np.str_('neutral'): 0.3657, np.str_('positive'): 0.4026}",labeled,neutral,0.544,"{'neutral': 0.544, 'positive': 0.4153, 'negative': 0.0407}",neutral,0.4727,1,[]
535,@user maybe you need to keep your opion to yourself about the cy young award .,2024-01-25,unknown_user,,Twitter (tweet_eval),en,tweet_eval_sentiment,neutral,Unknown,Unknown,0,maybe need keep opion cy young award,"['maybe', 'need', 'keep', 'opion', 'cy', 'young', 'award']",7,36,positive,0.4877,"{np.str_('negative'): 0.2427, np.str_('neutral'): 0.2697, np.str_('positive'): 0.4877}",labeled,neutral,0.843,"{'neutral': 0.843, 'positive': 0.0932, 'negative': 0.0639}",neutral,0.6137,1,['@user']
536,"""Kanye West may be a good rapper, but Eminem is the rap god""",2025-04-30,unknown_user,,Twitter (tweet_eval),en,tweet_eval_sentiment,positive,Unknown,Unknown,0,kanye west may good rapper but eminem rap god,"['kanye', 'west', 'may', 'good', 'rapper', 'but', 'eminem', 'rap', 'god']",9,45,positive,0.5485,"{np.str_('negative'): 0.249, np.str_('neutral'): 0.2026, np.str_('positive'): 0.5485}",labeled,neutral,0.5424,"{'neutral': 0.5424, 'positive': 0.3897, 'negative': 0.0679}",positive,0.4532,0,"['Kanye West', 'Eminem']"
537,Bitch idgaf if you don't want to go to school tomorrow John Cena lost,2024-03-15,unknown_user,,Twitter (tweet_eval),en,tweet_eval_sentiment,negative,Unknown,Unknown,0,bitch idgaf dont want go school tomorrow john cena lost,"['bitch', 'idgaf', 'dont', 'want', 'go', 'school', 'tomorrow', 'john', 'cena', 'lost']",10,55,neutral,0.4756,"{np.str_('negative'): 0.3044, np.str_('neutral'): 0.4756, np.str_('positive'): 0.22}",labeled,negative,0.872,"{'negative': 0.872, 'neutral': 0.1142, 'positive': 0.0138}",negative,0.645,1,['John Cena']
538,Does he mean a tv or a giant iPad?,2024-06-11,unknown_user,,Twitter (tweet_eval),en,tweet_eval_sentiment,neutral,Unknown,Unknown,0,mean tv giant ipad,"['mean', 'tv', 'giant', 'ipad']",4,18,neutral,0.4235,"{np.str_('negative'): 0.332, np.str_('neutral'): 0.4235, np.str_('positive'): 0.2446}",labeled,neutral,0.564,"{'neutral': 0.564, 'negative': 0.2882, 'positive': 0.1478}",neutral,0.5078,0,['iPad']
539,"it's an entertaining movie , and the effects , boosted to the size of a downtown hotel , will all but take you to outer space .",2024-04-30,unknown_user,,Rotten Tomatoes,en,rotten_tomatoes,positive,Unknown,Unknown,0,entertaining movie effect boosted size downtown hotel but take outer space,"['entertaining', 'movie', 'effect', 'boosted', 'size', 'downtown', 'hotel', 'but', 'take', 'outer', 'space']",11,74,positive,0.4904,"{np.str_('negative'): 0.3509, np.str_('neutral'): 0.1587, np.str_('positive'): 0.4904}",labeled,neutral,0.8022,"{'neutral': 0.8022, 'positive': 0.1604, 'negative': 0.0373}",neutral,0.5448,1,[]
540,"""Official: Real Madrid and Atletico Madrid will face off Sunday October 4, will be played at 20:30, at the Calderon.""",2025-01-28,unknown_user,,Twitter (tweet_eval),en,tweet_eval_sentiment,neutral,Unknown,Unknown,0,official real madrid atletico madrid face sunday october played 2030 calderon,"['official', 'real', 'madrid', 'atletico', 'madrid', 'face', 'sunday', 'october', 'played', '2030', 'calderon']",11,77,neutral,0.4571,"{np.str_('negative'): 0.2141, np.str_('neutral'): 0.4571, np.str_('positive'): 0.3289}",labeled,neutral,0.9397,"{'neutral': 0.9397, 'positive': 0.0418, 'negative': 0.0185}",neutral,0.7467,0,"['Calderon', 'Atletico Madrid']"
541,"@user Hey doll, I will be riding with the cast of Sons of Anarchy for a charity event supporting the military on Aug 28th.""",2025-01-30,unknown_user,,Twitter (tweet_eval),en,tweet_eval_sentiment,neutral,Unknown,Unknown,0,hey doll riding cast son anarchy charity event supporting military aug 28th,"['hey', 'doll', 'riding', 'cast', 'son', 'anarchy', 'charity', 'event', 'supporting', 'military', 'aug', '28th']",12,75,positive,0.4046,"{np.str_('negative'): 0.2554, np.str_('neutral'): 0.34, np.str_('positive'): 0.4046}",labeled,neutral,0.7164,"{'neutral': 0.7164, 'positive': 0.2771, 'negative': 0.0065}",neutral,0.5658,1,['Sons of Anarchy']
542,Really hope the Red Sox play better than this on Saturday when I'm at the game,2024-07-30,unknown_user,,Twitter (tweet_eval),en,tweet_eval_sentiment,neutral,Unknown,Unknown,0,really hope red sox play better saturday im game,"['really', 'hope', 'red', 'sox', 'play', 'better', 'saturday', 'im', 'game']",9,48,neutral,0.3909,"{np.str_('negative'): 0.2419, np.str_('neutral'): 0.3909, np.str_('positive'): 0.3672}",labeled,positive,0.931,"{'positive': 0.931, 'neutral': 0.0621, 'negative': 0.0069}",positive,0.7055,1,['the Red Sox']
543,"""One more game and @user are toast from the playoffs as @user beat New York 87-70 at MSG to lead series 3-0, Game 4 on ABC Sunday.""",2024-12-31,unknown_user,,Twitter (tweet_eval),en,tweet_eval_sentiment,neutral,Unknown,Unknown,0,one game toast playoff beat new york 8770 msg lead series 30 game abc sunday,"['one', 'game', 'toast', 'playoff', 'beat', 'new', 'york', '8770', 'msg', 'lead', 'series', '30', 'game', 'abc', 'sunday']",15,76,neutral,0.6218,"{np.str_('negative'): 0.0849, np.str_('neutral'): 0.6218, np.str_('positive'): 0.2933}",labeled,neutral,0.9093,"{'neutral': 0.9093, 'positive': 0.0704, 'negative': 0.0203}",neutral,0.7943,0,"['@user', 'New York', 'MSG', 'ABC']"
544,Gucci gob spiritual being promise august nurse the dyad yours being friendly relations procural unto functiona...,2024-03-11,unknown_user,,Twitter (tweet_eval),en,tweet_eval_sentiment,positive,Unknown,Unknown,0,gucci gob spiritual promise august nurse dyad friendly relation procural unto functiona,"['gucci', 'gob', 'spiritual', 'promise', 'august', 'nurse', 'dyad', 'friendly', 'relation', 'procural', 'unto', 'functiona']",12,87,positive,0.4046,"{np.str_('negative'): 0.2554, np.str_('neutral'): 0.34, np.str_('positive'): 0.4046}",labeled,neutral,0.8496,"{'neutral': 0.8496, 'positive': 0.1397, 'negative': 0.0107}",neutral,0.6458,1,[]
545,oms on my birthday (Dec. 18th Tuesday) i want lap dances! EVERYBODY know i stay with like 50 singles in my pocket !!!,2024-08-21,unknown_user,,Twitter (tweet_eval),en,tweet_eval_sentiment,positive,Unknown,Unknown,0,oms birthday dec 18th tuesday want lap dance everybody know stay like 50 single pocket,"['oms', 'birthday', 'dec', '18th', 'tuesday', 'want', 'lap', 'dance', 'everybody', 'know', 'stay', 'like', '50', 'single', 'pocket']",15,86,neutral,0.3959,"{np.str_('negative'): 0.2239, np.str_('neutral'): 0.3959, np.str_('positive'): 0.3802}",labeled,neutral,0.6073,"{'neutral': 0.6073, 'positive': 0.3837, 'negative': 0.009}",neutral,0.5227,0,['oms']
546,"this picture is murder by numbers , and as easy to be bored by as your abc's , despite a few whopping shootouts .",2024-02-04,unknown_user,,Rotten Tomatoes,en,rotten_tomatoes,negative,Unknown,Unknown,0,picture murder number easy bored abc despite whopping shootout,"['picture', 'murder', 'number', 'easy', 'bored', 'abc', 'despite', 'whopping', 'shootout']",9,62,negative,0.3916,"{np.str_('negative'): 0.3916, np.str_('neutral'): 0.3093, np.str_('positive'): 0.2991}",labeled,negative,0.798,"{'negative': 0.798, 'neutral': 0.1848, 'positive': 0.0172}",negative,0.6354,0,['abc']
547,The Coast Guard Station Port O'Connor boatcrews had a busy day Friday with two search and rescue operations.,2024-12-25,unknown_user,,Twitter (tweet_eval),en,tweet_eval_sentiment,neutral,Unknown,Unknown,0,coast guard station port oconnor boatcrews busy day friday two search rescue operation,"['coast', 'guard', 'station', 'port', 'oconnor', 'boatcrews', 'busy', 'day', 'friday', 'two', 'search', 'rescue', 'operation']",13,86,positive,0.5177,"{np.str_('negative'): 0.1173, np.str_('neutral'): 0.365, np.str_('positive'): 0.5177}",labeled,neutral,0.8521,"{'neutral': 0.8521, 'positive': 0.1262, 'negative': 0.0217}",neutral,0.6573,1,"[""The Coast Guard Station Port O'Connor""]"
548,"Thank God I watched this at a friend's place and did not pay for it. The plot is horribly transparent and the whole movie felt like an episode of a TV show. If you have any knowledge of computers or electronics, watch out. You will feel feel like the movie is an insult to your in",2024-12-24,unknown_user,,IMDB,en,imdb,negative,Unknown,Unknown,0,thank god watched friend place not pay plot horribly transparent whole movie felt like episode tv show knowledge computer electronics watch feel feel like movie insult,"['thank', 'god', 'watched', 'friend', 'place', 'not', 'pay', 'plot', 'horribly', 'transparent', 'whole', 'movie', 'felt', 'like', 'episode', 'tv', 'show', 'knowledge', 'computer', 'electronics', 'watch', 'feel', 'feel', 'like', 'movie', 'insult']",26,167,negative,0.4551,"{np.str_('negative'): 0.4551, np.str_('neutral'): 0.1636, np.str_('positive'): 0.3813}",labeled,negative,0.8132,"{'negative': 0.8132, 'neutral': 0.1505, 'positive': 0.0363}",negative,0.67,0,[]
549,;) Seven Penny Stocks to Watch with Heavy Volume for Friday medical marijuana inc,2025-03-03,unknown_user,,Twitter (tweet_eval),en,tweet_eval_sentiment,neutral,Unknown,Unknown,0,seven penny stock watch heavy volume friday medical marijuana inc,"['seven', 'penny', 'stock', 'watch', 'heavy', 'volume', 'friday', 'medical', 'marijuana', 'inc']",10,65,positive,0.4223,"{np.str_('negative'): 0.1788, np.str_('neutral'): 0.3989, np.str_('positive'): 0.4223}",labeled,neutral,0.8852,"{'neutral': 0.8852, 'positive': 0.0873, 'negative': 0.0275}",neutral,0.6907,1,['marijuana inc']
550,Madonna is in concert tonight in St. Louis.  All the women are dressing like 80s whores.  Some of them may even go to the concert.,2024-03-12,unknown_user,,Twitter (tweet_eval),en,tweet_eval_sentiment,negative,Unknown,Unknown,0,madonna concert tonight st louis woman dressing like 80 whore may even go concert,"['madonna', 'concert', 'tonight', 'st', 'louis', 'woman', 'dressing', 'like', '80', 'whore', 'may', 'even', 'go', 'concert']",14,81,positive,0.4156,"{np.str_('negative'): 0.2387, np.str_('neutral'): 0.3457, np.str_('positive'): 0.4156}",labeled,neutral,0.842,"{'neutral': 0.842, 'positive': 0.1059, 'negative': 0.052}",neutral,0.6435,1,"['Madonna', 'St. Louis']"
551,One of the first things I noticed that allowed this culture to stand out among the rest was during the wake at Sole's place. An aerial shot is used to show Sole being flowered with kisses by a sea of women. I believed this was a commentary on the closeness that women had for each,2024-08-27,unknown_user,,IMDB,en,imdb,negative,Unknown,Unknown,0,one first thing noticed allowed culture stand among rest wake sol place aerial shot used show sole flowered kiss sea woman believed commentary closeness woman,"['one', 'first', 'thing', 'noticed', 'allowed', 'culture', 'stand', 'among', 'rest', 'wake', 'sol', 'place', 'aerial', 'shot', 'used', 'show', 'sole', 'flowered', 'kiss', 'sea', 'woman', 'believed', 'commentary', 'closeness', 'woman']",25,158,positive,0.4129,"{np.str_('negative'): 0.3175, np.str_('neutral'): 0.2696, np.str_('positive'): 0.4129}",labeled,neutral,0.8883,"{'neutral': 0.8883, 'positive': 0.0937, 'negative': 0.018}",neutral,0.6408,1,['Sole']
552,children and adults enamored of all things pokemon won't be disappointed .,2024-12-16,unknown_user,,Rotten Tomatoes,en,rotten_tomatoes,negative,Unknown,Unknown,0,child adult enamored thing pokemon wont disappointed,"['child', 'adult', 'enamored', 'thing', 'pokemon', 'wont', 'disappointed']",7,52,positive,0.4281,"{np.str_('negative'): 0.3982, np.str_('neutral'): 0.1737, np.str_('positive'): 0.4281}",labeled,positive,0.659,"{'positive': 0.659, 'neutral': 0.3206, 'negative': 0.0205}",positive,0.5666,0,[]
553,Isn't it remarkable how well Paul Dunne is handling this lead #TheOpen2015 some leaderboard for tomorrow,2024-05-12,unknown_user,,Twitter (tweet_eval),en,tweet_eval_sentiment,positive,Unknown,Unknown,0,isnt remarkable well paul dunne handling lead leaderboard tomorrow,"['isnt', 'remarkable', 'well', 'paul', 'dunne', 'handling', 'lead', 'leaderboard', 'tomorrow']",9,66,positive,0.517,"{np.str_('negative'): 0.1578, np.str_('neutral'): 0.3252, np.str_('positive'): 0.517}",labeled,neutral,0.5356,"{'neutral': 0.5356, 'negative': 0.4276, 'positive': 0.0368}",neutral,0.4514,1,['Paul Dunne']
554,"@user @user achieve just ends"" = fighting ANY attempt to prove citizenship to vote. You call it voter suppression.#Insanity",2024-05-24,unknown_user,,Twitter (tweet_eval),en,tweet_eval_sentiment,neutral,Unknown,Unknown,0,achieve end fighting attempt prove citizenship vote call voter suppression,"['achieve', 'end', 'fighting', 'attempt', 'prove', 'citizenship', 'vote', 'call', 'voter', 'suppression']",10,74,positive,0.3361,"{np.str_('negative'): 0.3359, np.str_('neutral'): 0.3279, np.str_('positive'): 0.3361}",labeled,neutral,0.591,"{'neutral': 0.591, 'negative': 0.3676, 'positive': 0.0414}",neutral,0.4858,1,[]
555,ONE LAST TIME HAPPY 22ND BIRTHDAY LIAM ANd Goodnight Shawn all the love,2025-02-17,unknown_user,,Twitter (tweet_eval),en,tweet_eval_sentiment,positive,Unknown,Unknown,0,one last time happy 22nd birthday liam goodnight shawn love,"['one', 'last', 'time', 'happy', '22nd', 'birthday', 'liam', 'goodnight', 'shawn', 'love']",10,59,positive,0.5285,"{np.str_('negative'): 0.1531, np.str_('neutral'): 0.3184, np.str_('positive'): 0.5285}",labeled,positive,0.959,"{'positive': 0.959, 'neutral': 0.0383, 'negative': 0.0027}",positive,0.7868,0,['Goodnight Shawn']
556,I have 1 Chris Brown concert tickets for sale for this Thursday. It's a lawn seats so let me know if you're interested.,2024-07-31,unknown_user,,Twitter (tweet_eval),en,tweet_eval_sentiment,positive,Unknown,Unknown,0,chris brown concert ticket sale thursday lawn seat let know youre interested,"['chris', 'brown', 'concert', 'ticket', 'sale', 'thursday', 'lawn', 'seat', 'let', 'know', 'youre', 'interested']",12,76,neutral,0.3899,"{np.str_('negative'): 0.3038, np.str_('neutral'): 0.3899, np.str_('positive'): 0.3064}",labeled,neutral,0.7353,"{'neutral': 0.7353, 'positive': 0.2592, 'negative': 0.0054}",neutral,0.5971,0,['Chris Brown']
557,"My former Cambridge contemporary Simon Heffer, today a writer and journalist, has put forward the theory that, just as British film-makers in the eighties were often critical of what they called ""Thatcher's Britain"", the Ealing comedies were intended as satires on ""Attlee's Brita",2024-02-04,unknown_user,,IMDB,en,imdb,positive,Unknown,Unknown,0,former cambridge contemporary simon heffer today writer journalist put forward theory british filmmaker eighty often critical called thatcher britain ealing comedy intended satire attlee brita,"['former', 'cambridge', 'contemporary', 'simon', 'heffer', 'today', 'writer', 'journalist', 'put', 'forward', 'theory', 'british', 'filmmaker', 'eighty', 'often', 'critical', 'called', 'thatcher', 'britain', 'ealing', 'comedy', 'intended', 'satire', 'attlee', 'brita']",25,192,positive,0.6159,"{np.str_('negative'): 0.2283, np.str_('neutral'): 0.1558, np.str_('positive'): 0.6159}",labeled,neutral,0.8765,"{'neutral': 0.8765, 'negative': 0.0649, 'positive': 0.0586}",neutral,0.5882,1,"['Cambridge', 'Thatcher', 'Brita', 'Simon Heffer', 'Britain', 'Attlee']"
558,"""Listening to terrace talk on Radio City on a saturday pure brilliance,Merseyside Derby history plus the Saints a LEGEND #YNWALFC2012""",2024-09-07,unknown_user,,Twitter (tweet_eval),en,tweet_eval_sentiment,positive,Unknown,Conservatives,0,listening terrace talk radio city saturday pure brilliancemerseyside derby history plus saint legend,"['listening', 'terrace', 'talk', 'radio', 'city', 'saturday', 'pure', 'brilliancemerseyside', 'derby', 'history', 'plus', 'saint', 'legend']",13,100,neutral,0.4389,"{np.str_('negative'): 0.2554, np.str_('neutral'): 0.4389, np.str_('positive'): 0.3058}",labeled,positive,0.8283,"{'positive': 0.8283, 'neutral': 0.1677, 'negative': 0.004}",positive,0.6193,1,"['Radio City', 'Merseyside Derby']"
559,"#Recount2016 #UniteBlue <Silly suckersJill Stein Now Can’t ‘Guarantee’ Money Will Go to Recount, Changes $$$ Goal",2024-07-18,unknown_user,,Twitter (tweet_eval),en,tweet_eval_sentiment,neutral,Unknown,Unknown,0,silly suckersjill stein guarantee money go recount change goal,"['silly', 'suckersjill', 'stein', 'guarantee', 'money', 'go', 'recount', 'change', 'goal']",9,62,negative,0.4189,"{np.str_('negative'): 0.4189, np.str_('neutral'): 0.3638, np.str_('positive'): 0.2173}",labeled,negative,0.8221,"{'negative': 0.8221, 'neutral': 0.1581, 'positive': 0.0199}",negative,0.6608,0,"['Goal', 'Stein', 'UniteBlue']"
560,If you're not watching surprise John Cena vines on Sunday morning then are you really doing Saturday night right?,2024-03-10,unknown_user,,Twitter (tweet_eval),en,tweet_eval_sentiment,neutral,Unknown,Unknown,0,youre not watching surprise john cena vine sunday morning really saturday night right,"['youre', 'not', 'watching', 'surprise', 'john', 'cena', 'vine', 'sunday', 'morning', 'really', 'saturday', 'night', 'right']",13,85,neutral,0.5092,"{np.str_('negative'): 0.1263, np.str_('neutral'): 0.5092, np.str_('positive'): 0.3645}",labeled,neutral,0.7859,"{'neutral': 0.7859, 'negative': 0.1828, 'positive': 0.0313}",neutral,0.6752,0,['John Cena']
561,Could be an Iron Bowl Sunday in Greensboro on PGA Tour with Bud Cauley and Jason Dufner near the lead. And UGA\u2019s Harris English.,2025-05-05,unknown_user,,Twitter (tweet_eval),en,tweet_eval_sentiment,neutral,Harris,Unknown,0,could iron bowl sunday greensboro pga tour bud cauley jason dufner near lead ugau2019s harris english,"['could', 'iron', 'bowl', 'sunday', 'greensboro', 'pga', 'tour', 'bud', 'cauley', 'jason', 'dufner', 'near', 'lead', 'ugau2019s', 'harris', 'english']",16,101,neutral,0.5627,"{np.str_('negative'): 0.1759, np.str_('neutral'): 0.5627, np.str_('positive'): 0.2613}",labeled,neutral,0.8797,"{'neutral': 0.8797, 'positive': 0.1115, 'negative': 0.0089}",neutral,0.7529,0,"['UGA\\u2019s Harris', 'Greensboro', 'Bud Cauley', 'PGA Tour', 'Jason Dufner']"
562,Thor thinks he's a lap dog and a face cleaner... Fun personality for sure :) He will be with us again tomorrow in...,2025-04-14,unknown_user,,Twitter (tweet_eval),en,tweet_eval_sentiment,positive,Unknown,Unknown,0,thor think he lap dog face cleaner fun personality sure u tomorrow,"['thor', 'think', 'he', 'lap', 'dog', 'face', 'cleaner', 'fun', 'personality', 'sure', 'u', 'tomorrow']",12,66,neutral,0.4368,"{np.str_('negative'): 0.1496, np.str_('neutral'): 0.4368, np.str_('positive'): 0.4136}",labeled,neutral,0.544,"{'neutral': 0.544, 'positive': 0.3793, 'negative': 0.0767}",neutral,0.5011,0,[]
563,has all the scenic appeal of a cesspool .,2024-02-28,unknown_user,,Rotten Tomatoes,en,rotten_tomatoes,negative,Unknown,Unknown,1,scenic appeal cesspool,"['scenic', 'appeal', 'cesspool']",3,22,positive,0.4046,"{np.str_('negative'): 0.2554, np.str_('neutral'): 0.34, np.str_('positive'): 0.4046}",labeled,negative,0.8209,"{'negative': 0.8209, 'neutral': 0.1615, 'positive': 0.0176}",negative,0.5947,1,[]
564,this is n't a stand up and cheer flick ; it 's a sit down and ponder affair ,2024-07-22,unknown_user,,SST-2,en,sst2,positive,Unknown,Unknown,1,nt stand cheer flick sit ponder affair,"['nt', 'stand', 'cheer', 'flick', 'sit', 'ponder', 'affair']",7,38,positive,0.4046,"{np.str_('negative'): 0.2554, np.str_('neutral'): 0.34, np.str_('positive'): 0.4046}",labeled,negative,0.7735,"{'negative': 0.7735, 'neutral': 0.2072, 'positive': 0.0194}",negative,0.5663,1,[]
565,Where's the best place to buy a @user jersey?? @user @user @user @user,2024-07-11,unknown_user,,Twitter (tweet_eval),en,tweet_eval_sentiment,neutral,Unknown,Unknown,0,wheres best place buy jersey,"['wheres', 'best', 'place', 'buy', 'jersey']",5,28,neutral,0.4203,"{np.str_('negative'): 0.2019, np.str_('neutral'): 0.4203, np.str_('positive'): 0.3778}",labeled,neutral,0.8138,"{'neutral': 0.8138, 'positive': 0.1071, 'negative': 0.0791}",neutral,0.6564,0,['@user']
566,malcolm mcdowell is cool . paul bettany is cool . paul bettany playing malcolm mcdowell ? cool .,2024-05-09,unknown_user,,Rotten Tomatoes,en,rotten_tomatoes,positive,Unknown,Unknown,0,malcolm mcdowell cool paul bettany cool paul bettany playing malcolm mcdowell cool,"['malcolm', 'mcdowell', 'cool', 'paul', 'bettany', 'cool', 'paul', 'bettany', 'playing', 'malcolm', 'mcdowell', 'cool']",12,82,positive,0.4603,"{np.str_('negative'): 0.2131, np.str_('neutral'): 0.3266, np.str_('positive'): 0.4603}",labeled,positive,0.6075,"{'positive': 0.6075, 'neutral': 0.3805, 'negative': 0.012}",positive,0.5486,0,"['malcolm mcdowell', 'paul bettany']"
567,"""No white T's, No ball cap. $500 CASH to the Women in the sexiest RED dress... Raffles for Moet Rose & a pair of Red Bottoms.  September 1st""",2024-11-02,unknown_user,,Twitter (tweet_eval),en,tweet_eval_sentiment,positive,Unknown,Unknown,0,no white t no ball cap 500 cash woman sexiest red dress raffle moet rose pair red bottom september 1st,"['no', 'white', 't', 'no', 'ball', 'cap', '500', 'cash', 'woman', 'sexiest', 'red', 'dress', 'raffle', 'moet', 'rose', 'pair', 'red', 'bottom', 'september', '1st']",20,102,neutral,0.4275,"{np.str_('negative'): 0.2264, np.str_('neutral'): 0.4275, np.str_('positive'): 0.3461}",labeled,neutral,0.6192,"{'neutral': 0.6192, 'positive': 0.3715, 'negative': 0.0093}",neutral,0.5425,0,"['RED', 'Red Bottoms']"
568,some remarkable achival film about how shanghai ( of all places ) served jews who escaped the holocaust .,2024-08-08,unknown_user,,Rotten Tomatoes,en,rotten_tomatoes,positive,Unknown,Unknown,0,remarkable achival film shanghai place served jew escaped holocaust,"['remarkable', 'achival', 'film', 'shanghai', 'place', 'served', 'jew', 'escaped', 'holocaust']",9,67,positive,0.4539,"{np.str_('negative'): 0.3491, np.str_('neutral'): 0.1969, np.str_('positive'): 0.4539}",labeled,positive,0.8206,"{'positive': 0.8206, 'neutral': 0.1668, 'negative': 0.0126}",positive,0.6739,0,['shanghai']
569,"@user Hi, my name is Dayle, abd you're my inspiration ! :) (RT/Follow if you see this?)47""",2025-05-06,unknown_user,,Twitter (tweet_eval),en,tweet_eval_sentiment,positive,Unknown,Unknown,0,hi name dayle abd youre inspiration rtfollow see this47,"['hi', 'name', 'dayle', 'abd', 'youre', 'inspiration', 'rtfollow', 'see', 'this47']",9,55,positive,0.3621,"{np.str_('negative'): 0.277, np.str_('neutral'): 0.361, np.str_('positive'): 0.3621}",labeled,neutral,0.7632,"{'neutral': 0.7632, 'positive': 0.1953, 'negative': 0.0415}",neutral,0.6023,1,['Dayle']
570,Trynna go to IHOP but all my friends are asleep so I may just go by myself #WHENINDOUBTPANCAKEITOUT,2024-05-25,unknown_user,,Twitter (tweet_eval),en,tweet_eval_sentiment,positive,Unknown,Unknown,0,trynna go ihop but friend asleep may go,"['trynna', 'go', 'ihop', 'but', 'friend', 'asleep', 'may', 'go']",8,39,positive,0.5009,"{np.str_('negative'): 0.2474, np.str_('neutral'): 0.2517, np.str_('positive'): 0.5009}",labeled,neutral,0.755,"{'neutral': 0.755, 'negative': 0.1689, 'positive': 0.0761}",neutral,0.5537,1,['WHENINDOUBTPANCAKEITOUT']
571,@user but then I have to leave the house early to get dunkin and I've already accepted the fact that I'm going to be late tomorrow,2024-11-09,unknown_user,,Twitter (tweet_eval),en,tweet_eval_sentiment,neutral,Unknown,Unknown,0,but leave house early get dunkin ive already accepted fact im going late tomorrow,"['but', 'leave', 'house', 'early', 'get', 'dunkin', 'ive', 'already', 'accepted', 'fact', 'im', 'going', 'late', 'tomorrow']",14,81,positive,0.4231,"{np.str_('negative'): 0.2113, np.str_('neutral'): 0.3657, np.str_('positive'): 0.4231}",labeled,neutral,0.7595,"{'neutral': 0.7595, 'negative': 0.1247, 'positive': 0.1159}",neutral,0.602,1,['@user']
572,"Science shud probe the genetic difference between the two base type of PPL,by their world view:Rightists & LEFTISTS:https://t.co/Eh0C879rbw",2024-07-03,unknown_user,,Twitter (tweet_eval),en,tweet_eval_sentiment,neutral,Unknown,Unknown,0,science shud probe genetic difference two base type pplby world viewrightists leftist,"['science', 'shud', 'probe', 'genetic', 'difference', 'two', 'base', 'type', 'pplby', 'world', 'viewrightists', 'leftist']",12,85,positive,0.4232,"{np.str_('negative'): 0.2429, np.str_('neutral'): 0.3339, np.str_('positive'): 0.4232}",labeled,neutral,0.7628,"{'neutral': 0.7628, 'negative': 0.1874, 'positive': 0.0497}",neutral,0.5912,1,"['PPL', 'https://t.co']"
573,Justin Bieber tells fans to buy NHS Choir song and make it Christmas No 1,2024-01-24,unknown_user,,Twitter (tweet_eval),en,tweet_eval_sentiment,neutral,Unknown,Unknown,0,justin bieber tell fan buy nh choir song make christmas no,"['justin', 'bieber', 'tell', 'fan', 'buy', 'nh', 'choir', 'song', 'make', 'christmas', 'no']",11,58,neutral,0.3503,"{np.str_('negative'): 0.3081, np.str_('neutral'): 0.3503, np.str_('positive'): 0.3416}",labeled,neutral,0.7703,"{'neutral': 0.7703, 'negative': 0.1196, 'positive': 0.1101}",neutral,0.6023,0,['Justin Bieber']
574,Ian Bennett is responsible for the majority of my favorite music right now. Thank you. I also think he may have deleted his Twitter.,2024-02-11,unknown_user,,Twitter (tweet_eval),en,tweet_eval_sentiment,positive,Unknown,Unknown,0,ian bennett responsible majority favorite music right thank also think may deleted twitter,"['ian', 'bennett', 'responsible', 'majority', 'favorite', 'music', 'right', 'thank', 'also', 'think', 'may', 'deleted', 'twitter']",13,90,positive,0.5327,"{np.str_('negative'): 0.1828, np.str_('neutral'): 0.2845, np.str_('positive'): 0.5327}",labeled,neutral,0.5573,"{'neutral': 0.5573, 'positive': 0.3818, 'negative': 0.0609}",neutral,0.4482,1,['Ian Bennett']
575,"you'll be left with the sensation of having just witnessed a great performance and , perhaps , give in to the urge to get on your feet and shake it .",2024-07-10,unknown_user,,Rotten Tomatoes,en,rotten_tomatoes,positive,Unknown,Unknown,0,youll left sensation witnessed great performance perhaps give urge get foot shake,"['youll', 'left', 'sensation', 'witnessed', 'great', 'performance', 'perhaps', 'give', 'urge', 'get', 'foot', 'shake']",12,81,positive,0.6989,"{np.str_('negative'): 0.1562, np.str_('neutral'): 0.1448, np.str_('positive'): 0.6989}",labeled,positive,0.8198,"{'positive': 0.8198, 'neutral': 0.1681, 'negative': 0.0121}",positive,0.7714,0,[]
576,Obama comes back to win 2nd debate with Romney on points: (AGI) New York - A more agressive Barack Obama forcefu...,2024-09-24,unknown_user,,Twitter (tweet_eval),en,tweet_eval_sentiment,neutral,Obama,Unknown,0,Obama come back win 2nd debate romney point agi new york agressive Obama forcefu,"['Obama', 'come', 'back', 'win', '2nd', 'debate', 'romney', 'point', 'agi', 'new', 'york', 'agressive', 'Obama', 'forcefu']",14,80,neutral,0.5891,"{np.str_('negative'): 0.1721, np.str_('neutral'): 0.5891, np.str_('positive'): 0.2388}",labeled,neutral,0.6547,"{'neutral': 0.6547, 'positive': 0.3249, 'negative': 0.0204}",neutral,0.6285,0,"['New York', 'AGI', 'Barack Obama', 'Obama', 'Romney']"
577,"""Happy May Day Folks! Be it celebrating the spring day of the yearly cycle, or singing Billy Bragg and talking about IWD, Have a Great Day!""",2024-04-01,unknown_user,,Twitter (tweet_eval),en,tweet_eval_sentiment,positive,Unknown,Unknown,0,happy may day folk celebrating spring day yearly cycle singing billy bragg talking iwd great day,"['happy', 'may', 'day', 'folk', 'celebrating', 'spring', 'day', 'yearly', 'cycle', 'singing', 'billy', 'bragg', 'talking', 'iwd', 'great', 'day']",16,96,positive,0.652,"{np.str_('negative'): 0.1322, np.str_('neutral'): 0.2158, np.str_('positive'): 0.652}",labeled,positive,0.9858,"{'positive': 0.9858, 'neutral': 0.012, 'negative': 0.0022}",positive,0.8523,0,"['IWD', 'Billy Bragg']"
578,sometimes you just need to obnoxiously sing along to mariah carey on a rainy tuesday morning,2025-03-02,unknown_user,,Twitter (tweet_eval),en,tweet_eval_sentiment,positive,Unknown,Unknown,0,sometimes need obnoxiously sing along mariah carey rainy tuesday morning,"['sometimes', 'need', 'obnoxiously', 'sing', 'along', 'mariah', 'carey', 'rainy', 'tuesday', 'morning']",10,72,positive,0.5602,"{np.str_('negative'): 0.1609, np.str_('neutral'): 0.2788, np.str_('positive'): 0.5602}",labeled,positive,0.5251,"{'positive': 0.5251, 'neutral': 0.4501, 'negative': 0.0248}",positive,0.5391,0,[]
579,A select person keeps reblogging certain set pieces from Magic Mike XXL onto my tumblr dash. Sis. SISTER. May God bless and keep you.,2025-02-07,unknown_user,,Twitter (tweet_eval),en,tweet_eval_sentiment,positive,Unknown,Unknown,0,select person keep reblogging certain set piece magic mike xxl onto tumblr dash si sister may god bless keep,"['select', 'person', 'keep', 'reblogging', 'certain', 'set', 'piece', 'magic', 'mike', 'xxl', 'onto', 'tumblr', 'dash', 'si', 'sister', 'may', 'god', 'bless', 'keep']",19,108,positive,0.4771,"{np.str_('negative'): 0.3058, np.str_('neutral'): 0.2171, np.str_('positive'): 0.4771}",labeled,positive,0.7507,"{'positive': 0.7507, 'neutral': 0.2422, 'negative': 0.0071}",positive,0.6413,0,['God']
580,@user @user Just saw you do the Sun. ev news  Great job.  Sad to hear about Frank Gifford..Sure Kathy Lee is devastated.,2024-06-26,unknown_user,,Twitter (tweet_eval),en,tweet_eval_sentiment,neutral,Unknown,Unknown,0,saw sun ev news great job sad hear frank giffordsure kathy lee devastated,"['saw', 'sun', 'ev', 'news', 'great', 'job', 'sad', 'hear', 'frank', 'giffordsure', 'kathy', 'lee', 'devastated']",13,73,positive,0.5122,"{np.str_('negative'): 0.193, np.str_('neutral'): 0.2947, np.str_('positive'): 0.5122}",labeled,positive,0.3686,"{'positive': 0.3686, 'neutral': 0.3353, 'negative': 0.2961}",positive,0.426,0,"['Sun', '@user', 'Kathy Lee', 'Frank Gifford']"
581,@user iThink they may introduce the iphone 6S but my cuzzo said the AppleWatch Red and new macbook size,2024-10-26,unknown_user,,Twitter (tweet_eval),en,tweet_eval_sentiment,neutral,Unknown,Unknown,0,ithink may introduce iphone 6 but cuzzo said applewatch red new macbook size,"['ithink', 'may', 'introduce', 'iphone', '6', 'but', 'cuzzo', 'said', 'applewatch', 'red', 'new', 'macbook', 'size']",13,76,neutral,0.6008,"{np.str_('negative'): 0.1986, np.str_('neutral'): 0.6008, np.str_('positive'): 0.2006}",labeled,neutral,0.8251,"{'neutral': 0.8251, 'positive': 0.1563, 'negative': 0.0185}",neutral,0.7354,0,"['@user', 'the AppleWatch Red']"
582,December 4th only cause I used the beginning in my Jay-Z speech for class,2024-06-29,unknown_user,,Twitter (tweet_eval),en,tweet_eval_sentiment,positive,Unknown,Unknown,0,december 4th cause used beginning jayz speech class,"['december', '4th', 'cause', 'used', 'beginning', 'jayz', 'speech', 'class']",8,51,positive,0.3968,"{np.str_('negative'): 0.3185, np.str_('neutral'): 0.2847, np.str_('positive'): 0.3968}",labeled,neutral,0.8992,"{'neutral': 0.8992, 'positive': 0.0784, 'negative': 0.0224}",neutral,0.6534,1,[]
583,"@user @user Now, now, some of them are coming over to support Bernie Sanders, because he makes sense, but then they may agree?",2024-03-25,unknown_user,,Twitter (tweet_eval),en,tweet_eval_sentiment,positive,Unknown,Unknown,0,coming support bernie sander make sense but may agree,"['coming', 'support', 'bernie', 'sander', 'make', 'sense', 'but', 'may', 'agree']",9,53,positive,0.452,"{np.str_('negative'): 0.213, np.str_('neutral'): 0.335, np.str_('positive'): 0.452}",labeled,neutral,0.6115,"{'neutral': 0.6115, 'positive': 0.3521, 'negative': 0.0365}",neutral,0.5009,1,"['Bernie Sanders', '@user @user Now']"
584,"""When Randy Orton won The WHC at Summerslam against hmm,I forgot his Name I remember Chris then B.I forgot the rest..",2024-06-16,unknown_user,,Twitter (tweet_eval),en,tweet_eval_sentiment,neutral,Unknown,Unknown,0,randy orton won whc summerslam against hmmi forgot name remember chris bi forgot rest,"['randy', 'orton', 'won', 'whc', 'summerslam', 'against', 'hmmi', 'forgot', 'name', 'remember', 'chris', 'bi', 'forgot', 'rest']",14,85,neutral,0.3778,"{np.str_('negative'): 0.3664, np.str_('neutral'): 0.3778, np.str_('positive'): 0.2558}",labeled,neutral,0.8348,"{'neutral': 0.8348, 'positive': 0.1062, 'negative': 0.0589}",neutral,0.652,0,"['Chris', 'Randy Orton']"
585,Saturday Movie Matinee: Carly Fiorina Won the Debate Going Away via @user,2024-07-21,unknown_user,,Twitter (tweet_eval),en,tweet_eval_sentiment,positive,Unknown,Unknown,0,saturday movie matinee carly fiorina won debate going away via,"['saturday', 'movie', 'matinee', 'carly', 'fiorina', 'won', 'debate', 'going', 'away', 'via']",10,62,positive,0.5147,"{np.str_('negative'): 0.2487, np.str_('neutral'): 0.2366, np.str_('positive'): 0.5147}",labeled,neutral,0.8532,"{'neutral': 0.8532, 'positive': 0.1396, 'negative': 0.0072}",neutral,0.6066,1,"['@user', 'Movie Matinee']"
586,In good conscience (which is really absent) dems never intended to release the poor from bondage to the gov dole. Q…,2025-03-10,unknown_user,,Twitter (tweet_eval),en,tweet_eval_sentiment,negative,Unknown,Unknown,1,good conscience really absent dems never intended release poor bondage gov dole q…,"['good', 'conscience', 'really', 'absent', 'dems', 'never', 'intended', 'release', 'poor', 'bondage', 'gov', 'dole', 'q…']",13,82,positive,0.4765,"{np.str_('negative'): 0.2796, np.str_('neutral'): 0.2439, np.str_('positive'): 0.4765}",labeled,negative,0.8255,"{'negative': 0.8255, 'neutral': 0.1649, 'positive': 0.0096}",negative,0.6071,1,[]
587,"""Nirbhaya's parents meet Rahul Gandhi ahead of debate on Juvenile Bill in RS New Delhi, Dec 22 (UNI) Ahead of the...",2024-03-23,unknown_user,,Twitter (tweet_eval),en,tweet_eval_sentiment,neutral,Rahul Gandhi,INC (Congress),0,nirbhayas parent meet RahulGandhi ahead debate juvenile bill r new delhi dec 22 uni ahead,"['nirbhayas', 'parent', 'meet', 'RahulGandhi', 'ahead', 'debate', 'juvenile', 'bill', 'r', 'new', 'delhi', 'dec', '22', 'uni', 'ahead']",15,89,neutral,0.5236,"{np.str_('negative'): 0.1197, np.str_('neutral'): 0.5236, np.str_('positive'): 0.3567}",labeled,neutral,0.9183,"{'neutral': 0.9183, 'positive': 0.0652, 'negative': 0.0164}",neutral,0.7604,0,"['Rahul Gandhi', 'Nirbhaya', 'Juvenile Bill', 'New Delhi']"
588,"@user Tell us abou the teenagers Saudi Arabia is chopping heads off. C'mon, peope want to know.  #BoycottSaudiArabia""",2024-12-01,unknown_user,,Twitter (tweet_eval),en,tweet_eval_sentiment,negative,Unknown,Unknown,0,tell u abou teenager saudi arabia chopping head cmon peope want know,"['tell', 'u', 'abou', 'teenager', 'saudi', 'arabia', 'chopping', 'head', 'cmon', 'peope', 'want', 'know']",12,68,neutral,0.4888,"{np.str_('negative'): 0.278, np.str_('neutral'): 0.4888, np.str_('positive'): 0.2331}",labeled,neutral,0.7236,"{'neutral': 0.7236, 'negative': 0.2438, 'positive': 0.0326}",neutral,0.6297,0,"['Saudi Arabia', '@user Tell us abou']"
589,a bad movie that happened to good actors .,2024-09-12,unknown_user,,Rotten Tomatoes,en,rotten_tomatoes,negative,Unknown,Unknown,0,bad movie happened good actor,"['bad', 'movie', 'happened', 'good', 'actor']",5,29,negative,0.4674,"{np.str_('negative'): 0.4674, np.str_('neutral'): 0.1128, np.str_('positive'): 0.4198}",labeled,negative,0.7611,"{'negative': 0.7611, 'neutral': 0.2103, 'positive': 0.0286}",negative,0.6436,0,[]
590,diane lane's sophisticated performance can't rescue adrian lyne's unfaithful from its sleazy moralizing .,2024-09-24,unknown_user,,Rotten Tomatoes,en,rotten_tomatoes,negative,Unknown,Unknown,1,diane lane sophisticated performance cant rescue adrian lynes unfaithful sleazy moralizing,"['diane', 'lane', 'sophisticated', 'performance', 'cant', 'rescue', 'adrian', 'lynes', 'unfaithful', 'sleazy', 'moralizing']",11,90,positive,0.5932,"{np.str_('negative'): 0.2273, np.str_('neutral'): 0.1795, np.str_('positive'): 0.5932}",labeled,negative,0.8074,"{'negative': 0.8074, 'neutral': 0.1823, 'positive': 0.0103}",negative,0.5754,1,"[""diane lane's""]"
591,Kris Bryant grounds out to 2nd stranding Dexter Fowler 90 feet away after 5 the #Cubs trail the Rockies 5-1,2024-04-21,unknown_user,,Twitter (tweet_eval),en,tweet_eval_sentiment,neutral,Unknown,Unknown,0,kris bryant ground 2nd stranding dexter fowler 90 foot away trail rockies 51,"['kris', 'bryant', 'ground', '2nd', 'stranding', 'dexter', 'fowler', '90', 'foot', 'away', 'trail', 'rockies', '51']",13,76,positive,0.3997,"{np.str_('negative'): 0.2423, np.str_('neutral'): 0.358, np.str_('positive'): 0.3997}",labeled,neutral,0.9512,"{'neutral': 0.9512, 'positive': 0.0322, 'negative': 0.0165}",neutral,0.7139,1,"['Kris Bryant', 'Dexter Fowler', 'Cubs']"
592,Did you know that 'David Price' was Trending Topic on Saturday 22 for 7 hours in Canada? #trndnl,2025-03-19,unknown_user,,Twitter (tweet_eval),en,tweet_eval_sentiment,neutral,Unknown,Unknown,0,know david price trending topic saturday 22 hour canada,"['know', 'david', 'price', 'trending', 'topic', 'saturday', '22', 'hour', 'canada']",9,55,positive,0.4226,"{np.str_('negative'): 0.1719, np.str_('neutral'): 0.4056, np.str_('positive'): 0.4226}",labeled,neutral,0.9174,"{'neutral': 0.9174, 'positive': 0.0698, 'negative': 0.0129}",neutral,0.7127,1,"[""David Price'"", 'Canada', 'trndnl']"
593,"@user David Beckham was once the 2nd best player in the world,playing for one of the biggest clubs too. A lot of context to that",2024-04-13,unknown_user,,Twitter (tweet_eval),en,tweet_eval_sentiment,positive,Unknown,Unknown,0,david beckham 2nd best player worldplaying one biggest club lot context,"['david', 'beckham', '2nd', 'best', 'player', 'worldplaying', 'one', 'biggest', 'club', 'lot', 'context']",11,71,positive,0.5664,"{np.str_('negative'): 0.1286, np.str_('neutral'): 0.305, np.str_('positive'): 0.5664}",labeled,positive,0.6109,"{'positive': 0.6109, 'neutral': 0.3711, 'negative': 0.018}",positive,0.5931,0,['David Beckham']
594,"a smart , sweet and playful romantic comedy .",2024-12-16,unknown_user,,Rotten Tomatoes,en,rotten_tomatoes,positive,Unknown,Unknown,0,smart sweet playful romantic comedy,"['smart', 'sweet', 'playful', 'romantic', 'comedy']",5,35,positive,0.5395,"{np.str_('negative'): 0.2714, np.str_('neutral'): 0.1892, np.str_('positive'): 0.5395}",labeled,positive,0.8787,"{'positive': 0.8787, 'neutral': 0.1034, 'negative': 0.0179}",positive,0.743,0,[]
595,@user @user @user and may i remind you that 4/5D look up to Michael Jackson lol,2024-03-17,unknown_user,,Twitter (tweet_eval),en,tweet_eval_sentiment,positive,Unknown,Unknown,0,may remind 45d look michael jackson lol,"['may', 'remind', '45d', 'look', 'michael', 'jackson', 'lol']",7,39,positive,0.4968,"{np.str_('negative'): 0.3135, np.str_('neutral'): 0.1898, np.str_('positive'): 0.4968}",labeled,neutral,0.8072,"{'neutral': 0.8072, 'positive': 0.1483, 'negative': 0.0445}",neutral,0.5602,1,['Michael Jackson']
596,Imagine Danica and Danielle meeting @user on Friday and the feeling you get to say that you helped out. #amazing #JBMeetDanica,2024-07-11,unknown_user,,Twitter (tweet_eval),en,tweet_eval_sentiment,positive,Unknown,Unknown,0,imagine danica danielle meeting friday feeling get say helped,"['imagine', 'danica', 'danielle', 'meeting', 'friday', 'feeling', 'get', 'say', 'helped']",9,61,neutral,0.4352,"{np.str_('negative'): 0.2095, np.str_('neutral'): 0.4352, np.str_('positive'): 0.3553}",labeled,neutral,0.7794,"{'neutral': 0.7794, 'positive': 0.1958, 'negative': 0.0248}",neutral,0.6417,0,"['Danielle', '@user', 'JBMeetDanica']"
597,@user @user @user Founders apparently were wise enough to see the abortion that SF has become,2024-04-25,unknown_user,,Twitter (tweet_eval),en,tweet_eval_sentiment,neutral,Unknown,Unknown,0,founder apparently wise enough see abortion sf become,"['founder', 'apparently', 'wise', 'enough', 'see', 'abortion', 'sf', 'become']",8,53,positive,0.4046,"{np.str_('negative'): 0.2554, np.str_('neutral'): 0.34, np.str_('positive'): 0.4046}",labeled,neutral,0.7108,"{'neutral': 0.7108, 'positive': 0.1525, 'negative': 0.1366}",neutral,0.5625,1,"['@user', 'SF', '@user Founders']"
598,"ultimately , jane learns her place as a girl , softens up and loses some of the intensity that made her an interesting character to begin with .",2025-02-05,unknown_user,,Rotten Tomatoes,en,rotten_tomatoes,negative,Unknown,Unknown,0,ultimately jane learns place girl softens loses intensity made interesting character begin,"['ultimately', 'jane', 'learns', 'place', 'girl', 'softens', 'loses', 'intensity', 'made', 'interesting', 'character', 'begin']",12,90,negative,0.4777,"{np.str_('negative'): 0.4777, np.str_('neutral'): 0.256, np.str_('positive'): 0.2663}",labeled,neutral,0.855,"{'neutral': 0.855, 'positive': 0.1076, 'negative': 0.0374}",neutral,0.6154,1,[]
599,@user They'd look kinda cute together and atleast she's not a racist nazi so that's an upgrade,2024-11-04,unknown_user,,Twitter (tweet_eval),en,tweet_eval_sentiment,positive,Unknown,Unknown,0,theyd look kinda cute together atleast shes not racist nazi thats upgrade,"['theyd', 'look', 'kinda', 'cute', 'together', 'atleast', 'shes', 'not', 'racist', 'nazi', 'thats', 'upgrade']",12,73,positive,0.5248,"{np.str_('negative'): 0.2936, np.str_('neutral'): 0.1816, np.str_('positive'): 0.5248}",labeled,positive,0.4524,"{'positive': 0.4524, 'neutral': 0.4496, 'negative': 0.0981}",positive,0.4814,0,['@user']
600,"""We're on our way to Hoover, AL for SEC Media Days tomorrow, but tonight, we'll be cheering on @user in the Miss USA pageant!""",2024-03-30,unknown_user,,Twitter (tweet_eval),en,tweet_eval_sentiment,positive,Unknown,Unknown,0,way hoover al sec medium day tomorrow but tonight well cheering miss usa pageant,"['way', 'hoover', 'al', 'sec', 'medium', 'day', 'tomorrow', 'but', 'tonight', 'well', 'cheering', 'miss', 'usa', 'pageant']",14,80,positive,0.5983,"{np.str_('negative'): 0.1779, np.str_('neutral'): 0.2239, np.str_('positive'): 0.5983}",labeled,negative,0.5321,"{'negative': 0.5321, 'neutral': 0.3752, 'positive': 0.0927}",negative,0.3904,1,"['@user', 'Hoover', 'SEC']"
601,Pre-order this super awesome Riot Fest shirt with all the bands on it as Chicago wards. We'd be in about the 5th...,2024-08-23,unknown_user,,Twitter (tweet_eval),en,tweet_eval_sentiment,positive,Unknown,Unknown,0,preorder super awesome riot fest shirt band chicago ward wed 5th,"['preorder', 'super', 'awesome', 'riot', 'fest', 'shirt', 'band', 'chicago', 'ward', 'wed', '5th']",11,64,neutral,0.4708,"{np.str_('negative'): 0.1778, np.str_('neutral'): 0.4708, np.str_('positive'): 0.3514}",labeled,positive,0.9627,"{'positive': 0.9627, 'neutral': 0.0353, 'negative': 0.0019}",positive,0.7182,1,"['Chicago', 'Riot Fest']"
602,Messi's 100 international goals for Barcelona #fcblive  [via @user,2024-10-10,unknown_user,,Twitter (tweet_eval),en,tweet_eval_sentiment,positive,Unknown,Unknown,0,messis 100 international goal barcelona via,"['messis', '100', 'international', 'goal', 'barcelona', 'via']",6,43,positive,0.4046,"{np.str_('negative'): 0.2554, np.str_('neutral'): 0.34, np.str_('positive'): 0.4046}",labeled,neutral,0.7715,"{'neutral': 0.7715, 'positive': 0.2159, 'negative': 0.0126}",neutral,0.5989,1,"['@user', 'Barcelona', 'Messi']"
603,@user Whatever plans you may have with your family\u002c have a beautiful weekend\u002c Ying! #FF,2025-02-18,unknown_user,,Twitter (tweet_eval),en,tweet_eval_sentiment,positive,Unknown,Unknown,0,whatever plan may familyu002c beautiful weekendu002c ying,"['whatever', 'plan', 'may', 'familyu002c', 'beautiful', 'weekendu002c', 'ying']",7,57,positive,0.4046,"{np.str_('negative'): 0.2554, np.str_('neutral'): 0.34, np.str_('positive'): 0.4046}",labeled,positive,0.9614,"{'positive': 0.9614, 'neutral': 0.0353, 'negative': 0.0033}",positive,0.7387,0,"['@user', 'FF', 'Ying']"
604,@user you need to come to the Houston Rodeo in march!,2024-08-15,unknown_user,,Twitter (tweet_eval),en,tweet_eval_sentiment,positive,Unknown,Unknown,0,need come houston rodeo march,"['need', 'come', 'houston', 'rodeo', 'march']",5,29,positive,0.4617,"{np.str_('negative'): 0.1433, np.str_('neutral'): 0.395, np.str_('positive'): 0.4617}",labeled,neutral,0.6704,"{'neutral': 0.6704, 'positive': 0.3073, 'negative': 0.0223}",neutral,0.5602,1,"['@user', 'the Houston Rodeo']"
605,Dont wanna mae any1 mad but trump(along w/most of his cabinet) is a straight white male he aint going no where whether theres a recount/not.,2025-05-12,unknown_user,,Twitter (tweet_eval),en,tweet_eval_sentiment,negative,Trump,Unknown,0,dont wan na mae any1 mad but trumpalong wmost cabinet straight white male aint going no whether there recountnot,"['dont', 'wan', 'na', 'mae', 'any1', 'mad', 'but', 'trumpalong', 'wmost', 'cabinet', 'straight', 'white', 'male', 'aint', 'going', 'no', 'whether', 'there', 'recountnot']",19,112,neutral,0.4389,"{np.str_('negative'): 0.3121, np.str_('neutral'): 0.4389, np.str_('positive'): 0.249}",labeled,neutral,0.4884,"{'neutral': 0.4884, 'negative': 0.4759, 'positive': 0.0357}",neutral,0.4686,0,"['trump(along', 'mae any1']"
606,#SignsYouNeedToGrowUp you still hit up the Skate Center on Friday Nights,2024-10-02,unknown_user,,Twitter (tweet_eval),en,tweet_eval_sentiment,neutral,Unknown,Unknown,0,still hit skate center friday night,"['still', 'hit', 'skate', 'center', 'friday', 'night']",6,35,neutral,0.5173,"{np.str_('negative'): 0.0647, np.str_('neutral'): 0.5173, np.str_('positive'): 0.4181}",labeled,neutral,0.717,"{'neutral': 0.717, 'positive': 0.2659, 'negative': 0.0171}",neutral,0.6371,0,"['the Skate Center', 'SignsYouNeedToGrowUp']"
607,De La Soul's Eye Know playing in Pret - the perfect Monday tonic!,2024-03-14,unknown_user,,Twitter (tweet_eval),en,tweet_eval_sentiment,positive,Unknown,Unknown,0,de la soul eye know playing pret perfect monday tonic,"['de', 'la', 'soul', 'eye', 'know', 'playing', 'pret', 'perfect', 'monday', 'tonic']",10,53,neutral,0.5216,"{np.str_('negative'): 0.2572, np.str_('neutral'): 0.5216, np.str_('positive'): 0.2212}",labeled,neutral,0.5384,"{'neutral': 0.5384, 'positive': 0.3952, 'negative': 0.0664}",neutral,0.5317,0,"[""De La Soul's""]"
608,Sat in the library trying to give laryngitis to several people via mind-power. ESPECIALLY the Liverpudlian girl. #STFU,2024-07-29,unknown_user,,Twitter (tweet_eval),en,tweet_eval_sentiment,negative,Unknown,Unknown,0,sat library trying give laryngitis several people via mindpower especially liverpudlian girl,"['sat', 'library', 'trying', 'give', 'laryngitis', 'several', 'people', 'via', 'mindpower', 'especially', 'liverpudlian', 'girl']",12,92,negative,0.3733,"{np.str_('negative'): 0.3733, np.str_('neutral'): 0.278, np.str_('positive'): 0.3487}",labeled,negative,0.4894,"{'negative': 0.4894, 'neutral': 0.474, 'positive': 0.0365}",negative,0.443,0,['STFU']
609,spiteful ,2024-01-21,unknown_user,,SST-2,en,sst2,negative,Unknown,Unknown,0,spiteful,['spiteful'],1,8,positive,0.4046,"{np.str_('negative'): 0.2554, np.str_('neutral'): 0.34, np.str_('positive'): 0.4046}",labeled,negative,0.581,"{'negative': 0.581, 'neutral': 0.3546, 'positive': 0.0644}",negative,0.4508,1,[]
610,Doug Wead We are not out\u002c We are Up! The fight has just begun! Vote Ron Paul tomorrow Tuesday 5/15 in #OR & #NE #peace,2025-04-24,unknown_user,,Twitter (tweet_eval),en,tweet_eval_sentiment,positive,Unknown,Unknown,0,doug wead not outu002c fight begun vote ron paul tomorrow tuesday 515,"['doug', 'wead', 'not', 'outu002c', 'fight', 'begun', 'vote', 'ron', 'paul', 'tomorrow', 'tuesday', '515']",12,69,positive,0.4194,"{np.str_('negative'): 0.2059, np.str_('neutral'): 0.3747, np.str_('positive'): 0.4194}",labeled,neutral,0.893,"{'neutral': 0.893, 'negative': 0.0655, 'positive': 0.0415}",neutral,0.6857,1,"['Doug Wead We', 'Ron Paul']"
611,LiiiiiiiiiiiiiiiiiiiiiiiiiiiiiiiiiiSTOOoOoO pa RompER DC STAR nightclub 4 the 1st time SINCE 08 !!! ToY Readyy ! #dmvsofficialhost,2025-02-13,unknown_user,,Twitter (tweet_eval),en,tweet_eval_sentiment,positive,Unknown,Unknown,0,liiiiiiiiiiiiiiiiiiiiiiiiiiiiiiiiiistoooooo pa romper dc star nightclub 1st time since 08 toy readyy,"['liiiiiiiiiiiiiiiiiiiiiiiiiiiiiiiiiistoooooo', 'pa', 'romper', 'dc', 'star', 'nightclub', '1st', 'time', 'since', '08', 'toy', 'readyy']",12,100,positive,0.3767,"{np.str_('negative'): 0.2752, np.str_('neutral'): 0.3481, np.str_('positive'): 0.3767}",labeled,positive,0.5775,"{'positive': 0.5775, 'neutral': 0.4116, 'negative': 0.0109}",positive,0.4972,0,"['ToY Readyy', 'RompER DC STAR']"
612,"""C'mon, @user Rahul Gandhi has decimated the Congress, but you're still in the party #SoniaRahulHazirHo",2025-03-19,unknown_user,,Twitter (tweet_eval),en,tweet_eval_sentiment,negative,Rahul Gandhi,INC (Congress),0,cmon RahulGandhi decimated congress but youre still party,"['cmon', 'RahulGandhi', 'decimated', 'congress', 'but', 'youre', 'still', 'party']",8,57,positive,0.3621,"{np.str_('negative'): 0.277, np.str_('neutral'): 0.361, np.str_('positive'): 0.3621}",labeled,negative,0.5278,"{'negative': 0.5278, 'neutral': 0.4331, 'positive': 0.0391}",negative,0.4275,1,"['Rahul Gandhi', 'Congress']"
613,@user come over tomorrow? :) my mom isn\u2019t staying there with me she has to stay with the big dogs at the old house until Gordon,2024-05-17,unknown_user,,Twitter (tweet_eval),en,tweet_eval_sentiment,positive,Unknown,Unknown,0,come tomorrow mom isnu2019t staying stay big dog old house gordon,"['come', 'tomorrow', 'mom', 'isnu2019t', 'staying', 'stay', 'big', 'dog', 'old', 'house', 'gordon']",11,65,positive,0.6258,"{np.str_('negative'): 0.132, np.str_('neutral'): 0.2422, np.str_('positive'): 0.6258}",labeled,negative,0.5451,"{'negative': 0.5451, 'neutral': 0.4325, 'positive': 0.0224}",negative,0.3799,1,['Gordon']
614,Can I just fast forward to the Ed Sheeran concert Saturday,2025-04-29,unknown_user,,Twitter (tweet_eval),en,tweet_eval_sentiment,positive,Unknown,Unknown,0,fast forward ed sheeran concert saturday,"['fast', 'forward', 'ed', 'sheeran', 'concert', 'saturday']",6,40,positive,0.5444,"{np.str_('negative'): 0.1801, np.str_('neutral'): 0.2755, np.str_('positive'): 0.5444}",labeled,neutral,0.5095,"{'neutral': 0.5095, 'positive': 0.4858, 'negative': 0.0047}",positive,0.5092,0,['Ed Sheeran']
615,beneath clouds is a succinct low-budget film whose compelling characters and intelligent script are exactly what was missing from rabbit-proof fence .,2024-07-30,unknown_user,,Rotten Tomatoes,en,rotten_tomatoes,positive,Unknown,Unknown,0,beneath cloud succinct lowbudget film whose compelling character intelligent script exactly missing rabbitproof fence,"['beneath', 'cloud', 'succinct', 'lowbudget', 'film', 'whose', 'compelling', 'character', 'intelligent', 'script', 'exactly', 'missing', 'rabbitproof', 'fence']",14,117,negative,0.4894,"{np.str_('negative'): 0.4894, np.str_('neutral'): 0.0947, np.str_('positive'): 0.4158}",labeled,neutral,0.5636,"{'neutral': 0.5636, 'positive': 0.3561, 'negative': 0.0804}",positive,0.38,1,[]
616,RT @user It's Kerry's birthday tonight on Big Brother. Be prepared for a Jedward in hot pants. AT 10PM. it's the Penultimate e ...,2025-03-31,unknown_user,,Twitter (tweet_eval),en,tweet_eval_sentiment,neutral,Unknown,Unknown,0,rt kerrys birthday tonight big brother prepared jedward hot pant 10pm penultimate,"['rt', 'kerrys', 'birthday', 'tonight', 'big', 'brother', 'prepared', 'jedward', 'hot', 'pant', '10pm', 'penultimate']",12,81,positive,0.5143,"{np.str_('negative'): 0.1234, np.str_('neutral'): 0.3623, np.str_('positive'): 0.5143}",labeled,neutral,0.8467,"{'neutral': 0.8467, 'positive': 0.1419, 'negative': 0.0115}",neutral,0.6529,1,"['Penultimate', 'Kerry']"
617,@user I've had several problems with Amazon Prime - Customer service has been a nightmare especially if your items are from 3rd party vendor,2025-02-12,unknown_user,,Twitter (tweet_eval),en,tweet_eval_sentiment,negative,Unknown,Unknown,0,ive several problem amazon prime customer service nightmare especially item 3rd party vendor,"['ive', 'several', 'problem', 'amazon', 'prime', 'customer', 'service', 'nightmare', 'especially', 'item', '3rd', 'party', 'vendor']",13,92,neutral,0.3893,"{np.str_('negative'): 0.3387, np.str_('neutral'): 0.3893, np.str_('positive'): 0.272}",labeled,negative,0.8946,"{'negative': 0.8946, 'neutral': 0.0954, 'positive': 0.01}",negative,0.6722,1,"['3rd party', 'Amazon']"
618,"@user  Morning Simon, r u going to see Cowboys and Aliens preview on Monday or Tuesday at Lpool ONE?""",2024-08-06,unknown_user,,Twitter (tweet_eval),en,tweet_eval_sentiment,neutral,Unknown,Unknown,0,morning simon going see cowboy alien preview monday tuesday lpool one,"['morning', 'simon', 'going', 'see', 'cowboy', 'alien', 'preview', 'monday', 'tuesday', 'lpool', 'one']",11,69,positive,0.438,"{np.str_('negative'): 0.2252, np.str_('neutral'): 0.3368, np.str_('positive'): 0.438}",labeled,neutral,0.6056,"{'neutral': 0.6056, 'positive': 0.3895, 'negative': 0.0049}",neutral,0.4981,1,"['Morning Simon', 'Aliens', 'Lpool ONE', '@user', 'Cowboys']"
619,'Beauty and the Beast' 25th Anniversary: 20 Facts You Didn't Know by @user #beautyandthebeast,2025-02-11,unknown_user,,Twitter (tweet_eval),en,tweet_eval_sentiment,neutral,Unknown,Unknown,0,beauty beast 25th anniversary 20 fact didnt know,"['beauty', 'beast', '25th', 'anniversary', '20', 'fact', 'didnt', 'know']",8,48,neutral,0.5074,"{np.str_('negative'): 0.2857, np.str_('neutral'): 0.5074, np.str_('positive'): 0.207}",labeled,positive,0.7552,"{'positive': 0.7552, 'neutral': 0.231, 'negative': 0.0138}",positive,0.5359,1,['@user']
620,Very gruesome terrible injury for Marcus Lattimore (2nd year in a row) be strong\u002c the injury was similar to Mcgahee from 2003 Fiesta Bowl.,2025-03-04,unknown_user,,Twitter (tweet_eval),en,tweet_eval_sentiment,negative,Unknown,Unknown,0,gruesome terrible injury marcus lattimore 2nd year row strongu002c injury similar mcgahee 2003 fiesta bowl,"['gruesome', 'terrible', 'injury', 'marcus', 'lattimore', '2nd', 'year', 'row', 'strongu002c', 'injury', 'similar', 'mcgahee', '2003', 'fiesta', 'bowl']",15,106,neutral,0.3916,"{np.str_('negative'): 0.2274, np.str_('neutral'): 0.3916, np.str_('positive'): 0.381}",labeled,negative,0.891,"{'negative': 0.891, 'neutral': 0.1014, 'positive': 0.0076}",negative,0.6256,1,"['Marcus Lattimore', 'Mcgahee']"
621,"Minimum wage increases have, in my head!",2024-03-02,unknown_user,,Twitter (tweet_eval),en,tweet_eval_sentiment,neutral,Unknown,Unknown,0,minimum wage increase head,"['minimum', 'wage', 'increase', 'head']",4,26,neutral,0.4942,"{np.str_('negative'): 0.2223, np.str_('neutral'): 0.4942, np.str_('positive'): 0.2836}",labeled,negative,0.5872,"{'negative': 0.5872, 'neutral': 0.3576, 'positive': 0.0552}",negative,0.4412,1,[]
622,"an intelligent , earnest , intimate film that drops the ball only when it pauses for blunt exposition to make sure you're getting its metaphysical point .",2025-05-01,unknown_user,,Rotten Tomatoes,en,rotten_tomatoes,positive,Unknown,Unknown,0,intelligent earnest intimate film drop ball pause blunt exposition make sure youre getting metaphysical point,"['intelligent', 'earnest', 'intimate', 'film', 'drop', 'ball', 'pause', 'blunt', 'exposition', 'make', 'sure', 'youre', 'getting', 'metaphysical', 'point']",15,109,positive,0.5274,"{np.str_('negative'): 0.2697, np.str_('neutral'): 0.2028, np.str_('positive'): 0.5274}",labeled,neutral,0.8213,"{'neutral': 0.8213, 'positive': 0.1462, 'negative': 0.0326}",neutral,0.5739,1,[]
623,is not a bad film . ,2024-01-10,unknown_user,,SST-2,en,sst2,positive,Unknown,Unknown,0,not bad film,"['not', 'bad', 'film']",3,12,positive,0.4381,"{np.str_('negative'): 0.4142, np.str_('neutral'): 0.1477, np.str_('positive'): 0.4381}",labeled,neutral,0.5265,"{'neutral': 0.5265, 'positive': 0.3376, 'negative': 0.1358}",positive,0.3778,0,[]
624,a movie that takes such a speedy swan dive from `` promising '' ,2024-09-30,unknown_user,,SST-2,en,sst2,negative,Unknown,Unknown,0,movie take speedy swan dive promising,"['movie', 'take', 'speedy', 'swan', 'dive', 'promising']",6,37,negative,0.4383,"{np.str_('negative'): 0.4383, np.str_('neutral'): 0.1326, np.str_('positive'): 0.4291}",labeled,neutral,0.5071,"{'neutral': 0.5071, 'positive': 0.4865, 'negative': 0.0063}",positive,0.4635,1,[]
625,Rousey to fight former boxer - Mixed martial arts star Ronda Rousey said Friday she will face female boxer Holly H...,2024-01-29,unknown_user,,Twitter (tweet_eval),en,tweet_eval_sentiment,neutral,Unknown,Unknown,0,rousey fight former boxer mixed martial art star ronda rousey said friday face female boxer holly,"['rousey', 'fight', 'former', 'boxer', 'mixed', 'martial', 'art', 'star', 'ronda', 'rousey', 'said', 'friday', 'face', 'female', 'boxer', 'holly']",16,97,neutral,0.5539,"{np.str_('negative'): 0.22, np.str_('neutral'): 0.5539, np.str_('positive'): 0.2261}",labeled,neutral,0.9145,"{'neutral': 0.9145, 'positive': 0.0775, 'negative': 0.008}",neutral,0.7703,0,"['Holly H', 'Rousey', 'Ronda Rousey']"
626,"@user how did I miss you at The Kee on Tues? We all missed you at @user """"""""Dockside Glow"""""""" in Muskoka. Congrats on new line!""",2024-01-01,unknown_user,,Twitter (tweet_eval),en,tweet_eval_sentiment,positive,Unknown,Unknown,0,miss kee tues missed dockside glow muskoka congrats new line,"['miss', 'kee', 'tues', 'missed', 'dockside', 'glow', 'muskoka', 'congrats', 'new', 'line']",10,60,positive,0.4538,"{np.str_('negative'): 0.18, np.str_('neutral'): 0.3662, np.str_('positive'): 0.4538}",labeled,neutral,0.5641,"{'neutral': 0.5641, 'positive': 0.3572, 'negative': 0.0787}",neutral,0.4849,1,"['@user', 'Tues', 'Muskoka']"
627,So Briana is allowed to smoke but not allowed to take photos by fans because it may affect the baby oKAY THEN.,2024-09-07,unknown_user,,Twitter (tweet_eval),en,tweet_eval_sentiment,negative,Unknown,Unknown,0,briana allowed smoke but not allowed take photo fan may affect baby okay,"['briana', 'allowed', 'smoke', 'but', 'not', 'allowed', 'take', 'photo', 'fan', 'may', 'affect', 'baby', 'okay']",13,72,positive,0.418,"{np.str_('negative'): 0.3111, np.str_('neutral'): 0.2709, np.str_('positive'): 0.418}",labeled,neutral,0.7089,"{'neutral': 0.7089, 'negative': 0.2711, 'positive': 0.02}",neutral,0.5337,1,['Briana']
628,"@user Disregarding that...I mean, c'mon. Seriously... Nintendo. Japan. In the 80s. You really think they went that route?",2024-10-22,unknown_user,,Twitter (tweet_eval),en,tweet_eval_sentiment,neutral,Unknown,Unknown,0,disregarding thati mean cmon seriously nintendo japan 80 really think went route,"['disregarding', 'thati', 'mean', 'cmon', 'seriously', 'nintendo', 'japan', '80', 'really', 'think', 'went', 'route']",12,80,neutral,0.5769,"{np.str_('negative'): 0.2271, np.str_('neutral'): 0.5769, np.str_('positive'): 0.196}",labeled,negative,0.6828,"{'negative': 0.6828, 'neutral': 0.2998, 'positive': 0.0173}",negative,0.5005,1,"['Japan', 'Nintendo']"
629,"David Beckham scored a goal for parents Monday, striking back against all the critics who tell us they know how...",2025-05-07,unknown_user,,Twitter (tweet_eval),en,tweet_eval_sentiment,positive,Unknown,Unknown,0,david beckham scored goal parent monday striking back against critic tell u know,"['david', 'beckham', 'scored', 'goal', 'parent', 'monday', 'striking', 'back', 'against', 'critic', 'tell', 'u', 'know']",13,80,neutral,0.476,"{np.str_('negative'): 0.2589, np.str_('neutral'): 0.476, np.str_('positive'): 0.2651}",labeled,neutral,0.8159,"{'neutral': 0.8159, 'positive': 0.1618, 'negative': 0.0223}",neutral,0.6799,0,['David Beckham']
630,"If you look at the one thing that conservatives #value, that liberals do not, it is truth.",2024-05-06,unknown_user,,Twitter (tweet_eval),en,tweet_eval_sentiment,negative,Unknown,Conservatives,1,look one thing conservative liberal not truth,"['look', 'one', 'thing', 'conservative', 'liberal', 'not', 'truth']",7,45,positive,0.512,"{np.str_('negative'): 0.3252, np.str_('neutral'): 0.1628, np.str_('positive'): 0.512}",labeled,negative,0.7353,"{'negative': 0.7353, 'neutral': 0.25, 'positive': 0.0148}",negative,0.5713,1,[]
631,Iran-Backed Houthis in Yemen Fire Missile Into Saudi Arabia: A missile fired from Yemen Saturday struck the Sa...,2025-04-14,unknown_user,,Twitter (tweet_eval),en,tweet_eval_sentiment,negative,Unknown,Unknown,0,iranbacked houthis yemen fire missile saudi arabia missile fired yemen saturday struck sa,"['iranbacked', 'houthis', 'yemen', 'fire', 'missile', 'saudi', 'arabia', 'missile', 'fired', 'yemen', 'saturday', 'struck', 'sa']",13,89,positive,0.4428,"{np.str_('negative'): 0.2174, np.str_('neutral'): 0.3398, np.str_('positive'): 0.4428}",labeled,negative,0.5131,"{'negative': 0.5131, 'neutral': 0.4753, 'positive': 0.0116}",neutral,0.4211,1,"['Sa', 'Iran', 'Yemen']"
632,This song says everything about a break up ...Rope To Hang by Neil McSweeney: Dir. Sat Johal of Crows Nest Films,2024-02-22,unknown_user,,Twitter (tweet_eval),en,tweet_eval_sentiment,neutral,Unknown,Unknown,0,song say everything break rope hang neil mcsweeney dir sat johal crow nest film,"['song', 'say', 'everything', 'break', 'rope', 'hang', 'neil', 'mcsweeney', 'dir', 'sat', 'johal', 'crow', 'nest', 'film']",14,79,positive,0.4387,"{np.str_('negative'): 0.3104, np.str_('neutral'): 0.2509, np.str_('positive'): 0.4387}",labeled,neutral,0.881,"{'neutral': 0.881, 'negative': 0.0737, 'positive': 0.0453}",neutral,0.629,1,"['Neil McSweeney', 'Sat Johal of']"
633,the thing looks like a made-for-home-video quickie .,2024-01-28,unknown_user,,Rotten Tomatoes,en,rotten_tomatoes,negative,Unknown,Unknown,0,thing look like madeforhomevideo quickie,"['thing', 'look', 'like', 'madeforhomevideo', 'quickie']",5,40,positive,0.4755,"{np.str_('negative'): 0.3477, np.str_('neutral'): 0.1767, np.str_('positive'): 0.4755}",labeled,neutral,0.739,"{'neutral': 0.739, 'negative': 0.1601, 'positive': 0.1009}",neutral,0.5141,1,[]
634,Where could the Il Divo guys be performing tomorrow night? Tell us where you think they are,2024-02-12,unknown_user,,Twitter (tweet_eval),en,tweet_eval_sentiment,neutral,Unknown,Unknown,0,could il divo guy performing tomorrow night tell u think,"['could', 'il', 'divo', 'guy', 'performing', 'tomorrow', 'night', 'tell', 'u', 'think']",10,56,neutral,0.5234,"{np.str_('negative'): 0.1009, np.str_('neutral'): 0.5234, np.str_('positive'): 0.3757}",labeled,neutral,0.9369,"{'neutral': 0.9369, 'positive': 0.0493, 'negative': 0.0138}",neutral,0.7715,0,[]
635,So bummed I'm not going to Kenny Chesney and Jason Aldean tomorrow,2025-04-29,unknown_user,,Twitter (tweet_eval),en,tweet_eval_sentiment,neutral,Unknown,Unknown,0,bummed im not going kenny chesney jason aldean tomorrow,"['bummed', 'im', 'not', 'going', 'kenny', 'chesney', 'jason', 'aldean', 'tomorrow']",9,55,neutral,0.4462,"{np.str_('negative'): 0.1777, np.str_('neutral'): 0.4462, np.str_('positive'): 0.3761}",labeled,negative,0.8344,"{'negative': 0.8344, 'neutral': 0.1537, 'positive': 0.0119}",negative,0.5717,1,"['Jason Aldean', 'Kenny Chesney']"
636,"<br /><br />`The Last Frontier' is a superior western that overcomes numerous deficiencies in weaving its tale of trappers Jed (Victor Mature), Gus (James Whitmore) and Mongo (Pat Hogan) and their relationships with the army, particularly Captain Riordon (Guy Madison), Colonel Ma",2025-01-25,unknown_user,,IMDB,en,imdb,positive,Unknown,Unknown,0,last frontier superior western overcomes numerous deficiency weaving tale trapper jed victor mature gu james whitmore mongo pat hogan relationship army particularly captain riordon guy madison colonel,"['last', 'frontier', 'superior', 'western', 'overcomes', 'numerous', 'deficiency', 'weaving', 'tale', 'trapper', 'jed', 'victor', 'mature', 'gu', 'james', 'whitmore', 'mongo', 'pat', 'hogan', 'relationship', 'army', 'particularly', 'captain', 'riordon', 'guy', 'madison', 'colonel']",27,200,positive,0.4072,"{np.str_('negative'): 0.2094, np.str_('neutral'): 0.3834, np.str_('positive'): 0.4072}",labeled,neutral,0.7377,"{'neutral': 0.7377, 'positive': 0.2432, 'negative': 0.0191}",neutral,0.596,1,"['Guy Madison', 'Gus', 'Ma', 'Riordon', 'Mongo', 'James Whitmore', 'Jed (Victor Mature', 'Pat Hogan']"
637,"""i may not be JOHN LEGEND to give you """"ALL OF ME"""" but i can be ED SHEERAN to """"LOVE YOU TILL WERE 70""""  Good Evening. :)""",2025-01-27,unknown_user,,Twitter (tweet_eval),en,tweet_eval_sentiment,positive,Unknown,Unknown,0,may not john legend give but ed sheeran love till 70 good evening,"['may', 'not', 'john', 'legend', 'give', 'but', 'ed', 'sheeran', 'love', 'till', '70', 'good', 'evening']",13,65,positive,0.5336,"{np.str_('negative'): 0.1663, np.str_('neutral'): 0.3001, np.str_('positive'): 0.5336}",labeled,positive,0.7085,"{'positive': 0.7085, 'neutral': 0.2819, 'negative': 0.0096}",positive,0.6385,0,[]
638,"Basically, this is a very good film. It is very different from Seagal's other films though, which unfortunately may turn off some of his fans. Unlike some of the other films, this does not feel like a 'Seagal vehicle'. You get to see plenty of the other characters as well and all",2024-07-20,unknown_user,,IMDB,en,imdb,positive,Unknown,Unknown,0,basically good film different seagals film though unfortunately may turn fan unlike film not feel like seagal vehicle get see plenty character well,"['basically', 'good', 'film', 'different', 'seagals', 'film', 'though', 'unfortunately', 'may', 'turn', 'fan', 'unlike', 'film', 'not', 'feel', 'like', 'seagal', 'vehicle', 'get', 'see', 'plenty', 'character', 'well']",23,147,positive,0.4618,"{np.str_('negative'): 0.4613, np.str_('neutral'): 0.077, np.str_('positive'): 0.4618}",labeled,negative,0.4352,"{'negative': 0.4352, 'neutral': 0.374, 'positive': 0.1907}",negative,0.4456,1,['Seagal']
639,AC/DC is rocking out Perth's Domain Stadium in November... and we want you to be there!  Listen out for the cue...,2024-01-27,unknown_user,,Twitter (tweet_eval),en,tweet_eval_sentiment,positive,Unknown,Unknown,0,acdc rocking perth domain stadium november want listen cue,"['acdc', 'rocking', 'perth', 'domain', 'stadium', 'november', 'want', 'listen', 'cue']",9,58,neutral,0.3938,"{np.str_('negative'): 0.2761, np.str_('neutral'): 0.3938, np.str_('positive'): 0.3301}",labeled,neutral,0.5862,"{'neutral': 0.5862, 'positive': 0.4062, 'negative': 0.0076}",neutral,0.5092,0,"['AC/DC', 'Perth']"
641,Tryna get wavy after work tomorrow it\u2019s been a while,2024-10-13,unknown_user,,Twitter (tweet_eval),en,tweet_eval_sentiment,neutral,Unknown,Unknown,0,tryna get wavy work tomorrow itu2019s,"['tryna', 'get', 'wavy', 'work', 'tomorrow', 'itu2019s']",6,37,positive,0.4494,"{np.str_('negative'): 0.1876, np.str_('neutral'): 0.363, np.str_('positive'): 0.4494}",labeled,neutral,0.787,"{'neutral': 0.787, 'negative': 0.148, 'positive': 0.065}",neutral,0.6174,1,['it\\u2019s']
642,"""As channel btwn east & west #Ukraine has huge potential as producer & hub"" At business roundtable w @user /JL",2025-03-23,unknown_user,,Twitter (tweet_eval),en,tweet_eval_sentiment,neutral,Unknown,Unknown,0,channel btwn east west huge potential producer hub business roundtable jl,"['channel', 'btwn', 'east', 'west', 'huge', 'potential', 'producer', 'hub', 'business', 'roundtable', 'jl']",11,73,neutral,0.3907,"{np.str_('negative'): 0.249, np.str_('neutral'): 0.3907, np.str_('positive'): 0.3603}",labeled,positive,0.5267,"{'positive': 0.5267, 'neutral': 0.4652, 'negative': 0.0082}",positive,0.4601,1,"['@user', 'Ukraine']"
643,"a delightful , if minor , pastry of a movie .",2024-02-27,unknown_user,,Rotten Tomatoes,en,rotten_tomatoes,positive,Unknown,Unknown,0,delightful minor pastry movie,"['delightful', 'minor', 'pastry', 'movie']",4,29,negative,0.4383,"{np.str_('negative'): 0.4383, np.str_('neutral'): 0.1326, np.str_('positive'): 0.4291}",labeled,negative,0.6073,"{'negative': 0.6073, 'neutral': 0.3076, 'positive': 0.0851}",negative,0.5397,0,[]
644,Eating spaghetti and watching Jurassic park on my Saturday night. Not even mad about it. Great movie great food.,2024-03-07,unknown_user,,Twitter (tweet_eval),en,tweet_eval_sentiment,positive,Unknown,Unknown,0,eating spaghetti watching jurassic park saturday night not even mad great movie great food,"['eating', 'spaghetti', 'watching', 'jurassic', 'park', 'saturday', 'night', 'not', 'even', 'mad', 'great', 'movie', 'great', 'food']",14,90,positive,0.6564,"{np.str_('negative'): 0.1173, np.str_('neutral'): 0.2263, np.str_('positive'): 0.6564}",labeled,positive,0.9695,"{'positive': 0.9695, 'neutral': 0.0271, 'negative': 0.0035}",positive,0.8443,0,[]
645,And tomorrow she wants to go to the movies. And the day after I think we're going to Disneyland.,2024-04-16,unknown_user,,Twitter (tweet_eval),en,tweet_eval_sentiment,positive,Unknown,Unknown,0,tomorrow want go movie day think going disneyland,"['tomorrow', 'want', 'go', 'movie', 'day', 'think', 'going', 'disneyland']",8,49,positive,0.5317,"{np.str_('negative'): 0.186, np.str_('neutral'): 0.2823, np.str_('positive'): 0.5317}",labeled,positive,0.5435,"{'positive': 0.5435, 'neutral': 0.4527, 'negative': 0.0038}",positive,0.5388,0,[]
646,"@user I will when I get back.. I'm still in Florida but I get back next Tuesday, well get it in for sure""",2024-09-19,unknown_user,,Twitter (tweet_eval),en,tweet_eval_sentiment,positive,Unknown,Unknown,0,get back im still florida but get back next tuesday well get sure,"['get', 'back', 'im', 'still', 'florida', 'but', 'get', 'back', 'next', 'tuesday', 'well', 'get', 'sure']",13,65,positive,0.5434,"{np.str_('negative'): 0.1906, np.str_('neutral'): 0.266, np.str_('positive'): 0.5434}",labeled,neutral,0.7718,"{'neutral': 0.7718, 'positive': 0.2099, 'negative': 0.0183}",neutral,0.5695,1,['Florida']
647,"Joe Biden will meet with AFL-CIO president, further fueling talk that he may enter the White House race. I predict a Labor Day announcement.",2024-02-22,unknown_user,,Twitter (tweet_eval),en,tweet_eval_sentiment,neutral,Biden,Unknown,0,Biden meet aflcio president fueling talk may enter white house race predict labor day announcement,"['Biden', 'meet', 'aflcio', 'president', 'fueling', 'talk', 'may', 'enter', 'white', 'house', 'race', 'predict', 'labor', 'day', 'announcement']",15,98,neutral,0.584,"{np.str_('negative'): 0.1983, np.str_('neutral'): 0.584, np.str_('positive'): 0.2178}",labeled,neutral,0.9064,"{'neutral': 0.9064, 'positive': 0.0845, 'negative': 0.0091}",neutral,0.7774,0,"['Joe Biden', 'White House', 'AFL-CIO']"
648,French President Francois Hollande is due to hold talks on Monday with the heads of the World Bank and other top economic bodies.,2024-09-17,unknown_user,,Twitter (tweet_eval),en,tweet_eval_sentiment,neutral,Unknown,Unknown,0,french president francois hollande due hold talk monday head world bank top economic body,"['french', 'president', 'francois', 'hollande', 'due', 'hold', 'talk', 'monday', 'head', 'world', 'bank', 'top', 'economic', 'body']",14,89,neutral,0.5955,"{np.str_('negative'): 0.2366, np.str_('neutral'): 0.5955, np.str_('positive'): 0.1679}",labeled,neutral,0.8847,"{'neutral': 0.8847, 'positive': 0.1029, 'negative': 0.0125}",neutral,0.769,0,"['Francois Hollande', 'the World Bank']"
649,"""Justin Bieber may have a number 1 single, but he still visits Santa Claus:",2024-09-28,unknown_user,,Twitter (tweet_eval),en,tweet_eval_sentiment,neutral,Unknown,Unknown,0,justin bieber may number single but still visit santa claus,"['justin', 'bieber', 'may', 'number', 'single', 'but', 'still', 'visit', 'santa', 'claus']",10,59,positive,0.4046,"{np.str_('negative'): 0.2554, np.str_('neutral'): 0.34, np.str_('positive'): 0.4046}",labeled,neutral,0.8251,"{'neutral': 0.8251, 'positive': 0.1596, 'negative': 0.0153}",neutral,0.6311,1,['Santa Claus']
650,"an unsettling , memorable cinematic experience that does its predecessors proud .",2024-02-08,unknown_user,,Rotten Tomatoes,en,rotten_tomatoes,positive,Unknown,Unknown,0,unsettling memorable cinematic experience predecessor proud,"['unsettling', 'memorable', 'cinematic', 'experience', 'predecessor', 'proud']",6,59,positive,0.4046,"{np.str_('negative'): 0.2554, np.str_('neutral'): 0.34, np.str_('positive'): 0.4046}",labeled,positive,0.9681,"{'positive': 0.9681, 'neutral': 0.0273, 'negative': 0.0045}",positive,0.7427,0,[]
651,I just wanna go see Ed Sheeran on Thursday ://,2024-11-05,unknown_user,,Twitter (tweet_eval),en,tweet_eval_sentiment,positive,Unknown,Unknown,0,wan na go see ed sheeran thursday,"['wan', 'na', 'go', 'see', 'ed', 'sheeran', 'thursday']",7,33,positive,0.5007,"{np.str_('negative'): 0.1766, np.str_('neutral'): 0.3227, np.str_('positive'): 0.5007}",labeled,neutral,0.7744,"{'neutral': 0.7744, 'positive': 0.2204, 'negative': 0.0051}",neutral,0.5937,1,['Ed Sheeran']
652,"that rare documentary that incorporates so much of human experience -- drama , conflict , tears and surprise -- that it transcends the normal divisions between fiction and nonfiction film .",2024-02-28,unknown_user,,Rotten Tomatoes,en,rotten_tomatoes,positive,Unknown,Unknown,0,rare documentary incorporates much human experience drama conflict tear surprise transcends normal division fiction nonfiction film,"['rare', 'documentary', 'incorporates', 'much', 'human', 'experience', 'drama', 'conflict', 'tear', 'surprise', 'transcends', 'normal', 'division', 'fiction', 'nonfiction', 'film']",16,131,positive,0.5315,"{np.str_('negative'): 0.3576, np.str_('neutral'): 0.1109, np.str_('positive'): 0.5315}",labeled,neutral,0.8233,"{'neutral': 0.8233, 'positive': 0.1477, 'negative': 0.0291}",neutral,0.5383,1,[]
653,@user But BECAUSE you spent hours on something you will be more likely to toss money at it. Death is a super harsh penalty.,2024-01-14,unknown_user,,Twitter (tweet_eval),en,tweet_eval_sentiment,negative,Unknown,Unknown,0,but spent hour something likely toss money death super harsh penalty,"['but', 'spent', 'hour', 'something', 'likely', 'toss', 'money', 'death', 'super', 'harsh', 'penalty']",11,68,neutral,0.4091,"{np.str_('negative'): 0.3187, np.str_('neutral'): 0.4091, np.str_('positive'): 0.2722}",labeled,negative,0.8661,"{'negative': 0.8661, 'neutral': 0.1265, 'positive': 0.0074}",negative,0.6471,1,['@user']
654,Up to the 4th episode of True Blood 2nd season.  It gets better & better.,2024-11-26,unknown_user,,Twitter (tweet_eval),en,tweet_eval_sentiment,positive,Unknown,Unknown,0,4th episode true blood 2nd season get better better,"['4th', 'episode', 'true', 'blood', '2nd', 'season', 'get', 'better', 'better']",9,51,positive,0.4782,"{np.str_('negative'): 0.2239, np.str_('neutral'): 0.2979, np.str_('positive'): 0.4782}",labeled,positive,0.8952,"{'positive': 0.8952, 'neutral': 0.0983, 'negative': 0.0065}",positive,0.7284,0,[]
655,"A George Soros Connected Company Provided Voting Technology In 16 States, Including Key Swing States #Trump",2025-05-13,unknown_user,,Twitter (tweet_eval),en,tweet_eval_sentiment,neutral,Trump,Unknown,0,george soros connected company provided voting technology 16 state including key swing state,"['george', 'soros', 'connected', 'company', 'provided', 'voting', 'technology', '16', 'state', 'including', 'key', 'swing', 'state']",13,92,positive,0.4046,"{np.str_('negative'): 0.2554, np.str_('neutral'): 0.34, np.str_('positive'): 0.4046}",labeled,neutral,0.9057,"{'neutral': 0.9057, 'positive': 0.0735, 'negative': 0.0208}",neutral,0.6794,1,"['Trump', 'George Soros Connected Company']"
656,I wanted to see Columbiana for my birthday but it comes out on the 26th *rolls eyes* Guess ill go see it in Clemson.,2024-10-07,unknown_user,,Twitter (tweet_eval),en,tweet_eval_sentiment,neutral,Unknown,Unknown,0,wanted see columbiana birthday but come 26th roll eye guess ill go see clemson,"['wanted', 'see', 'columbiana', 'birthday', 'but', 'come', '26th', 'roll', 'eye', 'guess', 'ill', 'go', 'see', 'clemson']",14,78,neutral,0.409,"{np.str_('negative'): 0.1939, np.str_('neutral'): 0.409, np.str_('positive'): 0.397}",labeled,neutral,0.5638,"{'neutral': 0.5638, 'negative': 0.3861, 'positive': 0.05}",neutral,0.5019,0,"['Columbiana', 'Clemson']"
657,Pink Friday is Nicki's best.  And the Pink Print is a sloppy mess.,2024-06-22,unknown_user,,Twitter (tweet_eval),en,tweet_eval_sentiment,positive,Unknown,Unknown,0,pink friday nickis best pink print sloppy mess,"['pink', 'friday', 'nickis', 'best', 'pink', 'print', 'sloppy', 'mess']",8,46,positive,0.5998,"{np.str_('negative'): 0.0996, np.str_('neutral'): 0.3006, np.str_('positive'): 0.5998}",labeled,positive,0.5581,"{'positive': 0.5581, 'neutral': 0.3631, 'negative': 0.0789}",positive,0.5748,0,['Nicki']
658,"some writer dude , i think his name was , uh , michael zaidan , was supposed to have like written the screenplay or something ",2024-08-12,unknown_user,,SST-2,en,sst2,negative,Unknown,Unknown,0,writer dude think name uh michael zaidan supposed like written screenplay something,"['writer', 'dude', 'think', 'name', 'uh', 'michael', 'zaidan', 'supposed', 'like', 'written', 'screenplay', 'something']",12,83,positive,0.43,"{np.str_('negative'): 0.2585, np.str_('neutral'): 0.3115, np.str_('positive'): 0.43}",labeled,neutral,0.7811,"{'neutral': 0.7811, 'negative': 0.1817, 'positive': 0.0372}",neutral,0.5933,1,['michael zaidan']
659,If I make a game as a #windows10 Universal App. Will #xboxone owners be able to download and play it in November? @user @user,2025-05-02,unknown_user,,Twitter (tweet_eval),en,tweet_eval_sentiment,neutral,Unknown,Unknown,0,make game universal app owner able download play november,"['make', 'game', 'universal', 'app', 'owner', 'able', 'download', 'play', 'november']",9,57,positive,0.4294,"{np.str_('negative'): 0.1983, np.str_('neutral'): 0.3724, np.str_('positive'): 0.4294}",labeled,neutral,0.6387,"{'neutral': 0.6387, 'positive': 0.3495, 'negative': 0.0118}",neutral,0.5322,1,['Universal App']
660,"At the #NBAwards finalist reading, the poets were on 🔥. I've been reading these all day & they are brilliant. I can…",2024-03-12,unknown_user,,Twitter (tweet_eval),en,tweet_eval_sentiment,positive,Unknown,Unknown,0,finalist reading poet fire ive reading day brilliant can…,"['finalist', 'reading', 'poet', 'fire', 'ive', 'reading', 'day', 'brilliant', 'can…']",9,57,positive,0.5424,"{np.str_('negative'): 0.1693, np.str_('neutral'): 0.2883, np.str_('positive'): 0.5424}",labeled,positive,0.9496,"{'positive': 0.9496, 'neutral': 0.0462, 'negative': 0.0042}",positive,0.7867,0,['NBAwards']
661,Iran said on Monday that Israeli lobbying was behind a new measure passed by the U.S.,2025-01-09,unknown_user,,Twitter (tweet_eval),en,tweet_eval_sentiment,neutral,Unknown,Unknown,0,iran said monday israeli lobbying behind new measure passed u,"['iran', 'said', 'monday', 'israeli', 'lobbying', 'behind', 'new', 'measure', 'passed', 'u']",10,61,neutral,0.6849,"{np.str_('negative'): 0.1787, np.str_('neutral'): 0.6849, np.str_('positive'): 0.1364}",labeled,neutral,0.9167,"{'neutral': 0.9167, 'positive': 0.0584, 'negative': 0.025}",neutral,0.824,0,"['U.S.', 'Iran']"
662,bland actors ,2024-09-08,unknown_user,,SST-2,en,sst2,negative,Unknown,Unknown,0,bland actor,"['bland', 'actor']",2,11,negative,0.4281,"{np.str_('negative'): 0.4281, np.str_('neutral'): 0.2246, np.str_('positive'): 0.3474}",labeled,neutral,0.7844,"{'neutral': 0.7844, 'positive': 0.1509, 'negative': 0.0648}",neutral,0.5605,1,[]
663,Banging on The #RollingStones on a Friday night with @user to start the weekend - after-hour Nirvana.,2024-08-25,unknown_user,,Twitter (tweet_eval),en,tweet_eval_sentiment,positive,Unknown,Unknown,0,banging friday night start weekend afterhour nirvana,"['banging', 'friday', 'night', 'start', 'weekend', 'afterhour', 'nirvana']",7,52,positive,0.5206,"{np.str_('negative'): 0.1047, np.str_('neutral'): 0.3747, np.str_('positive'): 0.5206}",labeled,neutral,0.6367,"{'neutral': 0.6367, 'positive': 0.3567, 'negative': 0.0066}",neutral,0.5319,1,"['@user', 'Nirvana']"
664,Don't need make up to cover up. #WhatMakesYouBeautiful #OneDirection #1DHarry,2024-02-27,unknown_user,,Twitter (tweet_eval),en,tweet_eval_sentiment,neutral,Unknown,Unknown,0,dont need make cover,"['dont', 'need', 'make', 'cover']",4,20,positive,0.4388,"{np.str_('negative'): 0.2424, np.str_('neutral'): 0.3188, np.str_('positive'): 0.4388}",labeled,neutral,0.726,"{'neutral': 0.726, 'negative': 0.1652, 'positive': 0.1088}",neutral,0.5631,1,['1DHarry']
665,@user Everton are the 2nd highest users of the long ball this season. Wilshere has time and a selling club on his side. #feederclub,2025-02-19,unknown_user,,Twitter (tweet_eval),en,tweet_eval_sentiment,neutral,Unknown,Unknown,0,everton 2nd highest user long ball season wilshere time selling club side,"['everton', '2nd', 'highest', 'user', 'long', 'ball', 'season', 'wilshere', 'time', 'selling', 'club', 'side']",12,73,positive,0.4053,"{np.str_('negative'): 0.2, np.str_('neutral'): 0.3947, np.str_('positive'): 0.4053}",labeled,neutral,0.8339,"{'neutral': 0.8339, 'positive': 0.1445, 'negative': 0.0216}",neutral,0.6582,1,['@user Everton']
666,"every joke is repeated at least four times . every joke is repeated at least four times . every joke is repeated at least--annoying , isn't it ?",2024-07-20,unknown_user,,Rotten Tomatoes,en,rotten_tomatoes,negative,Unknown,Unknown,0,every joke repeated least four time every joke repeated least four time every joke repeated leastannoying isnt,"['every', 'joke', 'repeated', 'least', 'four', 'time', 'every', 'joke', 'repeated', 'least', 'four', 'time', 'every', 'joke', 'repeated', 'leastannoying', 'isnt']",17,110,positive,0.383,"{np.str_('negative'): 0.2927, np.str_('neutral'): 0.3243, np.str_('positive'): 0.383}",labeled,negative,0.5838,"{'negative': 0.5838, 'neutral': 0.3789, 'positive': 0.0374}",negative,0.4674,1,[]
667,#Westworld S01 is nothing less than a MASTERPIECE. Phenomenal finale. And im gonna stay away from all the theories.,2025-03-07,unknown_user,,Twitter (tweet_eval),en,tweet_eval_sentiment,positive,Unknown,Unknown,0,s01 nothing less masterpiece phenomenal finale im gon na stay away theory,"['s01', 'nothing', 'less', 'masterpiece', 'phenomenal', 'finale', 'im', 'gon', 'na', 'stay', 'away', 'theory']",12,73,positive,0.5404,"{np.str_('negative'): 0.2041, np.str_('neutral'): 0.2555, np.str_('positive'): 0.5404}",labeled,positive,0.9502,"{'positive': 0.9502, 'neutral': 0.0404, 'negative': 0.0094}",positive,0.7863,0,['MASTERPIECE']
668,a behind the scenes look at the training and dedication that goes into becoming a world-class fencer and the champion that's made a difference to nyc inner-city youth .,2024-07-19,unknown_user,,Rotten Tomatoes,en,rotten_tomatoes,positive,Unknown,Unknown,0,behind scene look training dedication go becoming worldclass fencer champion thats made difference nyc innercity youth,"['behind', 'scene', 'look', 'training', 'dedication', 'go', 'becoming', 'worldclass', 'fencer', 'champion', 'thats', 'made', 'difference', 'nyc', 'innercity', 'youth']",16,118,positive,0.4988,"{np.str_('negative'): 0.3416, np.str_('neutral'): 0.1597, np.str_('positive'): 0.4988}",labeled,positive,0.8677,"{'positive': 0.8677, 'neutral': 0.1273, 'negative': 0.005}",positive,0.7201,0,[]
669,@user  A trunk show by Pipa & bella & EKSMS on Nov 1st @ Escobar with complimentary Cocktail workshop & designer Jewelry.RSVP to us,2024-10-10,unknown_user,,Twitter (tweet_eval),en,tweet_eval_sentiment,neutral,Unknown,Unknown,0,trunk show pipa bella eksms nov 1st escobar complimentary cocktail workshop designer jewelryrsvp u,"['trunk', 'show', 'pipa', 'bella', 'eksms', 'nov', '1st', 'escobar', 'complimentary', 'cocktail', 'workshop', 'designer', 'jewelryrsvp', 'u']",14,98,neutral,0.5716,"{np.str_('negative'): 0.1607, np.str_('neutral'): 0.5716, np.str_('positive'): 0.2677}",labeled,neutral,0.8595,"{'neutral': 0.8595, 'positive': 0.1209, 'negative': 0.0196}",neutral,0.7443,0,"['@user', 'RSVP', 'Cocktail workshop & designer Jewelry', 'Pipa & bella & EKSMS on']"
670,"@user @user plenty of other news sources with riots, just look. Not to mention anti-trump  assaults",2024-10-05,unknown_user,,Twitter (tweet_eval),en,tweet_eval_sentiment,neutral,Trump,Unknown,1,plenty news source riot look not mention antitrump assault,"['plenty', 'news', 'source', 'riot', 'look', 'not', 'mention', 'antitrump', 'assault']",9,58,positive,0.4319,"{np.str_('negative'): 0.2969, np.str_('neutral'): 0.2712, np.str_('positive'): 0.4319}",labeled,negative,0.7703,"{'negative': 0.7703, 'neutral': 0.2173, 'positive': 0.0123}",negative,0.5809,1,['@user @user']
671,@user @user Purge the voter registration records,2024-07-23,unknown_user,,Twitter (tweet_eval),en,tweet_eval_sentiment,neutral,Unknown,Unknown,0,purge voter registration record,"['purge', 'voter', 'registration', 'record']",4,31,positive,0.4046,"{np.str_('negative'): 0.2554, np.str_('neutral'): 0.34, np.str_('positive'): 0.4046}",labeled,neutral,0.67,"{'neutral': 0.67, 'negative': 0.3023, 'positive': 0.0277}",neutral,0.538,1,['@user']
672,"an awful lot like one of [spears'] music videos in content -- except that it goes on for at least 90 more minutes and , worse , that you have to pay if you want to see it .",2024-02-18,unknown_user,,Rotten Tomatoes,en,rotten_tomatoes,negative,Unknown,Unknown,0,awful lot like one spear music video content except go least 90 minute worse pay want see,"['awful', 'lot', 'like', 'one', 'spear', 'music', 'video', 'content', 'except', 'go', 'least', '90', 'minute', 'worse', 'pay', 'want', 'see']",17,89,neutral,0.4132,"{np.str_('negative'): 0.3237, np.str_('neutral'): 0.4132, np.str_('positive'): 0.2631}",labeled,negative,0.9525,"{'negative': 0.9525, 'neutral': 0.0416, 'positive': 0.0059}",negative,0.701,1,[]
673,I dont even think briana is sure when she got pregnant,2025-03-29,unknown_user,,Twitter (tweet_eval),en,tweet_eval_sentiment,neutral,Unknown,Unknown,0,dont even think briana sure got pregnant,"['dont', 'even', 'think', 'briana', 'sure', 'got', 'pregnant']",7,40,neutral,0.4602,"{np.str_('negative'): 0.197, np.str_('neutral'): 0.4602, np.str_('positive'): 0.3428}",labeled,neutral,0.6162,"{'neutral': 0.6162, 'negative': 0.3651, 'positive': 0.0187}",neutral,0.5538,0,[]
674,"@user i'm more upset by the racist, stereotypical shit that every fucking store under the sun sells around St. Patrick's day.""",2024-01-16,unknown_user,,Twitter (tweet_eval),en,tweet_eval_sentiment,negative,Unknown,Unknown,1,im upset racist stereotypical shit every fucking store sun sell around st patrick day,"['im', 'upset', 'racist', 'stereotypical', 'shit', 'every', 'fucking', 'store', 'sun', 'sell', 'around', 'st', 'patrick', 'day']",14,85,positive,0.4772,"{np.str_('negative'): 0.1672, np.str_('neutral'): 0.3556, np.str_('positive'): 0.4772}",labeled,negative,0.9459,"{'negative': 0.9459, 'neutral': 0.0479, 'positive': 0.0062}",negative,0.6344,1,"['@user', ""St. Patrick's""]"
675,@user hey did you hear that the popular vote is up 2MM for Hillary and it doesn't mean shit?,2024-05-02,unknown_user,,Twitter (tweet_eval),en,tweet_eval_sentiment,negative,Unknown,Unknown,0,hey hear popular vote 2mm hillary doesnt mean shit,"['hey', 'hear', 'popular', 'vote', '2mm', 'hillary', 'doesnt', 'mean', 'shit']",9,50,neutral,0.4446,"{np.str_('negative'): 0.3298, np.str_('neutral'): 0.4446, np.str_('positive'): 0.2255}",labeled,negative,0.8132,"{'negative': 0.8132, 'neutral': 0.1735, 'positive': 0.0134}",negative,0.6198,1,"['Hillary', '@user']"
676,Kunle Afolayan has raised the bar to another level with October 1. Not sure there are many who can meet up or raise the bar in Nigeria!!!,2024-04-27,unknown_user,,Twitter (tweet_eval),en,tweet_eval_sentiment,positive,Unknown,Unknown,0,kunle afolayan raised bar another level october not sure many meet raise bar nigeria,"['kunle', 'afolayan', 'raised', 'bar', 'another', 'level', 'october', 'not', 'sure', 'many', 'meet', 'raise', 'bar', 'nigeria']",14,84,positive,0.4457,"{np.str_('negative'): 0.1473, np.str_('neutral'): 0.407, np.str_('positive'): 0.4457}",labeled,neutral,0.8015,"{'neutral': 0.8015, 'positive': 0.1123, 'negative': 0.0861}",neutral,0.6437,1,"['Nigeria', 'Kunle Afolayan']"
677,I stay up til 6:30 every morning just to watch Between the Lions.,2024-10-21,unknown_user,,Twitter (tweet_eval),en,tweet_eval_sentiment,neutral,Unknown,Unknown,0,stay til 630 every morning watch lion,"['stay', 'til', '630', 'every', 'morning', 'watch', 'lion']",7,37,positive,0.4855,"{np.str_('negative'): 0.2175, np.str_('neutral'): 0.297, np.str_('positive'): 0.4855}",labeled,neutral,0.6528,"{'neutral': 0.6528, 'positive': 0.3229, 'negative': 0.0243}",neutral,0.5105,1,[]
678,Juan  Just heard Green Day's 'Time of our life' for the 1st time since leaving florida and i burst into tears. I miss everyone...  Kellogg,2024-07-21,unknown_user,,Twitter (tweet_eval),en,tweet_eval_sentiment,negative,Unknown,Unknown,0,juan heard green day time life 1st time since leaving florida burst tear miss everyone kellogg,"['juan', 'heard', 'green', 'day', 'time', 'life', '1st', 'time', 'since', 'leaving', 'florida', 'burst', 'tear', 'miss', 'everyone', 'kellogg']",16,94,positive,0.5199,"{np.str_('negative'): 0.2357, np.str_('neutral'): 0.2444, np.str_('positive'): 0.5199}",labeled,neutral,0.5245,"{'neutral': 0.5245, 'positive': 0.3679, 'negative': 0.1076}",positive,0.4287,0,"['Kellogg', 'florida', 'Juan']"
679,[NEWS] Stuck-Up Sunday: Shepard Fairey - Andre the Giant Uncut Sticker Sheet - @user @user,2024-01-01,unknown_user,,Twitter (tweet_eval),en,tweet_eval_sentiment,neutral,Unknown,Unknown,0,news stuckup sunday shepard fairey andre giant uncut sticker sheet,"['news', 'stuckup', 'sunday', 'shepard', 'fairey', 'andre', 'giant', 'uncut', 'sticker', 'sheet']",10,66,neutral,0.4203,"{np.str_('negative'): 0.1971, np.str_('neutral'): 0.4203, np.str_('positive'): 0.3826}",labeled,neutral,0.7777,"{'neutral': 0.7777, 'negative': 0.1568, 'positive': 0.0655}",neutral,0.6347,0,['Fairey - Andre']
680,"If you're looking for work in #Palestine, TX, check out this #job: #Retail #Hiring #CareerArc",2024-05-17,unknown_user,,Twitter (tweet_eval),en,tweet_eval_sentiment,neutral,Unknown,Unknown,0,youre looking work tx check,"['youre', 'looking', 'work', 'tx', 'check']",5,27,neutral,0.3712,"{np.str_('negative'): 0.2722, np.str_('neutral'): 0.3712, np.str_('positive'): 0.3567}",labeled,neutral,0.8659,"{'neutral': 0.8659, 'positive': 0.0851, 'negative': 0.049}",neutral,0.668,0,"['TX', 'Palestine', 'CareerArc']"
681,WHEN I THINK OF YOU by JANET JACKSON was no.15 in the UK charts on 1 September 1986,2024-12-30,unknown_user,,Twitter (tweet_eval),en,tweet_eval_sentiment,neutral,Unknown,Unknown,0,think janet jackson no15 uk chart september 1986,"['think', 'janet', 'jackson', 'no15', 'uk', 'chart', 'september', '1986']",8,48,neutral,0.4742,"{np.str_('negative'): 0.1352, np.str_('neutral'): 0.4742, np.str_('positive'): 0.3906}",labeled,neutral,0.9151,"{'neutral': 0.9151, 'positive': 0.0575, 'negative': 0.0274}",neutral,0.7387,0,"['UK', 'JANET JACKSON']"
682,#NowPlaying Adi?s - Ricky Martin,2024-11-05,unknown_user,,Twitter (tweet_eval),en,tweet_eval_sentiment,neutral,Unknown,Unknown,0,adis ricky martin,"['adis', 'ricky', 'martin']",3,17,positive,0.4046,"{np.str_('negative'): 0.2554, np.str_('neutral'): 0.34, np.str_('positive'): 0.4046}",labeled,neutral,0.8778,"{'neutral': 0.8778, 'positive': 0.0896, 'negative': 0.0326}",neutral,0.6627,1,"['NowPlaying', 'Ricky Martin']"
683,"@user I have yet to find even one patient who benefitted from it. And, Medicare and Medicaid are broke systems. #RepealACA",2025-01-12,unknown_user,,Twitter (tweet_eval),en,tweet_eval_sentiment,negative,Unknown,Unknown,1,yet find even one patient benefitted medicare medicaid broke system,"['yet', 'find', 'even', 'one', 'patient', 'benefitted', 'medicare', 'medicaid', 'broke', 'system']",10,67,positive,0.4046,"{np.str_('negative'): 0.2554, np.str_('neutral'): 0.34, np.str_('positive'): 0.4046}",labeled,negative,0.86,"{'negative': 0.86, 'neutral': 0.1306, 'positive': 0.0094}",negative,0.6182,1,"['Medicaid', 'Medicare']"
684,"This is one of the worst movies I have ever seen. However, the little slave girl, Alice and Jared Harris imitating Christopher Walken is what makes this movie entertaining. Alice's smoking, drinking and uncanny way of showing up when her name is called is strange and interesting.",2024-07-21,unknown_user,,IMDB,en,imdb,negative,Harris,Unknown,0,one worst movie ever seen however little slave girl alice jared harris imitating christopher walken make movie entertaining alices smoking drinking uncanny way showing name called strange interesting,"['one', 'worst', 'movie', 'ever', 'seen', 'however', 'little', 'slave', 'girl', 'alice', 'jared', 'harris', 'imitating', 'christopher', 'walken', 'make', 'movie', 'entertaining', 'alices', 'smoking', 'drinking', 'uncanny', 'way', 'showing', 'name', 'called', 'strange', 'interesting']",28,199,negative,0.5356,"{np.str_('negative'): 0.5356, np.str_('neutral'): 0.0989, np.str_('positive'): 0.3655}",labeled,negative,0.9125,"{'negative': 0.9125, 'neutral': 0.0792, 'positive': 0.0083}",negative,0.7617,0,"['Alice', 'Jared Harris', 'Christopher Walken']"
685,Ay up @user You still want me to get you a pair of tickets for the Sunderland match on 2nd Jan (7.45pm ko)?,2025-01-11,unknown_user,,Twitter (tweet_eval),en,tweet_eval_sentiment,neutral,Unknown,Unknown,0,ay still want get pair ticket sunderland match 2nd jan 745pm ko,"['ay', 'still', 'want', 'get', 'pair', 'ticket', 'sunderland', 'match', '2nd', 'jan', '745pm', 'ko']",12,63,neutral,0.4722,"{np.str_('negative'): 0.1975, np.str_('neutral'): 0.4722, np.str_('positive'): 0.3304}",labeled,neutral,0.872,"{'neutral': 0.872, 'positive': 0.1107, 'negative': 0.0173}",neutral,0.7121,0,['Sunderland']
686,@user how many do you need? I have to get them from mrs murray and we can meet sometime friday,2024-09-21,unknown_user,,Twitter (tweet_eval),en,tweet_eval_sentiment,neutral,Unknown,Unknown,0,many need get mr murray meet sometime friday,"['many', 'need', 'get', 'mr', 'murray', 'meet', 'sometime', 'friday']",8,44,neutral,0.5041,"{np.str_('negative'): 0.0995, np.str_('neutral'): 0.5041, np.str_('positive'): 0.3964}",labeled,neutral,0.8295,"{'neutral': 0.8295, 'positive': 0.1479, 'negative': 0.0227}",neutral,0.6993,0,['@user']
687,"I'm sorry to report that I have seen this film several times. When it bombed at the box office, it was repeated nightly for about a month on HBO. And I watched it over and over because television in general is so bad--or was at that time. I no longer watch, so it might be wonderf",2024-09-16,unknown_user,,IMDB,en,imdb,negative,Unknown,Unknown,1,im sorry report seen film several time bombed box office repeated nightly month hbo watched television general bador time no longer watch might wonderf,"['im', 'sorry', 'report', 'seen', 'film', 'several', 'time', 'bombed', 'box', 'office', 'repeated', 'nightly', 'month', 'hbo', 'watched', 'television', 'general', 'bador', 'time', 'no', 'longer', 'watch', 'might', 'wonderf']",24,151,positive,0.4894,"{np.str_('negative'): 0.349, np.str_('neutral'): 0.1617, np.str_('positive'): 0.4894}",labeled,negative,0.9037,"{'negative': 0.9037, 'neutral': 0.0906, 'positive': 0.0057}",negative,0.6818,1,['HBO']
688,"""In a reversal, Carly Fiorina now likely to make main stage at the next Republican debate: Carly Fiorina may ha...",2024-06-23,unknown_user,,Twitter (tweet_eval),en,tweet_eval_sentiment,positive,Unknown,Republicans,0,reversal carly fiorina likely make main stage next republican debate carly fiorina may ha,"['reversal', 'carly', 'fiorina', 'likely', 'make', 'main', 'stage', 'next', 'republican', 'debate', 'carly', 'fiorina', 'may', 'ha']",14,89,positive,0.5344,"{np.str_('negative'): 0.1846, np.str_('neutral'): 0.281, np.str_('positive'): 0.5344}",labeled,neutral,0.7958,"{'neutral': 0.7958, 'positive': 0.1999, 'negative': 0.0043}",neutral,0.5899,1,['Carly Fiorina']
689,"Trump defendendo Steve Bannon: ""But Steve went to Harvard, he was a, you know, he was very successful,  he was a Naval officer (+)",2024-06-15,unknown_user,,Twitter (tweet_eval),en,tweet_eval_sentiment,neutral,Trump,Unknown,0,trump defendendo steve bannon but steve went harvard know successful naval officer,"['trump', 'defendendo', 'steve', 'bannon', 'but', 'steve', 'went', 'harvard', 'know', 'successful', 'naval', 'officer']",12,82,neutral,0.468,"{np.str_('negative'): 0.3203, np.str_('neutral'): 0.468, np.str_('positive'): 0.2118}",labeled,neutral,0.7947,"{'neutral': 0.7947, 'positive': 0.1258, 'negative': 0.0795}",neutral,0.664,0,"['Steve', 'Harvard', 'Naval', 'Steve Bannon']"
690,#Dodgers roll after Sharknado.  That's just fact.,2025-04-26,unknown_user,,Twitter (tweet_eval),en,tweet_eval_sentiment,neutral,Unknown,Unknown,0,roll sharknado thats fact,"['roll', 'sharknado', 'thats', 'fact']",4,25,positive,0.3841,"{np.str_('negative'): 0.3109, np.str_('neutral'): 0.305, np.str_('positive'): 0.3841}",labeled,neutral,0.7235,"{'neutral': 0.7235, 'positive': 0.2195, 'negative': 0.057}",neutral,0.5561,1,"['Sharknado', 'Dodgers']"
691,I TOO CAN HEAR THE BELLS WATCHING ZAC EFRON IN THIS MOVIE,2025-02-22,unknown_user,,Twitter (tweet_eval),en,tweet_eval_sentiment,positive,Unknown,Unknown,0,hear bell watching zac efron movie,"['hear', 'bell', 'watching', 'zac', 'efron', 'movie']",6,34,positive,0.4862,"{np.str_('negative'): 0.2737, np.str_('neutral'): 0.2401, np.str_('positive'): 0.4862}",labeled,neutral,0.8041,"{'neutral': 0.8041, 'positive': 0.186, 'negative': 0.0099}",neutral,0.5785,1,['MOVIE']
692,"December 8 begins the Pope's ""year of mercy"".",2025-02-04,unknown_user,,Twitter (tweet_eval),en,tweet_eval_sentiment,positive,Unknown,Unknown,0,december begin pope year mercy,"['december', 'begin', 'pope', 'year', 'mercy']",5,30,positive,0.4046,"{np.str_('negative'): 0.2554, np.str_('neutral'): 0.34, np.str_('positive'): 0.4046}",labeled,neutral,0.4895,"{'neutral': 0.4895, 'positive': 0.4254, 'negative': 0.0851}",neutral,0.4297,1,[]
693,I have been astonished at the reaction of the liberals. Horrifying.,2025-03-13,unknown_user,,Twitter (tweet_eval),en,tweet_eval_sentiment,negative,Unknown,Liberal,1,astonished reaction liberal horrifying,"['astonished', 'reaction', 'liberal', 'horrifying']",4,38,positive,0.4046,"{np.str_('negative'): 0.2554, np.str_('neutral'): 0.34, np.str_('positive'): 0.4046}",labeled,negative,0.865,"{'negative': 0.865, 'neutral': 0.1214, 'positive': 0.0136}",negative,0.6212,1,[]
694,"""Don't miss Allison DeBona from Ballet West &amp; the CW's """"""""Breaking Pointe"""""""" teaching this Thursday at 1:30pm sign in early!",2024-09-14,unknown_user,,Twitter (tweet_eval),en,tweet_eval_sentiment,positive,Unknown,Unknown,0,dont miss allison debona ballet west amp cws breaking pointe teaching thursday 130pm sign early,"['dont', 'miss', 'allison', 'debona', 'ballet', 'west', 'amp', 'cws', 'breaking', 'pointe', 'teaching', 'thursday', '130pm', 'sign', 'early']",15,95,positive,0.4013,"{np.str_('negative'): 0.2923, np.str_('neutral'): 0.3064, np.str_('positive'): 0.4013}",labeled,neutral,0.5955,"{'neutral': 0.5955, 'positive': 0.3916, 'negative': 0.0129}",neutral,0.4799,1,"['CW', 'Allison DeBona', 'Ballet West &amp']"
695,Israel it's terrorism. #Israel #free_palestine  #science #math #ACT #SAT #scholarship #highered,2024-01-07,unknown_user,,Twitter (tweet_eval),en,tweet_eval_sentiment,negative,Unknown,Unknown,1,israel terrorism,"['israel', 'terrorism']",2,16,positive,0.4046,"{np.str_('negative'): 0.2554, np.str_('neutral'): 0.34, np.str_('positive'): 0.4046}",labeled,negative,0.7781,"{'negative': 0.7781, 'neutral': 0.2044, 'positive': 0.0175}",negative,0.569,1,"['SAT', 'Israel']"
696,Coming up in the 4pm (Eastern) hour\u002c another chance for you to win tickets to tomorrow night\u2019s Hudson Family...,2025-05-07,unknown_user,,Twitter (tweet_eval),en,tweet_eval_sentiment,neutral,Unknown,Unknown,0,coming 4pm eastern houru002c another chance win ticket tomorrow nightu2019s hudson family,"['coming', '4pm', 'eastern', 'houru002c', 'another', 'chance', 'win', 'ticket', 'tomorrow', 'nightu2019s', 'hudson', 'family']",12,89,neutral,0.544,"{np.str_('negative'): 0.1203, np.str_('neutral'): 0.544, np.str_('positive'): 0.3356}",labeled,neutral,0.6106,"{'neutral': 0.6106, 'positive': 0.3836, 'negative': 0.0058}",neutral,0.584,0,"['Eastern', 'Hudson Family']"
697,Trying to slowly transition myself into vegetarianism.,2025-04-01,unknown_user,,Twitter (tweet_eval),en,tweet_eval_sentiment,neutral,Unknown,Unknown,0,trying slowly transition vegetarianism,"['trying', 'slowly', 'transition', 'vegetarianism']",4,38,positive,0.4046,"{np.str_('negative'): 0.2554, np.str_('neutral'): 0.34, np.str_('positive'): 0.4046}",labeled,neutral,0.7932,"{'neutral': 0.7932, 'positive': 0.1945, 'negative': 0.0123}",neutral,0.6119,1,[]
698,"""I'm going to Paramore at Rock Im Park in Nuremburg, Germany - Jun 8",2024-05-14,unknown_user,,Twitter (tweet_eval),en,tweet_eval_sentiment,neutral,Unknown,Unknown,0,im going paramore rock im park nuremburg germany jun,"['im', 'going', 'paramore', 'rock', 'im', 'park', 'nuremburg', 'germany', 'jun']",9,52,positive,0.4902,"{np.str_('negative'): 0.215, np.str_('neutral'): 0.2948, np.str_('positive'): 0.4902}",labeled,neutral,0.769,"{'neutral': 0.769, 'positive': 0.2226, 'negative': 0.0084}",neutral,0.5793,1,"['Nuremburg', 'Germany', 'Park', 'Paramore']"
699,Obama Downplays Trump Trade Agenda  O can stick TPP & his 0 legacy #tcot #pjneet #maga #lnyhbt #wakeupamerica #tgdn,2024-07-18,unknown_user,,Twitter (tweet_eval),en,tweet_eval_sentiment,negative,Trump,Unknown,0,Obama downplays trump trade agenda stick tpp legacy,"['Obama', 'downplays', 'trump', 'trade', 'agenda', 'stick', 'tpp', 'legacy']",8,51,neutral,0.4304,"{np.str_('negative'): 0.3785, np.str_('neutral'): 0.4304, np.str_('positive'): 0.1911}",labeled,neutral,0.5183,"{'neutral': 0.5183, 'negative': 0.4574, 'positive': 0.0244}",neutral,0.4831,0,"['Obama Downplays', 'TPP &']"
700,[INFO]Tiffany will be the MC for SBS K-Pop Super Concert in USA on Nov 10 SBS K-Pop Super Concert in America on Nov 10,2024-12-13,unknown_user,,Twitter (tweet_eval),en,tweet_eval_sentiment,neutral,Unknown,Unknown,0,infotiffany mc sb kpop super concert usa nov 10 sb kpop super concert america nov 10,"['infotiffany', 'mc', 'sb', 'kpop', 'super', 'concert', 'usa', 'nov', '10', 'sb', 'kpop', 'super', 'concert', 'america', 'nov', '10']",16,84,neutral,0.5568,"{np.str_('negative'): 0.1606, np.str_('neutral'): 0.5568, np.str_('positive'): 0.2826}",labeled,neutral,0.8608,"{'neutral': 0.8608, 'positive': 0.1272, 'negative': 0.0119}",neutral,0.7392,0,"['USA', 'America']"
701,And Josh Hamilton. Really this whole team right now. Incredible. Get punched in the mouth in the 8th and then do this. Awesome.,2024-07-22,unknown_user,,Twitter (tweet_eval),en,tweet_eval_sentiment,positive,Unknown,Unknown,0,josh hamilton really whole team right incredible get punched mouth 8th awesome,"['josh', 'hamilton', 'really', 'whole', 'team', 'right', 'incredible', 'get', 'punched', 'mouth', '8th', 'awesome']",12,78,positive,0.3761,"{np.str_('negative'): 0.2668, np.str_('neutral'): 0.3571, np.str_('positive'): 0.3761}",labeled,positive,0.9256,"{'positive': 0.9256, 'neutral': 0.0658, 'negative': 0.0086}",positive,0.7058,0,['Josh Hamilton']
702,Amazing that Derrick\u002c on his 28th birthday\u002c gets called up from the D League to an incredible franchise like the San Antonio Spurs.,2024-06-27,unknown_user,,Twitter (tweet_eval),en,tweet_eval_sentiment,positive,Unknown,Unknown,0,amazing derricku002c 28th birthdayu002c get called league incredible franchise like san antonio spur,"['amazing', 'derricku002c', '28th', 'birthdayu002c', 'get', 'called', 'league', 'incredible', 'franchise', 'like', 'san', 'antonio', 'spur']",13,100,positive,0.5086,"{np.str_('negative'): 0.2952, np.str_('neutral'): 0.1963, np.str_('positive'): 0.5086}",labeled,positive,0.9762,"{'positive': 0.9762, 'neutral': 0.0207, 'negative': 0.0031}",positive,0.7892,0,['the D League']
703,Word on the street is that Ben Affleck will be at Rick's tomorrow night.,2024-12-01,unknown_user,,Twitter (tweet_eval),en,tweet_eval_sentiment,neutral,Unknown,Unknown,0,word street ben affleck rick tomorrow night,"['word', 'street', 'ben', 'affleck', 'rick', 'tomorrow', 'night']",7,43,positive,0.4839,"{np.str_('negative'): 0.0661, np.str_('neutral'): 0.4499, np.str_('positive'): 0.4839}",labeled,neutral,0.9455,"{'neutral': 0.9455, 'positive': 0.038, 'negative': 0.0165}",neutral,0.7473,1,"['Rick', 'Ben Affleck']"
704,John Cena Vs Seth Rollins RAW July 27th 2015 Cena Won by making the fake Champ T by @user - via @user,2025-02-12,unknown_user,,Twitter (tweet_eval),en,tweet_eval_sentiment,neutral,Unknown,Unknown,0,john cena v seth rollins raw july 27th 2015 cena won making fake champ via,"['john', 'cena', 'v', 'seth', 'rollins', 'raw', 'july', '27th', '2015', 'cena', 'won', 'making', 'fake', 'champ', 'via']",15,74,neutral,0.5116,"{np.str_('negative'): 0.2489, np.str_('neutral'): 0.5116, np.str_('positive'): 0.2395}",labeled,neutral,0.8764,"{'neutral': 0.8764, 'positive': 0.0834, 'negative': 0.0402}",neutral,0.7305,0,"['@user', 'John Cena Vs Seth Rollins']"
705,little action ,2025-02-21,unknown_user,,SST-2,en,sst2,negative,Unknown,Unknown,0,little action,"['little', 'action']",2,13,negative,0.392,"{np.str_('negative'): 0.392, np.str_('neutral'): 0.3486, np.str_('positive'): 0.2593}",labeled,neutral,0.7134,"{'neutral': 0.7134, 'positive': 0.2131, 'negative': 0.0735}",neutral,0.5675,1,[]
706,Tryna prepare myself for this concert Sunday. Two of the greatest Hip-Hop/R&B artist on the same stage\u002c same,2024-06-06,unknown_user,,Twitter (tweet_eval),en,tweet_eval_sentiment,positive,Unknown,Unknown,0,tryna prepare concert sunday two greatest hiphoprb artist stageu002c,"['tryna', 'prepare', 'concert', 'sunday', 'two', 'greatest', 'hiphoprb', 'artist', 'stageu002c']",9,68,positive,0.4444,"{np.str_('negative'): 0.1869, np.str_('neutral'): 0.3687, np.str_('positive'): 0.4444}",labeled,neutral,0.6908,"{'neutral': 0.6908, 'positive': 0.2716, 'negative': 0.0376}",neutral,0.562,1,['Tryna']
707,"Harper,s high standards for candidate selection, Dauphin Swan River MP running for the 3rd time un nominated, stamped by Harper",2025-01-11,unknown_user,,Twitter (tweet_eval),en,tweet_eval_sentiment,neutral,Unknown,Unknown,0,harper high standard candidate selection dauphin swan river mp running 3rd time un nominated stamped harper,"['harper', 'high', 'standard', 'candidate', 'selection', 'dauphin', 'swan', 'river', 'mp', 'running', '3rd', 'time', 'un', 'nominated', 'stamped', 'harper']",16,107,neutral,0.3991,"{np.str_('negative'): 0.3097, np.str_('neutral'): 0.3991, np.str_('positive'): 0.2912}",labeled,neutral,0.8165,"{'neutral': 0.8165, 'positive': 0.17, 'negative': 0.0135}",neutral,0.6495,0,"['Harper', 'un']"
708,"this is one of the most visually stunning and thematically moving epics in recent memory , and in spite of numerous minor flaws , scorsese's best in more than a decade .",2024-04-23,unknown_user,,Rotten Tomatoes,en,rotten_tomatoes,positive,Unknown,Unknown,0,one visually stunning thematically moving epic recent memory spite numerous minor flaw scorsese best decade,"['one', 'visually', 'stunning', 'thematically', 'moving', 'epic', 'recent', 'memory', 'spite', 'numerous', 'minor', 'flaw', 'scorsese', 'best', 'decade']",15,107,positive,0.6426,"{np.str_('negative'): 0.1312, np.str_('neutral'): 0.2262, np.str_('positive'): 0.6426}",labeled,positive,0.9377,"{'positive': 0.9377, 'neutral': 0.0534, 'negative': 0.0088}",positive,0.8197,0,['scorsese']
709,"""We've got some stories about that. Coach Stoops has a history of being #TooTurnt Swindle told him Sat. """"""""You got too much juice.""""""""""",2024-05-06,unknown_user,,Twitter (tweet_eval),en,tweet_eval_sentiment,neutral,Unknown,Conservatives,0,weve got story coach stoop history swindle told sat got much juice,"['weve', 'got', 'story', 'coach', 'stoop', 'history', 'swindle', 'told', 'sat', 'got', 'much', 'juice']",12,66,neutral,0.4671,"{np.str_('negative'): 0.239, np.str_('neutral'): 0.4671, np.str_('positive'): 0.294}",labeled,neutral,0.8926,"{'neutral': 0.8926, 'positive': 0.0606, 'negative': 0.0468}",neutral,0.7224,0,['TooTurnt Swindle']
710,press the delete key .,2024-07-04,unknown_user,,Rotten Tomatoes,en,rotten_tomatoes,negative,Unknown,Unknown,0,press delete key,"['press', 'delete', 'key']",3,16,positive,0.4046,"{np.str_('negative'): 0.2554, np.str_('neutral'): 0.34, np.str_('positive'): 0.4046}",labeled,neutral,0.7154,"{'neutral': 0.7154, 'negative': 0.1919, 'positive': 0.0927}",neutral,0.5652,1,[]
711,nicely serves as an examination of a society in transition .,2024-08-22,unknown_user,,Rotten Tomatoes,en,rotten_tomatoes,positive,Unknown,Unknown,0,nicely serf examination society transition,"['nicely', 'serf', 'examination', 'society', 'transition']",5,42,positive,0.4046,"{np.str_('negative'): 0.2554, np.str_('neutral'): 0.34, np.str_('positive'): 0.4046}",labeled,positive,0.4984,"{'positive': 0.4984, 'neutral': 0.4189, 'negative': 0.0827}",positive,0.4609,0,[]
712,"as gamely as the movie tries to make sense of its title character , there remains a huge gap between the film's creepy , clean-cut dahmer ( jeremy renner ) and fiendish acts that no amount of earnest textbook psychologizing can bridge .",2024-04-22,unknown_user,,Rotten Tomatoes,en,rotten_tomatoes,negative,Unknown,Unknown,1,gamely movie try make sense title character remains huge gap film creepy cleancut dahmer jeremy renner fiendish act no amount earnest textbook psychologizing bridge,"['gamely', 'movie', 'try', 'make', 'sense', 'title', 'character', 'remains', 'huge', 'gap', 'film', 'creepy', 'cleancut', 'dahmer', 'jeremy', 'renner', 'fiendish', 'act', 'no', 'amount', 'earnest', 'textbook', 'psychologizing', 'bridge']",24,164,positive,0.4698,"{np.str_('negative'): 0.4581, np.str_('neutral'): 0.0722, np.str_('positive'): 0.4698}",labeled,negative,0.7049,"{'negative': 0.7049, 'neutral': 0.2773, 'positive': 0.0178}",negative,0.6062,1,[]
713,Super Sunday Football indeed! Love the Merseyside Derby!,2024-06-23,unknown_user,,Twitter (tweet_eval),en,tweet_eval_sentiment,positive,Unknown,Unknown,0,super sunday football indeed love merseyside derby,"['super', 'sunday', 'football', 'indeed', 'love', 'merseyside', 'derby']",7,50,positive,0.4794,"{np.str_('negative'): 0.1222, np.str_('neutral'): 0.3984, np.str_('positive'): 0.4794}",labeled,positive,0.9873,"{'positive': 0.9873, 'neutral': 0.0108, 'negative': 0.0018}",positive,0.7841,0,"['the Merseyside Derby', 'Super Sunday Football']"
714,Look at Usher and this fancy footwork #ThankYouObama,2024-03-13,unknown_user,,Twitter (tweet_eval),en,tweet_eval_sentiment,positive,Obama,Unknown,0,look usher fancy footwork,"['look', 'usher', 'fancy', 'footwork']",4,25,positive,0.4985,"{np.str_('negative'): 0.2966, np.str_('neutral'): 0.2049, np.str_('positive'): 0.4985}",labeled,positive,0.6761,"{'positive': 0.6761, 'neutral': 0.2832, 'negative': 0.0407}",positive,0.6051,0,[]
715,"""Our account will be very active for International Fashion Month New York, London, Milan and Paris all the action from Thursday""",2024-07-10,unknown_user,,Twitter (tweet_eval),en,tweet_eval_sentiment,neutral,Unknown,Unknown,0,account active international fashion month new york london milan paris action thursday,"['account', 'active', 'international', 'fashion', 'month', 'new', 'york', 'london', 'milan', 'paris', 'action', 'thursday']",12,86,neutral,0.6646,"{np.str_('negative'): 0.1596, np.str_('neutral'): 0.6646, np.str_('positive'): 0.1758}",labeled,neutral,0.8874,"{'neutral': 0.8874, 'positive': 0.105, 'negative': 0.0076}",neutral,0.7983,0,"['New York', 'Milan', 'International Fashion Month', 'Paris', 'London']"
716,Monday was Gucci but then it went downhill,2024-04-18,unknown_user,,Twitter (tweet_eval),en,tweet_eval_sentiment,negative,Unknown,Unknown,0,monday gucci but went downhill,"['monday', 'gucci', 'but', 'went', 'downhill']",5,30,neutral,0.5651,"{np.str_('negative'): 0.2643, np.str_('neutral'): 0.5651, np.str_('positive'): 0.1706}",labeled,negative,0.7137,"{'negative': 0.7137, 'neutral': 0.2664, 'positive': 0.0199}",negative,0.5339,1,['Gucci']
717,@user @user Well aren\u2019t you good!  Happy anniversary. May many owls serenade you with Ricky Martin songs.,2025-01-16,unknown_user,,Twitter (tweet_eval),en,tweet_eval_sentiment,positive,Unknown,Unknown,0,well arenu2019t good happy anniversary may many owl serenade ricky martin song,"['well', 'arenu2019t', 'good', 'happy', 'anniversary', 'may', 'many', 'owl', 'serenade', 'ricky', 'martin', 'song']",12,78,positive,0.6037,"{np.str_('negative'): 0.1949, np.str_('neutral'): 0.2015, np.str_('positive'): 0.6037}",labeled,positive,0.6076,"{'positive': 0.6076, 'neutral': 0.275, 'negative': 0.1173}",positive,0.606,0,"['aren\\u2019', 'Ricky Martin']"
718,Which camera rep are you most excited to see at Demo Days on Nov 16 & 17? (Nikon\u002c Canon\u002c Tamron\u002c Sony\u002c Sigma etc...),2025-04-28,unknown_user,,Twitter (tweet_eval),en,tweet_eval_sentiment,neutral,Unknown,Unknown,0,camera rep excited see demo day nov 16 17 nikonu002c canonu002c tamronu002c sonyu002c sigma etc,"['camera', 'rep', 'excited', 'see', 'demo', 'day', 'nov', '16', '17', 'nikonu002c', 'canonu002c', 'tamronu002c', 'sonyu002c', 'sigma', 'etc']",15,95,neutral,0.4183,"{np.str_('negative'): 0.171, np.str_('neutral'): 0.4183, np.str_('positive'): 0.4108}",labeled,positive,0.9405,"{'positive': 0.9405, 'neutral': 0.0574, 'negative': 0.0021}",positive,0.7286,1,[]
719,Obama's free trade agreement with the cartels. He exports guns and imports drugs using our money to do it #Teaparty #2nd,2024-05-01,unknown_user,,Twitter (tweet_eval),en,tweet_eval_sentiment,negative,Obama,Unknown,0,obamas free trade agreement cartel export gun import drug using money,"['obamas', 'free', 'trade', 'agreement', 'cartel', 'export', 'gun', 'import', 'drug', 'using', 'money']",11,69,negative,0.4234,"{np.str_('negative'): 0.4234, np.str_('neutral'): 0.2633, np.str_('positive'): 0.3133}",labeled,negative,0.5457,"{'negative': 0.5457, 'neutral': 0.4347, 'positive': 0.0196}",negative,0.4968,0,['Obama']
720,a loquacious and dreary piece of business .,2024-05-04,unknown_user,,Rotten Tomatoes,en,rotten_tomatoes,negative,Unknown,Unknown,1,loquacious dreary piece business,"['loquacious', 'dreary', 'piece', 'business']",4,32,positive,0.4046,"{np.str_('negative'): 0.2554, np.str_('neutral'): 0.34, np.str_('positive'): 0.4046}",labeled,negative,0.8205,"{'negative': 0.8205, 'neutral': 0.161, 'positive': 0.0185}",negative,0.5945,1,[]
721,SCOTUS cannot make law only rule on it. Get real America.  Unless it's healthcare.Then they feel they can.,2024-06-25,unknown_user,,Twitter (tweet_eval),en,tweet_eval_sentiment,negative,Unknown,Unknown,0,scotus not make law rule get real america unless healthcarethen feel,"['scotus', 'not', 'make', 'law', 'rule', 'get', 'real', 'america', 'unless', 'healthcarethen', 'feel']",11,68,positive,0.4296,"{np.str_('negative'): 0.3319, np.str_('neutral'): 0.2384, np.str_('positive'): 0.4296}",labeled,negative,0.5507,"{'negative': 0.5507, 'neutral': 0.4217, 'positive': 0.0276}",negative,0.4632,1,['America']
722,THE SKINNY: Breezy may be getting it from RiRi AND ex\u002c KT. Getting that cake! cake! cake! and eating it too. <3...,2024-02-13,unknown_user,,Twitter (tweet_eval),en,tweet_eval_sentiment,neutral,Unknown,Unknown,0,skinny breezy may getting riri exu002c kt getting cake cake cake eating,"['skinny', 'breezy', 'may', 'getting', 'riri', 'exu002c', 'kt', 'getting', 'cake', 'cake', 'cake', 'eating']",12,71,positive,0.3754,"{np.str_('negative'): 0.3114, np.str_('neutral'): 0.3133, np.str_('positive'): 0.3754}",labeled,neutral,0.7505,"{'neutral': 0.7505, 'positive': 0.2247, 'negative': 0.0248}",neutral,0.5756,1,"['KT', 'RiRi', 'Breezy']"
723,How cam called obj over to him was just as disrespectful when Kendrick called out Cole 1st and last name on control and not everybody else,2025-01-01,unknown_user,,Twitter (tweet_eval),en,tweet_eval_sentiment,negative,Unknown,Unknown,0,cam called obj disrespectful kendrick called cole 1st last name control not everybody else,"['cam', 'called', 'obj', 'disrespectful', 'kendrick', 'called', 'cole', '1st', 'last', 'name', 'control', 'not', 'everybody', 'else']",14,90,positive,0.441,"{np.str_('negative'): 0.2993, np.str_('neutral'): 0.2597, np.str_('positive'): 0.441}",labeled,negative,0.5359,"{'negative': 0.5359, 'neutral': 0.4451, 'positive': 0.019}",negative,0.4413,1,['Kendrick']
724,@user @user the deplorables hate CNN.,2024-03-25,unknown_user,,Twitter (tweet_eval),en,tweet_eval_sentiment,neutral,Unknown,Unknown,1,deplorables hate cnn,"['deplorables', 'hate', 'cnn']",3,20,positive,0.4046,"{np.str_('negative'): 0.2554, np.str_('neutral'): 0.34, np.str_('positive'): 0.4046}",labeled,negative,0.8604,"{'negative': 0.8604, 'neutral': 0.1241, 'positive': 0.0154}",negative,0.6184,1,"['@user', 'CNN']"
725,"despite all the closed-door hanky-panky , the film is essentially juiceless .",2024-08-11,unknown_user,,Rotten Tomatoes,en,rotten_tomatoes,negative,Unknown,Unknown,0,despite closeddoor hankypanky film essentially juiceless,"['despite', 'closeddoor', 'hankypanky', 'film', 'essentially', 'juiceless']",6,56,negative,0.4512,"{np.str_('negative'): 0.4512, np.str_('neutral'): 0.1686, np.str_('positive'): 0.3803}",labeled,neutral,0.5882,"{'neutral': 0.5882, 'negative': 0.3274, 'positive': 0.0844}",neutral,0.4204,1,[]
726,Vernon RCMP Cracking Down on Medical Marijuana Dispensaries,2024-01-31,unknown_user,,Twitter (tweet_eval),en,tweet_eval_sentiment,neutral,Unknown,Unknown,0,vernon rcmp cracking medical marijuana dispensary,"['vernon', 'rcmp', 'cracking', 'medical', 'marijuana', 'dispensary']",6,49,positive,0.4046,"{np.str_('negative'): 0.2554, np.str_('neutral'): 0.34, np.str_('positive'): 0.4046}",labeled,neutral,0.9004,"{'neutral': 0.9004, 'positive': 0.0586, 'negative': 0.041}",neutral,0.6762,1,['Vernon RCMP Cracking Down']
727,David Wright doing David Wright things. On to the 13th still 5-5,2024-10-08,unknown_user,,Twitter (tweet_eval),en,tweet_eval_sentiment,neutral,Unknown,Unknown,0,david wright david wright thing 13th still 55,"['david', 'wright', 'david', 'wright', 'thing', '13th', 'still', '55']",8,45,positive,0.507,"{np.str_('negative'): 0.1965, np.str_('neutral'): 0.2966, np.str_('positive'): 0.507}",labeled,neutral,0.9056,"{'neutral': 0.9056, 'positive': 0.0658, 'negative': 0.0286}",neutral,0.662,1,['David Wright']
728,TOMORROW I WILL FINALLY SEE KENDRICK LAMAR LIVE IN CONCERT!!!!!!!! i think im going to cry,2024-08-03,unknown_user,,Twitter (tweet_eval),en,tweet_eval_sentiment,positive,Unknown,Unknown,0,tomorrow finally see kendrick lamar live concert think im going cry,"['tomorrow', 'finally', 'see', 'kendrick', 'lamar', 'live', 'concert', 'think', 'im', 'going', 'cry']",11,67,positive,0.5513,"{np.str_('negative'): 0.1653, np.str_('neutral'): 0.2834, np.str_('positive'): 0.5513}",labeled,positive,0.8765,"{'positive': 0.8765, 'neutral': 0.1145, 'negative': 0.009}",positive,0.7464,0,[]
729,Black Friday? You mean VOLT GREEN Friday! Join us tonight 730e from SLC! @user vs @user on @user,2024-12-07,unknown_user,,Twitter (tweet_eval),en,tweet_eval_sentiment,neutral,Unknown,Unknown,0,black friday mean volt green friday join u tonight 730e slc v,"['black', 'friday', 'mean', 'volt', 'green', 'friday', 'join', 'u', 'tonight', '730e', 'slc', 'v']",12,61,neutral,0.5424,"{np.str_('negative'): 0.1102, np.str_('neutral'): 0.5424, np.str_('positive'): 0.3474}",labeled,neutral,0.8381,"{'neutral': 0.8381, 'positive': 0.1, 'negative': 0.0619}",neutral,0.7198,0,"['@user', 'VOLT GREEN', 'SLC']"
730,#RedSox Saltalamacchia is the 4th catcher to hit 16+ HR in back-to-back seasons for BOS. Others: Carlton Fisk\u002c Rich Gedman\u002c Jason Varitek.,2024-04-02,unknown_user,,Twitter (tweet_eval),en,tweet_eval_sentiment,neutral,Unknown,Unknown,0,saltalamacchia 4th catcher hit 16 hr backtoback season bos others carlton fisku002c rich gedmanu002c jason varitek,"['saltalamacchia', '4th', 'catcher', 'hit', '16', 'hr', 'backtoback', 'season', 'bos', 'others', 'carlton', 'fisku002c', 'rich', 'gedmanu002c', 'jason', 'varitek']",16,114,neutral,0.5803,"{np.str_('negative'): 0.1872, np.str_('neutral'): 0.5803, np.str_('positive'): 0.2324}",labeled,neutral,0.9046,"{'neutral': 0.9046, 'positive': 0.0728, 'negative': 0.0226}",neutral,0.7749,0,"['Jason Varitek', 'Carlton Fisk\\u002c Rich', 'BOS']"
731,Do anybody else agree that Cole and Kendrick did better on each other song with the black friday,2024-09-15,unknown_user,,Twitter (tweet_eval),en,tweet_eval_sentiment,positive,Unknown,Unknown,0,anybody else agree cole kendrick better song black friday,"['anybody', 'else', 'agree', 'cole', 'kendrick', 'better', 'song', 'black', 'friday']",9,57,positive,0.4685,"{np.str_('negative'): 0.1504, np.str_('neutral'): 0.3811, np.str_('positive'): 0.4685}",labeled,neutral,0.8028,"{'neutral': 0.8028, 'positive': 0.152, 'negative': 0.0452}",neutral,0.6341,1,['Kendrick']
732,engagingly captures the maddening and magnetic ebb and flow of friendship .,2024-09-30,unknown_user,,Rotten Tomatoes,en,rotten_tomatoes,positive,Unknown,Unknown,0,engagingly capture maddening magnetic ebb flow friendship,"['engagingly', 'capture', 'maddening', 'magnetic', 'ebb', 'flow', 'friendship']",7,57,positive,0.4046,"{np.str_('negative'): 0.2554, np.str_('neutral'): 0.34, np.str_('positive'): 0.4046}",labeled,neutral,0.7172,"{'neutral': 0.7172, 'positive': 0.196, 'negative': 0.0867}",neutral,0.5663,1,[]
733,Last day of Eid is feeling like Sunday before Monday.,2024-09-28,unknown_user,,Twitter (tweet_eval),en,tweet_eval_sentiment,neutral,Unknown,Unknown,0,last day eid feeling like sunday monday,"['last', 'day', 'eid', 'feeling', 'like', 'sunday', 'monday']",7,39,neutral,0.4387,"{np.str_('negative'): 0.2059, np.str_('neutral'): 0.4387, np.str_('positive'): 0.3554}",labeled,neutral,0.678,"{'neutral': 0.678, 'positive': 0.2643, 'negative': 0.0577}",neutral,0.5823,0,[]
734,Is anyone going to AC/DC at Ford field next Tuesday?,2024-04-19,unknown_user,,Twitter (tweet_eval),en,tweet_eval_sentiment,positive,Unknown,Unknown,0,anyone going acdc ford field next tuesday,"['anyone', 'going', 'acdc', 'ford', 'field', 'next', 'tuesday']",7,41,positive,0.5076,"{np.str_('negative'): 0.2264, np.str_('neutral'): 0.2661, np.str_('positive'): 0.5076}",labeled,neutral,0.9299,"{'neutral': 0.9299, 'positive': 0.0535, 'negative': 0.0166}",neutral,0.6644,1,"['Ford', 'AC/DC']"
735,FEC hold farewell session for seven ministers - President Goodluck Jonathan on Wednesday led the Federal Executive...,2025-01-01,unknown_user,,Twitter (tweet_eval),en,tweet_eval_sentiment,neutral,Unknown,Unknown,0,fec hold farewell session seven minister president goodluck jonathan wednesday led federal executive,"['fec', 'hold', 'farewell', 'session', 'seven', 'minister', 'president', 'goodluck', 'jonathan', 'wednesday', 'led', 'federal', 'executive']",13,100,neutral,0.5491,"{np.str_('negative'): 0.1855, np.str_('neutral'): 0.5491, np.str_('positive'): 0.2654}",labeled,positive,0.5962,"{'positive': 0.5962, 'neutral': 0.3902, 'negative': 0.0136}",positive,0.4639,1,"['Goodluck Jonathan', 'Federal Executive']"
736,"@user @user @user @user Madonna's albums may flop, but she can still gross high from a tour nowadays.",2024-09-02,unknown_user,,Twitter (tweet_eval),en,tweet_eval_sentiment,neutral,Unknown,Unknown,0,madonna album may flop but still gross high tour nowadays,"['madonna', 'album', 'may', 'flop', 'but', 'still', 'gross', 'high', 'tour', 'nowadays']",10,57,neutral,0.3978,"{np.str_('negative'): 0.2386, np.str_('neutral'): 0.3978, np.str_('positive'): 0.3637}",labeled,neutral,0.6816,"{'neutral': 0.6816, 'negative': 0.2161, 'positive': 0.1023}",neutral,0.5681,0,"[""@user Madonna's""]"
737,"""Niall's going to be 22 in 12 days NO ONE'S GONNA BE 22, I'LL LOCK HIM IN FOREVER21!1! *prepares squad* C'mon!""",2024-03-14,unknown_user,,Twitter (tweet_eval),en,tweet_eval_sentiment,positive,Unknown,Unknown,0,nialls going 22 12 day no one gon na 22 ill lock forever211 prepares squad cmon,"['nialls', 'going', '22', '12', 'day', 'no', 'one', 'gon', 'na', '22', 'ill', 'lock', 'forever211', 'prepares', 'squad', 'cmon']",16,79,positive,0.606,"{np.str_('negative'): 0.1632, np.str_('neutral'): 0.2308, np.str_('positive'): 0.606}",labeled,neutral,0.7258,"{'neutral': 0.7258, 'negative': 0.1991, 'positive': 0.075}",neutral,0.5278,1,"['Niall', 'GONNA BE']"
738,.@repjohnlewis #NBAwards acceptance speech has been viewed over 1.6 million times at @user,2024-01-13,unknown_user,,Twitter (tweet_eval),en,tweet_eval_sentiment,neutral,Unknown,Unknown,0,acceptance speech viewed 16 million time,"['acceptance', 'speech', 'viewed', '16', 'million', 'time']",6,40,positive,0.383,"{np.str_('negative'): 0.2927, np.str_('neutral'): 0.3243, np.str_('positive'): 0.383}",labeled,positive,0.4967,"{'positive': 0.4967, 'neutral': 0.4935, 'negative': 0.0097}",positive,0.4512,0,"['@user', 'NBAwards']"
739,"""Who is the best? 2NE1, with their first full concert on Dec 1 at the Singapore Indoor Stadium. Tickets go on sale Oct 19.""",2025-01-24,unknown_user,,Twitter (tweet_eval),en,tweet_eval_sentiment,positive,Unknown,Unknown,0,best 2ne1 first full concert dec singapore indoor stadium ticket go sale oct 19,"['best', '2ne1', 'first', 'full', 'concert', 'dec', 'singapore', 'indoor', 'stadium', 'ticket', 'go', 'sale', 'oct', '19']",14,79,positive,0.4849,"{np.str_('negative'): 0.1676, np.str_('neutral'): 0.3474, np.str_('positive'): 0.4849}",labeled,positive,0.8664,"{'positive': 0.8664, 'neutral': 0.1309, 'negative': 0.0027}",positive,0.7138,0,[]
740,Hulk Hogan won't have a good day tomorrow when he realises everyone has been treating him like a world class cunt,2024-04-03,unknown_user,,Twitter (tweet_eval),en,tweet_eval_sentiment,negative,Unknown,Unknown,1,hulk hogan wont good day tomorrow realises everyone treating like world class cunt,"['hulk', 'hogan', 'wont', 'good', 'day', 'tomorrow', 'realises', 'everyone', 'treating', 'like', 'world', 'class', 'cunt']",13,82,positive,0.5867,"{np.str_('negative'): 0.2219, np.str_('neutral'): 0.1914, np.str_('positive'): 0.5867}",labeled,negative,0.9135,"{'negative': 0.9135, 'neutral': 0.0762, 'positive': 0.0102}",negative,0.6369,1,['Hulk Hogan']
741,"Ashley Graham Lands First British Vogue Cover, Explains Why Hitting the Beauty Jackpot Is Not ... #weightloss",2024-05-02,unknown_user,,Twitter (tweet_eval),en,tweet_eval_sentiment,neutral,Unknown,Unknown,0,ashley graham land first british vogue cover explains hitting beauty jackpot not,"['ashley', 'graham', 'land', 'first', 'british', 'vogue', 'cover', 'explains', 'hitting', 'beauty', 'jackpot', 'not']",12,80,positive,0.4046,"{np.str_('negative'): 0.2554, np.str_('neutral'): 0.34, np.str_('positive'): 0.4046}",labeled,neutral,0.8325,"{'neutral': 0.8325, 'positive': 0.1168, 'negative': 0.0506}",neutral,0.6355,1,"['Ashley Graham Lands', 'weightloss']"
742,uploading random pics! Lol this is me last Sunday at a show at the Adrienne Arsht Center!,2025-03-16,unknown_user,,Twitter (tweet_eval),en,tweet_eval_sentiment,neutral,Unknown,Unknown,0,uploading random pic lol last sunday show adrienne arsht center,"['uploading', 'random', 'pic', 'lol', 'last', 'sunday', 'show', 'adrienne', 'arsht', 'center']",10,63,positive,0.4465,"{np.str_('negative'): 0.1961, np.str_('neutral'): 0.3574, np.str_('positive'): 0.4465}",labeled,neutral,0.8401,"{'neutral': 0.8401, 'negative': 0.0803, 'positive': 0.0796}",neutral,0.647,1,['the Adrienne Arsht Center']
743,Looking forward to speaking about Email Marketing at the @user Social Media Conference tomorrow in Grand Bend....,2024-12-18,unknown_user,,Twitter (tweet_eval),en,tweet_eval_sentiment,positive,Unknown,Unknown,0,looking forward speaking email marketing social medium conference tomorrow grand bend,"['looking', 'forward', 'speaking', 'email', 'marketing', 'social', 'medium', 'conference', 'tomorrow', 'grand', 'bend']",11,85,positive,0.6041,"{np.str_('negative'): 0.1498, np.str_('neutral'): 0.246, np.str_('positive'): 0.6041}",labeled,positive,0.9716,"{'positive': 0.9716, 'neutral': 0.0263, 'negative': 0.002}",positive,0.8246,0,['Email Marketing']
744,"*playing guesstures*me ""when you get your nails done!""gage ""OH ITS MEDICARE!!""😂😂😭",2024-08-02,unknown_user,,Twitter (tweet_eval),en,tweet_eval_sentiment,negative,Unknown,Unknown,0,playing guessturesme get nail donegage oh medicare facewithtearsofjoy facewithtearsofjoy loudlycryingface,"['playing', 'guessturesme', 'get', 'nail', 'donegage', 'oh', 'medicare', 'facewithtearsofjoy', 'facewithtearsofjoy', 'loudlycryingface']",10,105,positive,0.4379,"{np.str_('negative'): 0.353, np.str_('neutral'): 0.2091, np.str_('positive'): 0.4379}",labeled,neutral,0.6018,"{'neutral': 0.6018, 'positive': 0.2148, 'negative': 0.1833}",neutral,0.4447,1,['MEDICARE']
745,"we've seen the hippie-turned-yuppie plot before , but there's an enthusiastic charm in <i ? fire that makes the formula fresh again .",2024-12-14,unknown_user,,Rotten Tomatoes,en,rotten_tomatoes,positive,Unknown,Unknown,0,weve seen hippieturnedyuppie plot but there enthusiastic charm fire make formula fresh,"['weve', 'seen', 'hippieturnedyuppie', 'plot', 'but', 'there', 'enthusiastic', 'charm', 'fire', 'make', 'formula', 'fresh']",12,86,positive,0.5568,"{np.str_('negative'): 0.2776, np.str_('neutral'): 0.1656, np.str_('positive'): 0.5568}",labeled,neutral,0.6236,"{'neutral': 0.6236, 'positive': 0.3417, 'negative': 0.0347}",neutral,0.4404,1,[]
746,Leonard Cohen is also the most compelling gnostic philosopher,2025-03-25,unknown_user,,Twitter (tweet_eval),en,tweet_eval_sentiment,positive,Unknown,Unknown,0,leonard cohen also compelling gnostic philosopher,"['leonard', 'cohen', 'also', 'compelling', 'gnostic', 'philosopher']",6,49,positive,0.4046,"{np.str_('negative'): 0.2554, np.str_('neutral'): 0.34, np.str_('positive'): 0.4046}",labeled,positive,0.5312,"{'positive': 0.5312, 'neutral': 0.4584, 'negative': 0.0104}",positive,0.4806,0,['Leonard Cohen']
747,Lost some respect for Nicki after that. You may be a queen in the rap world but when u start shit at an award show u look like garbage #VMAs,2025-04-29,unknown_user,,Twitter (tweet_eval),en,tweet_eval_sentiment,negative,Unknown,Unknown,1,lost respect nicki may queen rap world but start shit award show look like garbage,"['lost', 'respect', 'nicki', 'may', 'queen', 'rap', 'world', 'but', 'start', 'shit', 'award', 'show', 'look', 'like', 'garbage']",15,82,positive,0.4494,"{np.str_('negative'): 0.3331, np.str_('neutral'): 0.2176, np.str_('positive'): 0.4494}",labeled,negative,0.9119,"{'negative': 0.9119, 'neutral': 0.0794, 'positive': 0.0087}",negative,0.6804,1,['Nicki']
748,Attend the September 9 ICS TechTalk about the IBM Connections #Cloud Q3 Update: #socbiz,2024-03-09,unknown_user,,Twitter (tweet_eval),en,tweet_eval_sentiment,positive,Unknown,Unknown,0,attend september ic techtalk ibm connection q3 update,"['attend', 'september', 'ic', 'techtalk', 'ibm', 'connection', 'q3', 'update']",8,53,neutral,0.4271,"{np.str_('negative'): 0.1646, np.str_('neutral'): 0.4271, np.str_('positive'): 0.4083}",labeled,neutral,0.8998,"{'neutral': 0.8998, 'positive': 0.0824, 'negative': 0.0177}",neutral,0.7107,0,"['Cloud Q3 Update', 'IBM', 'ICS TechTalk']"
749,Why are people looking forward to Foo Fighters tomorrow and not the fact it's my birthday?,2024-11-17,unknown_user,,Twitter (tweet_eval),en,tweet_eval_sentiment,neutral,Unknown,Unknown,0,people looking forward foo fighter tomorrow not fact birthday,"['people', 'looking', 'forward', 'foo', 'fighter', 'tomorrow', 'not', 'fact', 'birthday']",9,61,positive,0.5107,"{np.str_('negative'): 0.2127, np.str_('neutral'): 0.2766, np.str_('positive'): 0.5107}",labeled,neutral,0.6415,"{'neutral': 0.6415, 'negative': 0.2358, 'positive': 0.1228}",neutral,0.4955,1,['Foo Fighters']
750,Possibly going to Comic Con in Santa Fe. Can I make a Mikasa scout outfit before the 24th? it's on!,2024-08-03,unknown_user,,Twitter (tweet_eval),en,tweet_eval_sentiment,positive,Unknown,Unknown,0,possibly going comic con santa fe make mikasa scout outfit 24th,"['possibly', 'going', 'comic', 'con', 'santa', 'fe', 'make', 'mikasa', 'scout', 'outfit', '24th']",11,63,positive,0.5443,"{np.str_('negative'): 0.1974, np.str_('neutral'): 0.2583, np.str_('positive'): 0.5443}",labeled,neutral,0.8824,"{'neutral': 0.8824, 'positive': 0.108, 'negative': 0.0097}",neutral,0.6328,1,"['Mikasa', 'Comic Con', 'Santa Fe']"
751,Undertaker vs Issac Yankem is the main event. Possibly the 1st Taker vs Kane singles match. #Raw96 #WWENetwork,2024-09-17,unknown_user,,Twitter (tweet_eval),en,tweet_eval_sentiment,positive,Unknown,Unknown,0,undertaker v issac yankem main event possibly 1st taker v kane single match,"['undertaker', 'v', 'issac', 'yankem', 'main', 'event', 'possibly', '1st', 'taker', 'v', 'kane', 'single', 'match']",13,75,neutral,0.4095,"{np.str_('negative'): 0.2272, np.str_('neutral'): 0.4095, np.str_('positive'): 0.3633}",labeled,neutral,0.9127,"{'neutral': 0.9127, 'positive': 0.0807, 'negative': 0.0065}",neutral,0.7114,0,"['Kane', 'Taker', 'Issac Yankem']"
752,@user exactly! Why aren't we verifying the voter registration system? IDs for noncitizens should differ  @user @user,2025-01-13,unknown_user,,Twitter (tweet_eval),en,tweet_eval_sentiment,neutral,Unknown,Unknown,0,exactly arent verifying voter registration system id noncitizen differ,"['exactly', 'arent', 'verifying', 'voter', 'registration', 'system', 'id', 'noncitizen', 'differ']",9,70,positive,0.4046,"{np.str_('negative'): 0.2554, np.str_('neutral'): 0.34, np.str_('positive'): 0.4046}",labeled,negative,0.5089,"{'negative': 0.5089, 'neutral': 0.4762, 'positive': 0.0149}",neutral,0.4217,1,"['noncitizens', '@user']"
753,"Who's ready for 0.12.1 Build 12 Tomorrow, Might be the last build till it come to iOS !",2024-09-02,unknown_user,,Twitter (tweet_eval),en,tweet_eval_sentiment,positive,Unknown,Unknown,0,who ready 0121 build 12 tomorrow might last build till come io,"['who', 'ready', '0121', 'build', '12', 'tomorrow', 'might', 'last', 'build', 'till', 'come', 'io']",12,62,positive,0.6255,"{np.str_('negative'): 0.1337, np.str_('neutral'): 0.2408, np.str_('positive'): 0.6255}",labeled,neutral,0.7696,"{'neutral': 0.7696, 'positive': 0.2115, 'negative': 0.0189}",neutral,0.5581,1,[]
754,Goal tomorrow at the state fair is to win a bob Marley hat with the braids,2024-01-27,unknown_user,,Twitter (tweet_eval),en,tweet_eval_sentiment,positive,Unknown,Unknown,0,goal tomorrow state fair win bob marley hat braid,"['goal', 'tomorrow', 'state', 'fair', 'win', 'bob', 'marley', 'hat', 'braid']",9,49,neutral,0.4671,"{np.str_('negative'): 0.117, np.str_('neutral'): 0.4671, np.str_('positive'): 0.4159}",labeled,neutral,0.7565,"{'neutral': 0.7565, 'positive': 0.224, 'negative': 0.0195}",neutral,0.6407,0,['Marley']
755,big-hearted and frequently ,2025-01-16,unknown_user,,SST-2,en,sst2,positive,Unknown,Unknown,0,bighearted frequently,"['bighearted', 'frequently']",2,21,positive,0.4046,"{np.str_('negative'): 0.2554, np.str_('neutral'): 0.34, np.str_('positive'): 0.4046}",labeled,neutral,0.6411,"{'neutral': 0.6411, 'negative': 0.2288, 'positive': 0.1301}",neutral,0.5207,1,[]
756,"@user @user ?Vietnam embargo, Cuba embargo... Nigeria meetings.But this is different?How?",2024-03-23,unknown_user,,Twitter (tweet_eval),en,tweet_eval_sentiment,neutral,Unknown,Unknown,0,vietnam embargo cuba embargo nigeria meetingsbut differenthow,"['vietnam', 'embargo', 'cuba', 'embargo', 'nigeria', 'meetingsbut', 'differenthow']",7,61,positive,0.4046,"{np.str_('negative'): 0.2554, np.str_('neutral'): 0.34, np.str_('positive'): 0.4046}",labeled,neutral,0.797,"{'neutral': 0.797, 'negative': 0.17, 'positive': 0.033}",neutral,0.6142,1,"['Cuba', 'Vietnam']"
757,I hope they're not suggesting calvin and Zayn fighting because let's face it...Zayn may be tiny but he's got fast hands,2024-06-11,unknown_user,,Twitter (tweet_eval),en,tweet_eval_sentiment,negative,Unknown,Unknown,0,hope theyre not suggesting calvin zayn fighting let face itzayn may tiny but he got fast hand,"['hope', 'theyre', 'not', 'suggesting', 'calvin', 'zayn', 'fighting', 'let', 'face', 'itzayn', 'may', 'tiny', 'but', 'he', 'got', 'fast', 'hand']",17,93,neutral,0.3461,"{np.str_('negative'): 0.3229, np.str_('neutral'): 0.3461, np.str_('positive'): 0.331}",labeled,neutral,0.7539,"{'neutral': 0.7539, 'negative': 0.1681, 'positive': 0.078}",neutral,0.5908,0,['Zayn']
759,Obama hopeful his reset with Nigeria can boost fight against Boko Haram: President Obama on Monday praised new...,2024-03-12,unknown_user,,Twitter (tweet_eval),en,tweet_eval_sentiment,neutral,Obama,Unknown,0,Obama hopeful reset nigeria boost fight against boko haram president Obama monday praised new,"['Obama', 'hopeful', 'reset', 'nigeria', 'boost', 'fight', 'against', 'boko', 'haram', 'president', 'Obama', 'monday', 'praised', 'new']",14,93,neutral,0.6947,"{np.str_('negative'): 0.183, np.str_('neutral'): 0.6947, np.str_('positive'): 0.1224}",labeled,positive,0.702,"{'positive': 0.702, 'neutral': 0.283, 'negative': 0.015}",positive,0.4702,1,"['Nigeria', 'Obama', 'Boko Haram']"
760,"by and large this is mr . kilmer's movie , and it's his strongest performance since the doors .",2024-04-09,unknown_user,,Rotten Tomatoes,en,rotten_tomatoes,positive,Unknown,Unknown,0,large mr kilmers movie strongest performance since door,"['large', 'mr', 'kilmers', 'movie', 'strongest', 'performance', 'since', 'door']",8,55,positive,0.5678,"{np.str_('negative'): 0.316, np.str_('neutral'): 0.1162, np.str_('positive'): 0.5678}",labeled,positive,0.9045,"{'positive': 0.9045, 'neutral': 0.09, 'negative': 0.0055}",positive,0.7698,0,['kilmer']
761,"so fiendishly cunning that even the most jaded cinema audiences will leave the auditorium feeling dizzy , confused , and totally disorientated . not to mention absolutely refreshed .",2025-02-04,unknown_user,,Rotten Tomatoes,en,rotten_tomatoes,positive,Unknown,Unknown,0,fiendishly cunning even jaded cinema audience leave auditorium feeling dizzy confused totally disorientated not mention absolutely refreshed,"['fiendishly', 'cunning', 'even', 'jaded', 'cinema', 'audience', 'leave', 'auditorium', 'feeling', 'dizzy', 'confused', 'totally', 'disorientated', 'not', 'mention', 'absolutely', 'refreshed']",17,140,negative,0.4225,"{np.str_('negative'): 0.4225, np.str_('neutral'): 0.2057, np.str_('positive'): 0.3718}",labeled,negative,0.4584,"{'negative': 0.4584, 'neutral': 0.3918, 'positive': 0.1497}",negative,0.444,0,[]
762,Still in search of the really Dayna Santullo. She's been missing since she willingly passed on a Chris Brown concert on Saturday,2024-01-11,unknown_user,,Twitter (tweet_eval),en,tweet_eval_sentiment,negative,Unknown,Unknown,0,still search really dayna santullo shes missing since willingly passed chris brown concert saturday,"['still', 'search', 'really', 'dayna', 'santullo', 'shes', 'missing', 'since', 'willingly', 'passed', 'chris', 'brown', 'concert', 'saturday']",14,99,neutral,0.3601,"{np.str_('negative'): 0.3147, np.str_('neutral'): 0.3601, np.str_('positive'): 0.3253}",labeled,neutral,0.6443,"{'neutral': 0.6443, 'negative': 0.3241, 'positive': 0.0316}",neutral,0.5306,0,"['Dayna Santullo', 'Chris Brown']"
763,Inkigayo with @user YAY This is our Saturday Night <3  #kpop_stream,2024-01-20,unknown_user,,Twitter (tweet_eval),en,tweet_eval_sentiment,neutral,Unknown,Unknown,0,inkigayo yay saturday night,"['inkigayo', 'yay', 'saturday', 'night']",4,27,neutral,0.4515,"{np.str_('negative'): 0.1002, np.str_('neutral'): 0.4515, np.str_('positive'): 0.4483}",labeled,positive,0.7727,"{'positive': 0.7727, 'neutral': 0.2199, 'negative': 0.0074}",positive,0.6429,1,"['Inkigayo', 'YAY']"
764,uhh Oracle if there is no spoon what am I eating this 4th can of Spaghettios with?,2024-06-24,unknown_user,,Twitter (tweet_eval),en,tweet_eval_sentiment,neutral,Unknown,Unknown,0,uhh oracle no spoon eating 4th spaghettios,"['uhh', 'oracle', 'no', 'spoon', 'eating', '4th', 'spaghettios']",7,42,neutral,0.3989,"{np.str_('negative'): 0.2246, np.str_('neutral'): 0.3989, np.str_('positive'): 0.3765}",labeled,neutral,0.7305,"{'neutral': 0.7305, 'negative': 0.1414, 'positive': 0.1281}",neutral,0.5979,0,"['Oracle', 'Spaghettios']"
765,#TopStory of the Week: Microsoft joins Linux Foundation in another step toward greater openness,2024-06-08,unknown_user,,Twitter (tweet_eval),en,tweet_eval_sentiment,positive,Unknown,Conservatives,0,week microsoft join linux foundation another step toward greater openness,"['week', 'microsoft', 'join', 'linux', 'foundation', 'another', 'step', 'toward', 'greater', 'openness']",10,73,positive,0.4046,"{np.str_('negative'): 0.2554, np.str_('neutral'): 0.34, np.str_('positive'): 0.4046}",labeled,positive,0.8392,"{'positive': 0.8392, 'neutral': 0.1578, 'negative': 0.003}",positive,0.6654,0,"['TopStory', 'Microsoft', 'Linux Foundation']"
766,"satin rouge is not a new , or inventive , journey , but it's encouraging to see a three-dimensional , average , middle-aged woman's experience of self-discovery handled with such sensitivity .",2024-09-22,unknown_user,,Rotten Tomatoes,en,rotten_tomatoes,positive,Unknown,Unknown,0,satin rouge not new inventive journey but encouraging see threedimensional average middleaged woman experience selfdiscovery handled sensitivity,"['satin', 'rouge', 'not', 'new', 'inventive', 'journey', 'but', 'encouraging', 'see', 'threedimensional', 'average', 'middleaged', 'woman', 'experience', 'selfdiscovery', 'handled', 'sensitivity']",17,144,neutral,0.5889,"{np.str_('negative'): 0.1286, np.str_('neutral'): 0.5889, np.str_('positive'): 0.2825}",labeled,neutral,0.6262,"{'neutral': 0.6262, 'positive': 0.3354, 'negative': 0.0384}",neutral,0.6113,0,['satin rouge']
767,#Loanwatch: Ben Amos is a doubt for tonight\u2019s Hull City game vs Doncaster (2nd round League Cup)\u002c with a groin problem.,2024-11-07,unknown_user,,Twitter (tweet_eval),en,tweet_eval_sentiment,negative,Unknown,Unknown,0,ben amos doubt tonightu2019s hull city game v doncaster 2nd round league cupu002c groin problem,"['ben', 'amos', 'doubt', 'tonightu2019s', 'hull', 'city', 'game', 'v', 'doncaster', '2nd', 'round', 'league', 'cupu002c', 'groin', 'problem']",15,95,neutral,0.5367,"{np.str_('negative'): 0.1522, np.str_('neutral'): 0.5367, np.str_('positive'): 0.3111}",labeled,negative,0.6077,"{'negative': 0.6077, 'neutral': 0.3836, 'positive': 0.0087}",neutral,0.4448,0,"['Hull City', 'Ben Amos', 'Doncaster', 'Loanwatch']"
768,Foes to city\u002c HISD\u002c HCC bond measures emerge. The antis make 1st appearance just 3 wks b4 election day.,2024-08-27,unknown_user,,Twitter (tweet_eval),en,tweet_eval_sentiment,neutral,Unknown,Unknown,0,foe cityu002c hisdu002c hcc bond measure emerge anti make 1st appearance wks b4 election day,"['foe', 'cityu002c', 'hisdu002c', 'hcc', 'bond', 'measure', 'emerge', 'anti', 'make', '1st', 'appearance', 'wks', 'b4', 'election', 'day']",15,92,positive,0.5725,"{np.str_('negative'): 0.146, np.str_('neutral'): 0.2815, np.str_('positive'): 0.5725}",labeled,neutral,0.8839,"{'neutral': 0.8839, 'negative': 0.0891, 'positive': 0.027}",neutral,0.6429,1,['HCC']
769,"""If the sky,if the world ends,if the sun sets and the rivers turn red.if we get lost in the twilight,somewhere I know we""""ll be alright""",2024-06-16,unknown_user,,Twitter (tweet_eval),en,tweet_eval_sentiment,positive,Unknown,Unknown,0,skyif world endsif sun set river turn redif get lost twilightsomewhere know well alright,"['skyif', 'world', 'endsif', 'sun', 'set', 'river', 'turn', 'redif', 'get', 'lost', 'twilightsomewhere', 'know', 'well', 'alright']",14,88,neutral,0.4022,"{np.str_('negative'): 0.2354, np.str_('neutral'): 0.4022, np.str_('positive'): 0.3624}",labeled,neutral,0.6851,"{'neutral': 0.6851, 'negative': 0.2338, 'positive': 0.0811}",neutral,0.5719,0,"['we""""ll']"
770,"@user Free Webinar Friday 8/28: The Consulting Lifestyle with Charles M, Associate Partner - IBM. Sign up:",2025-01-29,unknown_user,,Twitter (tweet_eval),en,tweet_eval_sentiment,positive,Unknown,Unknown,0,free webinar friday 828 consulting lifestyle charles associate partner ibm sign,"['free', 'webinar', 'friday', '828', 'consulting', 'lifestyle', 'charles', 'associate', 'partner', 'ibm', 'sign']",11,79,positive,0.5094,"{np.str_('negative'): 0.1988, np.str_('neutral'): 0.2918, np.str_('positive'): 0.5094}",labeled,neutral,0.8344,"{'neutral': 0.8344, 'positive': 0.1582, 'negative': 0.0074}",neutral,0.6174,1,"['@user Free Webinar', 'The Consulting Lifestyle with Charles M']"
771,@user @user To paraphrase Seinfeld: are you going to double dip?  This pic (of wax cover) looks much different than 1st pic.,2024-05-07,unknown_user,,Twitter (tweet_eval),en,tweet_eval_sentiment,neutral,Unknown,Unknown,0,paraphrase seinfeld going double dip pic wax cover look much different 1st pic,"['paraphrase', 'seinfeld', 'going', 'double', 'dip', 'pic', 'wax', 'cover', 'look', 'much', 'different', '1st', 'pic']",13,78,positive,0.5226,"{np.str_('negative'): 0.2143, np.str_('neutral'): 0.2631, np.str_('positive'): 0.5226}",labeled,neutral,0.8547,"{'neutral': 0.8547, 'positive': 0.085, 'negative': 0.0603}",neutral,0.6181,1,['Seinfeld']
772,@user @user @user Great questions &amp; answers. Those there got to see the 10th Amendment Rick Perry we all love!  #Perry2016,2024-10-01,unknown_user,,Twitter (tweet_eval),en,tweet_eval_sentiment,positive,Unknown,Unknown,0,great question amp answer got see 10th amendment rick perry love,"['great', 'question', 'amp', 'answer', 'got', 'see', '10th', 'amendment', 'rick', 'perry', 'love']",11,64,positive,0.5431,"{np.str_('negative'): 0.156, np.str_('neutral'): 0.301, np.str_('positive'): 0.5431}",labeled,positive,0.9534,"{'positive': 0.9534, 'neutral': 0.0416, 'negative': 0.005}",positive,0.7893,0,['Rick Perry']
773,@user @user Just got off the phone with Nike. The official release of the t-shirts will be next Tuesday. Be......aroused.,2025-03-10,unknown_user,,Twitter (tweet_eval),en,tweet_eval_sentiment,positive,Unknown,Unknown,0,got phone nike official release tshirts next tuesday bearoused,"['got', 'phone', 'nike', 'official', 'release', 'tshirts', 'next', 'tuesday', 'bearoused']",9,62,positive,0.4113,"{np.str_('negative'): 0.2236, np.str_('neutral'): 0.3651, np.str_('positive'): 0.4113}",labeled,neutral,0.7229,"{'neutral': 0.7229, 'positive': 0.2677, 'negative': 0.0095}",neutral,0.5798,1,"['@user', 'Nike']"
774,I see that Jill Stein filed to have a vote recount in Wisconsin. I wonder how much she received from the Clinton foundation for her service,2025-03-16,unknown_user,,Twitter (tweet_eval),en,tweet_eval_sentiment,neutral,Unknown,Unknown,0,see jill stein filed vote recount wisconsin wonder much received clinton foundation service,"['see', 'jill', 'stein', 'filed', 'vote', 'recount', 'wisconsin', 'wonder', 'much', 'received', 'clinton', 'foundation', 'service']",13,91,neutral,0.4432,"{np.str_('negative'): 0.2965, np.str_('neutral'): 0.4432, np.str_('positive'): 0.2603}",labeled,neutral,0.8513,"{'neutral': 0.8513, 'negative': 0.1041, 'positive': 0.0446}",neutral,0.6881,0,"['Jill Stein', 'Clinton', 'Wisconsin']"
775,"""Dana White says if Ronda wants an immediate rematch, she'll get it. Other commitments may take precedence.""",2025-03-16,unknown_user,,Twitter (tweet_eval),en,tweet_eval_sentiment,neutral,Unknown,Unknown,0,dana white say ronda want immediate rematch shell get commitment may take precedence,"['dana', 'white', 'say', 'ronda', 'want', 'immediate', 'rematch', 'shell', 'get', 'commitment', 'may', 'take', 'precedence']",13,84,neutral,0.4559,"{np.str_('negative'): 0.3324, np.str_('neutral'): 0.4559, np.str_('positive'): 0.2116}",labeled,neutral,0.9352,"{'neutral': 0.9352, 'positive': 0.0342, 'negative': 0.0306}",neutral,0.7435,0,"['Ronda', 'Dana White']"
776,@user GTFO my planet!  You look like a living advertisement for abortion.  Sad!,2024-05-28,unknown_user,,Twitter (tweet_eval),en,tweet_eval_sentiment,negative,Unknown,Unknown,1,gtfo planet look like living advertisement abortion sad,"['gtfo', 'planet', 'look', 'like', 'living', 'advertisement', 'abortion', 'sad']",8,55,positive,0.4523,"{np.str_('negative'): 0.3248, np.str_('neutral'): 0.2229, np.str_('positive'): 0.4523}",labeled,negative,0.9268,"{'negative': 0.9268, 'neutral': 0.0674, 'positive': 0.0058}",negative,0.686,1,['@user GTFO']
777,Egypt&#039;s new president Mohamed Morsi on Monday described the relationship between the U.S. and Egypt as some ...,2024-03-21,unknown_user,,Twitter (tweet_eval),en,tweet_eval_sentiment,neutral,Unknown,Unknown,0,egypt new president mohamed morsi monday described relationship u egypt,"['egypt', 'new', 'president', 'mohamed', 'morsi', 'monday', 'described', 'relationship', 'u', 'egypt']",10,71,neutral,0.6669,"{np.str_('negative'): 0.17, np.str_('neutral'): 0.6669, np.str_('positive'): 0.1631}",labeled,neutral,0.9133,"{'neutral': 0.9133, 'positive': 0.0692, 'negative': 0.0175}",neutral,0.8147,0,"['U.S.', 'Egypt&#039;s', 'Mohamed Morsi', 'Egypt']"
778,the kind of sweet-and-sour insider movie that film buffs will eat up like so much gelati .,2024-10-11,unknown_user,,Rotten Tomatoes,en,rotten_tomatoes,positive,Unknown,Unknown,0,kind sweetandsour insider movie film buff eat like much gelati,"['kind', 'sweetandsour', 'insider', 'movie', 'film', 'buff', 'eat', 'like', 'much', 'gelati']",10,62,positive,0.4942,"{np.str_('negative'): 0.4034, np.str_('neutral'): 0.1024, np.str_('positive'): 0.4942}",labeled,positive,0.5657,"{'positive': 0.5657, 'neutral': 0.386, 'negative': 0.0483}",positive,0.5371,0,[]
779,Tomorrow ill be with Tracy DiMarco at Hollywood Tans shooting a video and interview wiyh @user,2024-11-08,unknown_user,,Twitter (tweet_eval),en,tweet_eval_sentiment,neutral,Unknown,Unknown,0,tomorrow ill tracy dimarco hollywood tan shooting video interview wiyh,"['tomorrow', 'ill', 'tracy', 'dimarco', 'hollywood', 'tan', 'shooting', 'video', 'interview', 'wiyh']",10,70,positive,0.4677,"{np.str_('negative'): 0.2009, np.str_('neutral'): 0.3314, np.str_('positive'): 0.4677}",labeled,neutral,0.927,"{'neutral': 0.927, 'positive': 0.0621, 'negative': 0.0109}",neutral,0.6888,1,"['Tracy DiMarco', '@user', 'Hollywood Tans']"
780,"this insightful , oscar-nominated documentary , in which children on both sides of the ever-escalating conflict have their say away from watchful parental eyes , gives peace yet another chance .",2024-12-09,unknown_user,,Rotten Tomatoes,en,rotten_tomatoes,positive,Unknown,Unknown,0,insightful oscarnominated documentary child side everescalating conflict say away watchful parental eye give peace yet another chance,"['insightful', 'oscarnominated', 'documentary', 'child', 'side', 'everescalating', 'conflict', 'say', 'away', 'watchful', 'parental', 'eye', 'give', 'peace', 'yet', 'another', 'chance']",17,133,negative,0.3907,"{np.str_('negative'): 0.3907, np.str_('neutral'): 0.2596, np.str_('positive'): 0.3497}",labeled,neutral,0.6884,"{'neutral': 0.6884, 'positive': 0.1652, 'negative': 0.1464}",neutral,0.5169,1,[]
781,Cba with school tomorrow\u002c ugh whats the point,2024-02-07,unknown_user,,Twitter (tweet_eval),en,tweet_eval_sentiment,negative,Unknown,Unknown,0,cba school tomorrowu002c ugh whats point,"['cba', 'school', 'tomorrowu002c', 'ugh', 'whats', 'point']",6,40,neutral,0.3544,"{np.str_('negative'): 0.3419, np.str_('neutral'): 0.3544, np.str_('positive'): 0.3038}",labeled,negative,0.9318,"{'negative': 0.9318, 'neutral': 0.061, 'positive': 0.0072}",negative,0.6958,1,['Cba']
782,Netflix it is on this Friday night.,2024-09-03,unknown_user,,Twitter (tweet_eval),en,tweet_eval_sentiment,neutral,Unknown,Unknown,0,netflix friday night,"['netflix', 'friday', 'night']",3,20,neutral,0.5173,"{np.str_('negative'): 0.0647, np.str_('neutral'): 0.5173, np.str_('positive'): 0.4181}",labeled,neutral,0.8128,"{'neutral': 0.8128, 'positive': 0.1791, 'negative': 0.008}",neutral,0.6946,0,['Netflix']
783,Does everyone not realize the Voice is rigged. Ie cassadee pope sang in the signed band Hey Monday. Or Dia was half of Meg & Dia.,2024-04-10,unknown_user,,Twitter (tweet_eval),en,tweet_eval_sentiment,negative,Unknown,Unknown,0,everyone not realize voice rigged ie cassadee pope sang signed band hey monday dia half meg dia,"['everyone', 'not', 'realize', 'voice', 'rigged', 'ie', 'cassadee', 'pope', 'sang', 'signed', 'band', 'hey', 'monday', 'dia', 'half', 'meg', 'dia']",17,95,neutral,0.493,"{np.str_('negative'): 0.2872, np.str_('neutral'): 0.493, np.str_('positive'): 0.2197}",labeled,neutral,0.7164,"{'neutral': 0.7164, 'negative': 0.239, 'positive': 0.0446}",neutral,0.627,0,"['Dia', 'Voice', 'Meg & Dia']"
784,take away all the cliches and the carbon copy scenes from every drug movie we've seen and all you have left are john leguizamo's cool jackets .,2024-04-13,unknown_user,,Rotten Tomatoes,en,rotten_tomatoes,negative,Unknown,Unknown,0,take away cliche carbon copy scene every drug movie weve seen left john leguizamos cool jacket,"['take', 'away', 'cliche', 'carbon', 'copy', 'scene', 'every', 'drug', 'movie', 'weve', 'seen', 'left', 'john', 'leguizamos', 'cool', 'jacket']",16,94,negative,0.4415,"{np.str_('negative'): 0.4415, np.str_('neutral'): 0.1792, np.str_('positive'): 0.3793}",labeled,neutral,0.6425,"{'neutral': 0.6425, 'negative': 0.1947, 'positive': 0.1628}",neutral,0.4572,1,"[""john leguizamo's""]"
785,the film lapses too often into sugary sentiment and withholds delivery on the pell-mell pyrotechnics its punchy style promises .,2024-03-24,unknown_user,,Rotten Tomatoes,en,rotten_tomatoes,negative,Unknown,Unknown,0,film lapse often sugary sentiment withholds delivery pellmell pyrotechnic punchy style promise,"['film', 'lapse', 'often', 'sugary', 'sentiment', 'withholds', 'delivery', 'pellmell', 'pyrotechnic', 'punchy', 'style', 'promise']",12,94,positive,0.5315,"{np.str_('negative'): 0.3576, np.str_('neutral'): 0.1109, np.str_('positive'): 0.5315}",labeled,neutral,0.4985,"{'neutral': 0.4985, 'negative': 0.4552, 'positive': 0.0463}",negative,0.4162,1,[]
786,a deliciously nonsensical comedy about a city coming apart at its seams .,2024-12-10,unknown_user,,Rotten Tomatoes,en,rotten_tomatoes,positive,Unknown,Unknown,0,deliciously nonsensical comedy city coming apart seam,"['deliciously', 'nonsensical', 'comedy', 'city', 'coming', 'apart', 'seam']",7,53,positive,0.4757,"{np.str_('negative'): 0.2564, np.str_('neutral'): 0.268, np.str_('positive'): 0.4757}",labeled,negative,0.5846,"{'negative': 0.5846, 'neutral': 0.3183, 'positive': 0.0972}",negative,0.4533,1,[]
787,Finish taking the Cashee math prep... (-.-) ...Stupid 7th grade math I don't even remember was on it... #Prep,2024-05-30,unknown_user,,Twitter (tweet_eval),en,tweet_eval_sentiment,negative,Unknown,Unknown,0,finish taking cashee math prep stupid 7th grade math dont even remember,"['finish', 'taking', 'cashee', 'math', 'prep', 'stupid', '7th', 'grade', 'math', 'dont', 'even', 'remember']",12,71,negative,0.3967,"{np.str_('negative'): 0.3967, np.str_('neutral'): 0.3598, np.str_('positive'): 0.2435}",labeled,negative,0.7327,"{'negative': 0.7327, 'neutral': 0.2496, 'positive': 0.0176}",negative,0.5983,0,['Prep']
788,Retweeted AFP news agency (@AFP):#UPDATE Maduro calls US court ruling convicting nephews for drug trafficking...,2024-05-03,unknown_user,,Twitter (tweet_eval),en,tweet_eval_sentiment,neutral,Unknown,Unknown,0,retweeted afp news agency maduro call u court ruling convicting nephew drug trafficking,"['retweeted', 'afp', 'news', 'agency', 'maduro', 'call', 'u', 'court', 'ruling', 'convicting', 'nephew', 'drug', 'trafficking']",13,87,neutral,0.3784,"{np.str_('negative'): 0.2652, np.str_('neutral'): 0.3784, np.str_('positive'): 0.3565}",labeled,neutral,0.7831,"{'neutral': 0.7831, 'negative': 0.1751, 'positive': 0.0418}",neutral,0.6212,0,"['US', 'Maduro']"
789,I drenched the old iPod nano (6th gen) in isopropanol and it actually worked! The screen will never look the same but totally worth it.,2024-07-23,unknown_user,,Twitter (tweet_eval),en,tweet_eval_sentiment,positive,Unknown,Unknown,0,drenched old ipod nano 6th gen isopropanol actually worked screen never look but totally worth,"['drenched', 'old', 'ipod', 'nano', '6th', 'gen', 'isopropanol', 'actually', 'worked', 'screen', 'never', 'look', 'but', 'totally', 'worth']",15,94,positive,0.4916,"{np.str_('negative'): 0.2546, np.str_('neutral'): 0.2538, np.str_('positive'): 0.4916}",labeled,positive,0.7185,"{'positive': 0.7185, 'neutral': 0.2498, 'negative': 0.0317}",positive,0.6277,0,['iPod']
790,UFC's Dana White says Holly Holm will wait for Ronda Rousey: Holly Holm may want to fight sooner than a rematc...,2024-07-03,unknown_user,,Twitter (tweet_eval),en,tweet_eval_sentiment,neutral,Unknown,Unknown,0,ufcs dana white say holly holm wait ronda rousey holly holm may want fight sooner rematc,"['ufcs', 'dana', 'white', 'say', 'holly', 'holm', 'wait', 'ronda', 'rousey', 'holly', 'holm', 'may', 'want', 'fight', 'sooner', 'rematc']",16,88,neutral,0.4293,"{np.str_('negative'): 0.2925, np.str_('neutral'): 0.4293, np.str_('positive'): 0.2783}",labeled,neutral,0.9111,"{'neutral': 0.9111, 'positive': 0.0716, 'negative': 0.0173}",neutral,0.7184,0,"['Dana White', 'Holly Holm', 'Ronda Rousey', 'UFC']"
791,"a playful iranian parable about openness , particularly the need for people of diverse political perspectives to get along despite their ideological differences .",2024-12-20,unknown_user,,Rotten Tomatoes,en,rotten_tomatoes,positive,Unknown,Unknown,0,playful iranian parable openness particularly need people diverse political perspective get along despite ideological difference,"['playful', 'iranian', 'parable', 'openness', 'particularly', 'need', 'people', 'diverse', 'political', 'perspective', 'get', 'along', 'despite', 'ideological', 'difference']",15,128,positive,0.3996,"{np.str_('negative'): 0.3457, np.str_('neutral'): 0.2547, np.str_('positive'): 0.3996}",labeled,neutral,0.6005,"{'neutral': 0.6005, 'positive': 0.3689, 'negative': 0.0307}",neutral,0.4622,1,[]
792,a wonderfully warm human drama ,2025-02-08,unknown_user,,SST-2,en,sst2,positive,Unknown,Unknown,0,wonderfully warm human drama,"['wonderfully', 'warm', 'human', 'drama']",4,28,positive,0.4046,"{np.str_('negative'): 0.2554, np.str_('neutral'): 0.34, np.str_('positive'): 0.4046}",labeled,positive,0.9596,"{'positive': 0.9596, 'neutral': 0.0325, 'negative': 0.0079}",positive,0.7376,0,[]
793,"it's another stale , kill-by-numbers flick , complete with blade-thin characters and terrible , pun-laden dialogue .",2025-01-02,unknown_user,,Rotten Tomatoes,en,rotten_tomatoes,negative,Unknown,Unknown,0,another stale killbynumbers flick complete bladethin character terrible punladen dialogue,"['another', 'stale', 'killbynumbers', 'flick', 'complete', 'bladethin', 'character', 'terrible', 'punladen', 'dialogue']",10,89,negative,0.4731,"{np.str_('negative'): 0.4731, np.str_('neutral'): 0.1705, np.str_('positive'): 0.3564}",labeled,negative,0.914,"{'negative': 0.914, 'neutral': 0.0768, 'positive': 0.0093}",negative,0.7376,0,['pun-laden']
794,Excited to have nothing to do but sit around Orono with no classes tomorrow,2025-04-05,unknown_user,,Twitter (tweet_eval),en,tweet_eval_sentiment,positive,Unknown,Unknown,0,excited nothing but sit around orono no class tomorrow,"['excited', 'nothing', 'but', 'sit', 'around', 'orono', 'no', 'class', 'tomorrow']",9,54,positive,0.5371,"{np.str_('negative'): 0.2348, np.str_('neutral'): 0.2281, np.str_('positive'): 0.5371}",labeled,positive,0.9474,"{'positive': 0.9474, 'neutral': 0.0434, 'negative': 0.0093}",positive,0.7833,0,['Orono']
795,Can I just go back to June 19th and relive seeing Paul McCartney,2024-10-25,unknown_user,,Twitter (tweet_eval),en,tweet_eval_sentiment,positive,Unknown,Unknown,0,go back june 19th relive seeing paul mccartney,"['go', 'back', 'june', '19th', 'relive', 'seeing', 'paul', 'mccartney']",8,46,positive,0.4603,"{np.str_('negative'): 0.2131, np.str_('neutral'): 0.3266, np.str_('positive'): 0.4603}",labeled,neutral,0.727,"{'neutral': 0.727, 'positive': 0.2606, 'negative': 0.0125}",neutral,0.5668,1,['Paul McCartney']
796,"""Caitlyn Jenner and her ex-wife, Kris Jenner, have reportedly been feuding over everything under the sun, #Teamfollower #Follow #ifollowback""",2024-09-12,unknown_user,,Twitter (tweet_eval),en,tweet_eval_sentiment,neutral,Unknown,Unknown,0,caitlyn jenner exwife kris jenner reportedly feuding everything sun,"['caitlyn', 'jenner', 'exwife', 'kris', 'jenner', 'reportedly', 'feuding', 'everything', 'sun']",9,67,neutral,0.446,"{np.str_('negative'): 0.1968, np.str_('neutral'): 0.446, np.str_('positive'): 0.3572}",labeled,neutral,0.9167,"{'neutral': 0.9167, 'negative': 0.0611, 'positive': 0.0221}",neutral,0.7284,0,"['Caitlyn Jenner', 'Kris Jenner']"
797,"... a solid , well-formed satire . ",2024-10-07,unknown_user,,SST-2,en,sst2,positive,Unknown,Unknown,0,solid wellformed satire,"['solid', 'wellformed', 'satire']",3,23,positive,0.4046,"{np.str_('negative'): 0.2554, np.str_('neutral'): 0.34, np.str_('positive'): 0.4046}",labeled,positive,0.6614,"{'positive': 0.6614, 'neutral': 0.288, 'negative': 0.0506}",positive,0.5587,0,[]
798,@user Boring #XFACTOR. Seen it all before #XFACTOR. @user Let\u2019s have something new for Autumn and no more Dancing on Ice in January.,2024-10-10,unknown_user,,Twitter (tweet_eval),en,tweet_eval_sentiment,negative,Unknown,Unknown,1,boring seen letu2019s something new autumn no dancing ice january,"['boring', 'seen', 'letu2019s', 'something', 'new', 'autumn', 'no', 'dancing', 'ice', 'january']",10,65,positive,0.3836,"{np.str_('negative'): 0.2879, np.str_('neutral'): 0.3285, np.str_('positive'): 0.3836}",labeled,negative,0.8157,"{'negative': 0.8157, 'neutral': 0.1723, 'positive': 0.0121}",negative,0.6046,1,['XFACTOR']
799,I come through the drive through at dunkin just about every Sunday and it's been two weeks since my regular doughnut girl has been there.,2024-02-18,unknown_user,,Twitter (tweet_eval),en,tweet_eval_sentiment,neutral,Unknown,Unknown,0,come drive dunkin every sunday two week since regular doughnut girl,"['come', 'drive', 'dunkin', 'every', 'sunday', 'two', 'week', 'since', 'regular', 'doughnut', 'girl']",11,67,positive,0.3962,"{np.str_('negative'): 0.2503, np.str_('neutral'): 0.3535, np.str_('positive'): 0.3962}",labeled,neutral,0.7118,"{'neutral': 0.7118, 'positive': 0.2569, 'negative': 0.0313}",neutral,0.5685,1,[]
800,The 1st Black woman to ever host the Academy Awards was=>@WhoopiGoldberg! I want to be like her! #BlackHistoryMoment,2024-03-17,unknown_user,,Twitter (tweet_eval),en,tweet_eval_sentiment,positive,Unknown,Conservatives,0,1st black woman ever host academy award want like,"['1st', 'black', 'woman', 'ever', 'host', 'academy', 'award', 'want', 'like']",9,49,positive,0.4197,"{np.str_('negative'): 0.2326, np.str_('neutral'): 0.3477, np.str_('positive'): 0.4197}",labeled,neutral,0.6014,"{'neutral': 0.6014, 'positive': 0.3708, 'negative': 0.0278}",neutral,0.4999,1,['the Academy Awards']
801,"""Following his defeat to the Undertaker tomorrow night, Brock Lesnar will travel to Old Trafford on Monday for a medical #ITK""",2024-02-21,unknown_user,,Twitter (tweet_eval),en,tweet_eval_sentiment,neutral,Unknown,Unknown,0,following defeat undertaker tomorrow night brock lesnar travel old trafford monday medical,"['following', 'defeat', 'undertaker', 'tomorrow', 'night', 'brock', 'lesnar', 'travel', 'old', 'trafford', 'monday', 'medical']",12,90,neutral,0.5237,"{np.str_('negative'): 0.1159, np.str_('neutral'): 0.5237, np.str_('positive'): 0.3604}",labeled,neutral,0.902,"{'neutral': 0.902, 'positive': 0.0919, 'negative': 0.0061}",neutral,0.7507,0,"['Undertaker', 'Old Trafford', 'Brock Lesnar']"
802,Meeting for the 27th time as professionals (and 5000th+ time overall) Serena and Venus Williams faced-off...,2025-04-18,unknown_user,,Twitter (tweet_eval),en,tweet_eval_sentiment,positive,Unknown,Unknown,0,meeting 27th time professional 5000th time overall serena venus williams facedoff,"['meeting', '27th', 'time', 'professional', '5000th', 'time', 'overall', 'serena', 'venus', 'williams', 'facedoff']",11,81,positive,0.383,"{np.str_('negative'): 0.2927, np.str_('neutral'): 0.3243, np.str_('positive'): 0.383}",labeled,neutral,0.9243,"{'neutral': 0.9243, 'positive': 0.0676, 'negative': 0.008}",neutral,0.6843,1,"['Serena', 'Venus Williams']"
803,Wonderful trilogy of chef-studio dinners - first one is tomorrow night with the chef from Paley's Place.,2024-07-12,unknown_user,,Twitter (tweet_eval),en,tweet_eval_sentiment,positive,Unknown,Unknown,0,wonderful trilogy chefstudio dinner first one tomorrow night chef paleys place,"['wonderful', 'trilogy', 'chefstudio', 'dinner', 'first', 'one', 'tomorrow', 'night', 'chef', 'paleys', 'place']",11,78,neutral,0.4679,"{np.str_('negative'): 0.1018, np.str_('neutral'): 0.4679, np.str_('positive'): 0.4304}",labeled,positive,0.95,"{'positive': 0.95, 'neutral': 0.0479, 'negative': 0.0021}",positive,0.7422,1,"[""Paley's Place""]"
804,Unable to import #pesticides due to embargo there were no #beehive losses. Now #Cuba exports valuable organic honey,2024-05-14,unknown_user,,Twitter (tweet_eval),en,tweet_eval_sentiment,neutral,Unknown,Unknown,0,unable import due embargo no loss export valuable organic honey,"['unable', 'import', 'due', 'embargo', 'no', 'loss', 'export', 'valuable', 'organic', 'honey']",10,63,positive,0.4046,"{np.str_('negative'): 0.2554, np.str_('neutral'): 0.34, np.str_('positive'): 0.4046}",labeled,neutral,0.7056,"{'neutral': 0.7056, 'positive': 0.1787, 'negative': 0.1157}",neutral,0.5594,1,['Cuba']
805,"Breaking from the ""11th commandment,"" Scott Walker targets Jeb Bush in a new video",2025-01-09,unknown_user,,Twitter (tweet_eval),en,tweet_eval_sentiment,neutral,Unknown,Unknown,0,breaking 11th commandment scott walker target jeb bush new video,"['breaking', '11th', 'commandment', 'scott', 'walker', 'target', 'jeb', 'bush', 'new', 'video']",10,64,neutral,0.5253,"{np.str_('negative'): 0.1734, np.str_('neutral'): 0.5253, np.str_('positive'): 0.3014}",labeled,neutral,0.8644,"{'neutral': 0.8644, 'negative': 0.1053, 'positive': 0.0302}",neutral,0.7288,0,"['Jeb Bush', 'Scott Walker']"
806,May have smoked a blunt with Jay-Z at the @user show last nigh trying to remember..No big deal but i want his connect shits fire !!!,2025-02-15,unknown_user,,Twitter (tweet_eval),en,tweet_eval_sentiment,positive,Unknown,Unknown,0,may smoked blunt jayz show last nigh trying rememberno big deal but want connect shit fire,"['may', 'smoked', 'blunt', 'jayz', 'show', 'last', 'nigh', 'trying', 'rememberno', 'big', 'deal', 'but', 'want', 'connect', 'shit', 'fire']",16,90,positive,0.4977,"{np.str_('negative'): 0.1966, np.str_('neutral'): 0.3057, np.str_('positive'): 0.4977}",labeled,neutral,0.5201,"{'neutral': 0.5201, 'positive': 0.4391, 'negative': 0.0408}",positive,0.4625,0,"['@user', 'Jay-Z']"
807,"@user Yea but since it's such a short notice, B/G is the simplest thing to do. Haha but Decades Tuesday don't sound too bad.""",2024-12-22,unknown_user,,Twitter (tweet_eval),en,tweet_eval_sentiment,positive,Unknown,Unknown,0,yea but since short notice bg simplest thing haha but decade tuesday dont sound bad,"['yea', 'but', 'since', 'short', 'notice', 'bg', 'simplest', 'thing', 'haha', 'but', 'decade', 'tuesday', 'dont', 'sound', 'bad']",15,83,negative,0.4287,"{np.str_('negative'): 0.4287, np.str_('neutral'): 0.2374, np.str_('positive'): 0.3338}",labeled,neutral,0.5041,"{'neutral': 0.5041, 'positive': 0.4584, 'negative': 0.0375}",positive,0.4086,1,['@user Yea']
808,balance all the formulaic equations in the long-winded heist comedy ,2024-03-05,unknown_user,,SST-2,en,sst2,negative,Unknown,Unknown,0,balance formulaic equation longwinded heist comedy,"['balance', 'formulaic', 'equation', 'longwinded', 'heist', 'comedy']",6,50,positive,0.5395,"{np.str_('negative'): 0.2714, np.str_('neutral'): 0.1892, np.str_('positive'): 0.5395}",labeled,neutral,0.6349,"{'neutral': 0.6349, 'negative': 0.3134, 'positive': 0.0518}",neutral,0.4566,1,[]
809,Wish today was Thursday! Tom Brady and @user take the field for the real deal tomorrow and I'm toooo excited! #BeerWingsFootball,2024-06-13,unknown_user,,Twitter (tweet_eval),en,tweet_eval_sentiment,positive,Unknown,Unknown,0,wish today thursday tom brady take field real deal tomorrow im toooo excited,"['wish', 'today', 'thursday', 'tom', 'brady', 'take', 'field', 'real', 'deal', 'tomorrow', 'im', 'toooo', 'excited']",13,76,positive,0.5972,"{np.str_('negative'): 0.1293, np.str_('neutral'): 0.2736, np.str_('positive'): 0.5972}",labeled,positive,0.9835,"{'positive': 0.9835, 'neutral': 0.015, 'negative': 0.0015}",positive,0.829,0,"['@user', 'Tom Brady', 'BeerWingsFootball']"
810,So this is Stephen Kinnock's actual proposal on how to tackle immigration concerns. wow. Majority of EU citizens su…,2024-07-04,unknown_user,,Twitter (tweet_eval),en,tweet_eval_sentiment,neutral,Unknown,Unknown,0,stephen kinnocks actual proposal tackle immigration concern wow majority eu citizen su…,"['stephen', 'kinnocks', 'actual', 'proposal', 'tackle', 'immigration', 'concern', 'wow', 'majority', 'eu', 'citizen', 'su…']",12,87,positive,0.4046,"{np.str_('negative'): 0.2554, np.str_('neutral'): 0.34, np.str_('positive'): 0.4046}",labeled,neutral,0.6565,"{'neutral': 0.6565, 'positive': 0.3051, 'negative': 0.0384}",neutral,0.5299,1,"[""Stephen Kinnock's"", 'su', 'EU']"
811,"ultimately , the message of trouble every day seems to be that all sexual desire disrupts life's stasis .",2025-02-05,unknown_user,,Rotten Tomatoes,en,rotten_tomatoes,positive,Unknown,Unknown,1,ultimately message trouble every day seems sexual desire disrupts life stasis,"['ultimately', 'message', 'trouble', 'every', 'day', 'seems', 'sexual', 'desire', 'disrupts', 'life', 'stasis']",11,77,positive,0.5191,"{np.str_('negative'): 0.2289, np.str_('neutral'): 0.252, np.str_('positive'): 0.5191}",labeled,negative,0.8634,"{'negative': 0.8634, 'neutral': 0.1293, 'positive': 0.0073}",negative,0.6096,1,[]
812,"Bernie Sanders may care about the issues, but does he really understand them? That is the question.",2024-08-08,unknown_user,,Twitter (tweet_eval),en,tweet_eval_sentiment,negative,Unknown,Unknown,0,bernie sander may care issue but really understand question,"['bernie', 'sander', 'may', 'care', 'issue', 'but', 'really', 'understand', 'question']",9,59,neutral,0.3831,"{np.str_('negative'): 0.3051, np.str_('neutral'): 0.3831, np.str_('positive'): 0.3118}",labeled,neutral,0.7986,"{'neutral': 0.7986, 'negative': 0.1175, 'positive': 0.0839}",neutral,0.6324,0,['Bernie Sanders']
813,Shane Stewart made an overnight trip to the Eldora Speedway wear he grabbed is 18th win of the season on Sunday!,2025-05-07,unknown_user,,Twitter (tweet_eval),en,tweet_eval_sentiment,neutral,Unknown,Unknown,0,shane stewart made overnight trip eldora speedway wear grabbed 18th win season sunday,"['shane', 'stewart', 'made', 'overnight', 'trip', 'eldora', 'speedway', 'wear', 'grabbed', '18th', 'win', 'season', 'sunday']",13,85,neutral,0.5607,"{np.str_('negative'): 0.1171, np.str_('neutral'): 0.5607, np.str_('positive'): 0.3223}",labeled,neutral,0.8481,"{'neutral': 0.8481, 'positive': 0.1441, 'negative': 0.0078}",neutral,0.7331,0,['Stewart']
814,Time to watch the #NJPW equivalent of Kane versus Seth Rollins from Wednesday's #G1Climax,2024-01-24,unknown_user,,Twitter (tweet_eval),en,tweet_eval_sentiment,neutral,Unknown,Unknown,0,time watch equivalent kane versus seth rollins wednesday,"['time', 'watch', 'equivalent', 'kane', 'versus', 'seth', 'rollins', 'wednesday']",8,56,neutral,0.4154,"{np.str_('negative'): 0.2462, np.str_('neutral'): 0.4154, np.str_('positive'): 0.3385}",labeled,neutral,0.9146,"{'neutral': 0.9146, 'positive': 0.072, 'negative': 0.0134}",neutral,0.7149,0,"['Kane', 'Seth Rollins', 'NJPW']"
815,@user oct 30th in Houston but if you trying to go to Oracle it's the 9th of February.,2025-03-11,unknown_user,,Twitter (tweet_eval),en,tweet_eval_sentiment,neutral,Unknown,Unknown,0,oct 30th houston but trying go oracle 9th february,"['oct', '30th', 'houston', 'but', 'trying', 'go', 'oracle', '9th', 'february']",9,50,positive,0.4046,"{np.str_('negative'): 0.2554, np.str_('neutral'): 0.34, np.str_('positive'): 0.4046}",labeled,neutral,0.9048,"{'neutral': 0.9048, 'positive': 0.0865, 'negative': 0.0087}",neutral,0.6789,1,"['Oracle', 'Houston']"
816,a$ap mob are at fucking earls court on the 30th for red bull culture class and its motherfucking sold out fucking FUCK,2024-11-06,unknown_user,,Twitter (tweet_eval),en,tweet_eval_sentiment,negative,Unknown,Unknown,1,AAP mob fucking earl court 30th red bull culture class motherfucking sold fucking fuck,"['AAP', 'mob', 'fucking', 'earl', 'court', '30th', 'red', 'bull', 'culture', 'class', 'motherfucking', 'sold', 'fucking', 'fuck']",14,86,positive,0.373,"{np.str_('negative'): 0.357, np.str_('neutral'): 0.27, np.str_('positive'): 0.373}",labeled,negative,0.9445,"{'negative': 0.9445, 'neutral': 0.0487, 'positive': 0.0068}",negative,0.7095,1,[]
817,"a wishy-washy melodramatic movie that shows us plenty of sturm und drung , but explains its characters' decisions only unsatisfactorily .",2024-07-10,unknown_user,,Rotten Tomatoes,en,rotten_tomatoes,negative,Unknown,Unknown,0,wishywashy melodramatic movie show u plenty sturm und drung but explains character decision unsatisfactorily,"['wishywashy', 'melodramatic', 'movie', 'show', 'u', 'plenty', 'sturm', 'und', 'drung', 'but', 'explains', 'character', 'decision', 'unsatisfactorily']",14,108,negative,0.5415,"{np.str_('negative'): 0.5415, np.str_('neutral'): 0.1036, np.str_('positive'): 0.3549}",labeled,negative,0.5613,"{'negative': 0.5613, 'neutral': 0.4125, 'positive': 0.0262}",negative,0.5534,0,[]
818,got 2nd row tix for Primus at the Kirby Center! 1st concert tour in 3D with Surround Sound!,2024-03-01,unknown_user,,Twitter (tweet_eval),en,tweet_eval_sentiment,neutral,Unknown,Unknown,0,got 2nd row tix primus kirby center 1st concert tour 3d surround sound,"['got', '2nd', 'row', 'tix', 'primus', 'kirby', 'center', '1st', 'concert', 'tour', '3d', 'surround', 'sound']",13,70,neutral,0.464,"{np.str_('negative'): 0.2088, np.str_('neutral'): 0.464, np.str_('positive'): 0.3271}",labeled,neutral,0.7038,"{'neutral': 0.7038, 'positive': 0.2903, 'negative': 0.0059}",neutral,0.6079,0,"['Surround Sound', 'Primus']"
819,@user if your answer to the first question is Prince George then I do believe it is today his birthday not tomorrow,2024-12-02,unknown_user,,Twitter (tweet_eval),en,tweet_eval_sentiment,neutral,Unknown,Unknown,0,answer first question prince george believe today birthday not tomorrow,"['answer', 'first', 'question', 'prince', 'george', 'believe', 'today', 'birthday', 'not', 'tomorrow']",10,71,positive,0.5212,"{np.str_('negative'): 0.1167, np.str_('neutral'): 0.3621, np.str_('positive'): 0.5212}",labeled,neutral,0.846,"{'neutral': 0.846, 'positive': 0.1386, 'negative': 0.0154}",neutral,0.6524,1,['@user']
820,I think john cena may struggle with the concept of object permanence,2024-03-08,unknown_user,,Twitter (tweet_eval),en,tweet_eval_sentiment,neutral,Unknown,Unknown,0,think john cena may struggle concept object permanence,"['think', 'john', 'cena', 'may', 'struggle', 'concept', 'object', 'permanence']",8,54,neutral,0.5515,"{np.str_('negative'): 0.1961, np.str_('neutral'): 0.5515, np.str_('positive'): 0.2524}",labeled,neutral,0.7784,"{'neutral': 0.7784, 'negative': 0.185, 'positive': 0.0365}",neutral,0.6876,0,['john cena']
821,"@user I'm still with you 💯 and no matter what the networks say, you are a hero to all of us & the real winner #StillWithHer",2025-01-24,unknown_user,,Twitter (tweet_eval),en,tweet_eval_sentiment,positive,Unknown,Unknown,0,im still hundredpoints no matter network say hero u real winner,"['im', 'still', 'hundredpoints', 'no', 'matter', 'network', 'say', 'hero', 'u', 'real', 'winner']",11,63,positive,0.3681,"{np.str_('negative'): 0.3018, np.str_('neutral'): 0.3301, np.str_('positive'): 0.3681}",labeled,positive,0.8352,"{'positive': 0.8352, 'neutral': 0.1493, 'negative': 0.0155}",positive,0.6484,0,['StillWithHer']
822,"The New Yorker, Nov 16, 2015:  ""The Hispanics love me,"" despite that he proposes building a wall on the Mexican border....#DonaldTrumpQuotes",2025-04-06,unknown_user,,Twitter (tweet_eval),en,tweet_eval_sentiment,neutral,Trump,Unknown,0,new yorker nov 16 2015 hispanic love despite proposes building wall mexican border,"['new', 'yorker', 'nov', '16', '2015', 'hispanic', 'love', 'despite', 'proposes', 'building', 'wall', 'mexican', 'border']",13,82,neutral,0.5424,"{np.str_('negative'): 0.1937, np.str_('neutral'): 0.5424, np.str_('positive'): 0.2638}",labeled,neutral,0.8472,"{'neutral': 0.8472, 'positive': 0.0811, 'negative': 0.0717}",neutral,0.7253,0,['The New Yorker']
823,"i wish windtalkers had had more faith in the dramatic potential of this true story . this would have been better than the fiction it has concocted , and there still could have been room for the war scenes .",2024-06-24,unknown_user,,Rotten Tomatoes,en,rotten_tomatoes,negative,Unknown,Conservatives,0,wish windtalker faith dramatic potential true story would better fiction concocted still could room war scene,"['wish', 'windtalker', 'faith', 'dramatic', 'potential', 'true', 'story', 'would', 'better', 'fiction', 'concocted', 'still', 'could', 'room', 'war', 'scene']",16,109,positive,0.4471,"{np.str_('negative'): 0.3634, np.str_('neutral'): 0.1895, np.str_('positive'): 0.4471}",labeled,neutral,0.6508,"{'neutral': 0.6508, 'positive': 0.2027, 'negative': 0.1464}",neutral,0.4663,1,[]
824,@user @user Negative! 90\u2019s would be the Poetic Justice look or how they dressed in Friday.,2024-04-07,unknown_user,,Twitter (tweet_eval),en,tweet_eval_sentiment,negative,Unknown,Unknown,0,negative 90u2019s would poetic justice look dressed friday,"['negative', '90u2019s', 'would', 'poetic', 'justice', 'look', 'dressed', 'friday']",8,58,positive,0.52,"{np.str_('negative'): 0.1936, np.str_('neutral'): 0.2863, np.str_('positive'): 0.52}",labeled,negative,0.6749,"{'negative': 0.6749, 'neutral': 0.314, 'positive': 0.0111}",negative,0.4824,1,['@user @user Negative']
825,Might not be able to get a free taco tomorrow. As Napoleon Dynamite would say\u002c dang it!,2024-03-11,unknown_user,,Twitter (tweet_eval),en,tweet_eval_sentiment,negative,Unknown,Unknown,1,might not able get free taco tomorrow napoleon dynamite would sayu002c dang,"['might', 'not', 'able', 'get', 'free', 'taco', 'tomorrow', 'napoleon', 'dynamite', 'would', 'sayu002c', 'dang']",12,75,positive,0.552,"{np.str_('negative'): 0.2123, np.str_('neutral'): 0.2357, np.str_('positive'): 0.552}",labeled,negative,0.8311,"{'negative': 0.8311, 'neutral': 0.1588, 'positive': 0.0101}",negative,0.5836,1,['Napoleon Dynamite']
826,Happy Tuesday. Your batting average is no worse than that of Jose Iglesias. Hopefully that gets you through the day.,2024-11-07,unknown_user,,Twitter (tweet_eval),en,tweet_eval_sentiment,positive,Unknown,Unknown,0,happy tuesday batting average no worse jose iglesias hopefully get day,"['happy', 'tuesday', 'batting', 'average', 'no', 'worse', 'jose', 'iglesias', 'hopefully', 'get', 'day']",11,70,positive,0.5995,"{np.str_('negative'): 0.178, np.str_('neutral'): 0.2225, np.str_('positive'): 0.5995}",labeled,positive,0.9322,"{'positive': 0.9322, 'neutral': 0.058, 'negative': 0.0098}",positive,0.7991,0,['Jose Iglesias']
827,Gregg Williams will attend St. Louis Rams game Sunday\u002c ESPN reports: Jonathan Vilma points out the interesting t...,2024-09-13,unknown_user,,Twitter (tweet_eval),en,tweet_eval_sentiment,neutral,Unknown,Unknown,0,gregg williams attend st louis ram game sundayu002c espn report jonathan vilma point interesting,"['gregg', 'williams', 'attend', 'st', 'louis', 'ram', 'game', 'sundayu002c', 'espn', 'report', 'jonathan', 'vilma', 'point', 'interesting']",14,96,neutral,0.5031,"{np.str_('negative'): 0.18, np.str_('neutral'): 0.5031, np.str_('positive'): 0.3169}",labeled,neutral,0.898,"{'neutral': 0.898, 'positive': 0.0951, 'negative': 0.0069}",neutral,0.74,0,"['Gregg Williams', 'ESPN', 'Jonathan Vilma']"
828,Bringing The World To Virtual Reality With Google Earth VR.,2024-12-14,unknown_user,,Twitter (tweet_eval),en,tweet_eval_sentiment,neutral,Unknown,Unknown,0,bringing world virtual reality google earth vr,"['bringing', 'world', 'virtual', 'reality', 'google', 'earth', 'vr']",7,46,positive,0.4232,"{np.str_('negative'): 0.2429, np.str_('neutral'): 0.3339, np.str_('positive'): 0.4232}",labeled,neutral,0.7682,"{'neutral': 0.7682, 'positive': 0.2198, 'negative': 0.012}",neutral,0.5945,1,[]
829,throwback to my like 8th birthday when my bff at the time @user got me the Mariah Carey CD. Lol only cause my bday is coming up!,2024-11-14,unknown_user,,Twitter (tweet_eval),en,tweet_eval_sentiment,positive,Unknown,Unknown,0,throwback like 8th birthday bff time got mariah carey cd lol cause bday coming,"['throwback', 'like', '8th', 'birthday', 'bff', 'time', 'got', 'mariah', 'carey', 'cd', 'lol', 'cause', 'bday', 'coming']",14,78,neutral,0.4577,"{np.str_('negative'): 0.2208, np.str_('neutral'): 0.4577, np.str_('positive'): 0.3216}",labeled,positive,0.836,"{'positive': 0.836, 'neutral': 0.1609, 'negative': 0.0031}",positive,0.6302,1,"['@user', 'Carey']"
830,with which it tries to pump life into overworked elements from eastwood 's dirty harry period ,2024-01-13,unknown_user,,SST-2,en,sst2,negative,Unknown,Unknown,1,try pump life overworked element eastwood dirty harry period,"['try', 'pump', 'life', 'overworked', 'element', 'eastwood', 'dirty', 'harry', 'period']",9,60,positive,0.4405,"{np.str_('negative'): 0.2974, np.str_('neutral'): 0.262, np.str_('positive'): 0.4405}",labeled,negative,0.8462,"{'negative': 0.8462, 'neutral': 0.1441, 'positive': 0.0096}",negative,0.6267,1,[]
831,RT @user opening ceremony Fri 8.30 amNZ v Tonga 9.15am OH v happy as he has Friday off  &lt;YAY. Might make ANZAC biscuits #RWC,2024-03-21,unknown_user,,Twitter (tweet_eval),en,tweet_eval_sentiment,positive,Unknown,Unknown,0,rt opening ceremony fri 830 amnz tonga 915am oh happy friday ltyay might make anzac biscuit,"['rt', 'opening', 'ceremony', 'fri', '830', 'amnz', 'tonga', '915am', 'oh', 'happy', 'friday', 'ltyay', 'might', 'make', 'anzac', 'biscuit']",16,91,positive,0.5837,"{np.str_('negative'): 0.1928, np.str_('neutral'): 0.2234, np.str_('positive'): 0.5837}",labeled,positive,0.9562,"{'positive': 0.9562, 'neutral': 0.042, 'negative': 0.0019}",positive,0.8072,0,"['Fri 8.30', 'RT @user', 'Tonga', 'ANZAC']"
832,"Just what is the point of this film? It starts off as one film, then changes track, cheating us of a resolution to that film and ends as another movie which is nothing but a pale, pale imitation of so many other schlock-horror flicks you've ever seen. The overall impression is co",2024-06-24,unknown_user,,IMDB,en,imdb,negative,Unknown,Unknown,0,point film start one film change track cheating u resolution film end another movie nothing but pale pale imitation many schlockhorror flick youve ever seen overall impression co,"['point', 'film', 'start', 'one', 'film', 'change', 'track', 'cheating', 'u', 'resolution', 'film', 'end', 'another', 'movie', 'nothing', 'but', 'pale', 'pale', 'imitation', 'many', 'schlockhorror', 'flick', 'youve', 'ever', 'seen', 'overall', 'impression', 'co']",28,178,negative,0.4576,"{np.str_('negative'): 0.4576, np.str_('neutral'): 0.1058, np.str_('positive'): 0.4366}",labeled,negative,0.7106,"{'negative': 0.7106, 'neutral': 0.2713, 'positive': 0.0181}",negative,0.6094,0,[]
833,"Watch @user give powerful speech accepting a @user #NBAwards 'Read my child, read.'",2024-10-29,unknown_user,,Twitter (tweet_eval),en,tweet_eval_sentiment,positive,Unknown,Unknown,0,watch give powerful speech accepting read child read,"['watch', 'give', 'powerful', 'speech', 'accepting', 'read', 'child', 'read']",8,52,positive,0.3897,"{np.str_('negative'): 0.3685, np.str_('neutral'): 0.2418, np.str_('positive'): 0.3897}",labeled,positive,0.6474,"{'positive': 0.6474, 'neutral': 0.3457, 'negative': 0.0069}",positive,0.5443,0,"['@user', 'NBAwards']"
834,zac efron as link larkin 👅💦,2024-12-16,unknown_user,,Twitter (tweet_eval),en,tweet_eval_sentiment,neutral,Unknown,Unknown,0,zac efron link larkin tongue sweatdroplets,"['zac', 'efron', 'link', 'larkin', 'tongue', 'sweatdroplets']",6,42,positive,0.4046,"{np.str_('negative'): 0.2554, np.str_('neutral'): 0.34, np.str_('positive'): 0.4046}",labeled,neutral,0.8468,"{'neutral': 0.8468, 'positive': 0.0773, 'negative': 0.0759}",neutral,0.6441,1,['zac efron']
835,"""It will be Imagine Dragons to Chicago the Musical to Beethovens 7th to Blink 182, to The Weeknd, to Ed Sheeran, to the Wonder Years""",2024-12-01,unknown_user,,Twitter (tweet_eval),en,tweet_eval_sentiment,neutral,Unknown,Unknown,0,imagine dragon chicago musical beethoven 7th blink 182 weeknd ed sheeran wonder year,"['imagine', 'dragon', 'chicago', 'musical', 'beethoven', '7th', 'blink', '182', 'weeknd', 'ed', 'sheeran', 'wonder', 'year']",13,84,positive,0.4528,"{np.str_('negative'): 0.1945, np.str_('neutral'): 0.3527, np.str_('positive'): 0.4528}",labeled,neutral,0.7227,"{'neutral': 0.7227, 'positive': 0.2674, 'negative': 0.0099}",neutral,0.5747,1,"['Ed Sheeran', 'Imagine Dragons']"
836,Kanye West . I'm just imagining his wife as 1st lady. Kim in the Whitehouse will we know every inch of the Whitehouse thru insta!,2024-02-10,unknown_user,,Twitter (tweet_eval),en,tweet_eval_sentiment,neutral,Unknown,Unknown,0,kanye west im imagining wife 1st lady kim whitehouse know every inch whitehouse thru insta,"['kanye', 'west', 'im', 'imagining', 'wife', '1st', 'lady', 'kim', 'whitehouse', 'know', 'every', 'inch', 'whitehouse', 'thru', 'insta']",15,90,neutral,0.4433,"{np.str_('negative'): 0.2241, np.str_('neutral'): 0.4433, np.str_('positive'): 0.3327}",labeled,neutral,0.9009,"{'neutral': 0.9009, 'positive': 0.0756, 'negative': 0.0235}",neutral,0.7179,0,"['Kanye West', 'Kim', 'Whitehouse']"
837,All I really want is to Eric church to play Carolina on Friday,2024-08-28,unknown_user,,Twitter (tweet_eval),en,tweet_eval_sentiment,neutral,Unknown,Unknown,0,really want eric church play carolina friday,"['really', 'want', 'eric', 'church', 'play', 'carolina', 'friday']",7,44,neutral,0.4049,"{np.str_('negative'): 0.2472, np.str_('neutral'): 0.4049, np.str_('positive'): 0.3478}",labeled,neutral,0.5013,"{'neutral': 0.5013, 'positive': 0.4777, 'negative': 0.021}",neutral,0.4627,0,"['Eric', 'Carolina']"
838,@user My President I have my CV ready I know you have 4500 positions to fill - I AM READY #TrumpTransition #trumptransitionteam,2024-06-15,unknown_user,,Twitter (tweet_eval),en,tweet_eval_sentiment,positive,Trump,Unknown,0,president cv ready know 4500 position fill ready,"['president', 'cv', 'ready', 'know', '4500', 'position', 'fill', 'ready']",8,48,positive,0.4226,"{np.str_('negative'): 0.1858, np.str_('neutral'): 0.3916, np.str_('positive'): 0.4226}",labeled,neutral,0.7938,"{'neutral': 0.7938, 'positive': 0.1875, 'negative': 0.0187}",neutral,0.6329,1,[]
839,fails to bring as much to the table .,2024-05-05,unknown_user,,Rotten Tomatoes,en,rotten_tomatoes,negative,Unknown,Unknown,0,fails bring much table,"['fails', 'bring', 'much', 'table']",4,22,positive,0.4046,"{np.str_('negative'): 0.2554, np.str_('neutral'): 0.34, np.str_('positive'): 0.4046}",labeled,negative,0.6372,"{'negative': 0.6372, 'neutral': 0.3254, 'positive': 0.0374}",negative,0.4845,1,[]
840,Remembering #cabbagepatchdolls like the surge of Popularity of #Hatchimals takes toymaker by surprise | CTV News,2024-11-02,unknown_user,,Twitter (tweet_eval),en,tweet_eval_sentiment,neutral,Unknown,Unknown,0,remembering like surge popularity take toymaker surprise ctv news,"['remembering', 'like', 'surge', 'popularity', 'take', 'toymaker', 'surprise', 'ctv', 'news']",9,65,neutral,0.3564,"{np.str_('negative'): 0.2946, np.str_('neutral'): 0.3564, np.str_('positive'): 0.349}",labeled,neutral,0.8161,"{'neutral': 0.8161, 'positive': 0.162, 'negative': 0.0219}",neutral,0.6322,0,['CTV News']
841,@user first\u002c *Rondo. 2nd\u002c you know who\u2019s higher? Darko Millicic\u002c LeBron James\u002c Carmelo Anthony\u002c etc.,2025-04-02,unknown_user,,Twitter (tweet_eval),en,tweet_eval_sentiment,neutral,Unknown,Unknown,0,firstu002c rondo 2ndu002c know whou2019s higher darko millicicu002c lebron jamesu002c carmelo anthonyu002c etc,"['firstu002c', 'rondo', '2ndu002c', 'know', 'whou2019s', 'higher', 'darko', 'millicicu002c', 'lebron', 'jamesu002c', 'carmelo', 'anthonyu002c', 'etc']",13,110,neutral,0.4382,"{np.str_('negative'): 0.2333, np.str_('neutral'): 0.4382, np.str_('positive'): 0.3284}",labeled,neutral,0.9188,"{'neutral': 0.9188, 'positive': 0.0476, 'negative': 0.0336}",neutral,0.7266,0,"['Carmelo', '@user', 'Darko Millicic\\u002c LeBron']"
842,"First saw this gem from Joe Sarno way back when, and I must say that after seeing it, I could never forget Jennifer Welles. At first I thought the film was moving a bit slower than i would expect for a Sarno film, but when Jennifer made her entrance, the first time I ever saw her",2024-09-23,unknown_user,,IMDB,en,imdb,positive,Unknown,Unknown,0,first saw gem joe sarno way back must say seeing could never forget jennifer welles first thought film moving bit slower would expect sarno film but jennifer made entrance first time ever saw,"['first', 'saw', 'gem', 'joe', 'sarno', 'way', 'back', 'must', 'say', 'seeing', 'could', 'never', 'forget', 'jennifer', 'welles', 'first', 'thought', 'film', 'moving', 'bit', 'slower', 'would', 'expect', 'sarno', 'film', 'but', 'jennifer', 'made', 'entrance', 'first', 'time', 'ever', 'saw']",33,191,positive,0.4627,"{np.str_('negative'): 0.3914, np.str_('neutral'): 0.1459, np.str_('positive'): 0.4627}",labeled,positive,0.669,"{'positive': 0.669, 'neutral': 0.318, 'negative': 0.013}",positive,0.5865,0,"['Sarno', 'Jennifer Welles', 'Joe Sarno', 'Jennifer']"
843,i can't remember the last time i saw worse stunt editing or cheaper action movie production values than in extreme ops .,2024-01-26,unknown_user,,Rotten Tomatoes,en,rotten_tomatoes,negative,Unknown,Unknown,0,cant remember last time saw worse stunt editing cheaper action movie production value extreme ops,"['cant', 'remember', 'last', 'time', 'saw', 'worse', 'stunt', 'editing', 'cheaper', 'action', 'movie', 'production', 'value', 'extreme', 'ops']",15,97,negative,0.4684,"{np.str_('negative'): 0.4684, np.str_('neutral'): 0.2501, np.str_('positive'): 0.2815}",labeled,negative,0.8203,"{'negative': 0.8203, 'neutral': 0.1635, 'positive': 0.0162}",negative,0.6795,0,[]
844,"a low-budget affair , tadpole was shot on digital video , and the images often look smeary and blurry , to the point of distraction . then again , in a better movie , you might not have noticed .",2024-07-18,unknown_user,,Rotten Tomatoes,en,rotten_tomatoes,negative,Unknown,Unknown,1,lowbudget affair tadpole shot digital video image often look smeary blurry point distraction better movie might not noticed,"['lowbudget', 'affair', 'tadpole', 'shot', 'digital', 'video', 'image', 'often', 'look', 'smeary', 'blurry', 'point', 'distraction', 'better', 'movie', 'might', 'not', 'noticed']",18,123,positive,0.4523,"{np.str_('negative'): 0.3624, np.str_('neutral'): 0.1853, np.str_('positive'): 0.4523}",labeled,negative,0.7395,"{'negative': 0.7395, 'neutral': 0.2476, 'positive': 0.0129}",negative,0.5887,1,[]
845,Late upload from the Bears game Sunday @ The Georgia Dome,2024-10-27,unknown_user,,Twitter (tweet_eval),en,tweet_eval_sentiment,neutral,Unknown,Unknown,0,late upload bear game sunday georgia dome,"['late', 'upload', 'bear', 'game', 'sunday', 'georgia', 'dome']",7,41,neutral,0.5534,"{np.str_('negative'): 0.1161, np.str_('neutral'): 0.5534, np.str_('positive'): 0.3305}",labeled,neutral,0.9162,"{'neutral': 0.9162, 'positive': 0.049, 'negative': 0.0349}",neutral,0.7711,0,"['The Georgia Dome', 'Bears']"
846,"Zodiac Killer (2005) was an interesting film from German born director Ulli Lommel. He directs, produced and co-stars in this latest production. Not only does he manage to make an interesting film on the cheap. But he reaches a new low when Herr Lommel works in footage from nearl",2024-12-23,unknown_user,,IMDB,en,imdb,positive,Unknown,Unknown,0,zodiac killer 2005 interesting film german born director ulli lommel directs produced costars latest production not manage make interesting film cheap but reach new low herr lommel work footage nearl,"['zodiac', 'killer', '2005', 'interesting', 'film', 'german', 'born', 'director', 'ulli', 'lommel', 'directs', 'produced', 'costars', 'latest', 'production', 'not', 'manage', 'make', 'interesting', 'film', 'cheap', 'but', 'reach', 'new', 'low', 'herr', 'lommel', 'work', 'footage', 'nearl']",30,199,positive,0.5279,"{np.str_('negative'): 0.2848, np.str_('neutral'): 0.1874, np.str_('positive'): 0.5279}",labeled,negative,0.5299,"{'negative': 0.5299, 'neutral': 0.3681, 'positive': 0.102}",negative,0.4319,1,"['Herr Lommel', 'Ulli Lommel', 'Zodiac Killer']"
847,#maybehisfoundation can pay his legal fees🙄🙄 #AuditTheVote #StillWithHer Donald Trump and the Lawsuit Presidency,2024-08-15,unknown_user,,Twitter (tweet_eval),en,tweet_eval_sentiment,neutral,Trump,Unknown,0,pay legal fee facewithrollingeyes facewithrollingeyes Trump lawsuit presidency,"['pay', 'legal', 'fee', 'facewithrollingeyes', 'facewithrollingeyes', 'Trump', 'lawsuit', 'presidency']",8,78,neutral,0.4027,"{np.str_('negative'): 0.3672, np.str_('neutral'): 0.4027, np.str_('positive'): 0.2301}",labeled,neutral,0.6885,"{'neutral': 0.6885, 'negative': 0.2654, 'positive': 0.0461}",neutral,0.5742,0,['StillWithHer Donald Trump']
848,"Actually, Goldie Hawn is from Washington (Takoma Park, Maryland), but I digress. This is sort of a Mr. Smith goes to Washington type of movie, with some variations but the same premise. I taped this movie off of cable years ago because I had a huge crush on Goldie Hawn. The story",2024-09-18,unknown_user,,IMDB,en,imdb,positive,Unknown,Conservatives,0,actually goldie hawn washington takoma park maryland but digress sort mr smith go washington type movie variation but premise taped movie cable year ago huge crush goldie hawn story,"['actually', 'goldie', 'hawn', 'washington', 'takoma', 'park', 'maryland', 'but', 'digress', 'sort', 'mr', 'smith', 'go', 'washington', 'type', 'movie', 'variation', 'but', 'premise', 'taped', 'movie', 'cable', 'year', 'ago', 'huge', 'crush', 'goldie', 'hawn', 'story']",29,181,negative,0.5103,"{np.str_('negative'): 0.5103, np.str_('neutral'): 0.1517, np.str_('positive'): 0.338}",labeled,neutral,0.5156,"{'neutral': 0.5156, 'positive': 0.4772, 'negative': 0.0072}",positive,0.4215,1,"['Washington', 'Goldie Hawn', 'Smith', 'Maryland', 'Takoma Park']"
849,"ultimate x is a ride , basically the kind of greatest-hits reel that might come with a subscription to espn the magazine .",2024-07-27,unknown_user,,Rotten Tomatoes,en,rotten_tomatoes,positive,Unknown,Unknown,0,ultimate ride basically kind greatesthits reel might come subscription espn magazine,"['ultimate', 'ride', 'basically', 'kind', 'greatesthits', 'reel', 'might', 'come', 'subscription', 'espn', 'magazine']",11,84,positive,0.5583,"{np.str_('negative'): 0.2348, np.str_('neutral'): 0.2069, np.str_('positive'): 0.5583}",labeled,neutral,0.602,"{'neutral': 0.602, 'positive': 0.3893, 'negative': 0.0086}",positive,0.4569,0,[]
850,what was subtle and mystifying in the novella is now broad and farcical .,2025-02-10,unknown_user,,Rotten Tomatoes,en,rotten_tomatoes,negative,Unknown,Unknown,0,subtle mystifying novella broad farcical,"['subtle', 'mystifying', 'novella', 'broad', 'farcical']",5,40,positive,0.4046,"{np.str_('negative'): 0.2554, np.str_('neutral'): 0.34, np.str_('positive'): 0.4046}",labeled,neutral,0.7705,"{'neutral': 0.7705, 'positive': 0.1947, 'negative': 0.0348}",neutral,0.5983,1,[]
851,"apart from dazzling cinematography , we've seen just about everything in blue crush in one form or the other .",2024-01-09,unknown_user,,Rotten Tomatoes,en,rotten_tomatoes,negative,Unknown,Unknown,0,apart dazzling cinematography weve seen everything blue crush one form,"['apart', 'dazzling', 'cinematography', 'weve', 'seen', 'everything', 'blue', 'crush', 'one', 'form']",10,70,negative,0.4036,"{np.str_('negative'): 0.4036, np.str_('neutral'): 0.1968, np.str_('positive'): 0.3996}",labeled,neutral,0.5456,"{'neutral': 0.5456, 'positive': 0.4182, 'negative': 0.0362}",positive,0.4108,1,[]
852,Go conservative w/ 600 yd offense\u002c then kick ball to best player in #ACC when it\u2019s only way you can lose.  That about sum up TOB\u2019s 4th Q?,2024-02-16,unknown_user,,Twitter (tweet_eval),en,tweet_eval_sentiment,negative,Unknown,Conservatives,0,go conservative 600 yd offenseu002c kick ball best player itu2019s way lose sum tobu2019s 4th,"['go', 'conservative', '600', 'yd', 'offenseu002c', 'kick', 'ball', 'best', 'player', 'itu2019s', 'way', 'lose', 'sum', 'tobu2019s', '4th']",15,93,positive,0.5647,"{np.str_('negative'): 0.2113, np.str_('neutral'): 0.224, np.str_('positive'): 0.5647}",labeled,neutral,0.5286,"{'neutral': 0.5286, 'negative': 0.3731, 'positive': 0.0983}",neutral,0.4068,1,"['it\\u2019s', 'kick ball', 'ACC']"
853,"""Our Thor is ready to meet you at the #HaloAndPartners event, today through Friday. 98-124 Brewery Road London N7 9PG""",2024-07-24,unknown_user,,Twitter (tweet_eval),en,tweet_eval_sentiment,positive,Unknown,Unknown,0,thor ready meet event today friday 98124 brewery road london n7 9pg,"['thor', 'ready', 'meet', 'event', 'today', 'friday', '98124', 'brewery', 'road', 'london', 'n7', '9pg']",12,67,positive,0.5215,"{np.str_('negative'): 0.1042, np.str_('neutral'): 0.3743, np.str_('positive'): 0.5215}",labeled,neutral,0.839,"{'neutral': 0.839, 'positive': 0.1549, 'negative': 0.0061}",neutral,0.6531,1,[]
854,fails to convince the audience that these brats will ever be anything more than losers .,2024-10-24,unknown_user,,Rotten Tomatoes,en,rotten_tomatoes,negative,Unknown,Unknown,0,fails convince audience brat ever anything loser,"['fails', 'convince', 'audience', 'brat', 'ever', 'anything', 'loser']",7,48,negative,0.4225,"{np.str_('negative'): 0.4225, np.str_('neutral'): 0.2057, np.str_('positive'): 0.3718}",labeled,negative,0.922,"{'negative': 0.922, 'neutral': 0.0687, 'positive': 0.0094}",negative,0.7222,0,[]
855,"""The Celtics may have lost last night, but at least the Lakers did too!""",2025-03-27,unknown_user,,Twitter (tweet_eval),en,tweet_eval_sentiment,neutral,Unknown,Unknown,0,celtic may lost last night but least lakers,"['celtic', 'may', 'lost', 'last', 'night', 'but', 'least', 'lakers']",8,43,neutral,0.5059,"{np.str_('negative'): 0.0755, np.str_('neutral'): 0.5059, np.str_('positive'): 0.4187}",labeled,neutral,0.7637,"{'neutral': 0.7637, 'negative': 0.1803, 'positive': 0.056}",neutral,0.6606,0,[]
856,@user indeed you may\u002c or you can have the little warbler who flew all the way from Siberia only to hit the lighthouse on Bardsey...,2025-01-26,unknown_user,,Twitter (tweet_eval),en,tweet_eval_sentiment,neutral,Unknown,Unknown,0,indeed mayu002c little warbler flew way siberia hit lighthouse bardsey,"['indeed', 'mayu002c', 'little', 'warbler', 'flew', 'way', 'siberia', 'hit', 'lighthouse', 'bardsey']",10,70,positive,0.4149,"{np.str_('negative'): 0.3618, np.str_('neutral'): 0.2233, np.str_('positive'): 0.4149}",labeled,neutral,0.8731,"{'neutral': 0.8731, 'positive': 0.0715, 'negative': 0.0554}",neutral,0.6132,1,"['@user', 'Bardsey', 'Siberia']"
857,Just heard that Caitlyn Jenner may be charged with Manslaughter after being involved in a fata... via @user,2024-05-18,unknown_user,,Twitter (tweet_eval),en,tweet_eval_sentiment,neutral,Unknown,Unknown,0,heard caitlyn jenner may charged manslaughter involved fata via,"['heard', 'caitlyn', 'jenner', 'may', 'charged', 'manslaughter', 'involved', 'fata', 'via']",9,63,positive,0.4046,"{np.str_('negative'): 0.2554, np.str_('neutral'): 0.34, np.str_('positive'): 0.4046}",labeled,neutral,0.7146,"{'neutral': 0.7146, 'negative': 0.2733, 'positive': 0.0121}",neutral,0.5648,1,"['Manslaughter', '@user', 'Caitlyn Jenner']"
858,Gucci bags subconscious mind brashness january break the seal the dichotomous thy cat far out rise versus indu...,2024-12-07,unknown_user,,Twitter (tweet_eval),en,tweet_eval_sentiment,negative,Unknown,Unknown,0,gucci bag subconscious mind brashness january break seal dichotomous thy cat far rise versus indu,"['gucci', 'bag', 'subconscious', 'mind', 'brashness', 'january', 'break', 'seal', 'dichotomous', 'thy', 'cat', 'far', 'rise', 'versus', 'indu']",15,97,positive,0.4046,"{np.str_('negative'): 0.2554, np.str_('neutral'): 0.34, np.str_('positive'): 0.4046}",labeled,neutral,0.884,"{'neutral': 0.884, 'positive': 0.0654, 'negative': 0.0507}",neutral,0.6664,1,[]
859,BROCK LESNAR VS THE UNDERTAKER  supporting lesnar butttttt. May the best man win #summerslam,2024-06-23,unknown_user,,Twitter (tweet_eval),en,tweet_eval_sentiment,positive,Unknown,Unknown,0,brock lesnar v undertaker supporting lesnar butttttt may best man win,"['brock', 'lesnar', 'v', 'undertaker', 'supporting', 'lesnar', 'butttttt', 'may', 'best', 'man', 'win']",11,69,positive,0.5623,"{np.str_('negative'): 0.1479, np.str_('neutral'): 0.2897, np.str_('positive'): 0.5623}",labeled,positive,0.5247,"{'positive': 0.5247, 'neutral': 0.4679, 'negative': 0.0073}",positive,0.5397,0,"['summerslam', 'BROCK LESNAR', 'lesnar butttttt', 'UNDERTAKER']"
860,some1 come wait in line with me Thursday at 3@target bc briana is being a bitch,2024-12-23,unknown_user,,Twitter (tweet_eval),en,tweet_eval_sentiment,negative,Unknown,Unknown,1,some1 come wait line thursday bc briana bitch,"['some1', 'come', 'wait', 'line', 'thursday', 'bc', 'briana', 'bitch']",8,45,positive,0.5632,"{np.str_('negative'): 0.2044, np.str_('neutral'): 0.2324, np.str_('positive'): 0.5632}",labeled,negative,0.7149,"{'negative': 0.7149, 'neutral': 0.2685, 'positive': 0.0166}",negative,0.5107,1,[]
861,If you're thinking about voting for Donald Trump you might want to read this article 1st,2024-08-28,unknown_user,,Twitter (tweet_eval),en,tweet_eval_sentiment,positive,Trump,Unknown,0,youre thinking voting Trump might want read article 1st,"['youre', 'thinking', 'voting', 'Trump', 'might', 'want', 'read', 'article', '1st']",9,55,neutral,0.3892,"{np.str_('negative'): 0.3077, np.str_('neutral'): 0.3892, np.str_('positive'): 0.3031}",labeled,neutral,0.7768,"{'neutral': 0.7768, 'negative': 0.1915, 'positive': 0.0317}",neutral,0.6218,0,['Donald Trump']
862,VOA60 America- Ukraine President Poroshenko says he spoke to President-elect Trump by phone,2024-09-17,unknown_user,,Twitter (tweet_eval),en,tweet_eval_sentiment,neutral,Trump,Unknown,0,voa60 america ukraine president poroshenko say spoke presidentelect trump phone,"['voa60', 'america', 'ukraine', 'president', 'poroshenko', 'say', 'spoke', 'presidentelect', 'trump', 'phone']",10,79,neutral,0.4076,"{np.str_('negative'): 0.3796, np.str_('neutral'): 0.4076, np.str_('positive'): 0.2128}",labeled,neutral,0.9075,"{'neutral': 0.9075, 'positive': 0.0526, 'negative': 0.0398}",neutral,0.7075,0,"['Trump', 'VOA60 America-', 'Poroshenko']"
863,"@user let\u2019s get the Goodwin family to Rupp for the 1st home game & make Landen the \""""""""Y\""""""""! #RIPLane""",2024-01-24,unknown_user,,Twitter (tweet_eval),en,tweet_eval_sentiment,neutral,Unknown,Unknown,0,letu2019s get goodwin family rupp 1st home game make landen,"['letu2019s', 'get', 'goodwin', 'family', 'rupp', '1st', 'home', 'game', 'make', 'landen']",10,59,neutral,0.4771,"{np.str_('negative'): 0.1414, np.str_('neutral'): 0.4771, np.str_('positive'): 0.3815}",labeled,neutral,0.4904,"{'neutral': 0.4904, 'positive': 0.488, 'negative': 0.0216}",neutral,0.4851,0,"['Landen', 'Rupp', 'Goodwin', 'game &']"
864,"""Dustin Johnson drains a long putt to take the lead. Eh, let me know when he does that late on a Sunday in a major. #PGAChampionship""",2025-01-12,unknown_user,,Twitter (tweet_eval),en,tweet_eval_sentiment,neutral,Boris Johnson,Unknown,0,dustin johnson drain long putt take lead eh let know late sunday major,"['dustin', 'johnson', 'drain', 'long', 'putt', 'take', 'lead', 'eh', 'let', 'know', 'late', 'sunday', 'major']",13,70,neutral,0.4112,"{np.str_('negative'): 0.2191, np.str_('neutral'): 0.4112, np.str_('positive'): 0.3697}",labeled,neutral,0.9249,"{'neutral': 0.9249, 'positive': 0.0606, 'negative': 0.0145}",neutral,0.7194,0,['Dustin Johnson']
865,too long to turn his movie in an unexpected direction ,2024-08-09,unknown_user,,SST-2,en,sst2,positive,Unknown,Unknown,0,long turn movie unexpected direction,"['long', 'turn', 'movie', 'unexpected', 'direction']",5,36,positive,0.465,"{np.str_('negative'): 0.3028, np.str_('neutral'): 0.2322, np.str_('positive'): 0.465}",labeled,neutral,0.7169,"{'neutral': 0.7169, 'negative': 0.2249, 'positive': 0.0582}",neutral,0.523,1,[]
866,"Tigerland follows the lives of a group of recently drafted men into the army who are called up to fight in Vietnam in 1971.<br /><br />At this point, America knows they are fighting a loosing battle, and the director takes us through a 16mm handheld documentary shot film of the l",2025-01-27,unknown_user,,IMDB,en,imdb,positive,Unknown,Unknown,0,tigerland follows life group recently drafted men army called fight vietnam 1971 point america know fighting loosing battle director take u 16mm handheld documentary shot film,"['tigerland', 'follows', 'life', 'group', 'recently', 'drafted', 'men', 'army', 'called', 'fight', 'vietnam', '1971', 'point', 'america', 'know', 'fighting', 'loosing', 'battle', 'director', 'take', 'u', '16mm', 'handheld', 'documentary', 'shot', 'film']",26,175,positive,0.4374,"{np.str_('negative'): 0.3524, np.str_('neutral'): 0.2103, np.str_('positive'): 0.4374}",labeled,neutral,0.5574,"{'neutral': 0.5574, 'negative': 0.4065, 'positive': 0.0361}",neutral,0.4186,1,"['America', 'Tigerland', 'Vietnam']"
867,Death penalty for Shariatpur war criminal Edris via @user,2024-12-04,unknown_user,,Twitter (tweet_eval),en,tweet_eval_sentiment,negative,Unknown,Unknown,1,death penalty shariatpur war criminal edris via,"['death', 'penalty', 'shariatpur', 'war', 'criminal', 'edris', 'via']",7,47,positive,0.4046,"{np.str_('negative'): 0.2554, np.str_('neutral'): 0.34, np.str_('positive'): 0.4046}",labeled,negative,0.8287,"{'negative': 0.8287, 'neutral': 0.1629, 'positive': 0.0084}",negative,0.5994,1,"['Shariatpur', '@user']"
868,"""RT @user I just realized the Teen Choice Awards were tonight at 8! =) I hope Rob, Kristen, and anything Twilight related wins!""",2025-04-16,unknown_user,,Twitter (tweet_eval),en,tweet_eval_sentiment,positive,Unknown,Unknown,0,rt realized teen choice award tonight hope rob kristen anything twilight related win,"['rt', 'realized', 'teen', 'choice', 'award', 'tonight', 'hope', 'rob', 'kristen', 'anything', 'twilight', 'related', 'win']",13,84,positive,0.4673,"{np.str_('negative'): 0.2099, np.str_('neutral'): 0.3228, np.str_('positive'): 0.4673}",labeled,neutral,0.6379,"{'neutral': 0.6379, 'positive': 0.3406, 'negative': 0.0215}",neutral,0.5119,1,"['Kristen', 'the Teen Choice Awards', 'Rob']"
869,"""My belated Christmas Eve #JohnFlemingBlog - Bras, a drag king, lesbians and the IRA -",2024-12-28,unknown_user,,Twitter (tweet_eval),en,tweet_eval_sentiment,neutral,Unknown,Unknown,0,belated christmas eve bra drag king lesbian ira,"['belated', 'christmas', 'eve', 'bra', 'drag', 'king', 'lesbian', 'ira']",8,47,positive,0.4046,"{np.str_('negative'): 0.2554, np.str_('neutral'): 0.34, np.str_('positive'): 0.4046}",labeled,neutral,0.5183,"{'neutral': 0.5183, 'positive': 0.4711, 'negative': 0.0106}",neutral,0.447,1,['JohnFlemingBlog - Bras']
870,One of many things that Islam has taught me is to look upon charity as something that we all must do every day that the sun rises. Powerful.,2024-10-05,unknown_user,,Twitter (tweet_eval),en,tweet_eval_sentiment,positive,Unknown,Unknown,0,one many thing islam taught look upon charity something must every day sun rise powerful,"['one', 'many', 'thing', 'islam', 'taught', 'look', 'upon', 'charity', 'something', 'must', 'every', 'day', 'sun', 'rise', 'powerful']",15,88,positive,0.5366,"{np.str_('negative'): 0.2349, np.str_('neutral'): 0.2285, np.str_('positive'): 0.5366}",labeled,positive,0.531,"{'positive': 0.531, 'neutral': 0.4471, 'negative': 0.0219}",positive,0.5332,0,['Islam']
871,Awesome week coming up. Are you ready for some football ? Ravens v. Dream Team Thursday at 7:30 and Redskins v....,2024-05-12,unknown_user,,Twitter (tweet_eval),en,tweet_eval_sentiment,positive,Unknown,Unknown,0,awesome week coming ready football raven dream team thursday 730 redskin,"['awesome', 'week', 'coming', 'ready', 'football', 'raven', 'dream', 'team', 'thursday', '730', 'redskin']",11,72,positive,0.4876,"{np.str_('negative'): 0.1767, np.str_('neutral'): 0.3357, np.str_('positive'): 0.4876}",labeled,positive,0.9775,"{'positive': 0.9775, 'neutral': 0.0206, 'negative': 0.0019}",positive,0.7815,0,"['Redskins', 'Ravens v. Dream Team']"
872,"""If my queen is in the 26th place, THE QUEEN must be in the first one #MTVStars Lady Gaga""",2024-12-26,unknown_user,,Twitter (tweet_eval),en,tweet_eval_sentiment,neutral,Unknown,Unknown,0,queen 26th place queen must first one lady gaga,"['queen', '26th', 'place', 'queen', 'must', 'first', 'one', 'lady', 'gaga']",9,47,neutral,0.3829,"{np.str_('negative'): 0.269, np.str_('neutral'): 0.3829, np.str_('positive'): 0.3481}",labeled,neutral,0.5256,"{'neutral': 0.5256, 'positive': 0.4651, 'negative': 0.0093}",neutral,0.4685,0,['MTVStars Lady Gaga']
873,Music of the Sun\u002c A Girl Like Me\u002c Good Girl Gone Bad\u002c Rated R\u002c LOUD\u002c Talk That Talk and finally _________?,2024-05-22,unknown_user,,Twitter (tweet_eval),en,tweet_eval_sentiment,neutral,Unknown,Unknown,0,music sunu002c girl like meu002c good girl gone badu002c rated ru002c loudu002c talk talk finally,"['music', 'sunu002c', 'girl', 'like', 'meu002c', 'good', 'girl', 'gone', 'badu002c', 'rated', 'ru002c', 'loudu002c', 'talk', 'talk', 'finally']",15,97,negative,0.3788,"{np.str_('negative'): 0.3788, np.str_('neutral'): 0.3628, np.str_('positive'): 0.2585}",labeled,neutral,0.8376,"{'neutral': 0.8376, 'positive': 0.1134, 'negative': 0.049}",neutral,0.6477,1,[]
874,This guy is going in the mail tomorrow addressed to the Georgia Athletic Dept.,2024-09-04,unknown_user,,Twitter (tweet_eval),en,tweet_eval_sentiment,neutral,Unknown,Unknown,0,guy going mail tomorrow addressed georgia athletic dept,"['guy', 'going', 'mail', 'tomorrow', 'addressed', 'georgia', 'athletic', 'dept']",8,55,positive,0.474,"{np.str_('negative'): 0.1257, np.str_('neutral'): 0.4003, np.str_('positive'): 0.474}",labeled,neutral,0.8866,"{'neutral': 0.8866, 'positive': 0.0738, 'negative': 0.0396}",neutral,0.6921,1,['the Georgia Athletic Dept']
875,"as a witness to several greek-american weddings -- but , happily , a victim of none -- i can testify to the comparative accuracy of ms . vardalos' memories and insights .",2024-11-10,unknown_user,,Rotten Tomatoes,en,rotten_tomatoes,positive,Unknown,Unknown,0,witness several greekamerican wedding but happily victim none testify comparative accuracy m vardalos memory insight,"['witness', 'several', 'greekamerican', 'wedding', 'but', 'happily', 'victim', 'none', 'testify', 'comparative', 'accuracy', 'm', 'vardalos', 'memory', 'insight']",15,116,positive,0.4046,"{np.str_('negative'): 0.2554, np.str_('neutral'): 0.34, np.str_('positive'): 0.4046}",labeled,negative,0.5166,"{'negative': 0.5166, 'neutral': 0.4586, 'positive': 0.0248}",negative,0.4121,1,['vardalos']
876,Choirs off next Friday or the one after that... Tryna get a handful of people to go out somewhere for dinner... Anyone interested??,2024-04-30,unknown_user,,Twitter (tweet_eval),en,tweet_eval_sentiment,neutral,Unknown,Unknown,0,choir next friday one tryna get handful people go somewhere dinner anyone interested,"['choir', 'next', 'friday', 'one', 'tryna', 'get', 'handful', 'people', 'go', 'somewhere', 'dinner', 'anyone', 'interested']",13,84,positive,0.4436,"{np.str_('negative'): 0.294, np.str_('neutral'): 0.2624, np.str_('positive'): 0.4436}",labeled,neutral,0.7732,"{'neutral': 0.7732, 'positive': 0.2172, 'negative': 0.0096}",neutral,0.5689,1,[]
877,"""I feel like tomorrow on Live with Kelly and Michael, they're gonna show the video of Shawn singing I Don't Even Know Your Name, I'm excited!""",2024-10-10,unknown_user,,Twitter (tweet_eval),en,tweet_eval_sentiment,positive,Unknown,Unknown,0,feel like tomorrow live kelly michael theyre gon na show video shawn singing dont even know name im excited,"['feel', 'like', 'tomorrow', 'live', 'kelly', 'michael', 'theyre', 'gon', 'na', 'show', 'video', 'shawn', 'singing', 'dont', 'even', 'know', 'name', 'im', 'excited']",19,107,positive,0.501,"{np.str_('negative'): 0.289, np.str_('neutral'): 0.21, np.str_('positive'): 0.501}",labeled,positive,0.9618,"{'positive': 0.9618, 'neutral': 0.0366, 'negative': 0.0016}",positive,0.7775,0,"['Kelly', 'Shawn', 'Michael']"
878,Al-Akhbar said #Russia and #Hezbollah will now maintain ongoing contact on operational issues in #Syria.https://t.co/VEh27IAc89,2024-08-08,unknown_user,,Twitter (tweet_eval),en,tweet_eval_sentiment,neutral,Unknown,Unknown,0,alakhbar said maintain ongoing contact operational issue,"['alakhbar', 'said', 'maintain', 'ongoing', 'contact', 'operational', 'issue']",7,56,neutral,0.5348,"{np.str_('negative'): 0.271, np.str_('neutral'): 0.5348, np.str_('positive'): 0.1942}",labeled,neutral,0.8636,"{'neutral': 0.8636, 'negative': 0.1082, 'positive': 0.0282}",neutral,0.7321,0,"['Hezbollah', 'Al-Akhbar', 'Russia']"
879,Mannequin Challenge Part 2. Peep me being fat with the whipped cream 😂 #mannequinchallenge,2024-12-01,unknown_user,,Twitter (tweet_eval),en,tweet_eval_sentiment,neutral,Unknown,Unknown,0,mannequin challenge part peep fat whipped cream facewithtearsofjoy,"['mannequin', 'challenge', 'part', 'peep', 'fat', 'whipped', 'cream', 'facewithtearsofjoy']",8,66,positive,0.4158,"{np.str_('negative'): 0.258, np.str_('neutral'): 0.3263, np.str_('positive'): 0.4158}",labeled,neutral,0.7274,"{'neutral': 0.7274, 'positive': 0.1903, 'negative': 0.0823}",neutral,0.567,1,[]
880,Obamacare if you have called Marco Rubio a puppet Jeb Bush who s going over and complimented me.,2024-11-16,unknown_user,,Twitter (tweet_eval),en,tweet_eval_sentiment,negative,Obama,Unknown,0,obamacare called marco rubio puppet jeb bush going complimented,"['obamacare', 'called', 'marco', 'rubio', 'puppet', 'jeb', 'bush', 'going', 'complimented']",9,63,positive,0.4657,"{np.str_('negative'): 0.3081, np.str_('neutral'): 0.2262, np.str_('positive'): 0.4657}",labeled,neutral,0.6604,"{'neutral': 0.6604, 'negative': 0.2828, 'positive': 0.0568}",neutral,0.4867,1,"['Jeb Bush', 'Marco Rubio']"
881,"""RT @user Sanchez didn't know Plax would sneak in for a play yesterday. \""""""""I wish I would have hit him,\"""""""" he said. Got pressured by D #nyj""",2024-10-07,unknown_user,,Twitter (tweet_eval),en,tweet_eval_sentiment,negative,Unknown,Unknown,0,rt sanchez didnt know plax would sneak play yesterday wish would hit said got pressured,"['rt', 'sanchez', 'didnt', 'know', 'plax', 'would', 'sneak', 'play', 'yesterday', 'wish', 'would', 'hit', 'said', 'got', 'pressured']",15,87,neutral,0.5619,"{np.str_('negative'): 0.262, np.str_('neutral'): 0.5619, np.str_('positive'): 0.1761}",labeled,negative,0.6427,"{'negative': 0.6427, 'neutral': 0.3424, 'positive': 0.0148}",negative,0.4904,1,['Plax']
882,SPOILER ALERT!!! Watch the Teen Choice Awards on Studio 23 this Sunday\u002c Christina Grimmie might be there. Have a GOOD WEEKEND!,2025-01-29,unknown_user,,Twitter (tweet_eval),en,tweet_eval_sentiment,positive,Unknown,Unknown,0,spoiler alert watch teen choice award studio 23 sundayu002c christina grimmie might good weekend,"['spoiler', 'alert', 'watch', 'teen', 'choice', 'award', 'studio', '23', 'sundayu002c', 'christina', 'grimmie', 'might', 'good', 'weekend']",14,96,positive,0.5966,"{np.str_('negative'): 0.2566, np.str_('neutral'): 0.1468, np.str_('positive'): 0.5966}",labeled,neutral,0.6671,"{'neutral': 0.6671, 'positive': 0.2524, 'negative': 0.0805}",neutral,0.459,1,"['Christina Grimmie', 'the Teen Choice Awards on Studio']"
883,This sounds like when Sarah Palin was interviewed and didn't know the answer.  Claimed she was being set up.,2024-06-23,unknown_user,,Twitter (tweet_eval),en,tweet_eval_sentiment,negative,Unknown,Unknown,0,sound like sarah palin interviewed didnt know answer claimed set,"['sound', 'like', 'sarah', 'palin', 'interviewed', 'didnt', 'know', 'answer', 'claimed', 'set']",10,64,neutral,0.4263,"{np.str_('negative'): 0.3344, np.str_('neutral'): 0.4263, np.str_('positive'): 0.2393}",labeled,neutral,0.5859,"{'neutral': 0.5859, 'negative': 0.3991, 'positive': 0.015}",neutral,0.5221,0,['Sarah Palin']
884,@user I have English tomorrow but it honestly doesn\u2019t bother me for some reason. Rella always makes my day. Don\u2019t ask,2025-01-12,unknown_user,,Twitter (tweet_eval),en,tweet_eval_sentiment,positive,Unknown,Unknown,0,english tomorrow but honestly doesnu2019t bother reason rella always make day donu2019t ask,"['english', 'tomorrow', 'but', 'honestly', 'doesnu2019t', 'bother', 'reason', 'rella', 'always', 'make', 'day', 'donu2019t', 'ask']",13,91,positive,0.63,"{np.str_('negative'): 0.1266, np.str_('neutral'): 0.2433, np.str_('positive'): 0.63}",labeled,neutral,0.4658,"{'neutral': 0.4658, 'negative': 0.2957, 'positive': 0.2385}",positive,0.3951,0,"['doesn\\u2019', 'Rella']"
885,sophisticated and surprising ,2024-04-07,unknown_user,,SST-2,en,sst2,positive,Unknown,Unknown,0,sophisticated surprising,"['sophisticated', 'surprising']",2,24,positive,0.4046,"{np.str_('negative'): 0.2554, np.str_('neutral'): 0.34, np.str_('positive'): 0.4046}",labeled,negative,0.6347,"{'negative': 0.6347, 'neutral': 0.3328, 'positive': 0.0326}",negative,0.483,1,[]
886,Can someone please drive me and @user to and from Darien Lake tomorrow for Jason Aldean we will pay you!!,2024-06-19,unknown_user,,Twitter (tweet_eval),en,tweet_eval_sentiment,neutral,Unknown,Unknown,0,someone please drive darien lake tomorrow jason aldean pay,"['someone', 'please', 'drive', 'darien', 'lake', 'tomorrow', 'jason', 'aldean', 'pay']",9,58,neutral,0.5731,"{np.str_('negative'): 0.2015, np.str_('neutral'): 0.5731, np.str_('positive'): 0.2254}",labeled,neutral,0.8028,"{'neutral': 0.8028, 'positive': 0.1415, 'negative': 0.0556}",neutral,0.7109,0,"['@user', 'Jason Aldean']"
887,"this is sandler running on empty , repeating what he's already done way too often .",2025-05-05,unknown_user,,Rotten Tomatoes,en,rotten_tomatoes,negative,Unknown,Unknown,0,sandler running empty repeating he already done way often,"['sandler', 'running', 'empty', 'repeating', 'he', 'already', 'done', 'way', 'often']",9,57,positive,0.4147,"{np.str_('negative'): 0.36, np.str_('neutral'): 0.2253, np.str_('positive'): 0.4147}",labeled,negative,0.6178,"{'negative': 0.6178, 'neutral': 0.3616, 'positive': 0.0206}",negative,0.5147,1,[]
888,if you are confident Yakub was innocent  why you not push tiger before 30 july ?,2024-07-14,unknown_user,,Twitter (tweet_eval),en,tweet_eval_sentiment,neutral,Unknown,Unknown,0,confident yakub innocent not push tiger 30 july,"['confident', 'yakub', 'innocent', 'not', 'push', 'tiger', '30', 'july']",8,47,positive,0.4046,"{np.str_('negative'): 0.2554, np.str_('neutral'): 0.34, np.str_('positive'): 0.4046}",labeled,neutral,0.8003,"{'neutral': 0.8003, 'negative': 0.1487, 'positive': 0.0509}",neutral,0.6162,1,[]
889,"this quiet , introspective and entertaining independent is worth seeking .",2024-10-02,unknown_user,,Rotten Tomatoes,en,rotten_tomatoes,positive,Unknown,Unknown,0,quiet introspective entertaining independent worth seeking,"['quiet', 'introspective', 'entertaining', 'independent', 'worth', 'seeking']",6,58,positive,0.4046,"{np.str_('negative'): 0.2554, np.str_('neutral'): 0.34, np.str_('positive'): 0.4046}",labeled,neutral,0.5017,"{'neutral': 0.5017, 'positive': 0.4616, 'negative': 0.0367}",positive,0.4388,0,[]
890,A Leonard Cohen and Jeff Buckley album just in time for black friday? #buymethat,2024-02-21,unknown_user,,Twitter (tweet_eval),en,tweet_eval_sentiment,neutral,Unknown,Unknown,0,leonard cohen jeff buckley album time black friday,"['leonard', 'cohen', 'jeff', 'buckley', 'album', 'time', 'black', 'friday']",8,50,neutral,0.4378,"{np.str_('negative'): 0.1362, np.str_('neutral'): 0.4378, np.str_('positive'): 0.426}",labeled,neutral,0.8604,"{'neutral': 0.8604, 'positive': 0.1256, 'negative': 0.014}",neutral,0.6914,0,"['Jeff Buckley', 'Leonard Cohen']"
891,Zayn's roller coaster is the most emotional of all emotional roller coasters,2025-03-06,unknown_user,,Twitter (tweet_eval),en,tweet_eval_sentiment,positive,Unknown,Unknown,0,zayns roller coaster emotional emotional roller coaster,"['zayns', 'roller', 'coaster', 'emotional', 'emotional', 'roller', 'coaster']",7,55,positive,0.4046,"{np.str_('negative'): 0.2554, np.str_('neutral'): 0.34, np.str_('positive'): 0.4046}",labeled,neutral,0.7141,"{'neutral': 0.7141, 'positive': 0.2523, 'negative': 0.0335}",neutral,0.5645,1,['Zayn']
892,Rahul Gandhi the kid is planning jail bharo with all his supporters on 19 Dec. Great. The judge will have less trouble arriving at verdict.,2024-07-26,unknown_user,,Twitter (tweet_eval),en,tweet_eval_sentiment,neutral,Rahul Gandhi,Unknown,0,RahulGandhi kid planning jail bharo supporter 19 dec great judge less trouble arriving verdict,"['RahulGandhi', 'kid', 'planning', 'jail', 'bharo', 'supporter', '19', 'dec', 'great', 'judge', 'less', 'trouble', 'arriving', 'verdict']",14,94,positive,0.5375,"{np.str_('negative'): 0.2229, np.str_('neutral'): 0.2397, np.str_('positive'): 0.5375}",labeled,neutral,0.5977,"{'neutral': 0.5977, 'positive': 0.219, 'negative': 0.1833}",neutral,0.4545,1,['Rahul Gandhi']
893,"""Bad Blood has just reached 400,000,000 views on @user It's Taylor Swift 4th video to do so.",2024-09-21,unknown_user,,Twitter (tweet_eval),en,tweet_eval_sentiment,positive,Unknown,Unknown,0,bad blood reached 400000000 view taylor swift 4th video,"['bad', 'blood', 'reached', '400000000', 'view', 'taylor', 'swift', '4th', 'video']",9,55,neutral,0.3547,"{np.str_('negative'): 0.3, np.str_('neutral'): 0.3547, np.str_('positive'): 0.3453}",labeled,neutral,0.7665,"{'neutral': 0.7665, 'positive': 0.2112, 'negative': 0.0224}",neutral,0.6018,0,"['@user', 'Taylor Swift']"
894,the script is too mainstream and the psychology too textbook to intrigue .,2024-08-12,unknown_user,,Rotten Tomatoes,en,rotten_tomatoes,negative,Unknown,Unknown,0,script mainstream psychology textbook intrigue,"['script', 'mainstream', 'psychology', 'textbook', 'intrigue']",5,46,positive,0.4046,"{np.str_('negative'): 0.2554, np.str_('neutral'): 0.34, np.str_('positive'): 0.4046}",labeled,neutral,0.7986,"{'neutral': 0.7986, 'negative': 0.1286, 'positive': 0.0727}",neutral,0.6152,1,[]
895,son of the bride may be a good half-hour too long but comes replete with a flattering sense of mystery and quietness .,2024-09-30,unknown_user,,Rotten Tomatoes,en,rotten_tomatoes,positive,Unknown,Unknown,0,son bride may good halfhour long but come replete flattering sense mystery quietness,"['son', 'bride', 'may', 'good', 'halfhour', 'long', 'but', 'come', 'replete', 'flattering', 'sense', 'mystery', 'quietness']",13,84,positive,0.6101,"{np.str_('negative'): 0.1813, np.str_('neutral'): 0.2087, np.str_('positive'): 0.6101}",labeled,neutral,0.7487,"{'neutral': 0.7487, 'positive': 0.1672, 'negative': 0.0841}",neutral,0.5327,1,[]
896,@user Will you be on Minecraft now? Also can't wait to see you at Insomnia! Are you there on Sunday?,2025-01-04,unknown_user,,Twitter (tweet_eval),en,tweet_eval_sentiment,positive,Unknown,Unknown,0,minecraft also cant wait see insomnia sunday,"['minecraft', 'also', 'cant', 'wait', 'see', 'insomnia', 'sunday']",7,44,positive,0.5113,"{np.str_('negative'): 0.1983, np.str_('neutral'): 0.2904, np.str_('positive'): 0.5113}",labeled,positive,0.9597,"{'positive': 0.9597, 'neutral': 0.0382, 'negative': 0.0022}",positive,0.7803,0,['@user']
897,Dallas!!! Are you ready to come have a great night with us?! We can't wait to blow the roof off with you!,2025-03-04,unknown_user,,Twitter (tweet_eval),en,tweet_eval_sentiment,positive,Unknown,Unknown,0,dallas ready come great night u cant wait blow roof,"['dallas', 'ready', 'come', 'great', 'night', 'u', 'cant', 'wait', 'blow', 'roof']",10,51,positive,0.6986,"{np.str_('negative'): 0.0981, np.str_('neutral'): 0.2033, np.str_('positive'): 0.6986}",labeled,positive,0.981,"{'positive': 0.981, 'neutral': 0.0168, 'negative': 0.0023}",positive,0.868,0,['Dallas']
898,@user Agreed. Although it seemed like Atleti was still hungover from the Juve game. Any chance of the Azzurri game on Saturday?,2024-01-25,unknown_user,,Twitter (tweet_eval),en,tweet_eval_sentiment,negative,Unknown,Unknown,0,agreed although seemed like atleti still hungover juve game chance azzurri game saturday,"['agreed', 'although', 'seemed', 'like', 'atleti', 'still', 'hungover', 'juve', 'game', 'chance', 'azzurri', 'game', 'saturday']",13,88,neutral,0.5156,"{np.str_('negative'): 0.1602, np.str_('neutral'): 0.5156, np.str_('positive'): 0.3242}",labeled,neutral,0.8124,"{'neutral': 0.8124, 'negative': 0.1552, 'positive': 0.0323}",neutral,0.6937,0,"['@user', 'Juve', 'Atleti', 'Azzurri']"
899,"""The instrumental versoin of """"4th of July"""" in Paper Towns is one of the best things ever""",2024-08-31,unknown_user,,Twitter (tweet_eval),en,tweet_eval_sentiment,positive,Unknown,Unknown,0,instrumental versoin 4th july paper town one best thing ever,"['instrumental', 'versoin', '4th', 'july', 'paper', 'town', 'one', 'best', 'thing', 'ever']",10,60,positive,0.649,"{np.str_('negative'): 0.1412, np.str_('neutral'): 0.2099, np.str_('positive'): 0.649}",labeled,positive,0.9497,"{'positive': 0.9497, 'neutral': 0.0471, 'negative': 0.0032}",positive,0.8294,0,[]
901,"I saw this movie a few months ago on cable, and it was fantastic. William H Macy is one of my favorite actors, and his performance was just amazing. He makes you care for his character, even when he is clearly doing the wrong thing, and Neve Campbell gives a performance that is w",2024-01-18,unknown_user,,IMDB,en,imdb,positive,Unknown,Unknown,0,saw movie month ago cable fantastic william macy one favorite actor performance amazing make care character even clearly wrong thing neve campbell give performance,"['saw', 'movie', 'month', 'ago', 'cable', 'fantastic', 'william', 'macy', 'one', 'favorite', 'actor', 'performance', 'amazing', 'make', 'care', 'character', 'even', 'clearly', 'wrong', 'thing', 'neve', 'campbell', 'give', 'performance']",24,163,positive,0.635,"{np.str_('negative'): 0.2929, np.str_('neutral'): 0.0721, np.str_('positive'): 0.635}",labeled,positive,0.968,"{'positive': 0.968, 'neutral': 0.0275, 'negative': 0.0045}",positive,0.8348,0,"['Neve Campbell', 'William H Macy']"
902,@user @user @user Warren may be rich but he is a Moron. Anybody who backed Obama on anything is,2024-01-12,unknown_user,,Twitter (tweet_eval),en,tweet_eval_sentiment,negative,Obama,Unknown,0,warren may rich but moron anybody backed Obama anything,"['warren', 'may', 'rich', 'but', 'moron', 'anybody', 'backed', 'Obama', 'anything']",9,55,neutral,0.5211,"{np.str_('negative'): 0.2864, np.str_('neutral'): 0.5211, np.str_('positive'): 0.1926}",labeled,negative,0.7858,"{'negative': 0.7858, 'neutral': 0.1941, 'positive': 0.0202}",negative,0.586,1,"['@user Warren', 'Moron', 'Obama']"
903,"even in the summertime , the most restless young audience deserves the dignity of an action hero motivated by something more than franchise possibilities .",2024-05-28,unknown_user,,Rotten Tomatoes,en,rotten_tomatoes,negative,Unknown,Unknown,0,even summertime restless young audience deserves dignity action hero motivated something franchise possibility,"['even', 'summertime', 'restless', 'young', 'audience', 'deserves', 'dignity', 'action', 'hero', 'motivated', 'something', 'franchise', 'possibility']",13,110,negative,0.4897,"{np.str_('negative'): 0.4897, np.str_('neutral'): 0.2698, np.str_('positive'): 0.2405}",labeled,neutral,0.5539,"{'neutral': 0.5539, 'positive': 0.4227, 'negative': 0.0234}",neutral,0.4403,1,[]
904,@user hi Ben ^_^ hope to see you in Seattle in October! I'm moving there from Ireland. Yay!,2024-10-29,unknown_user,,Twitter (tweet_eval),en,tweet_eval_sentiment,positive,Unknown,Unknown,0,hi ben hope see seattle october im moving ireland yay,"['hi', 'ben', 'hope', 'see', 'seattle', 'october', 'im', 'moving', 'ireland', 'yay']",10,53,positive,0.5179,"{np.str_('negative'): 0.2412, np.str_('neutral'): 0.2409, np.str_('positive'): 0.5179}",labeled,positive,0.9432,"{'positive': 0.9432, 'neutral': 0.0549, 'negative': 0.0019}",positive,0.7731,0,"['@user', 'Seattle', 'Ireland', 'Ben']"
905,Legal framework for challenging U.S. election by brilliant Larry @user,2025-03-19,unknown_user,,Twitter (tweet_eval),en,tweet_eval_sentiment,positive,Unknown,Unknown,0,legal framework challenging u election brilliant larry,"['legal', 'framework', 'challenging', 'u', 'election', 'brilliant', 'larry']",7,54,positive,0.4046,"{np.str_('negative'): 0.2554, np.str_('neutral'): 0.34, np.str_('positive'): 0.4046}",labeled,positive,0.6926,"{'positive': 0.6926, 'neutral': 0.2889, 'negative': 0.0186}",positive,0.5774,0,"['U.S.', 'Larry @user']"
906,"Trump Stock In Dakota Access Oil Pipeline Raises Questions via @user And he was working on Carrier, Indians were hurt",2024-08-23,unknown_user,,Twitter (tweet_eval),en,tweet_eval_sentiment,neutral,Trump,Unknown,0,trump stock dakota access oil pipeline raise question via working carrier indian hurt,"['trump', 'stock', 'dakota', 'access', 'oil', 'pipeline', 'raise', 'question', 'via', 'working', 'carrier', 'indian', 'hurt']",13,85,negative,0.3978,"{np.str_('negative'): 0.3978, np.str_('neutral'): 0.3072, np.str_('positive'): 0.295}",labeled,negative,0.5947,"{'negative': 0.5947, 'neutral': 0.3959, 'positive': 0.0094}",negative,0.5159,0,"['Carrier', 'Trump Stock']"
907,"""totally intended to boycott Miss USA show, but how in the world did Maryland come in 5th?! Three of those other girls gave terrible answers.""",2025-02-01,unknown_user,,Twitter (tweet_eval),en,tweet_eval_sentiment,negative,Unknown,Unknown,1,totally intended boycott miss usa show but world maryland come 5th three girl gave terrible answer,"['totally', 'intended', 'boycott', 'miss', 'usa', 'show', 'but', 'world', 'maryland', 'come', '5th', 'three', 'girl', 'gave', 'terrible', 'answer']",16,98,positive,0.431,"{np.str_('negative'): 0.2715, np.str_('neutral'): 0.2975, np.str_('positive'): 0.431}",labeled,negative,0.9334,"{'negative': 0.9334, 'neutral': 0.0608, 'positive': 0.0058}",negative,0.6686,1,['Maryland']
908,Great story about Sam Smith on CBS Sunday Morning...Sam talked about how his success came when he exposed his...,2024-11-14,unknown_user,,Twitter (tweet_eval),en,tweet_eval_sentiment,positive,Unknown,Conservatives,0,great story sam smith cbs sunday morningsam talked success came exposed,"['great', 'story', 'sam', 'smith', 'cbs', 'sunday', 'morningsam', 'talked', 'success', 'came', 'exposed']",11,71,positive,0.4802,"{np.str_('negative'): 0.2092, np.str_('neutral'): 0.3106, np.str_('positive'): 0.4802}",labeled,positive,0.9367,"{'positive': 0.9367, 'neutral': 0.0577, 'negative': 0.0056}",positive,0.7541,0,"['CBS', 'Sam Smith', 'Sam']"
909,@user I'm happy to see the #Nats sat Zimmerman over Harper...Harvey owns Harper #Mets,2024-12-17,unknown_user,,Twitter (tweet_eval),en,tweet_eval_sentiment,neutral,Unknown,Unknown,0,im happy see sat zimmerman harperharvey owns harper,"['im', 'happy', 'see', 'sat', 'zimmerman', 'harperharvey', 'owns', 'harper']",8,51,positive,0.5197,"{np.str_('negative'): 0.1899, np.str_('neutral'): 0.2904, np.str_('positive'): 0.5197}",labeled,positive,0.9382,"{'positive': 0.9382, 'neutral': 0.0581, 'negative': 0.0037}",positive,0.7708,0,['Harper...']
910,"First off, let me say that I am a great believer in Fanpro stuff. I see it as a way to continue a good show long after it has been cancelled. Star Trek Voyages and Star Wars Revelations are examples of decent efforts. So I have a soft-spot for fanpro stuff that means I'll overloo",2025-02-06,unknown_user,,IMDB,en,imdb,negative,Unknown,Unknown,0,first let say great believer fanpro stuff see way continue good show long cancelled star trek voyage star war revelation example decent effort softspot fanpro stuff mean ill overloo,"['first', 'let', 'say', 'great', 'believer', 'fanpro', 'stuff', 'see', 'way', 'continue', 'good', 'show', 'long', 'cancelled', 'star', 'trek', 'voyage', 'star', 'war', 'revelation', 'example', 'decent', 'effort', 'softspot', 'fanpro', 'stuff', 'mean', 'ill', 'overloo']",29,181,positive,0.4249,"{np.str_('negative'): 0.334, np.str_('neutral'): 0.2411, np.str_('positive'): 0.4249}",labeled,positive,0.8383,"{'positive': 0.8383, 'neutral': 0.1501, 'negative': 0.0116}",positive,0.6729,0,"['Trek Voyages', 'Fanpro']"
911,mckay deflates his piece of puffery with a sour cliche and heavy doses of mean-spiritedness,2024-06-16,unknown_user,,Rotten Tomatoes,en,rotten_tomatoes,negative,Unknown,Unknown,0,mckay deflates piece puffery sour cliche heavy dos meanspiritedness,"['mckay', 'deflates', 'piece', 'puffery', 'sour', 'cliche', 'heavy', 'dos', 'meanspiritedness']",9,67,positive,0.4046,"{np.str_('negative'): 0.2554, np.str_('neutral'): 0.34, np.str_('positive'): 0.4046}",labeled,neutral,0.65,"{'neutral': 0.65, 'negative': 0.2902, 'positive': 0.0599}",neutral,0.526,1,[]
912,Erdogan has drowned a country in blood for votes at the ballot box,2024-01-09,unknown_user,,Twitter (tweet_eval),en,tweet_eval_sentiment,negative,Unknown,Unknown,0,erdogan drowned country blood vote ballot box,"['erdogan', 'drowned', 'country', 'blood', 'vote', 'ballot', 'box']",7,45,neutral,0.3705,"{np.str_('negative'): 0.3442, np.str_('neutral'): 0.3705, np.str_('positive'): 0.2853}",labeled,negative,0.5991,"{'negative': 0.5991, 'neutral': 0.3819, 'positive': 0.019}",negative,0.4971,1,['Erdogan']
913,Nissan Titan : Eleven accidents with 22 cars in just over five hours Saturday - Riverhead LOCAL,2024-02-05,unknown_user,,Twitter (tweet_eval),en,tweet_eval_sentiment,negative,Unknown,Unknown,0,nissan titan eleven accident 22 car five hour saturday riverhead local,"['nissan', 'titan', 'eleven', 'accident', '22', 'car', 'five', 'hour', 'saturday', 'riverhead', 'local']",11,70,positive,0.4428,"{np.str_('negative'): 0.2174, np.str_('neutral'): 0.3398, np.str_('positive'): 0.4428}",labeled,negative,0.5875,"{'negative': 0.5875, 'neutral': 0.3947, 'positive': 0.0178}",negative,0.4395,1,['Nissan']
914,"""I really want Justin to take a picture with Kendall,Miley,Ariana and Zayn on Sunday""",2024-10-28,unknown_user,,Twitter (tweet_eval),en,tweet_eval_sentiment,neutral,Unknown,Unknown,0,really want justin take picture kendallmileyariana zayn sunday,"['really', 'want', 'justin', 'take', 'picture', 'kendallmileyariana', 'zayn', 'sunday']",8,62,neutral,0.4487,"{np.str_('negative'): 0.23, np.str_('neutral'): 0.4487, np.str_('positive'): 0.3213}",labeled,neutral,0.7495,"{'neutral': 0.7495, 'positive': 0.2219, 'negative': 0.0286}",neutral,0.6292,0,"['Zayn', 'Ariana', 'Miley', 'Justin', 'Kendall']"
915,"@user You will be receiving a new seasoncard, your Juventus ticket may be paper ticket that is sent to you.",2025-02-10,unknown_user,,Twitter (tweet_eval),en,tweet_eval_sentiment,neutral,Unknown,Unknown,0,receiving new seasoncard juventus ticket may paper ticket sent,"['receiving', 'new', 'seasoncard', 'juventus', 'ticket', 'may', 'paper', 'ticket', 'sent']",9,62,neutral,0.502,"{np.str_('negative'): 0.128, np.str_('neutral'): 0.502, np.str_('positive'): 0.37}",labeled,neutral,0.9207,"{'neutral': 0.9207, 'positive': 0.0712, 'negative': 0.008}",neutral,0.7532,0,['Juventus']
916,Who going to Club Bodi tomorrow,2024-05-23,unknown_user,,Twitter (tweet_eval),en,tweet_eval_sentiment,neutral,Unknown,Unknown,0,going club bodi tomorrow,"['going', 'club', 'bodi', 'tomorrow']",4,24,positive,0.5328,"{np.str_('negative'): 0.149, np.str_('neutral'): 0.3182, np.str_('positive'): 0.5328}",labeled,neutral,0.8812,"{'neutral': 0.8812, 'positive': 0.1066, 'negative': 0.0122}",neutral,0.656,1,['Club Bodi']
917,"@user Father God, the ravages of Boko Haram have got to be brought to an end. May Your mighty Hand seal their fate and bring peace.""",2024-10-15,unknown_user,,Twitter (tweet_eval),en,tweet_eval_sentiment,negative,Unknown,Unknown,0,father god ravage boko haram got brought end may mighty hand seal fate bring peace,"['father', 'god', 'ravage', 'boko', 'haram', 'got', 'brought', 'end', 'may', 'mighty', 'hand', 'seal', 'fate', 'bring', 'peace']",15,82,positive,0.4507,"{np.str_('negative'): 0.2583, np.str_('neutral'): 0.291, np.str_('positive'): 0.4507}",labeled,neutral,0.533,"{'neutral': 0.533, 'positive': 0.3403, 'negative': 0.1267}",neutral,0.4362,1,"['@user', 'Boko Haram']"
918,@user can u imagine if Sarah palin did this. Rex huppke would be mocking her all day! But a dem says it ...,2024-10-03,unknown_user,,Twitter (tweet_eval),en,tweet_eval_sentiment,negative,Unknown,Unknown,0,imagine sarah palin rex huppke would mocking day but Democrats say,"['imagine', 'sarah', 'palin', 'rex', 'huppke', 'would', 'mocking', 'day', 'but', 'Democrats', 'say']",11,66,positive,0.4112,"{np.str_('negative'): 0.2572, np.str_('neutral'): 0.3316, np.str_('positive'): 0.4112}",labeled,neutral,0.684,"{'neutral': 0.684, 'negative': 0.2697, 'positive': 0.0462}",neutral,0.543,1,"['@user', 'Sarah', 'Rex']"
919,"""Spending Sunday with the family at Galvins, Hilton Hotel. Great views, great food even better drink.""",2024-10-08,unknown_user,,Twitter (tweet_eval),en,tweet_eval_sentiment,positive,Unknown,Unknown,0,spending sunday family galvins hilton hotel great view great food even better drink,"['spending', 'sunday', 'family', 'galvins', 'hilton', 'hotel', 'great', 'view', 'great', 'food', 'even', 'better', 'drink']",13,83,positive,0.6015,"{np.str_('negative'): 0.1472, np.str_('neutral'): 0.2514, np.str_('positive'): 0.6015}",labeled,positive,0.986,"{'positive': 0.986, 'neutral': 0.012, 'negative': 0.002}",positive,0.8322,0,"['Galvins', 'Hilton Hotel']"
920,my iTunes is fucking up and isn't even letting me buy Calibraska so I'll definitely gift tomorrow or once I figure it out I'm sorry,2025-05-01,unknown_user,,Twitter (tweet_eval),en,tweet_eval_sentiment,negative,Unknown,Unknown,1,itunes fucking isnt even letting buy calibraska ill definitely gift tomorrow figure im sorry,"['itunes', 'fucking', 'isnt', 'even', 'letting', 'buy', 'calibraska', 'ill', 'definitely', 'gift', 'tomorrow', 'figure', 'im', 'sorry']",14,92,positive,0.4048,"{np.str_('negative'): 0.1987, np.str_('neutral'): 0.3965, np.str_('positive'): 0.4048}",labeled,negative,0.9229,"{'negative': 0.9229, 'neutral': 0.0702, 'positive': 0.0069}",negative,0.6332,1,"['Calibraska', 'iTunes']"
921,The defense of the US elections from the Obama Admin came amidst hacking fears & allegations of hacking from Russi…,2024-07-10,unknown_user,,Twitter (tweet_eval),en,tweet_eval_sentiment,neutral,Obama,Unknown,0,defense u election Obama admin came amidst hacking fear allegation hacking russi…,"['defense', 'u', 'election', 'Obama', 'admin', 'came', 'amidst', 'hacking', 'fear', 'allegation', 'hacking', 'russi…']",12,81,neutral,0.5211,"{np.str_('negative'): 0.2864, np.str_('neutral'): 0.5211, np.str_('positive'): 0.1926}",labeled,neutral,0.5139,"{'neutral': 0.5139, 'negative': 0.4585, 'positive': 0.0276}",neutral,0.5168,0,"['US', 'Obama Admin', 'Russi']"
922,"Does anything at all happen in this movie. There are only the bizarre short scenes where I didn't know what the hell was going on so that doesn't count. This movie is sooo boring it hurts, and this is coming from a person who likes it when movies are about making movies. Confused",2024-10-04,unknown_user,,IMDB,en,imdb,negative,Unknown,Unknown,0,anything happen movie bizarre short scene didnt know hell going doesnt count movie sooo boring hurt coming person like movie making movie confused,"['anything', 'happen', 'movie', 'bizarre', 'short', 'scene', 'didnt', 'know', 'hell', 'going', 'doesnt', 'count', 'movie', 'sooo', 'boring', 'hurt', 'coming', 'person', 'like', 'movie', 'making', 'movie', 'confused']",23,146,negative,0.4548,"{np.str_('negative'): 0.4548, np.str_('neutral'): 0.1829, np.str_('positive'): 0.3623}",labeled,negative,0.943,"{'negative': 0.943, 'neutral': 0.052, 'positive': 0.005}",negative,0.7477,0,[]
923,Ok all y\u2019all Catholics\u002c tomorrow be a holy day of obligation. Be sure to get y\u2019all a$$ to mass.,2025-04-13,unknown_user,,Twitter (tweet_eval),en,tweet_eval_sentiment,positive,Unknown,Unknown,0,ok yu2019all catholicsu002c tomorrow holy day obligation sure get yu2019all mass,"['ok', 'yu2019all', 'catholicsu002c', 'tomorrow', 'holy', 'day', 'obligation', 'sure', 'get', 'yu2019all', 'mass']",11,80,positive,0.5942,"{np.str_('negative'): 0.1141, np.str_('neutral'): 0.2917, np.str_('positive'): 0.5942}",labeled,neutral,0.6457,"{'neutral': 0.6457, 'positive': 0.3075, 'negative': 0.0468}",neutral,0.5041,1,[]
924,a true pleasure .,2024-04-30,unknown_user,,Rotten Tomatoes,en,rotten_tomatoes,positive,Unknown,Unknown,0,true pleasure,"['true', 'pleasure']",2,13,positive,0.5715,"{np.str_('negative'): 0.2209, np.str_('neutral'): 0.2076, np.str_('positive'): 0.5715}",labeled,positive,0.9369,"{'positive': 0.9369, 'neutral': 0.0511, 'negative': 0.0119}",positive,0.7907,0,[]
925,Put Saturday in your diary if you want a pair of Nike Air Presto. There will only be 80 pairs in store at Nike!,2024-03-20,unknown_user,,Twitter (tweet_eval),en,tweet_eval_sentiment,positive,Unknown,Unknown,0,put saturday diary want pair nike air presto 80 pair store nike,"['put', 'saturday', 'diary', 'want', 'pair', 'nike', 'air', 'presto', '80', 'pair', 'store', 'nike']",12,63,neutral,0.3797,"{np.str_('negative'): 0.2424, np.str_('neutral'): 0.3797, np.str_('positive'): 0.3779}",labeled,neutral,0.7988,"{'neutral': 0.7988, 'positive': 0.1712, 'negative': 0.03}",neutral,0.6312,0,"['Nike Air Presto', 'Nike']"
926,My dad and sister will try out Daredevil series tomorrow. They really liked Ant-Man when I recommended it to them...  HEHEHEHEHE!,2024-12-16,unknown_user,,Twitter (tweet_eval),en,tweet_eval_sentiment,positive,Unknown,Unknown,0,dad sister try daredevil series tomorrow really liked antman recommended hehehehehe,"['dad', 'sister', 'try', 'daredevil', 'series', 'tomorrow', 'really', 'liked', 'antman', 'recommended', 'hehehehehe']",11,83,positive,0.3963,"{np.str_('negative'): 0.216, np.str_('neutral'): 0.3878, np.str_('positive'): 0.3963}",labeled,positive,0.9747,"{'positive': 0.9747, 'neutral': 0.0235, 'negative': 0.0018}",positive,0.7433,0,"['Ant-Man', 'HEHEHEHEHE']"
927,c\u2019mon y\u2019all. Taylor won that award more than once already. the fact that Blake got it this time shouldn\u2019t really piss any of you off.,2025-04-03,unknown_user,,Twitter (tweet_eval),en,tweet_eval_sentiment,negative,Unknown,Unknown,0,cu2019mon yu2019all taylor won award already fact blake got time shouldnu2019t really piss,"['cu2019mon', 'yu2019all', 'taylor', 'won', 'award', 'already', 'fact', 'blake', 'got', 'time', 'shouldnu2019t', 'really', 'piss']",13,90,neutral,0.3594,"{np.str_('negative'): 0.3389, np.str_('neutral'): 0.3594, np.str_('positive'): 0.3017}",labeled,neutral,0.6975,"{'neutral': 0.6975, 'positive': 0.2537, 'negative': 0.0487}",neutral,0.5623,0,"['shouldn\\u2019', 'Taylor']"
928,The happy NASA video as #Curiosity landed = nerd equivalent of the live feeds of bubble teams making the NCAA Tourney on Selection Sunday,2024-08-08,unknown_user,,Twitter (tweet_eval),en,tweet_eval_sentiment,positive,Unknown,Unknown,0,happy nasa video landed nerd equivalent live feed bubble team making ncaa tourney selection sunday,"['happy', 'nasa', 'video', 'landed', 'nerd', 'equivalent', 'live', 'feed', 'bubble', 'team', 'making', 'ncaa', 'tourney', 'selection', 'sunday']",15,98,positive,0.5372,"{np.str_('negative'): 0.2109, np.str_('neutral'): 0.2518, np.str_('positive'): 0.5372}",labeled,positive,0.9372,"{'positive': 0.9372, 'neutral': 0.0599, 'negative': 0.0029}",positive,0.7772,0,"['Selection', 'NASA']"
929,"@user @user sadly this is affecting us too.Relief turned down,rateable value up..awaiting response about 2nd appeal from LCC""",2024-04-11,unknown_user,,Twitter (tweet_eval),en,tweet_eval_sentiment,negative,Unknown,Unknown,0,sadly affecting u toorelief turned downrateable value upawaiting response 2nd appeal lcc,"['sadly', 'affecting', 'u', 'toorelief', 'turned', 'downrateable', 'value', 'upawaiting', 'response', '2nd', 'appeal', 'lcc']",12,88,neutral,0.3916,"{np.str_('negative'): 0.2274, np.str_('neutral'): 0.3916, np.str_('positive'): 0.381}",labeled,negative,0.862,"{'negative': 0.862, 'neutral': 0.1314, 'positive': 0.0066}",negative,0.6082,1,['LCC']
930,"Sorry everyone,,, I know this is supposed to be an ""art"" film,, but wow, they should have handed out guns at the screening so people could blow their brains out and not watch. Although the scene design and photographic direction was excellent, this story is too painful to watch. ",2024-10-26,unknown_user,,IMDB,en,imdb,negative,Unknown,Conservatives,0,sorry everyone know supposed art film but wow handed gun screening people could blow brain not watch although scene design photographic direction excellent story painful watch,"['sorry', 'everyone', 'know', 'supposed', 'art', 'film', 'but', 'wow', 'handed', 'gun', 'screening', 'people', 'could', 'blow', 'brain', 'not', 'watch', 'although', 'scene', 'design', 'photographic', 'direction', 'excellent', 'story', 'painful', 'watch']",26,175,negative,0.4434,"{np.str_('negative'): 0.4434, np.str_('neutral'): 0.1863, np.str_('positive'): 0.3703}",labeled,negative,0.859,"{'negative': 0.859, 'neutral': 0.1109, 'positive': 0.0302}",negative,0.6928,0,[]
931,STONE COLD STEVE AUSTIN &amp; Wooooo RIC FLAIR is sat next to #WWESuperman RIGHT NOW here in the hotel bar. #FlyingHigh. #WWE #Summerslam week!,2024-01-31,unknown_user,,Twitter (tweet_eval),en,tweet_eval_sentiment,positive,Unknown,Unknown,0,stone cold steve austin amp wooooo ric flair sat next right hotel bar week,"['stone', 'cold', 'steve', 'austin', 'amp', 'wooooo', 'ric', 'flair', 'sat', 'next', 'right', 'hotel', 'bar', 'week']",14,74,positive,0.4672,"{np.str_('negative'): 0.2184, np.str_('neutral'): 0.3144, np.str_('positive'): 0.4672}",labeled,positive,0.4973,"{'positive': 0.4973, 'neutral': 0.497, 'negative': 0.0057}",positive,0.4853,0,"['WWE', 'Summerslam', 'Wooooo RIC FLAIR']"
932,"""#EddyK Sunday inspiration: Where will your wedding be? How about an urban chic celebration in beautiful Milan, fashion capital of the world!""",2024-12-06,unknown_user,,Twitter (tweet_eval),en,tweet_eval_sentiment,positive,Unknown,Unknown,0,sunday inspiration wedding urban chic celebration beautiful milan fashion capital world,"['sunday', 'inspiration', 'wedding', 'urban', 'chic', 'celebration', 'beautiful', 'milan', 'fashion', 'capital', 'world']",11,87,neutral,0.5571,"{np.str_('negative'): 0.1525, np.str_('neutral'): 0.5571, np.str_('positive'): 0.2904}",labeled,positive,0.9256,"{'positive': 0.9256, 'neutral': 0.0718, 'negative': 0.0025}",positive,0.6715,1,['Milan']
933,@user @user @user im terrified of needles and HIV and sex can give HIV and condoms may protect from it,2025-02-20,unknown_user,,Twitter (tweet_eval),en,tweet_eval_sentiment,negative,Unknown,Unknown,1,im terrified needle hiv sex give hiv condom may protect,"['im', 'terrified', 'needle', 'hiv', 'sex', 'give', 'hiv', 'condom', 'may', 'protect']",10,55,positive,0.4693,"{np.str_('negative'): 0.2297, np.str_('neutral'): 0.301, np.str_('positive'): 0.4693}",labeled,negative,0.7566,"{'negative': 0.7566, 'neutral': 0.2245, 'positive': 0.0189}",negative,0.5458,1,[]
934,"""Tickets to see Ant-Man with @user and @user this Friday! Looking forward to it, heard such mixed reactions to the film""",2024-07-06,unknown_user,,Twitter (tweet_eval),en,tweet_eval_sentiment,positive,Unknown,Unknown,0,ticket see antman friday looking forward heard mixed reaction film,"['ticket', 'see', 'antman', 'friday', 'looking', 'forward', 'heard', 'mixed', 'reaction', 'film']",10,66,positive,0.5894,"{np.str_('negative'): 0.1693, np.str_('neutral'): 0.2413, np.str_('positive'): 0.5894}",labeled,positive,0.9204,"{'positive': 0.9204, 'neutral': 0.0767, 'negative': 0.0029}",positive,0.788,0,"['@user', 'Ant-Man']"
935,College Night is tomorrow at ICC!  Come to the ICC CougarPlex to meet with reps from over 80 colleges IN ONE...,2025-02-23,unknown_user,,Twitter (tweet_eval),en,tweet_eval_sentiment,neutral,Unknown,Unknown,0,college night tomorrow icc come icc cougarplex meet rep 80 college one,"['college', 'night', 'tomorrow', 'icc', 'come', 'icc', 'cougarplex', 'meet', 'rep', '80', 'college', 'one']",12,70,positive,0.4491,"{np.str_('negative'): 0.2344, np.str_('neutral'): 0.3165, np.str_('positive'): 0.4491}",labeled,neutral,0.9156,"{'neutral': 0.9156, 'positive': 0.0771, 'negative': 0.0073}",neutral,0.676,1,[]
936,No! R u sure? I didnt even know Milan is polluted . I thought all time is cleaned. To know I'm in LA to take the sun .,2024-07-01,unknown_user,,Twitter (tweet_eval),en,tweet_eval_sentiment,neutral,Unknown,Unknown,0,no sure didnt even know milan polluted thought time cleaned know im la take sun,"['no', 'sure', 'didnt', 'even', 'know', 'milan', 'polluted', 'thought', 'time', 'cleaned', 'know', 'im', 'la', 'take', 'sun']",15,79,neutral,0.5715,"{np.str_('negative'): 0.1864, np.str_('neutral'): 0.5715, np.str_('positive'): 0.242}",labeled,neutral,0.498,"{'neutral': 0.498, 'negative': 0.4679, 'positive': 0.0341}",neutral,0.5274,0,"['Milan', 'LA']"
937,gay dogs may make you horny but just pan lions makes you cum,2024-03-13,unknown_user,,Twitter (tweet_eval),en,tweet_eval_sentiment,neutral,Unknown,Unknown,0,gay dog may make horny but pan lion make cum,"['gay', 'dog', 'may', 'make', 'horny', 'but', 'pan', 'lion', 'make', 'cum']",10,44,positive,0.5348,"{np.str_('negative'): 0.2128, np.str_('neutral'): 0.2524, np.str_('positive'): 0.5348}",labeled,neutral,0.6561,"{'neutral': 0.6561, 'negative': 0.2189, 'positive': 0.125}",neutral,0.4946,1,[]
938,"""My mama going to Jacksonville Saturday \u002cI would go but she want let me \u002cI\u2019m on \""""""""punishment\"""""""".!""",2024-09-22,unknown_user,,Twitter (tweet_eval),en,tweet_eval_sentiment,negative,Unknown,Unknown,0,mama going jacksonville saturday u002ci would go but want let u002ciu2019m punishment,"['mama', 'going', 'jacksonville', 'saturday', 'u002ci', 'would', 'go', 'but', 'want', 'let', 'u002ciu2019m', 'punishment']",12,85,positive,0.3833,"{np.str_('negative'): 0.2941, np.str_('neutral'): 0.3226, np.str_('positive'): 0.3833}",labeled,neutral,0.7028,"{'neutral': 0.7028, 'negative': 0.2469, 'positive': 0.0503}",neutral,0.5507,1,['Jacksonville']
939,Hillary Clinton’s Thanksgiving surprise spearheaded by 6-year-old boy #p2  #uniteblue,2024-09-18,unknown_user,,Twitter (tweet_eval),en,tweet_eval_sentiment,neutral,Unknown,Unknown,0,hillary clinton thanksgiving surprise spearheaded 6yearold boy,"['hillary', 'clinton', 'thanksgiving', 'surprise', 'spearheaded', '6yearold', 'boy']",7,62,neutral,0.4549,"{np.str_('negative'): 0.2363, np.str_('neutral'): 0.4549, np.str_('positive'): 0.3087}",labeled,neutral,0.715,"{'neutral': 0.715, 'positive': 0.1821, 'negative': 0.1028}",neutral,0.611,0,['Hillary Clinton’s']
940,"it throws quirky characters , odd situations , and off-kilter dialogue at us , all as if to say , "" look at this ! this is an interesting movie ! "" but the film itself is ultimately quite unengaging .",2024-07-05,unknown_user,,Rotten Tomatoes,en,rotten_tomatoes,negative,Unknown,Unknown,0,throw quirky character odd situation offkilter dialogue u say look interesting movie but film ultimately quite unengaging,"['throw', 'quirky', 'character', 'odd', 'situation', 'offkilter', 'dialogue', 'u', 'say', 'look', 'interesting', 'movie', 'but', 'film', 'ultimately', 'quite', 'unengaging']",17,121,negative,0.5439,"{np.str_('negative'): 0.5439, np.str_('neutral'): 0.0775, np.str_('positive'): 0.3786}",labeled,negative,0.5337,"{'negative': 0.5337, 'neutral': 0.4175, 'positive': 0.0488}",negative,0.5378,0,[]
941,Festival girl: I definitely want to see at least the end of Paul McCartney tonight! Her friend: OMG yes.  Paul played on Friday...,2024-11-06,unknown_user,,Twitter (tweet_eval),en,tweet_eval_sentiment,positive,Unknown,Unknown,0,festival girl definitely want see least end paul mccartney tonight friend omg yes paul played friday,"['festival', 'girl', 'definitely', 'want', 'see', 'least', 'end', 'paul', 'mccartney', 'tonight', 'friend', 'omg', 'yes', 'paul', 'played', 'friday']",16,100,positive,0.4273,"{np.str_('negative'): 0.2097, np.str_('neutral'): 0.363, np.str_('positive'): 0.4273}",labeled,positive,0.9677,"{'positive': 0.9677, 'neutral': 0.0304, 'negative': 0.0019}",positive,0.7515,0,"['Paul', 'Paul McCartney']"
942,@user a) I only just now found out about Force Friday what the hell. b) Amazon Prime those blasters.,2024-11-19,unknown_user,,Twitter (tweet_eval),en,tweet_eval_sentiment,neutral,Unknown,Unknown,0,found force friday hell amazon prime blaster,"['found', 'force', 'friday', 'hell', 'amazon', 'prime', 'blaster']",7,44,neutral,0.438,"{np.str_('negative'): 0.1297, np.str_('neutral'): 0.438, np.str_('positive'): 0.4323}",labeled,neutral,0.5424,"{'neutral': 0.5424, 'positive': 0.2863, 'negative': 0.1713}",neutral,0.5006,0,"['Force', '@user', 'Amazon']"
943,"Dear journalists, please quit with the Joe Biden stories &amp; speculation. He's not even our 3rd choice. Sincerely, Democrats everywhere.",2024-11-28,unknown_user,,Twitter (tweet_eval),en,tweet_eval_sentiment,negative,Biden,Democrats,0,dear journalist please quit Biden story amp speculation he not even 3rd choice sincerely Democrats everywhere,"['dear', 'journalist', 'please', 'quit', 'Biden', 'story', 'amp', 'speculation', 'he', 'not', 'even', '3rd', 'choice', 'sincerely', 'Democrats', 'everywhere']",16,109,negative,0.4142,"{np.str_('negative'): 0.4142, np.str_('neutral'): 0.3396, np.str_('positive'): 0.2462}",labeled,negative,0.8508,"{'negative': 0.8508, 'neutral': 0.1378, 'positive': 0.0114}",negative,0.6762,0,['Joe Biden']
944,Today is Thor's day (Thursday)  So in honor of Thor's day let's get hammered!!!   But first let's start with a...,2025-03-11,unknown_user,,Twitter (tweet_eval),en,tweet_eval_sentiment,positive,Unknown,Unknown,0,today thor day thursday honor thor day let get hammered but first let start,"['today', 'thor', 'day', 'thursday', 'honor', 'thor', 'day', 'let', 'get', 'hammered', 'but', 'first', 'let', 'start']",14,75,positive,0.4785,"{np.str_('negative'): 0.2314, np.str_('neutral'): 0.2901, np.str_('positive'): 0.4785}",labeled,positive,0.8214,"{'positive': 0.8214, 'neutral': 0.1714, 'negative': 0.0072}",positive,0.6842,0,['Thor']
945,"@user Muslims will take the """"5th"""" on that one.""",2024-11-18,unknown_user,,Twitter (tweet_eval),en,tweet_eval_sentiment,neutral,Unknown,Unknown,0,muslim take 5th one,"['muslim', 'take', '5th', 'one']",4,19,neutral,0.457,"{np.str_('negative'): 0.2076, np.str_('neutral'): 0.457, np.str_('positive'): 0.3354}",labeled,neutral,0.863,"{'neutral': 0.863, 'negative': 0.0863, 'positive': 0.0506}",neutral,0.7006,0,['@user']
946,Can't wait for Raw tomorrow night. Brock Lesnar and Undertaker both in the same arena. That's going to be awesome!,2025-02-21,unknown_user,,Twitter (tweet_eval),en,tweet_eval_sentiment,positive,Unknown,Unknown,0,cant wait raw tomorrow night brock lesnar undertaker arena thats going awesome,"['cant', 'wait', 'raw', 'tomorrow', 'night', 'brock', 'lesnar', 'undertaker', 'arena', 'thats', 'going', 'awesome']",12,78,positive,0.6031,"{np.str_('negative'): 0.1281, np.str_('neutral'): 0.2688, np.str_('positive'): 0.6031}",labeled,positive,0.9861,"{'positive': 0.9861, 'neutral': 0.0123, 'negative': 0.0017}",positive,0.8329,0,"['Undertaker', 'Brock Lesnar']"
947,"""Sadly the fair at Splash Dance on Sunday has been cancelled due to flooding, but you can still get your fix of...",2024-05-07,unknown_user,,Twitter (tweet_eval),en,tweet_eval_sentiment,negative,Unknown,Unknown,1,sadly fair splash dance sunday cancelled due flooding but still get fix,"['sadly', 'fair', 'splash', 'dance', 'sunday', 'cancelled', 'due', 'flooding', 'but', 'still', 'get', 'fix']",12,71,positive,0.4318,"{np.str_('negative'): 0.1532, np.str_('neutral'): 0.415, np.str_('positive'): 0.4318}",labeled,negative,0.8716,"{'negative': 0.8716, 'neutral': 0.1205, 'positive': 0.0078}",negative,0.5842,1,[]
948,"""'WWE Raw': Undertaker and Brock Lesnar Brawl for It All: Sunday night at Battleground, the Undertaker cut down...",2024-12-29,unknown_user,,Twitter (tweet_eval),en,tweet_eval_sentiment,neutral,Unknown,Unknown,0,wwe raw undertaker brock lesnar brawl sunday night battleground undertaker cut,"['wwe', 'raw', 'undertaker', 'brock', 'lesnar', 'brawl', 'sunday', 'night', 'battleground', 'undertaker', 'cut']",11,78,neutral,0.5043,"{np.str_('negative'): 0.0733, np.str_('neutral'): 0.5043, np.str_('positive'): 0.4224}",labeled,neutral,0.8799,"{'neutral': 0.8799, 'positive': 0.1064, 'negative': 0.0136}",neutral,0.7297,0,"['Lesnar Brawl', 'Battleground', 'Undertaker']"
949,Finding it hard to believe this season is Bale's 3rd season as Real Madrid player.,2024-12-09,unknown_user,,Twitter (tweet_eval),en,tweet_eval_sentiment,neutral,Unknown,Unknown,0,finding hard believe season bale 3rd season real madrid player,"['finding', 'hard', 'believe', 'season', 'bale', '3rd', 'season', 'real', 'madrid', 'player']",10,62,neutral,0.4884,"{np.str_('negative'): 0.2299, np.str_('neutral'): 0.4884, np.str_('positive'): 0.2818}",labeled,neutral,0.5622,"{'neutral': 0.5622, 'negative': 0.404, 'positive': 0.0338}",neutral,0.5327,0,"[""Bale's"", 'Real Madrid']"
950,""" the kid stays in the picture "" is a great story , terrifically told by the man who wrote it but this cliff notes edition is a cheat .",2024-02-22,unknown_user,,Rotten Tomatoes,en,rotten_tomatoes,negative,Unknown,Conservatives,0,kid stay picture great story terrifically told man wrote but cliff note edition cheat,"['kid', 'stay', 'picture', 'great', 'story', 'terrifically', 'told', 'man', 'wrote', 'but', 'cliff', 'note', 'edition', 'cheat']",14,85,positive,0.4666,"{np.str_('negative'): 0.3069, np.str_('neutral'): 0.2266, np.str_('positive'): 0.4666}",labeled,positive,0.8537,"{'positive': 0.8537, 'neutral': 0.0997, 'negative': 0.0465}",positive,0.6989,0,[]
951,Obama was adopted by Dumham's 2nd husband Soetero and his name changed to Barry Soetero. No record it was changed Bj,2024-04-17,unknown_user,,Twitter (tweet_eval),en,tweet_eval_sentiment,neutral,Obama,Unknown,0,Obama adopted dumhams 2nd husband soetero name changed barry soetero no record changed bj,"['Obama', 'adopted', 'dumhams', '2nd', 'husband', 'soetero', 'name', 'changed', 'barry', 'soetero', 'no', 'record', 'changed', 'bj']",14,89,neutral,0.5197,"{np.str_('negative'): 0.2604, np.str_('neutral'): 0.5197, np.str_('positive'): 0.2199}",labeled,neutral,0.8809,"{'neutral': 0.8809, 'positive': 0.0654, 'negative': 0.0538}",neutral,0.7364,0,"['Barry Soetero', 'Obama', 'Soetero', 'Dumham']"
952,"""We are no longer where we were on 7 January, when the rampage began at the offices of Charlie Hebdo. The war has...",2024-02-08,unknown_user,,Twitter (tweet_eval),en,tweet_eval_sentiment,neutral,Unknown,Unknown,0,no longer january rampage began office charlie hebdo war,"['no', 'longer', 'january', 'rampage', 'began', 'office', 'charlie', 'hebdo', 'war']",9,56,positive,0.4046,"{np.str_('negative'): 0.2554, np.str_('neutral'): 0.34, np.str_('positive'): 0.4046}",labeled,neutral,0.836,"{'neutral': 0.836, 'negative': 0.109, 'positive': 0.055}",neutral,0.6376,1,['Charlie Hebdo']
953,In case you forgot Panthers are horrible on defense. Pathetic. Ranked 27th against run and their top CB (Gamble) is out w/ injury. #Cowboys,2024-12-03,unknown_user,,Twitter (tweet_eval),en,tweet_eval_sentiment,negative,Unknown,Unknown,1,case forgot panther horrible defense pathetic ranked 27th against run top cb gamble injury,"['case', 'forgot', 'panther', 'horrible', 'defense', 'pathetic', 'ranked', '27th', 'against', 'run', 'top', 'cb', 'gamble', 'injury']",14,90,positive,0.3704,"{np.str_('negative'): 0.3395, np.str_('neutral'): 0.2901, np.str_('positive'): 0.3704}",labeled,negative,0.9223,"{'negative': 0.9223, 'neutral': 0.0698, 'positive': 0.0079}",negative,0.6892,1,['Cowboys']
954,The best all around RB in the #NFL wears black & gold. #Steelers,2025-05-09,unknown_user,,Twitter (tweet_eval),en,tweet_eval_sentiment,positive,Unknown,Unknown,0,best around rb wear black gold,"['best', 'around', 'rb', 'wear', 'black', 'gold']",6,30,positive,0.5835,"{np.str_('negative'): 0.1105, np.str_('neutral'): 0.306, np.str_('positive'): 0.5835}",labeled,positive,0.7949,"{'positive': 0.7949, 'neutral': 0.1906, 'negative': 0.0145}",positive,0.7103,0,"['black & gold', 'NFL', 'Steelers']"
955,Bob Marley vs Funkstar de Luxe ~ Sun is Shining (Extended Club Mix) Gonna be a Hot One this weekend in the UK.,2024-04-10,unknown_user,,Twitter (tweet_eval),en,tweet_eval_sentiment,positive,Unknown,Unknown,0,bob marley v funkstar de luxe sun shining extended club mix gon na hot one weekend uk,"['bob', 'marley', 'v', 'funkstar', 'de', 'luxe', 'sun', 'shining', 'extended', 'club', 'mix', 'gon', 'na', 'hot', 'one', 'weekend', 'uk']",17,85,positive,0.5698,"{np.str_('negative'): 0.1737, np.str_('neutral'): 0.2565, np.str_('positive'): 0.5698}",labeled,neutral,0.801,"{'neutral': 0.801, 'positive': 0.1891, 'negative': 0.0099}",neutral,0.5832,1,"['Bob Marley', 'UK', 'Funkstar de Luxe']"
956,Divas!  Movie night is tomorrow!  Meet at Fazoli's at 5:30pm for dinner.  We will walk over to AMC for the 7:05pm showing of Paper Towns!,2024-09-30,unknown_user,,Twitter (tweet_eval),en,tweet_eval_sentiment,neutral,Unknown,Unknown,0,diva movie night tomorrow meet fazolis 530pm dinner walk amc 705pm showing paper town,"['diva', 'movie', 'night', 'tomorrow', 'meet', 'fazolis', '530pm', 'dinner', 'walk', 'amc', '705pm', 'showing', 'paper', 'town']",14,85,positive,0.6073,"{np.str_('negative'): 0.103, np.str_('neutral'): 0.2897, np.str_('positive'): 0.6073}",labeled,neutral,0.8591,"{'neutral': 0.8591, 'positive': 0.1368, 'negative': 0.004}",neutral,0.6313,1,['AMC']
957,I love real friends and ptv and taking back Sunday and fiatc and neck deep and knuckle puck and ymas and tonight alive and nirvana and,2025-05-05,unknown_user,,Twitter (tweet_eval),en,tweet_eval_sentiment,positive,Unknown,Unknown,0,love real friend ptv taking back sunday fiatc neck deep knuckle puck ymas tonight alive nirvana,"['love', 'real', 'friend', 'ptv', 'taking', 'back', 'sunday', 'fiatc', 'neck', 'deep', 'knuckle', 'puck', 'ymas', 'tonight', 'alive', 'nirvana']",16,95,positive,0.5292,"{np.str_('negative'): 0.1317, np.str_('neutral'): 0.3391, np.str_('positive'): 0.5292}",labeled,positive,0.8898,"{'positive': 0.8898, 'neutral': 0.1053, 'negative': 0.0049}",positive,0.7456,0,"['nirvana', 'ymas']"
958,@user I work in Medicaid benefit determination and it blows my mind that some of my clients may have voted for Trump.,2024-05-18,unknown_user,,Twitter (tweet_eval),en,tweet_eval_sentiment,negative,Trump,Unknown,0,work medicaid benefit determination blow mind client may voted trump,"['work', 'medicaid', 'benefit', 'determination', 'blow', 'mind', 'client', 'may', 'voted', 'trump']",10,68,negative,0.3546,"{np.str_('negative'): 0.3546, np.str_('neutral'): 0.3341, np.str_('positive'): 0.3113}",labeled,negative,0.5191,"{'negative': 0.5191, 'neutral': 0.4444, 'positive': 0.0365}",negative,0.4533,0,"['Medicaid', 'Trump']"
959,ford deserves to be remembered at oscar time for crafting this wonderful portrait of a conflicted soldier .,2024-08-11,unknown_user,,Rotten Tomatoes,en,rotten_tomatoes,positive,Unknown,Unknown,0,ford deserves remembered oscar time crafting wonderful portrait conflicted soldier,"['ford', 'deserves', 'remembered', 'oscar', 'time', 'crafting', 'wonderful', 'portrait', 'conflicted', 'soldier']",10,82,positive,0.383,"{np.str_('negative'): 0.2927, np.str_('neutral'): 0.3243, np.str_('positive'): 0.383}",labeled,positive,0.9,"{'positive': 0.9, 'neutral': 0.0857, 'negative': 0.0143}",positive,0.6932,0,['ford']
960,Still my favorite pose of you\u002c :) Pancakes tomorrow\u002c glad you\u2019re here\u002c we missed DJ Marcus! Sweet dreams!,2025-03-23,unknown_user,,Twitter (tweet_eval),en,tweet_eval_sentiment,positive,Unknown,Unknown,0,still favorite pose youu002c pancake tomorrowu002c glad youu2019re hereu002c missed dj marcus sweet dream,"['still', 'favorite', 'pose', 'youu002c', 'pancake', 'tomorrowu002c', 'glad', 'youu2019re', 'hereu002c', 'missed', 'dj', 'marcus', 'sweet', 'dream']",14,105,positive,0.5752,"{np.str_('negative'): 0.1944, np.str_('neutral'): 0.2303, np.str_('positive'): 0.5752}",labeled,positive,0.9843,"{'positive': 0.9843, 'neutral': 0.0127, 'negative': 0.003}",positive,0.8207,0,[]
961,@user please talk truth to power with your pops us deplorables dont want bitch romney,2024-06-22,unknown_user,,Twitter (tweet_eval),en,tweet_eval_sentiment,negative,Unknown,Unknown,0,please talk truth power pop u deplorables dont want bitch romney,"['please', 'talk', 'truth', 'power', 'pop', 'u', 'deplorables', 'dont', 'want', 'bitch', 'romney']",11,64,neutral,0.4286,"{np.str_('negative'): 0.3561, np.str_('neutral'): 0.4286, np.str_('positive'): 0.2153}",labeled,negative,0.8991,"{'negative': 0.8991, 'neutral': 0.0909, 'positive': 0.01}",negative,0.6819,1,['@user']
962,@user bitch you sucked dick you got more than a bumper sticker and you may have been a Bentley but now you a prius,2025-05-02,unknown_user,,Twitter (tweet_eval),en,tweet_eval_sentiment,negative,Unknown,Unknown,0,bitch sucked dick got bumper sticker may bentley but prius,"['bitch', 'sucked', 'dick', 'got', 'bumper', 'sticker', 'may', 'bentley', 'but', 'prius']",10,58,neutral,0.4722,"{np.str_('negative'): 0.203, np.str_('neutral'): 0.4722, np.str_('positive'): 0.3248}",labeled,negative,0.7338,"{'negative': 0.7338, 'neutral': 0.2399, 'positive': 0.0263}",negative,0.5215,1,"['@user', 'Bentley']"
963,To play Temple Run\u002c To watch HIMYM Season 8\u002c orrrrr...to sleep in readiness for tomorrow\u2019s morning interview - decisions are hard to make!:(,2024-05-04,unknown_user,,Twitter (tweet_eval),en,tweet_eval_sentiment,negative,Unknown,Unknown,0,play temple runu002c watch himym season 8u002c orrrrrto sleep readiness tomorrowu2019s morning interview decision hard make,"['play', 'temple', 'runu002c', 'watch', 'himym', 'season', '8u002c', 'orrrrrto', 'sleep', 'readiness', 'tomorrowu2019s', 'morning', 'interview', 'decision', 'hard', 'make']",16,123,positive,0.4814,"{np.str_('negative'): 0.2137, np.str_('neutral'): 0.3048, np.str_('positive'): 0.4814}",labeled,neutral,0.9048,"{'neutral': 0.9048, 'negative': 0.0678, 'positive': 0.0274}",neutral,0.6648,1,['HIMYM Season']
964,@user I may have read that in the way that Seinfeld greeted Newman.,2024-09-11,unknown_user,,Twitter (tweet_eval),en,tweet_eval_sentiment,positive,Unknown,Unknown,0,may read way seinfeld greeted newman,"['may', 'read', 'way', 'seinfeld', 'greeted', 'newman']",6,36,positive,0.4147,"{np.str_('negative'): 0.36, np.str_('neutral'): 0.2253, np.str_('positive'): 0.4147}",labeled,neutral,0.7901,"{'neutral': 0.7901, 'positive': 0.197, 'negative': 0.0128}",neutral,0.5642,1,"['Newman', 'Seinfeld']"
965,"""After Arsenal sell Song to Barcelona we may as well sell Vermalen,give Szczesny away on a free and make sure our complete spine has gone.""",2024-07-24,unknown_user,,Twitter (tweet_eval),en,tweet_eval_sentiment,negative,Unknown,Unknown,0,arsenal sell song barcelona may well sell vermalengive szczesny away free make sure complete spine gone,"['arsenal', 'sell', 'song', 'barcelona', 'may', 'well', 'sell', 'vermalengive', 'szczesny', 'away', 'free', 'make', 'sure', 'complete', 'spine', 'gone']",16,103,positive,0.5519,"{np.str_('negative'): 0.2113, np.str_('neutral'): 0.2367, np.str_('positive'): 0.5519}",labeled,neutral,0.7482,"{'neutral': 0.7482, 'negative': 0.2239, 'positive': 0.0279}",neutral,0.5436,1,"['Barcelona', 'Vermalen', 'Szczesny', 'Song']"
966,@user Good deal. I'll be in Newport Sunday w/ friends as well as the 17th in Dayton!! #HeresToAnother,2024-07-22,unknown_user,,Twitter (tweet_eval),en,tweet_eval_sentiment,positive,Unknown,Unknown,0,good deal ill newport sunday friend well 17th dayton,"['good', 'deal', 'ill', 'newport', 'sunday', 'friend', 'well', '17th', 'dayton']",9,52,positive,0.6154,"{np.str_('negative'): 0.1798, np.str_('neutral'): 0.2048, np.str_('positive'): 0.6154}",labeled,positive,0.924,"{'positive': 0.924, 'neutral': 0.0717, 'negative': 0.0043}",positive,0.8006,0,"['Dayton', '@user Good', 'Newport', 'HeresToAnother']"
967,Having a day off today yesterday went absolutely terribly and I was at foo fighters last night so will be back tomorrow. Enjoy your Sunday's,2025-03-19,unknown_user,,Twitter (tweet_eval),en,tweet_eval_sentiment,negative,Unknown,Unknown,0,day today yesterday went absolutely terribly foo fighter last night back tomorrow enjoy sunday,"['day', 'today', 'yesterday', 'went', 'absolutely', 'terribly', 'foo', 'fighter', 'last', 'night', 'back', 'tomorrow', 'enjoy', 'sunday']",14,94,neutral,0.4848,"{np.str_('negative'): 0.0822, np.str_('neutral'): 0.4848, np.str_('positive'): 0.433}",labeled,negative,0.7978,"{'negative': 0.7978, 'neutral': 0.151, 'positive': 0.0512}",negative,0.5116,1,[]
968,"In China, #Obama and Kim Jong Un Are Actors and Best Friendshttps://t.co/VisWZ3HHrV",2024-10-18,unknown_user,,Twitter (tweet_eval),en,tweet_eval_sentiment,negative,Obama,Unknown,0,china kim jong un actor best friend,"['china', 'kim', 'jong', 'un', 'actor', 'best', 'friend']",7,35,positive,0.48,"{np.str_('negative'): 0.2935, np.str_('neutral'): 0.2264, np.str_('positive'): 0.48}",labeled,neutral,0.7536,"{'neutral': 0.7536, 'positive': 0.2267, 'negative': 0.0198}",neutral,0.5427,1,"['Obama', 'China', 'Kim Jong Un']"
969,July 8th... It\u2019s goin down at DAR Constitution Hall... I\u2019m gonna make this last part rhyme... MB Y\u2019ALL!!!!!,2024-02-04,unknown_user,,Twitter (tweet_eval),en,tweet_eval_sentiment,neutral,Unknown,Unknown,0,july 8th itu2019s goin dar constitution hall iu2019m gon na make last part rhyme mb yu2019all,"['july', '8th', 'itu2019s', 'goin', 'dar', 'constitution', 'hall', 'iu2019m', 'gon', 'na', 'make', 'last', 'part', 'rhyme', 'mb', 'yu2019all']",16,93,positive,0.4823,"{np.str_('negative'): 0.2236, np.str_('neutral'): 0.2941, np.str_('positive'): 0.4823}",labeled,neutral,0.8333,"{'neutral': 0.8333, 'negative': 0.0875, 'positive': 0.0792}",neutral,0.6176,1,[]
970,Day 5 Advent Gift Countdown - 'Gold Standard'  #20moresleeps #christmasgifts #luxuryhampers…,2024-06-15,unknown_user,,Twitter (tweet_eval),en,tweet_eval_sentiment,neutral,Unknown,Unknown,0,day advent gift countdown gold standard,"['day', 'advent', 'gift', 'countdown', 'gold', 'standard']",6,39,positive,0.5424,"{np.str_('negative'): 0.1693, np.str_('neutral'): 0.2883, np.str_('positive'): 0.5424}",labeled,neutral,0.7875,"{'neutral': 0.7875, 'positive': 0.1874, 'negative': 0.0251}",neutral,0.5878,1,"[""Gift Countdown - '""]"
971,SUNDAY'S PRACTICES..... I hope you can join us.  8:30am. Hot Yoga w/ Deirdre Trama 9:00am. Open Flow Clarissa...,2025-01-08,unknown_user,,Twitter (tweet_eval),en,tweet_eval_sentiment,neutral,Unknown,Unknown,0,sunday practice hope join u 830am hot yoga deirdre trama 900am open flow clarissa,"['sunday', 'practice', 'hope', 'join', 'u', '830am', 'hot', 'yoga', 'deirdre', 'trama', '900am', 'open', 'flow', 'clarissa']",14,81,positive,0.5056,"{np.str_('negative'): 0.1937, np.str_('neutral'): 0.3007, np.str_('positive'): 0.5056}",labeled,positive,0.5098,"{'positive': 0.5098, 'neutral': 0.4869, 'negative': 0.0033}",positive,0.5081,0,['Deirdre Trama']
972,"@user @user  One of my 1st music videos in the 90\u2019s is \""""""""Bad Blood\"""""""" of @user \u2019s dad .  An AIDS awareness video of Francis M.""",2025-02-26,unknown_user,,Twitter (tweet_eval),en,tweet_eval_sentiment,neutral,Unknown,Unknown,0,one 1st music video 90u2019s bad blood u2019s dad aid awareness video francis,"['one', '1st', 'music', 'video', '90u2019s', 'bad', 'blood', 'u2019s', 'dad', 'aid', 'awareness', 'video', 'francis']",13,77,positive,0.3576,"{np.str_('negative'): 0.2911, np.str_('neutral'): 0.3513, np.str_('positive'): 0.3576}",labeled,neutral,0.8702,"{'neutral': 0.8702, 'negative': 0.0933, 'positive': 0.0365}",neutral,0.6626,1,"['@user', 'Francis M.""', '\\""""""""Bad', '@user @user  One']"
973,Ready for the Pride Parade on Sunday? Here's the route so you can plan ahead: -#PEAKMornings,2024-07-11,unknown_user,,Twitter (tweet_eval),en,tweet_eval_sentiment,positive,Unknown,Unknown,0,ready pride parade sunday here route plan ahead,"['ready', 'pride', 'parade', 'sunday', 'here', 'route', 'plan', 'ahead']",8,47,positive,0.5285,"{np.str_('negative'): 0.1387, np.str_('neutral'): 0.3328, np.str_('positive'): 0.5285}",labeled,positive,0.6491,"{'positive': 0.6491, 'neutral': 0.3456, 'negative': 0.0053}",positive,0.6009,0,['the Pride Parade']
974,"Saturday arvo, sunshine, #homebrew and the Grateful Dead.    Perfect!",2025-04-17,unknown_user,,Twitter (tweet_eval),en,tweet_eval_sentiment,positive,Unknown,Unknown,0,saturday arvo sunshine grateful dead perfect,"['saturday', 'arvo', 'sunshine', 'grateful', 'dead', 'perfect']",6,44,positive,0.4428,"{np.str_('negative'): 0.2174, np.str_('neutral'): 0.3398, np.str_('positive'): 0.4428}",labeled,positive,0.9637,"{'positive': 0.9637, 'neutral': 0.0321, 'negative': 0.0042}",positive,0.7553,0,"['homebrew', 'the Grateful Dead']"
975,"@user best one ever 7th track Dr.Dre on the beat ft. Biggie\u002c2pac\u002cBig L\u002c& Big Pun...song is gonna be called \""""""""We Ain\u2019t Dead\"""""""" lmaooo""",2024-09-20,unknown_user,,Twitter (tweet_eval),en,tweet_eval_sentiment,positive,Unknown,Unknown,0,best one ever 7th track drdre beat ft biggieu002c2pacu002cbig lu002c big punsong gon na called ainu2019t dead lmaooo,"['best', 'one', 'ever', '7th', 'track', 'drdre', 'beat', 'ft', 'biggieu002c2pacu002cbig', 'lu002c', 'big', 'punsong', 'gon', 'na', 'called', 'ainu2019t', 'dead', 'lmaooo']",18,116,positive,0.6953,"{np.str_('negative'): 0.1302, np.str_('neutral'): 0.1745, np.str_('positive'): 0.6953}",labeled,positive,0.9273,"{'positive': 0.9273, 'neutral': 0.0641, 'negative': 0.0085}",positive,0.8345,0,"['Dre', 'song', '@user', 'Ain\\u2019', 'Biggie\\u002c2pac\\u002cBig L\\u002c& Big Pun']"
976,I may need to get TweetBot for my iPod just for the mute function.,2025-02-14,unknown_user,,Twitter (tweet_eval),en,tweet_eval_sentiment,neutral,Unknown,Unknown,0,may need get tweetbot ipod mute function,"['may', 'need', 'get', 'tweetbot', 'ipod', 'mute', 'function']",7,40,positive,0.4601,"{np.str_('negative'): 0.1608, np.str_('neutral'): 0.3791, np.str_('positive'): 0.4601}",labeled,neutral,0.829,"{'neutral': 0.829, 'negative': 0.0915, 'positive': 0.0795}",neutral,0.649,1,"['TweetBot', 'iPod']"
977,I was thinking about Niall and how he was really cute at 16 and then I remembered his 22nd birthday is in five days and I can't cope with it,2024-09-14,unknown_user,,Twitter (tweet_eval),en,tweet_eval_sentiment,positive,Unknown,Unknown,0,thinking niall really cute 16 remembered 22nd birthday five day cant cope,"['thinking', 'niall', 'really', 'cute', '16', 'remembered', '22nd', 'birthday', 'five', 'day', 'cant', 'cope']",12,73,positive,0.4207,"{np.str_('negative'): 0.1804, np.str_('neutral'): 0.3988, np.str_('positive'): 0.4207}",labeled,positive,0.9028,"{'positive': 0.9028, 'neutral': 0.0891, 'negative': 0.0081}",positive,0.71,0,['Niall']
978,"despite all evidence to the contrary , this clunker has somehow managed to pose as an actual feature movie , the kind that charges full admission and gets hyped on tv and purports to amuse small children and ostensible adults .",2024-01-06,unknown_user,,Rotten Tomatoes,en,rotten_tomatoes,negative,Unknown,Unknown,0,despite evidence contrary clunker somehow managed pose actual feature movie kind charge full admission get hyped tv purport amuse small child ostensible adult,"['despite', 'evidence', 'contrary', 'clunker', 'somehow', 'managed', 'pose', 'actual', 'feature', 'movie', 'kind', 'charge', 'full', 'admission', 'get', 'hyped', 'tv', 'purport', 'amuse', 'small', 'child', 'ostensible', 'adult']",23,158,negative,0.5096,"{np.str_('negative'): 0.5096, np.str_('neutral'): 0.1602, np.str_('positive'): 0.3302}",labeled,neutral,0.6843,"{'neutral': 0.6843, 'negative': 0.2252, 'positive': 0.0905}",neutral,0.4747,1,[]
979,"@user It's the #NFLGirlUKFFDraft on Monday, you all set? Feeling confident? Or does being in Milan mean auto draft for you! Ha""",2024-02-10,unknown_user,,Twitter (tweet_eval),en,tweet_eval_sentiment,neutral,Unknown,Unknown,0,monday set feeling confident milan mean auto draft ha,"['monday', 'set', 'feeling', 'confident', 'milan', 'mean', 'auto', 'draft', 'ha']",9,53,neutral,0.586,"{np.str_('negative'): 0.243, np.str_('neutral'): 0.586, np.str_('positive'): 0.171}",labeled,positive,0.5906,"{'positive': 0.5906, 'neutral': 0.4013, 'negative': 0.0081}",neutral,0.4752,0,"['@user', 'Milan']"
980,"""Since Sunday is National Ice Cream Day, we wanted to give you the scoop on some of our favorite places near our resort destinations:...""",2024-01-14,unknown_user,,Twitter (tweet_eval),en,tweet_eval_sentiment,positive,Unknown,Unknown,0,since sunday national ice cream day wanted give scoop favorite place near resort destination,"['since', 'sunday', 'national', 'ice', 'cream', 'day', 'wanted', 'give', 'scoop', 'favorite', 'place', 'near', 'resort', 'destination']",14,92,positive,0.5043,"{np.str_('negative'): 0.2365, np.str_('neutral'): 0.2592, np.str_('positive'): 0.5043}",labeled,positive,0.6735,"{'positive': 0.6735, 'neutral': 0.3166, 'negative': 0.0099}",positive,0.6058,0,['National Ice Cream Day']
981,@user  Always a good time with Sharknado and Twitter. Plays again Saturday at 7,2024-02-06,unknown_user,,Twitter (tweet_eval),en,tweet_eval_sentiment,positive,Unknown,Unknown,0,always good time sharknado twitter play saturday,"['always', 'good', 'time', 'sharknado', 'twitter', 'play', 'saturday']",7,48,positive,0.5229,"{np.str_('negative'): 0.2647, np.str_('neutral'): 0.2125, np.str_('positive'): 0.5229}",labeled,positive,0.9774,"{'positive': 0.9774, 'neutral': 0.0203, 'negative': 0.0023}",positive,0.7956,0,"['Sharknado', '@user', 'Twitter']"
982,Epidemics and spread of endemic diseases are enhanced by the collapse of health services in #Yemen as a result of...,2025-01-29,unknown_user,,Twitter (tweet_eval),en,tweet_eval_sentiment,negative,Unknown,Unknown,1,epidemic spread endemic disease enhanced collapse health service result,"['epidemic', 'spread', 'endemic', 'disease', 'enhanced', 'collapse', 'health', 'service', 'result']",9,71,positive,0.4046,"{np.str_('negative'): 0.2554, np.str_('neutral'): 0.34, np.str_('positive'): 0.4046}",labeled,negative,0.8303,"{'negative': 0.8303, 'neutral': 0.1563, 'positive': 0.0133}",negative,0.6003,1,['Yemen']
983,So I'll start watching the 1st season of Game of Thrones tonight. Weee :),2024-12-29,unknown_user,,Twitter (tweet_eval),en,tweet_eval_sentiment,positive,Unknown,Unknown,0,ill start watching 1st season game throne tonight weee,"['ill', 'start', 'watching', '1st', 'season', 'game', 'throne', 'tonight', 'weee']",9,54,neutral,0.5314,"{np.str_('negative'): 0.1169, np.str_('neutral'): 0.5314, np.str_('positive'): 0.3518}",labeled,neutral,0.709,"{'neutral': 0.709, 'positive': 0.2863, 'negative': 0.0048}",neutral,0.638,0,[]
984,@user do you have info for The Vamps in Brussels tomorrow?,2024-09-01,unknown_user,,Twitter (tweet_eval),en,tweet_eval_sentiment,neutral,Unknown,Unknown,0,info vamp brussels tomorrow,"['info', 'vamp', 'brussels', 'tomorrow']",4,27,positive,0.5274,"{np.str_('negative'): 0.1372, np.str_('neutral'): 0.3354, np.str_('positive'): 0.5274}",labeled,neutral,0.9093,"{'neutral': 0.9093, 'positive': 0.0764, 'negative': 0.0144}",neutral,0.6797,1,"['Brussels', '@user', 'Vamps']"
985,@user it may have been written it just probably wasn't completely finished or nobody knew about Calibraska yet,2024-10-28,unknown_user,,Twitter (tweet_eval),en,tweet_eval_sentiment,neutral,Unknown,Unknown,0,may written probably wasnt completely finished nobody knew calibraska yet,"['may', 'written', 'probably', 'wasnt', 'completely', 'finished', 'nobody', 'knew', 'calibraska', 'yet']",10,73,positive,0.4046,"{np.str_('negative'): 0.2554, np.str_('neutral'): 0.34, np.str_('positive'): 0.4046}",labeled,neutral,0.6363,"{'neutral': 0.6363, 'negative': 0.3313, 'positive': 0.0324}",neutral,0.5178,1,"['Calibraska', '@user']"
986,I listen to Fleetwood Mac so much I think it may be unhealthy,2024-05-06,unknown_user,,Twitter (tweet_eval),en,tweet_eval_sentiment,neutral,Unknown,Unknown,0,listen fleetwood mac much think may unhealthy,"['listen', 'fleetwood', 'mac', 'much', 'think', 'may', 'unhealthy']",7,45,neutral,0.4455,"{np.str_('negative'): 0.1649, np.str_('neutral'): 0.4455, np.str_('positive'): 0.3896}",labeled,neutral,0.6694,"{'neutral': 0.6694, 'negative': 0.2595, 'positive': 0.0712}",neutral,0.5798,0,['Fleetwood Mac']
987,"@user Hi there and best from Milan,ITALY; if Dgates made you angry as per NYT may I ask why? Xxx filippo""",2024-05-19,unknown_user,,Twitter (tweet_eval),en,tweet_eval_sentiment,positive,Unknown,Unknown,0,hi best milanitaly dgates made angry per nyt may ask xxx filippo,"['hi', 'best', 'milanitaly', 'dgates', 'made', 'angry', 'per', 'nyt', 'may', 'ask', 'xxx', 'filippo']",12,64,positive,0.6426,"{np.str_('negative'): 0.1312, np.str_('neutral'): 0.2262, np.str_('positive'): 0.6426}",labeled,neutral,0.4715,"{'neutral': 0.4715, 'positive': 0.3089, 'negative': 0.2197}",positive,0.4424,0,"['Milan', 'NYT', 'Dgates']"
988,an exquisitely crafted and acted tale . ,2024-02-26,unknown_user,,SST-2,en,sst2,positive,Unknown,Unknown,0,exquisitely crafted acted tale,"['exquisitely', 'crafted', 'acted', 'tale']",4,30,positive,0.4046,"{np.str_('negative'): 0.2554, np.str_('neutral'): 0.34, np.str_('positive'): 0.4046}",labeled,positive,0.7083,"{'positive': 0.7083, 'neutral': 0.2651, 'negative': 0.0266}",positive,0.5868,0,[]
989,We used to do an all Bob Dylan all night all request hour.....,2024-07-29,unknown_user,,Twitter (tweet_eval),en,tweet_eval_sentiment,neutral,Unknown,Unknown,0,used bob dylan night request hour,"['used', 'bob', 'dylan', 'night', 'request', 'hour']",6,33,neutral,0.5059,"{np.str_('negative'): 0.0755, np.str_('neutral'): 0.5059, np.str_('positive'): 0.4187}",labeled,neutral,0.8898,"{'neutral': 0.8898, 'positive': 0.0868, 'negative': 0.0234}",neutral,0.7362,0,['Bob Dylan']
990,too many improbabilities and rose-colored situations temper what could've been an impacting film .,2025-03-21,unknown_user,,Rotten Tomatoes,en,rotten_tomatoes,negative,Unknown,Unknown,0,many improbability rosecolored situation temper couldve impacting film,"['many', 'improbability', 'rosecolored', 'situation', 'temper', 'couldve', 'impacting', 'film']",8,70,positive,0.5315,"{np.str_('negative'): 0.3576, np.str_('neutral'): 0.1109, np.str_('positive'): 0.5315}",labeled,neutral,0.6287,"{'neutral': 0.6287, 'negative': 0.3468, 'positive': 0.0245}",neutral,0.4216,1,[]
991,"""This morning, despite it being a holiday here, I went to yoga. Tomorrow night starts 7pm yoga and I just don't know if I'll do that too.""",2024-08-02,unknown_user,,Twitter (tweet_eval),en,tweet_eval_sentiment,neutral,Unknown,Unknown,0,morning despite holiday went yoga tomorrow night start 7pm yoga dont know ill,"['morning', 'despite', 'holiday', 'went', 'yoga', 'tomorrow', 'night', 'start', '7pm', 'yoga', 'dont', 'know', 'ill']",13,77,neutral,0.4641,"{np.str_('negative'): 0.2054, np.str_('neutral'): 0.4641, np.str_('positive'): 0.3305}",labeled,neutral,0.7798,"{'neutral': 0.7798, 'positive': 0.1664, 'negative': 0.0538}",neutral,0.6535,0,[]
992,and they don't care about the finer points that may get in way of their tirades. Reactions to that Charlie Hebdo thing were esp instructive,2025-01-28,unknown_user,,Twitter (tweet_eval),en,tweet_eval_sentiment,neutral,Unknown,Unknown,0,dont care finer point may get way tirade reaction charlie hebdo thing esp instructive,"['dont', 'care', 'finer', 'point', 'may', 'get', 'way', 'tirade', 'reaction', 'charlie', 'hebdo', 'thing', 'esp', 'instructive']",14,85,negative,0.4368,"{np.str_('negative'): 0.4368, np.str_('neutral'): 0.2126, np.str_('positive'): 0.3506}",labeled,neutral,0.6734,"{'neutral': 0.6734, 'negative': 0.2528, 'positive': 0.0738}",neutral,0.4891,1,['Charlie Hebdo']
993,No better way to end the night than with Paul McCartney. Until tomorrow! #goodnightlolla #Lollapalooza,2024-12-23,unknown_user,,Twitter (tweet_eval),en,tweet_eval_sentiment,positive,Unknown,Unknown,0,no better way end night paul mccartney tomorrow,"['no', 'better', 'way', 'end', 'night', 'paul', 'mccartney', 'tomorrow']",8,47,positive,0.5525,"{np.str_('negative'): 0.1696, np.str_('neutral'): 0.278, np.str_('positive'): 0.5525}",labeled,positive,0.653,"{'positive': 0.653, 'neutral': 0.2919, 'negative': 0.0551}",positive,0.6128,0,"['Lollapalooza', 'Paul McCartney']"
994,is prime escapist fare . ,2024-10-22,unknown_user,,SST-2,en,sst2,positive,Unknown,Unknown,0,prime escapist fare,"['prime', 'escapist', 'fare']",3,19,positive,0.4046,"{np.str_('negative'): 0.2554, np.str_('neutral'): 0.34, np.str_('positive'): 0.4046}",labeled,neutral,0.5447,"{'neutral': 0.5447, 'negative': 0.3178, 'positive': 0.1375}",neutral,0.4628,1,[]
995,we may get the full visceral impact of a ruthless army on the warpath but no sense of the devilish complexity of the balkans conflict .,2024-07-29,unknown_user,,Rotten Tomatoes,en,rotten_tomatoes,negative,Unknown,Unknown,1,may get full visceral impact ruthless army warpath but no sense devilish complexity balkan conflict,"['may', 'get', 'full', 'visceral', 'impact', 'ruthless', 'army', 'warpath', 'but', 'no', 'sense', 'devilish', 'complexity', 'balkan', 'conflict']",15,99,positive,0.4046,"{np.str_('negative'): 0.2554, np.str_('neutral'): 0.34, np.str_('positive'): 0.4046}",labeled,negative,0.7007,"{'negative': 0.7007, 'neutral': 0.2852, 'positive': 0.0141}",negative,0.5226,1,[]
996,"the film is grossly contradictory in conveying its social message , if indeed there is one .",2024-04-29,unknown_user,,Rotten Tomatoes,en,rotten_tomatoes,negative,Unknown,Conservatives,0,film grossly contradictory conveying social message indeed one,"['film', 'grossly', 'contradictory', 'conveying', 'social', 'message', 'indeed', 'one']",8,62,positive,0.5315,"{np.str_('negative'): 0.3576, np.str_('neutral'): 0.1109, np.str_('positive'): 0.5315}",labeled,negative,0.6559,"{'negative': 0.6559, 'neutral': 0.3277, 'positive': 0.0164}",negative,0.5366,1,[]
997,Hearing that #ToKillAMockingbird and #GoSetAWatchman have identical passages gives more reason not to read it... Watchman is a 1st draft!,2024-03-19,unknown_user,,Twitter (tweet_eval),en,tweet_eval_sentiment,negative,Unknown,Unknown,0,hearing identical passage give reason not read watchman 1st draft,"['hearing', 'identical', 'passage', 'give', 'reason', 'not', 'read', 'watchman', '1st', 'draft']",10,65,positive,0.4223,"{np.str_('negative'): 0.1754, np.str_('neutral'): 0.4023, np.str_('positive'): 0.4223}",labeled,negative,0.5477,"{'negative': 0.5477, 'neutral': 0.4348, 'positive': 0.0175}",neutral,0.4218,1,"['Watchman', 'GoSetAWatchman']"
998,Breaking nose: Amazon prime day is rescheduled to the 50th of winter solstice to return on black friday. #goodnews #amazonprimeday,2024-10-06,unknown_user,,Twitter (tweet_eval),en,tweet_eval_sentiment,neutral,Unknown,Unknown,0,breaking nose amazon prime day rescheduled 50th winter solstice return black friday,"['breaking', 'nose', 'amazon', 'prime', 'day', 'rescheduled', '50th', 'winter', 'solstice', 'return', 'black', 'friday']",12,83,positive,0.4972,"{np.str_('negative'): 0.0978, np.str_('neutral'): 0.405, np.str_('positive'): 0.4972}",labeled,neutral,0.8135,"{'neutral': 0.8135, 'positive': 0.1039, 'negative': 0.0826}",neutral,0.6501,1,"['amazonprimeday', 'Amazon']"
999,"Found an ancient ipod nano, I may have to keep it.",2025-02-14,unknown_user,,Twitter (tweet_eval),en,tweet_eval_sentiment,positive,Unknown,Unknown,0,found ancient ipod nano may keep,"['found', 'ancient', 'ipod', 'nano', 'may', 'keep']",6,32,positive,0.4046,"{np.str_('negative'): 0.2554, np.str_('neutral'): 0.34, np.str_('positive'): 0.4046}",labeled,neutral,0.7564,"{'neutral': 0.7564, 'positive': 0.2219, 'negative': 0.0218}",neutral,0.5898,1,[]
1000,"Tennis-Tough tests from the start for Federer, Murray: NEW YORK, Aug 30 (Reuters) - Roger Federer and Andy Mur...",2024-10-09,unknown_user,,Twitter (tweet_eval),en,tweet_eval_sentiment,positive,Unknown,Unknown,0,tennistough test start federer murray new york aug 30 reuters roger federer andy mur,"['tennistough', 'test', 'start', 'federer', 'murray', 'new', 'york', 'aug', '30', 'reuters', 'roger', 'federer', 'andy', 'mur']",14,84,neutral,0.5423,"{np.str_('negative'): 0.1471, np.str_('neutral'): 0.5423, np.str_('positive'): 0.3106}",labeled,neutral,0.9101,"{'neutral': 0.9101, 'positive': 0.0717, 'negative': 0.0182}",neutral,0.763,0,"['Andy Mur', 'Reuters', 'Murray', 'Federer', 'Roger Federer', 'NEW YORK']"
