id,text,timestamp,user,location,politician,party,source,true_sentiment,cleaned_text,tokens,token_count,char_count,ml_label,ml_confidence,ml_probs,split,dl_label,dl_confidence,dl_probs
1,Trump press held 4 conference today addressing teh ongoing budget negotiations. #GlobalPolitics,2024-06-19,user_349,Maharashtra,Trump,INC (Congress),Synthetic,neutral,trump press held conference today addressing teh ongoing budget negotiation,"['trump', 'press', 'held', 'conference', 'today', 'addressing', 'teh', 'ongoing', 'budget', 'negotiation']",10,75,neutral,0.8463,"{np.str_('negative'): 0.0914, np.str_('neutral'): 0.8463, np.str_('positive'): 0.0624}",labeled,neutral,0.9274,"{'neutral': 0.9274, 'positive': 0.066, 'negative': 0.0067}"
2,"Finally, a leader like Harris who understands the needs of the youth. #BuildBackBetter",2024-11-01,user_102,Berlin,Harris,Conservatives,Synthetic,positive,finally leader like harris understands need youth,"['finally', 'leader', 'like', 'harris', 'understands', 'need', 'youth']",7,49,positive,0.9508,"{np.str_('negative'): 0.0288, np.str_('neutral'): 0.0203, np.str_('positive'): 0.9508}",labeled,positive,0.524,"{'positive': 0.524, 'neutral': 0.4373, 'negative': 0.0387}"
3,a leader like Obama who underztandz the needs of the youth. #Democracy,2024-06-14,user_116,Texas,Obama,Labour,Synthetic,positive,leader like Obama underztandz need youth,"['leader', 'like', 'Obama', 'underztandz', 'need', 'youth']",6,40,positive,0.9,"{np.str_('negative'): 0.0369, np.str_('neutral'): 0.0632, np.str_('positive'): 0.9}",labeled,neutral,0.6896,"{'neutral': 0.6896, 'negative': 0.211, 'positive': 0.0994}"
4,BJP's new budget plan is exactly what the middle class needs. Great work! #BreakingNews,2024-02-25,user_562,Sydney,Harris,BJP,Synthetic,positive,bjps new budget plan exactly middle class need great work,"['bjps', 'new', 'budget', 'plan', 'exactly', 'middle', 'class', 'need', 'great', 'work']",10,57,positive,0.6041,"{np.str_('negative'): 0.1903, np.str_('neutral'): 0.2057, np.str_('positive'): 0.6041}",labeled,positive,0.6169,"{'positive': 0.6169, 'neutral': 0.3328, 'negative': 0.0503}"
5,Conservatives committee to review healthcare spending over hte next quarter. #VoterRights,2024-02-25,user_602,Sydney,Amit Shah,Conservatives,Synthetic,neutral,conservative committee review healthcare spending hte next quarter,"['conservative', 'committee', 'review', 'healthcare', 'spending', 'hte', 'next', 'quarter']",8,66,neutral,0.7947,"{np.str_('negative'): 0.1098, np.str_('neutral'): 0.7947, np.str_('positive'): 0.0954}",labeled,neutral,0.9261,"{'neutral': 0.9261, 'positive': 0.0506, 'negative': 0.0233}"
6,Sunak signs order; legal challenges anticipated from TMC. #PoliticsDaily,2024-06-15,user_490,Berlin,Sunak,TMC,Synthetic,neutral,Sunak sign order legal challenge anticipated tmc,"['Sunak', 'sign', 'order', 'legal', 'challenge', 'anticipated', 'tmc']",7,48,neutral,0.7695,"{np.str_('negative'): 0.1082, np.str_('neutral'): 0.7695, np.str_('positive'): 0.1222}",labeled,neutral,0.7845,"{'neutral': 0.7845, 'negative': 0.1882, 'positive': 0.0273}"
7,Mamata Banerjee met with world leaders at the G20 summit in #VoterRights,2025-01-04,user_986,Florida,Mamata Banerjee,LibDems,Synthetic,neutral,Mamata met world leader g20 summit,"['Mamata', 'met', 'world', 'leader', 'g20', 'summit']",6,34,neutral,0.6814,"{np.str_('negative'): 0.1703, np.str_('neutral'): 0.6814, np.str_('positive'): 0.1483}",labeled,neutral,0.8475,"{'neutral': 0.8475, 'positive': 0.14, 'negative': 0.0125}"
8,"statement Under DeSantis's leadership, crime rates in Gujarat have dropped significantly. #BreakingNews",2024-05-10,user_483,Gujarat,DeSantis,AAP,Synthetic,positive,statement desantiss leadership crime rate gujarat dropped significantly,"['statement', 'desantiss', 'leadership', 'crime', 'rate', 'gujarat', 'dropped', 'significantly']",8,71,positive,0.66,"{np.str_('negative'): 0.1414, np.str_('neutral'): 0.1986, np.str_('positive'): 0.66}",labeled,negative,0.6663,"{'negative': 0.6663, 'neutral': 0.3009, 'positive': 0.0328}"
9,Harris's policies are destroying small businesses across Berlin. Unacceptable! #Resign,2024-06-17,user_786,Berlin,Harris,TMC,Synthetic,negative,harris policy destroying small business across berlin unacceptable,"['harris', 'policy', 'destroying', 'small', 'business', 'across', 'berlin', 'unacceptable']",8,66,negative,0.9157,"{np.str_('negative'): 0.9157, np.str_('neutral'): 0.0376, np.str_('positive'): 0.0468}",labeled,negative,0.9082,"{'negative': 0.9082, 'neutral': 0.086, 'positive': 0.0059}"
10,Trump united the divided nation with his remarkable speech yesterday. #BidenHarris2024,2024-12-02,user_593,Maharashtra,Trump,AAP,Synthetic,positive,trump united divided nation remarkable speech yesterday,"['trump', 'united', 'divided', 'nation', 'remarkable', 'speech', 'yesterday']",7,55,positive,0.7052,"{np.str_('negative'): 0.1031, np.str_('neutral'): 0.1917, np.str_('positive'): 0.7052}",labeled,neutral,0.4559,"{'neutral': 0.4559, 'negative': 0.3885, 'positive': 0.1555}"
11,"Finally, a leader like who DeSantis understands the needs of the youth. #PoliticsDaily",2024-11-10,user_791,Maharashtra,DeSantis,Republicans,Synthetic,positive,finally leader like DeSantis understands need youth,"['finally', 'leader', 'like', 'DeSantis', 'understands', 'need', 'youth']",7,51,positive,0.9432,"{np.str_('negative'): 0.0294, np.str_('neutral'): 0.0273, np.str_('positive'): 0.9432}",labeled,neutral,0.4982,"{'neutral': 0.4982, 'positive': 0.4726, 'negative': 0.0291}"
12,official Healthcare is a mess and LibDems has done nothing meaningful to fix #Corrupt it.,2024-03-13,user_858,Sydney,Yogi Adityanath,LibDems,Synthetic,negative,official healthcare mess libdems done nothing meaningful fix,"['official', 'healthcare', 'mess', 'libdems', 'done', 'nothing', 'meaningful', 'fix']",8,60,negative,0.3709,"{np.str_('negative'): 0.3709, np.str_('neutral'): 0.3693, np.str_('positive'): 0.2598}",labeled,negative,0.9316,"{'negative': 0.9316, 'neutral': 0.0619, 'positive': 0.0065}"
13,today The new Democrats policy is a breath of fresh air for the industry. #BuildBackBetter,2024-10-17,user_710,Berlin,Yogi Adityanath,Democrats,Synthetic,positive,today new Democrats policy breath fresh air industry,"['today', 'new', 'Democrats', 'policy', 'breath', 'fresh', 'air', 'industry']",8,52,neutral,0.4735,"{np.str_('negative'): 0.1538, np.str_('neutral'): 0.4735, np.str_('positive'): 0.3727}",labeled,neutral,0.7621,"{'neutral': 0.7621, 'positive': 0.1672, 'negative': 0.0707}"
14,The policies of Trump have genuinely improved lives in Texas. Keep it up! #BidenHarris2024,2024-05-19,user_320,Texas,Trump,Democrats,Synthetic,positive,policy trump genuinely improved life texas keep,"['policy', 'trump', 'genuinely', 'improved', 'life', 'texas', 'keep']",7,47,positive,0.7513,"{np.str_('negative'): 0.1548, np.str_('neutral'): 0.094, np.str_('positive'): 0.7513}",labeled,positive,0.8466,"{'positive': 0.8466, 'neutral': 0.1382, 'negative': 0.0152}"
15,news Analysts are divided on Macron's recent economic proposals. #GlobalPolitics,2024-04-14,user_408,Berlin,Macron,LibDems,Synthetic,neutral,news analyst divided macron recent economic proposal,"['news', 'analyst', 'divided', 'macron', 'recent', 'economic', 'proposal']",7,52,neutral,0.7901,"{np.str_('negative'): 0.0746, np.str_('neutral'): 0.7901, np.str_('positive'): 0.1352}",labeled,neutral,0.8373,"{'neutral': 0.8373, 'negative': 0.1212, 'positive': 0.0415}"
16,news DeSantis is the worst thing to to Florida in decades. Step down NOW. #Election2024,2024-06-30,user_173,Florida,DeSantis,Labour,Synthetic,negative,news DeSantis worst thing florida decade step,"['news', 'DeSantis', 'worst', 'thing', 'florida', 'decade', 'step']",7,45,negative,0.5539,"{np.str_('negative'): 0.5539, np.str_('neutral'): 0.2643, np.str_('positive'): 0.1818}",labeled,negative,0.9247,"{'negative': 0.9247, 'neutral': 0.0673, 'positive': 0.008}"
17,Rahul Gandhi delivered an outstanding speech on economic recovery today. Real leadership! #IndiaNews,2024-08-01,user_396,Delhi,Rahul Gandhi,Democrats,Synthetic,positive,RahulGandhi delivered outstanding speech economic recovery today real leadership,"['RahulGandhi', 'delivered', 'outstanding', 'speech', 'economic', 'recovery', 'today', 'real', 'leadership']",9,80,positive,0.9351,"{np.str_('negative'): 0.0266, np.str_('neutral'): 0.0384, np.str_('positive'): 0.9351}",labeled,positive,0.9707,"{'positive': 0.9707, 'neutral': 0.0257, 'negative': 0.0036}"
18,Corruption in AAP is at an all-time high. Where is teh accountability? #Scam,2024-02-24,user_349,Sydney,Trump,AAP,Synthetic,negative,corruption AAP alltime high teh accountability,"['corruption', 'AAP', 'alltime', 'high', 'teh', 'accountability']",6,46,negative,0.8185,"{np.str_('negative'): 0.8185, np.str_('neutral'): 0.0942, np.str_('positive'): 0.0873}",labeled,negative,0.5148,"{'negative': 0.5148, 'neutral': 0.4256, 'positive': 0.0597}"
19,official Survey shows mixed public opinion on AAP's latest immigration policy. #IndiaNews,2024-09-18,user_298,Berlin,Rahul Gandhi,AAP,Synthetic,neutral,official survey show mixed public opinion aaps latest immigration policy,"['official', 'survey', 'show', 'mixed', 'public', 'opinion', 'aaps', 'latest', 'immigration', 'policy']",10,72,neutral,0.8472,"{np.str_('negative'): 0.1032, np.str_('neutral'): 0.8472, np.str_('positive'): 0.0496}",labeled,neutral,0.7029,"{'neutral': 0.7029, 'negative': 0.2769, 'positive': 0.0202}"
20,INC (Congress)'s new budget is exactly plan what the middle class needs. Great work! #IndiaFirst,2025-01-30,user_743,Maharashtra,Macron,INC (Congress),Synthetic,positive,inc congress new budget exactly plan middle class need great work,"['inc', 'congress', 'new', 'budget', 'exactly', 'plan', 'middle', 'class', 'need', 'great', 'work']",11,65,positive,0.6009,"{np.str_('negative'): 0.1856, np.str_('neutral'): 0.2135, np.str_('positive'): 0.6009}",labeled,neutral,0.4864,"{'neutral': 0.4864, 'positive': 0.4641, 'negative': 0.0494}"
21,statement Arvind Kejriwal addressed parliament on the state of national security. #USPolitics,2024-05-20,user_705,Gujarat,Arvind Kejriwal,TMC,Synthetic,neutral,statement arvind Kejriwal addressed parliament state national security,"['statement', 'arvind', 'Kejriwal', 'addressed', 'parliament', 'state', 'national', 'security']",8,70,neutral,0.6076,"{np.str_('negative'): 0.1262, np.str_('neutral'): 0.6076, np.str_('positive'): 0.2663}",labeled,neutral,0.8918,"{'neutral': 0.8918, 'positive': 0.1005, 'negative': 0.0076}"
22,INC (Congrezz) announced cabinet ahead of the parliamentary session. #PolicyDebate,2024-08-24,user_694,Berlin,Biden,INC (Congress),Synthetic,neutral,inc congrezz announced cabinet ahead parliamentary session,"['inc', 'congrezz', 'announced', 'cabinet', 'ahead', 'parliamentary', 'session']",7,58,neutral,0.8378,"{np.str_('negative'): 0.0723, np.str_('neutral'): 0.8378, np.str_('positive'): 0.0899}",labeled,neutral,0.8872,"{'neutral': 0.8872, 'positive': 0.0991, 'negative': 0.0137}"
23,"policy Another day, another failure from the Democrats administration in Gujarat. #Exposed",2024-06-24,user_831,Gujarat,Amit Shah,Democrats,Synthetic,negative,policy another day another failure Democrats administration gujarat,"['policy', 'another', 'day', 'another', 'failure', 'Democrats', 'administration', 'gujarat']",8,67,negative,0.8397,"{np.str_('negative'): 0.8397, np.str_('neutral'): 0.0777, np.str_('positive'): 0.0827}",labeled,negative,0.9107,"{'negative': 0.9107, 'neutral': 0.0809, 'positive': 0.0084}"
24,So proud of what LibDems has accomplished this term. Unemployment is down! #IndiaFirst,2024-05-24,user_496,Texas,Trump,LibDems,Synthetic,positive,proud libdems accomplished term unemployment,"['proud', 'libdems', 'accomplished', 'term', 'unemployment']",5,44,positive,0.8508,"{np.str_('negative'): 0.0685, np.str_('neutral'): 0.0808, np.str_('positive'): 0.8508}",labeled,positive,0.8749,"{'positive': 0.8749, 'neutral': 0.1129, 'negative': 0.0122}"
25,update The new INC (Congress) bill has some good points but also many flaws. A mixed bag for Sydney.,2024-11-04,user_994,Sydney,Rahul Gandhi,INC (Congress),Synthetic,neutral,update new inc congress bill good point but also many flaw mixed bag sydney,"['update', 'new', 'inc', 'congress', 'bill', 'good', 'point', 'but', 'also', 'many', 'flaw', 'mixed', 'bag', 'sydney']",14,75,neutral,0.9132,"{np.str_('negative'): 0.0379, np.str_('neutral'): 0.9132, np.str_('positive'): 0.0489}",labeled,neutral,0.5212,"{'neutral': 0.5212, 'negative': 0.2921, 'positive': 0.1867}"
26,"Another day, another failure from the INC (Congress) administration in Berlin. #Liar",2024-12-28,user_186,Berlin,Harris,INC (Congress),Synthetic,negative,another day another failure inc congress administration berlin,"['another', 'day', 'another', 'failure', 'inc', 'congress', 'administration', 'berlin']",8,62,negative,0.8572,"{np.str_('negative'): 0.8572, np.str_('neutral'): 0.0764, np.str_('positive'): 0.0664}",labeled,negative,0.9254,"{'negative': 0.9254, 'neutral': 0.0668, 'positive': 0.0078}"
27,The education reforms by LibDems are transforming schools across the nation. #Progress,2024-11-26,user_786,Delhi,Obama,LibDems,Synthetic,positive,education reform libdems transforming school across nation,"['education', 'reform', 'libdems', 'transforming', 'school', 'across', 'nation']",7,58,positive,0.9005,"{np.str_('negative'): 0.0611, np.str_('neutral'): 0.0384, np.str_('positive'): 0.9005}",labeled,positive,0.5119,"{'positive': 0.5119, 'neutral': 0.4744, 'negative': 0.0137}"
28,Rahul Gandhi delivered an outstanding speech on economic recovery today. Real leadership! #PoliticsDaily,2024-03-11,user_258,Maharashtra,Rahul Gandhi,LibDems,Synthetic,positive,RahulGandhi delivered outstanding speech economic recovery today real leadership,"['RahulGandhi', 'delivered', 'outstanding', 'speech', 'economic', 'recovery', 'today', 'real', 'leadership']",9,80,positive,0.9351,"{np.str_('negative'): 0.0266, np.str_('neutral'): 0.0384, np.str_('positive'): 0.9351}",labeled,positive,0.9707,"{'positive': 0.9707, 'neutral': 0.0257, 'negative': 0.0036}"
29,Experts weigh in on BJP's five-year development plan. #VoterRights,2024-11-01,user_485,Berlin,Trump,BJP,Synthetic,neutral,expert weigh bjps fiveyear development plan,"['expert', 'weigh', 'bjps', 'fiveyear', 'development', 'plan']",6,43,neutral,0.8333,"{np.str_('negative'): 0.0637, np.str_('neutral'): 0.8333, np.str_('positive'): 0.103}",labeled,neutral,0.8817,"{'neutral': 0.8817, 'positive': 0.0902, 'negative': 0.0281}"
30,statement New poll data shows shifting preferences in Texas region. #NewsUpdate,2025-01-20,user_866,Texas,Harris,Labour,Synthetic,neutral,statement new poll data show shifting preference texas region,"['statement', 'new', 'poll', 'data', 'show', 'shifting', 'preference', 'texas', 'region']",9,61,neutral,0.8929,"{np.str_('negative'): 0.0466, np.str_('neutral'): 0.8929, np.str_('positive'): 0.0605}",labeled,neutral,0.9251,"{'neutral': 0.9251, 'positive': 0.0468, 'negative': 0.0281}"
31,Experts weigh in on TMC's five-year development plan. #BreakingNews,2024-10-19,user_551,California,Macron,TMC,Synthetic,neutral,expert weigh tmcs fiveyear development plan,"['expert', 'weigh', 'tmcs', 'fiveyear', 'development', 'plan']",6,43,neutral,0.8333,"{np.str_('negative'): 0.0637, np.str_('neutral'): 0.8333, np.str_('positive'): 0.103}",labeled,neutral,0.8913,"{'neutral': 0.8913, 'positive': 0.0879, 'negative': 0.0209}"
32,today Experts weigh in BJP's five-year development plan. #VoterRights,2024-09-03,user_995,Delhi,Arvind Kejriwal,BJP,Synthetic,neutral,today expert weigh bjps fiveyear development plan,"['today', 'expert', 'weigh', 'bjps', 'fiveyear', 'development', 'plan']",7,49,neutral,0.8139,"{np.str_('negative'): 0.0597, np.str_('neutral'): 0.8139, np.str_('positive'): 0.1264}",labeled,neutral,0.9053,"{'neutral': 0.9053, 'positive': 0.0697, 'negative': 0.0249}"
33,government The latest LibDems is scandal just hte tip of the iceberg. #NeverAgain,2024-06-27,user_127,Berlin,Modi,LibDems,Synthetic,negative,government latest libdems scandal hte tip iceberg,"['government', 'latest', 'libdems', 'scandal', 'hte', 'tip', 'iceberg']",7,49,negative,0.888,"{np.str_('negative'): 0.888, np.str_('neutral'): 0.0629, np.str_('positive'): 0.0492}",labeled,negative,0.545,"{'negative': 0.545, 'neutral': 0.4271, 'positive': 0.028}"
34,"While Rahul Gandhi success, the situation in Delhi remains complicated. #USPolitics",2024-03-11,user_139,Delhi,Rahul Gandhi,Democrats,Synthetic,neutral,RahulGandhi success situation delhi remains complicated,"['RahulGandhi', 'success', 'situation', 'delhi', 'remains', 'complicated']",6,55,neutral,0.8574,"{np.str_('negative'): 0.0786, np.str_('neutral'): 0.8574, np.str_('positive'): 0.064}",labeled,neutral,0.7669,"{'neutral': 0.7669, 'positive': 0.1487, 'negative': 0.0844}"
35,Extremely disappointed with Obama'z lack of action on climate change. #IndiaNews,2025-01-07,user_723,Texas,Obama,TMC,Synthetic,negative,extremely disappointed obamaz lack action climate change,"['extremely', 'disappointed', 'obamaz', 'lack', 'action', 'climate', 'change']",7,56,negative,0.8575,"{np.str_('negative'): 0.8575, np.str_('neutral'): 0.0671, np.str_('positive'): 0.0754}",labeled,negative,0.9164,"{'negative': 0.9164, 'neutral': 0.0748, 'positive': 0.0088}"
36,Amit Shah is teh worst thing to happen to Berlin in decades. Step NOW. #EndThis,2024-09-12,user_711,Berlin,Amit Shah,AAP,Synthetic,negative,amit shah teh worst thing happen berlin decade step,"['amit', 'shah', 'teh', 'worst', 'thing', 'happen', 'berlin', 'decade', 'step']",9,51,negative,0.6185,"{np.str_('negative'): 0.6185, np.str_('neutral'): 0.2078, np.str_('positive'): 0.1737}",labeled,negative,0.8954,"{'negative': 0.8954, 'neutral': 0.0957, 'positive': 0.009}"
37,Democrats committee to review healthcare spending over teh next quarter. #NewsUpdate,2024-07-03,user_169,California,Amit Shah,Democrats,Synthetic,neutral,Democrats committee review healthcare spending teh next quarter,"['Democrats', 'committee', 'review', 'healthcare', 'spending', 'teh', 'next', 'quarter']",8,63,neutral,0.7632,"{np.str_('negative'): 0.1429, np.str_('neutral'): 0.7632, np.str_('positive'): 0.0938}",labeled,neutral,0.9035,"{'neutral': 0.9035, 'positive': 0.0654, 'negative': 0.0311}"
38,government Survey shows mixed public opinion on LibDems's immigration latest policy. #PolicyDebate,2024-11-17,user_206,Sydney,Amit Shah,LibDems,Synthetic,neutral,government survey show mixed public opinion libdemss immigration latest policy,"['government', 'survey', 'show', 'mixed', 'public', 'opinion', 'libdemss', 'immigration', 'latest', 'policy']",10,78,neutral,0.8427,"{np.str_('negative'): 0.1046, np.str_('neutral'): 0.8427, np.str_('positive'): 0.0527}",labeled,neutral,0.6804,"{'neutral': 0.6804, 'negative': 0.3017, 'positive': 0.018}"
39,Macron held a press conference today addressing the ongoing budget negotiations. #USPolitics,2024-12-22,user_590,Texas,Macron,INC (Congress),Synthetic,neutral,Macron held press conference today addressing ongoing budget negotiation,"['Macron', 'held', 'press', 'conference', 'today', 'addressing', 'ongoing', 'budget', 'negotiation']",9,72,neutral,0.8859,"{np.str_('negative'): 0.0609, np.str_('neutral'): 0.8859, np.str_('positive'): 0.0532}",labeled,neutral,0.901,"{'neutral': 0.901, 'positive': 0.0902, 'negative': 0.0089}"
40,statement Yogi Adityanath's policies destroying small are businesses across Texas. Unacceptable! #IndiaNews,2024-10-05,user_584,Texas,Yogi Adityanath,Labour,Synthetic,negative,statement Yogi adityanaths policy destroying small business across texas unacceptable,"['statement', 'Yogi', 'adityanaths', 'policy', 'destroying', 'small', 'business', 'across', 'texas', 'unacceptable']",10,85,negative,0.8821,"{np.str_('negative'): 0.8821, np.str_('neutral'): 0.0567, np.str_('positive'): 0.0612}",labeled,negative,0.8699,"{'negative': 0.8699, 'neutral': 0.1211, 'positive': 0.009}"
41,Democrats announced cabinet reshuffle ahead the parliamentary session. #USPolitics,2024-07-23,user_861,California,Obama,Democrats,Synthetic,neutral,Democrats announced cabinet reshuffle ahead parliamentary session,"['Democrats', 'announced', 'cabinet', 'reshuffle', 'ahead', 'parliamentary', 'session']",7,65,neutral,0.8474,"{np.str_('negative'): 0.075, np.str_('neutral'): 0.8474, np.str_('positive'): 0.0775}",labeled,neutral,0.9287,"{'neutral': 0.9287, 'positive': 0.0464, 'negative': 0.0249}"
42,policy The policies of Arvind Kejriwal have genuinely improved lives in Maharashtra. Keep it up! #USPolitics,2024-02-10,user_540,Maharashtra,Arvind Kejriwal,AAP,Synthetic,positive,policy policy arvind Kejriwal genuinely improved life maharashtra keep,"['policy', 'policy', 'arvind', 'Kejriwal', 'genuinely', 'improved', 'life', 'maharashtra', 'keep']",9,70,positive,0.7096,"{np.str_('negative'): 0.1621, np.str_('neutral'): 0.1283, np.str_('positive'): 0.7096}",labeled,positive,0.8568,"{'positive': 0.8568, 'neutral': 0.1338, 'negative': 0.0094}"
43,The education reforms by Labour transforming are schools across the nation. #UnitedWeStand,2024-01-22,user_844,Florida,Mamata Banerjee,Labour,Synthetic,positive,education reform LabourParty transforming school across nation,"['education', 'reform', 'LabourParty', 'transforming', 'school', 'across', 'nation']",7,62,positive,0.9061,"{np.str_('negative'): 0.0578, np.str_('neutral'): 0.0361, np.str_('positive'): 0.9061}",labeled,neutral,0.6776,"{'neutral': 0.6776, 'positive': 0.2996, 'negative': 0.0228}"
44,INC (Congress) consistently delivers on its governance promises. Strong iz visible. #BidenHarris2024,2024-03-05,user_168,Delhi,Trudeau,INC (Congress),Synthetic,positive,inc congress consistently delivers governance promise strong iz visible,"['inc', 'congress', 'consistently', 'delivers', 'governance', 'promise', 'strong', 'iz', 'visible']",9,71,positive,0.4962,"{np.str_('negative'): 0.333, np.str_('neutral'): 0.1708, np.str_('positive'): 0.4962}",labeled,positive,0.8217,"{'positive': 0.8217, 'neutral': 0.1668, 'negative': 0.0115}"
45,Record GDP growth under INC (Congress) leadership. The economy is thriving! #VoterRights,2024-09-28,user_475,Maharashtra,DeSantis,INC (Congress),Synthetic,positive,record gdp growth inc congress leadership economy thriving,"['record', 'gdp', 'growth', 'inc', 'congress', 'leadership', 'economy', 'thriving']",8,58,positive,0.704,"{np.str_('negative'): 0.1326, np.str_('neutral'): 0.1634, np.str_('positive'): 0.704}",labeled,positive,0.9374,"{'positive': 0.9374, 'neutral': 0.0581, 'negative': 0.0046}"
46,"Under Rahul Gandhi's crime leaderzhip, rates in Florida have dropped significantly. #UnitedWeStand",2024-11-09,user_392,Florida,Rahul Gandhi,INC (Congress),Synthetic,positive,rahul gandhi crime leaderzhip rate florida dropped significantly,"['rahul', 'gandhi', 'crime', 'leaderzhip', 'rate', 'florida', 'dropped', 'significantly']",8,64,neutral,0.3908,"{np.str_('negative'): 0.3446, np.str_('neutral'): 0.3908, np.str_('positive'): 0.2646}",labeled,negative,0.7184,"{'negative': 0.7184, 'neutral': 0.2608, 'positive': 0.0208}"
47,Watching Sunak handle international relations with such grace and dignity. #Progress,2024-12-15,user_965,California,Sunak,TMC,Synthetic,positive,watching Sunak handle international relation grace dignity,"['watching', 'Sunak', 'handle', 'international', 'relation', 'grace', 'dignity']",7,58,positive,0.9389,"{np.str_('negative'): 0.0338, np.str_('neutral'): 0.0273, np.str_('positive'): 0.9389}",labeled,neutral,0.6964,"{'neutral': 0.6964, 'positive': 0.2703, 'negative': 0.0333}"
48,"government Finally, a leader like who understands Modi the needs of the youth. #PolicyDebate",2024-05-01,user_909,Berlin,Modi,INC (Congress),Synthetic,positive,government finally leader like understands modi need youth,"['government', 'finally', 'leader', 'like', 'understands', 'modi', 'need', 'youth']",8,58,positive,0.9324,"{np.str_('negative'): 0.0404, np.str_('neutral'): 0.0271, np.str_('positive'): 0.9324}",labeled,positive,0.7293,"{'positive': 0.7293, 'neutral': 0.2552, 'negative': 0.0155}"
49,statement Experts weigh in on Democrats's five-year development plan. #USPolitics,2025-01-03,user_590,Maharashtra,Arvind Kejriwal,Democrats,Synthetic,neutral,statement expert weigh democratss fiveyear development plan,"['statement', 'expert', 'weigh', 'democratss', 'fiveyear', 'development', 'plan']",7,59,neutral,0.8134,"{np.str_('negative'): 0.0651, np.str_('neutral'): 0.8134, np.str_('positive'): 0.1215}",labeled,neutral,0.8498,"{'neutral': 0.8498, 'positive': 0.0956, 'negative': 0.0547}"
50,"update Another day, another failure from AAP the administration in Delhi. #Resign",2024-11-23,user_701,Delhi,Amit Shah,AAP,Synthetic,negative,update another day another failure AAP administration delhi,"['update', 'another', 'day', 'another', 'failure', 'AAP', 'administration', 'delhi']",8,59,negative,0.8453,"{np.str_('negative'): 0.8453, np.str_('neutral'): 0.0861, np.str_('positive'): 0.0686}",labeled,negative,0.8729,"{'negative': 0.8729, 'neutral': 0.1148, 'positive': 0.0124}"
51,official The latest Labour scandal is just the tip of the iceberg. #Failed,2024-09-22,user_390,Delhi,Harris,Labour,Synthetic,negative,official latest LabourParty scandal tip iceberg,"['official', 'latest', 'LabourParty', 'scandal', 'tip', 'iceberg']",6,47,negative,0.8854,"{np.str_('negative'): 0.8854, np.str_('neutral'): 0.0646, np.str_('positive'): 0.0501}",labeled,negative,0.7195,"{'negative': 0.7195, 'neutral': 0.2672, 'positive': 0.0132}"
52,Trudeau secured a historic trade deal today. This will create jobs! millions of #PolicyDebate,2024-12-03,user_739,Florida,Trudeau,Republicans,Synthetic,positive,Trudeau secured historic trade deal today create job million,"['Trudeau', 'secured', 'historic', 'trade', 'deal', 'today', 'create', 'job', 'million']",9,60,neutral,0.4449,"{np.str_('negative'): 0.116, np.str_('neutral'): 0.4449, np.str_('positive'): 0.4391}",labeled,positive,0.9286,"{'positive': 0.9286, 'neutral': 0.0674, 'negative': 0.004}"
53,Sunak delivered an outstanding speech on economic recovery today. #ModiForIndia Real leadership!,2024-11-17,user_658,Sydney,Sunak,INC (Congress),Synthetic,positive,Sunak delivered outstanding speech economic recovery today real leadership,"['Sunak', 'delivered', 'outstanding', 'speech', 'economic', 'recovery', 'today', 'real', 'leadership']",9,74,positive,0.9353,"{np.str_('negative'): 0.0241, np.str_('neutral'): 0.0406, np.str_('positive'): 0.9353}",labeled,positive,0.9614,"{'positive': 0.9614, 'neutral': 0.0331, 'negative': 0.0055}"
54,news Interesting see to Obama and BJP working together. Not sure if this is or bad. #GlobalPolitics,2025-01-02,user_426,Gujarat,Obama,BJP,Synthetic,neutral,news interesting see Obama BJP working together not sure bad,"['news', 'interesting', 'see', 'Obama', 'BJP', 'working', 'together', 'not', 'sure', 'bad']",10,60,neutral,0.8004,"{np.str_('negative'): 0.1108, np.str_('neutral'): 0.8004, np.str_('positive'): 0.0888}",labeled,positive,0.6807,"{'positive': 0.6807, 'neutral': 0.3085, 'negative': 0.0108}"
55,government Voters in Delhi head to the polls next week as Sunak campaigns. #USPolitics,2024-01-26,user_397,Delhi,Sunak,INC (Congress),Synthetic,neutral,government voter delhi head poll next week Sunak campaign,"['government', 'voter', 'delhi', 'head', 'poll', 'next', 'week', 'Sunak', 'campaign']",9,57,neutral,0.9001,"{np.str_('negative'): 0.0535, np.str_('neutral'): 0.9001, np.str_('positive'): 0.0464}",labeled,neutral,0.9391,"{'neutral': 0.9391, 'positive': 0.0364, 'negative': 0.0245}"
56,government New poll data shows shifting voter preferences in California region. #NewsUpdate,2024-09-20,user_578,California,Rahul Gandhi,AAP,Synthetic,neutral,government new poll data show shifting voter preference california region,"['government', 'new', 'poll', 'data', 'show', 'shifting', 'voter', 'preference', 'california', 'region']",10,73,neutral,0.919,"{np.str_('negative'): 0.0415, np.str_('neutral'): 0.919, np.str_('positive'): 0.0395}",labeled,neutral,0.8745,"{'neutral': 0.8745, 'negative': 0.0951, 'positive': 0.0304}"
57,today Arvind Kejriwal delivered an outstanding speech on economic recovery today. Real leadership! #ModiForIndia,2024-05-24,user_606,Gujarat,Arvind Kejriwal,BJP,Synthetic,positive,today arvind Kejriwal delivered outstanding speech economic recovery today real leadership,"['today', 'arvind', 'Kejriwal', 'delivered', 'outstanding', 'speech', 'economic', 'recovery', 'today', 'real', 'leadership']",11,90,positive,0.9069,"{np.str_('negative'): 0.0354, np.str_('neutral'): 0.0577, np.str_('positive'): 0.9069}",labeled,positive,0.9691,"{'positive': 0.9691, 'neutral': 0.0279, 'negative': 0.003}"
58,Experts weigh in on TMC's five-year development plan. #Election2024,2024-07-06,user_146,Florida,Mamata Banerjee,TMC,Synthetic,neutral,expert weigh tmcs fiveyear development plan,"['expert', 'weigh', 'tmcs', 'fiveyear', 'development', 'plan']",6,43,neutral,0.8333,"{np.str_('negative'): 0.0637, np.str_('neutral'): 0.8333, np.str_('positive'): 0.103}",labeled,neutral,0.8913,"{'neutral': 0.8913, 'positive': 0.0879, 'negative': 0.0209}"
59,Rahul Gandhi shows true compassion for ordinary citizens. A leader for the people! #PolicyDebate,2024-03-01,user_231,California,Rahul Gandhi,Democrats,Synthetic,positive,RahulGandhi show true compassion ordinary citizen leader people,"['RahulGandhi', 'show', 'true', 'compassion', 'ordinary', 'citizen', 'leader', 'people']",8,63,positive,0.9332,"{np.str_('negative'): 0.0344, np.str_('neutral'): 0.0323, np.str_('positive'): 0.9332}",labeled,positive,0.5983,"{'positive': 0.5983, 'neutral': 0.3628, 'negative': 0.039}"
60,Corruption in AAP is at an all-time high. Where is the accountability? #PolicyDebate,2024-01-24,user_139,Maharashtra,Trump,AAP,Synthetic,negative,corruption AAP alltime high accountability,"['corruption', 'AAP', 'alltime', 'high', 'accountability']",5,42,negative,0.83,"{np.str_('negative'): 0.83, np.str_('neutral'): 0.088, np.str_('positive'): 0.0819}",labeled,negative,0.6327,"{'negative': 0.6327, 'neutral': 0.3183, 'positive': 0.049}"
61,"news While Harris claims success, the situation in Gujarat #PolicyDebate complicated. remains",2024-06-02,user_707,Gujarat,Harris,INC (Congress),Synthetic,neutral,news harris claim success situation gujarat complicated remains,"['news', 'harris', 'claim', 'success', 'situation', 'gujarat', 'complicated', 'remains']",8,63,neutral,0.8506,"{np.str_('negative'): 0.0812, np.str_('neutral'): 0.8506, np.str_('positive'): 0.0682}",labeled,neutral,0.8777,"{'neutral': 0.8777, 'positive': 0.0752, 'negative': 0.0471}"
62,LibDems committee to review healthcare over the next quarter. #IndiaNews,2025-01-06,user_993,Gujarat,Modi,LibDems,Synthetic,neutral,libdems committee review healthcare next quarter,"['libdems', 'committee', 'review', 'healthcare', 'next', 'quarter']",6,48,neutral,0.7396,"{np.str_('negative'): 0.1463, np.str_('neutral'): 0.7396, np.str_('positive'): 0.1141}",labeled,neutral,0.8993,"{'neutral': 0.8993, 'positive': 0.0587, 'negative': 0.0421}"
63,official Healthcare is a mess and Democrats has done nothing meaningful to fix it. #VoterRights,2025-01-31,user_961,Gujarat,Sunak,Democrats,Synthetic,negative,official healthcare mess Democrats done nothing meaningful fix,"['official', 'healthcare', 'mess', 'Democrats', 'done', 'nothing', 'meaningful', 'fix']",8,62,negative,0.3787,"{np.str_('negative'): 0.3787, np.str_('neutral'): 0.3733, np.str_('positive'): 0.2481}",labeled,negative,0.9261,"{'negative': 0.9261, 'neutral': 0.0646, 'positive': 0.0093}"
64,Rahul Gandhi held a press conference today addressing ongoing the budget #PoliticsDaily,2024-08-29,user_993,California,Rahul Gandhi,Labour,Synthetic,neutral,RahulGandhi held press conference today addressing ongoing budget,"['RahulGandhi', 'held', 'press', 'conference', 'today', 'addressing', 'ongoing', 'budget']",8,65,neutral,0.8533,"{np.str_('negative'): 0.0714, np.str_('neutral'): 0.8533, np.str_('positive'): 0.0753}",labeled,neutral,0.8128,"{'neutral': 0.8128, 'positive': 0.1817, 'negative': 0.0055}"
65,government Experts weigh in on Democrats's five-year development plan. #BreakingNews,2024-09-29,user_450,Texas,Trudeau,Democrats,Synthetic,neutral,government expert weigh democratss fiveyear development plan,"['government', 'expert', 'weigh', 'democratss', 'fiveyear', 'development', 'plan']",7,60,neutral,0.7952,"{np.str_('negative'): 0.082, np.str_('neutral'): 0.7952, np.str_('positive'): 0.1228}",labeled,neutral,0.8536,"{'neutral': 0.8536, 'positive': 0.0766, 'negative': 0.0698}"
66,today Local elections in Florida to expected be closely contested by INC (Congress). #PolicyDebate,2024-12-19,user_821,Florida,Amit Shah,INC (Congress),Synthetic,neutral,today local election florida expected closely contested inc congress,"['today', 'local', 'election', 'florida', 'expected', 'closely', 'contested', 'inc', 'congress']",9,68,neutral,0.8398,"{np.str_('negative'): 0.0931, np.str_('neutral'): 0.8398, np.str_('positive'): 0.0671}",labeled,neutral,0.9374,"{'neutral': 0.9374, 'positive': 0.0479, 'negative': 0.0147}"
67,official Arvind Kejriwal shows true compassion for ordinary citizens. A leader for the people! #PolicyDebate,2024-07-21,user_938,Gujarat,Arvind Kejriwal,INC (Congress),Synthetic,positive,official arvind Kejriwal show true compassion ordinary citizen leader people,"['official', 'arvind', 'Kejriwal', 'show', 'true', 'compassion', 'ordinary', 'citizen', 'leader', 'people']",10,76,positive,0.8944,"{np.str_('negative'): 0.0558, np.str_('neutral'): 0.0498, np.str_('positive'): 0.8944}",labeled,neutral,0.5124,"{'neutral': 0.5124, 'positive': 0.4521, 'negative': 0.0355}"
68,So proud of what Labour has accomplished term. Unemployment is down! #PeaceAndProsperity,2024-10-02,user_377,Florida,Modi,Labour,Synthetic,positive,proud LabourParty accomplished term unemployment,"['proud', 'LabourParty', 'accomplished', 'term', 'unemployment']",5,48,positive,0.8601,"{np.str_('negative'): 0.0644, np.str_('neutral'): 0.0755, np.str_('positive'): 0.8601}",labeled,positive,0.7724,"{'positive': 0.7724, 'neutral': 0.2059, 'negative': 0.0217}"
69,statement lies The told by Amit Shah durin' the election are now crystal clear. Disgraceful. #VoterRights,2025-01-29,user_240,Texas,Amit Shah,BJP,Synthetic,negative,statement lie told amit shah durin election crystal clear disgraceful,"['statement', 'lie', 'told', 'amit', 'shah', 'durin', 'election', 'crystal', 'clear', 'disgraceful']",10,69,negative,0.7131,"{np.str_('negative'): 0.7131, np.str_('neutral'): 0.1619, np.str_('positive'): 0.125}",labeled,negative,0.8062,"{'negative': 0.8062, 'neutral': 0.1799, 'positive': 0.014}"
70,Biden united the divided with his remarkable speech yesterday. #USPolitics,2024-02-15,user_767,Texas,Biden,LibDems,Synthetic,positive,biden united divided remarkable speech yesterday,"['biden', 'united', 'divided', 'remarkable', 'speech', 'yesterday']",6,48,positive,0.531,"{np.str_('negative'): 0.1062, np.str_('neutral'): 0.3628, np.str_('positive'): 0.531}",labeled,positive,0.754,"{'positive': 0.754, 'neutral': 0.2349, 'negative': 0.0112}"
71,statement The policies of Mamata Banerjee have genuinely improved lives in Sydney. Keep it up!,2025-01-18,user_993,Sydney,Mamata Banerjee,Conservatives,Synthetic,positive,statement policy Mamata genuinely improved life sydney keep,"['statement', 'policy', 'Mamata', 'genuinely', 'improved', 'life', 'sydney', 'keep']",8,59,positive,0.7592,"{np.str_('negative'): 0.1329, np.str_('neutral'): 0.1079, np.str_('positive'): 0.7592}",labeled,positive,0.8385,"{'positive': 0.8385, 'neutral': 0.1487, 'negative': 0.0128}"
72,The new Democrats bill has some good points but also many flaws. A mixed bag for Sydney.,2024-03-09,user_971,Sydney,Obama,Democrats,Synthetic,neutral,new Democrats bill good point but also many flaw mixed bag sydney,"['new', 'Democrats', 'bill', 'good', 'point', 'but', 'also', 'many', 'flaw', 'mixed', 'bag', 'sydney']",12,65,neutral,0.9248,"{np.str_('negative'): 0.0362, np.str_('neutral'): 0.9248, np.str_('positive'): 0.039}",labeled,neutral,0.5119,"{'neutral': 0.5119, 'negative': 0.3091, 'positive': 0.1791}"
73,The debate between Amit Shah and teh opposition drew millions of viewers. #PoliticsDaily,2024-06-21,user_909,Florida,Amit Shah,TMC,Synthetic,neutral,debate amit shah teh opposition drew million viewer,"['debate', 'amit', 'shah', 'teh', 'opposition', 'drew', 'million', 'viewer']",8,51,neutral,0.5589,"{np.str_('negative'): 0.1702, np.str_('neutral'): 0.5589, np.str_('positive'): 0.2709}",labeled,neutral,0.8539,"{'neutral': 0.8539, 'positive': 0.0965, 'negative': 0.0496}"
74,The poor get poorer under Conservatives's watch. Trickle-down economics is lie! #BreakingNews,2024-01-04,user_367,Texas,Obama,Conservatives,Synthetic,negative,poor get poorer conservativess watch trickledown economics lie,"['poor', 'get', 'poorer', 'conservativess', 'watch', 'trickledown', 'economics', 'lie']",8,62,negative,0.9558,"{np.str_('negative'): 0.9558, np.str_('neutral'): 0.0164, np.str_('positive'): 0.0278}",labeled,negative,0.7077,"{'negative': 0.7077, 'neutral': 0.2658, 'positive': 0.0265}"
75,official Opposition responds to Rahul Gandhi's budget address with mixed reactions. #IndiaNews,2024-04-30,user_163,Gujarat,Rahul Gandhi,Conservatives,Synthetic,neutral,official opposition responds rahul gandhi budget address mixed reaction,"['official', 'opposition', 'responds', 'rahul', 'gandhi', 'budget', 'address', 'mixed', 'reaction']",9,71,neutral,0.9245,"{np.str_('negative'): 0.0376, np.str_('neutral'): 0.9245, np.str_('positive'): 0.0379}",labeled,neutral,0.7345,"{'neutral': 0.7345, 'negative': 0.2409, 'positive': 0.0245}"
76,Yogi Adityanath is the worst thing to happen to Gujarat in decades. Step down NOW. #Scam,2024-03-01,user_754,Gujarat,Yogi Adityanath,Republicans,Synthetic,negative,Yogi worst thing happen gujarat decade step,"['Yogi', 'worst', 'thing', 'happen', 'gujarat', 'decade', 'step']",7,43,negative,0.5876,"{np.str_('negative'): 0.5876, np.str_('neutral'): 0.2248, np.str_('positive'): 0.1876}",labeled,negative,0.9138,"{'negative': 0.9138, 'neutral': 0.0751, 'positive': 0.0111}"
77,official Interesting to see Obama and INC (Congress) working together. Not sure if this is good or bad. #NewsUpdate,2024-08-29,user_875,California,Obama,INC (Congress),Synthetic,neutral,official interesting see Obama inc congress working together not sure good bad,"['official', 'interesting', 'see', 'Obama', 'inc', 'congress', 'working', 'together', 'not', 'sure', 'good', 'bad']",12,78,neutral,0.8569,"{np.str_('negative'): 0.0788, np.str_('neutral'): 0.8569, np.str_('positive'): 0.0643}",labeled,neutral,0.7013,"{'neutral': 0.7013, 'positive': 0.226, 'negative': 0.0726}"
78,update Amit Shah's policies are destroying small businesses across California. Unacceptable! #GlobalPolitics,2024-09-15,user_307,California,Amit Shah,Conservatives,Synthetic,negative,update amit shah policy destroying small business across california unacceptable,"['update', 'amit', 'shah', 'policy', 'destroying', 'small', 'business', 'across', 'california', 'unacceptable']",10,80,negative,0.8704,"{np.str_('negative'): 0.8704, np.str_('neutral'): 0.0616, np.str_('positive'): 0.068}",labeled,negative,0.8957,"{'negative': 0.8957, 'neutral': 0.0972, 'positive': 0.0071}"
79,The policies of Mamata Banerjee have genuinely improved lives in Texas. Keep it up! #Election2024,2024-09-18,user_556,Texas,Mamata Banerjee,LibDems,Synthetic,positive,policy Mamata genuinely improved life texas keep,"['policy', 'Mamata', 'genuinely', 'improved', 'life', 'texas', 'keep']",7,48,positive,0.75,"{np.str_('negative'): 0.1527, np.str_('neutral'): 0.0973, np.str_('positive'): 0.75}",labeled,positive,0.8637,"{'positive': 0.8637, 'neutral': 0.1244, 'negative': 0.0119}"
80,Democrats's new budget plan is exactly what the middle class needs. Great work! #GlobalPolitics,2024-01-12,user_505,Gujarat,Macron,Democrats,Synthetic,positive,democratss new budget plan exactly middle class need great work,"['democratss', 'new', 'budget', 'plan', 'exactly', 'middle', 'class', 'need', 'great', 'work']",10,63,positive,0.6041,"{np.str_('negative'): 0.1903, np.str_('neutral'): 0.2057, np.str_('positive'): 0.6041}",labeled,positive,0.4737,"{'positive': 0.4737, 'neutral': 0.4567, 'negative': 0.0696}"
81,"Another day, another failure from Democrats the administration in California. #Resign",2024-05-26,user_518,California,Obama,Democrats,Synthetic,negative,another day another failure Democrats administration california,"['another', 'day', 'another', 'failure', 'Democrats', 'administration', 'california']",7,63,negative,0.864,"{np.str_('negative'): 0.864, np.str_('neutral'): 0.0769, np.str_('positive'): 0.0591}",labeled,negative,0.9225,"{'negative': 0.9225, 'neutral': 0.0675, 'positive': 0.0101}"
82,official Harris shows true compassion for ordinary citizens. A leader for the people! #NewsUpdate,2024-03-09,user_769,Delhi,Harris,Labour,Synthetic,positive,official harris show true compassion ordinary citizen leader people,"['official', 'harris', 'show', 'true', 'compassion', 'ordinary', 'citizen', 'leader', 'people']",9,67,positive,0.9194,"{np.str_('negative'): 0.0491, np.str_('neutral'): 0.0316, np.str_('positive'): 0.9194}",labeled,neutral,0.5805,"{'neutral': 0.5805, 'positive': 0.3592, 'negative': 0.0603}"
83,Scandal after scandal Trudeau. When will the accountability come? #PolicyDebate,2024-08-25,user_789,Berlin,Trudeau,INC (Congress),Synthetic,negative,scandal scandal Trudeau accountability come,"['scandal', 'scandal', 'Trudeau', 'accountability', 'come']",5,43,negative,0.9165,"{np.str_('negative'): 0.9165, np.str_('neutral'): 0.04, np.str_('positive'): 0.0435}",labeled,neutral,0.5314,"{'neutral': 0.5314, 'negative': 0.4151, 'positive': 0.0535}"
84,official Experts weigh in on LibDems's five-year development plan. #GlobalPolitics,2024-01-17,user_928,Delhi,Sunak,LibDems,Synthetic,neutral,official expert weigh libdemss fiveyear development plan,"['official', 'expert', 'weigh', 'libdemss', 'fiveyear', 'development', 'plan']",7,56,neutral,0.8038,"{np.str_('negative'): 0.0813, np.str_('neutral'): 0.8038, np.str_('positive'): 0.1149}",labeled,neutral,0.8793,"{'neutral': 0.8793, 'positive': 0.0967, 'negative': 0.0239}"
85,official Yogi Adityanath sold out to corporate interests. The common nothing means man to tehm. #Exposed,2024-08-12,user_339,Sydney,Yogi Adityanath,AAP,Synthetic,negative,official Yogi sold corporate interest common nothing mean man tehm,"['official', 'Yogi', 'sold', 'corporate', 'interest', 'common', 'nothing', 'mean', 'man', 'tehm']",10,66,negative,0.3992,"{np.str_('negative'): 0.3992, np.str_('neutral'): 0.3477, np.str_('positive'): 0.2531}",labeled,neutral,0.696,"{'neutral': 0.696, 'negative': 0.2621, 'positive': 0.0419}"
86,Conservatives's new budget plan is exactly what the middle class needs. Great work! #GlobalPolitics,2025-01-30,user_788,Sydney,Amit Shah,Conservatives,Synthetic,positive,conservativess new budget plan exactly middle class need great work,"['conservativess', 'new', 'budget', 'plan', 'exactly', 'middle', 'class', 'need', 'great', 'work']",10,67,positive,0.5155,"{np.str_('negative'): 0.2593, np.str_('neutral'): 0.2252, np.str_('positive'): 0.5155}",labeled,neutral,0.5583,"{'neutral': 0.5583, 'positive': 0.3027, 'negative': 0.139}"
87,news The new INC (Congress) bill has some good points but also many flaws. A mixed bag for California.,2025-01-11,user_279,California,Trudeau,INC (Congress),Synthetic,neutral,news new inc congress bill good point but also many flaw mixed bag california,"['news', 'new', 'inc', 'congress', 'bill', 'good', 'point', 'but', 'also', 'many', 'flaw', 'mixed', 'bag', 'california']",14,77,neutral,0.9212,"{np.str_('negative'): 0.0393, np.str_('neutral'): 0.9212, np.str_('positive'): 0.0395}",labeled,neutral,0.5253,"{'neutral': 0.5253, 'negative': 0.3291, 'positive': 0.1456}"
88,statement Can't believe AAP raised taxes again while corruption runs rampant in Gujarat. #PoliticsDaily,2024-06-02,user_485,Gujarat,Yogi Adityanath,AAP,Synthetic,negative,statement cant believe AAP raised tax corruption run rampant gujarat,"['statement', 'cant', 'believe', 'AAP', 'raised', 'tax', 'corruption', 'run', 'rampant', 'gujarat']",10,68,negative,0.5307,"{np.str_('negative'): 0.5307, np.str_('neutral'): 0.2479, np.str_('positive'): 0.2215}",labeled,negative,0.9024,"{'negative': 0.9024, 'neutral': 0.0881, 'positive': 0.0095}"
89,"Under Harris's leadership, crime rates in Gujarat have dropped significantly. #IndiaFirst",2024-08-01,user_670,Gujarat,Harris,LibDems,Synthetic,positive,harris leadership crime rate gujarat dropped significantly,"['harris', 'leadership', 'crime', 'rate', 'gujarat', 'dropped', 'significantly']",7,58,positive,0.6545,"{np.str_('negative'): 0.1868, np.str_('neutral'): 0.1587, np.str_('positive'): 0.6545}",labeled,negative,0.5423,"{'negative': 0.5423, 'neutral': 0.3899, 'positive': 0.0678}"
90,"statement Under Amit leadership, Shah's crime rates in Delhi have dropped significantly.",2024-11-04,user_140,Delhi,Amit Shah,Labour,Synthetic,positive,statement amit leadership shah crime rate delhi dropped significantly,"['statement', 'amit', 'leadership', 'shah', 'crime', 'rate', 'delhi', 'dropped', 'significantly']",9,69,positive,0.5389,"{np.str_('negative'): 0.216, np.str_('neutral'): 0.2452, np.str_('positive'): 0.5389}",labeled,neutral,0.5941,"{'neutral': 0.5941, 'negative': 0.2786, 'positive': 0.1273}"
91,"Finally, 4 leader like Trudeau who understands teh needs of teh youth. #BuildBackBetter",2024-04-07,user_859,California,Trudeau,Republicans,Synthetic,positive,finally leader like Trudeau understands teh need teh youth,"['finally', 'leader', 'like', 'Trudeau', 'understands', 'teh', 'need', 'teh', 'youth']",9,58,positive,0.8872,"{np.str_('negative'): 0.063, np.str_('neutral'): 0.0498, np.str_('positive'): 0.8872}",labeled,positive,0.5289,"{'positive': 0.5289, 'neutral': 0.4255, 'negative': 0.0456}"
92,statement TMC committee to review healthcare spending over the next quarter. #BreakingNews,2024-07-02,user_415,California,Trump,TMC,Synthetic,neutral,statement tmc committee review healthcare spending next quarter,"['statement', 'tmc', 'committee', 'review', 'healthcare', 'spending', 'next', 'quarter']",8,63,neutral,0.779,"{np.str_('negative'): 0.1132, np.str_('neutral'): 0.779, np.str_('positive'): 0.1078}",labeled,neutral,0.9353,"{'neutral': 0.9353, 'positive': 0.0443, 'negative': 0.0204}"
93,government Obama met with world leaders at the G20 summit in Gujarat. #PoliticsDaily,2024-07-30,user_146,Gujarat,Obama,INC (Congress),Synthetic,neutral,government Obama met world leader g20 summit gujarat,"['government', 'Obama', 'met', 'world', 'leader', 'g20', 'summit', 'gujarat']",8,52,neutral,0.6841,"{np.str_('negative'): 0.1332, np.str_('neutral'): 0.6841, np.str_('positive'): 0.1827}",labeled,neutral,0.8685,"{'neutral': 0.8685, 'positive': 0.1148, 'negative': 0.0167}"
94,government Mamata Banerjee has completely failed the working class. Another broken promise. #Fraud,2024-07-13,user_683,Texas,Mamata Banerjee,Conservatives,Synthetic,negative,government Mamata completely failed working class another broken promise,"['government', 'Mamata', 'completely', 'failed', 'working', 'class', 'another', 'broken', 'promise']",9,72,negative,0.6026,"{np.str_('negative'): 0.6026, np.str_('neutral'): 0.1243, np.str_('positive'): 0.2731}",labeled,negative,0.9025,"{'negative': 0.9025, 'neutral': 0.0878, 'positive': 0.0097}"
95,"government Finally, a leader like Trudeau who understands the needs of the youth. #Election2024",2024-09-07,user_288,Gujarat,Trudeau,Conservatives,Synthetic,positive,government finally leader like Trudeau understands need youth,"['government', 'finally', 'leader', 'like', 'Trudeau', 'understands', 'need', 'youth']",8,61,positive,0.9376,"{np.str_('negative'): 0.0336, np.str_('neutral'): 0.0287, np.str_('positive'): 0.9376}",labeled,positive,0.6602,"{'positive': 0.6602, 'neutral': 0.3186, 'negative': 0.0212}"
96,official Amit Shah's policies are destroying small businesses across Sydney. Unacceptable! #Failed,2024-04-21,user_617,Sydney,Amit Shah,Democrats,Synthetic,negative,official amit shah policy destroying small business across sydney unacceptable,"['official', 'amit', 'shah', 'policy', 'destroying', 'small', 'business', 'across', 'sydney', 'unacceptable']",10,78,negative,0.8632,"{np.str_('negative'): 0.8632, np.str_('neutral'): 0.0625, np.str_('positive'): 0.0743}",labeled,negative,0.8916,"{'negative': 0.8916, 'neutral': 0.1011, 'positive': 0.0073}"
97,"news While Arvind Kejriwal claims success, the situation in remains complicated. #PolicyDebate",2024-10-01,user_393,Sydney,Arvind Kejriwal,INC (Congress),Synthetic,neutral,news arvind Kejriwal claim success situation remains complicated,"['news', 'arvind', 'Kejriwal', 'claim', 'success', 'situation', 'remains', 'complicated']",8,64,neutral,0.8812,"{np.str_('negative'): 0.065, np.str_('neutral'): 0.8812, np.str_('positive'): 0.0538}",labeled,neutral,0.8255,"{'neutral': 0.8255, 'negative': 0.1135, 'positive': 0.061}"
98,Scandal after scandal with Biden. When will the accountability come? #NeverAgain,2024-06-30,user_373,Delhi,Biden,LibDems,Synthetic,negative,scandal scandal biden accountability come,"['scandal', 'scandal', 'biden', 'accountability', 'come']",5,41,negative,0.9214,"{np.str_('negative'): 0.9214, np.str_('neutral'): 0.0361, np.str_('positive'): 0.0425}",labeled,negative,0.5054,"{'negative': 0.5054, 'neutral': 0.4433, 'positive': 0.0513}"
99,update The new AAP bill has some good points but also many flaws. A mixed bag for Berlin.,2024-11-30,user_978,Berlin,Macron,AAP,Synthetic,neutral,update new AAP bill good point but also many flaw mixed bag berlin,"['update', 'new', 'AAP', 'bill', 'good', 'point', 'but', 'also', 'many', 'flaw', 'mixed', 'bag', 'berlin']",13,66,neutral,0.9029,"{np.str_('negative'): 0.0534, np.str_('neutral'): 0.9029, np.str_('positive'): 0.0437}",labeled,neutral,0.528,"{'neutral': 0.528, 'negative': 0.273, 'positive': 0.199}"
100,Survey shows mixed public opinion on Democrats's latest immigration policy. #GlobalPolitics,2024-08-10,user_760,Berlin,Yogi Adityanath,Democrats,Synthetic,neutral,survey show mixed public opinion democratss latest immigration policy,"['survey', 'show', 'mixed', 'public', 'opinion', 'democratss', 'latest', 'immigration', 'policy']",9,69,neutral,0.8712,"{np.str_('negative'): 0.0853, np.str_('neutral'): 0.8712, np.str_('positive'): 0.0435}",labeled,neutral,0.7458,"{'neutral': 0.7458, 'negative': 0.2298, 'positive': 0.0243}"
101,The new INC (Congress) policy is a breath of fresh air for the industry. #BidenHarris2024,2024-10-05,user_677,Berlin,Macron,INC (Congress),Synthetic,positive,new inc congress policy breath fresh air industry,"['new', 'inc', 'congress', 'policy', 'breath', 'fresh', 'air', 'industry']",8,49,neutral,0.5037,"{np.str_('negative'): 0.1405, np.str_('neutral'): 0.5037, np.str_('positive'): 0.3558}",labeled,neutral,0.6819,"{'neutral': 0.6819, 'positive': 0.2729, 'negative': 0.0452}"
102,policy Yogi Adityanath signs order; executive legal challenges anticipated from Democrats. #USPolitics,2024-10-15,user_346,Texas,Yogi Adityanath,Democrats,Synthetic,neutral,policy Yogi sign order executive legal challenge anticipated Democrats,"['policy', 'Yogi', 'sign', 'order', 'executive', 'legal', 'challenge', 'anticipated', 'Democrats']",9,70,neutral,0.7712,"{np.str_('negative'): 0.1377, np.str_('neutral'): 0.7712, np.str_('positive'): 0.0911}",labeled,neutral,0.8899,"{'neutral': 0.8899, 'positive': 0.0834, 'negative': 0.0268}"
103,statement Survey shows mixed public opinion on AAP's latest immigration policy. #NewsUpdate,2024-02-08,user_448,Maharashtra,Mamata Banerjee,AAP,Synthetic,neutral,statement survey show mixed public opinion aaps latest immigration policy,"['statement', 'survey', 'show', 'mixed', 'public', 'opinion', 'aaps', 'latest', 'immigration', 'policy']",10,73,neutral,0.8619,"{np.str_('negative'): 0.0857, np.str_('neutral'): 0.8619, np.str_('positive'): 0.0523}",labeled,neutral,0.6743,"{'neutral': 0.6743, 'negative': 0.3076, 'positive': 0.0181}"
104,Mamata Banerjee has completely failed the working class. Another broken promise. #Fraud,2024-04-05,user_796,Maharashtra,Mamata Banerjee,AAP,Synthetic,negative,Mamata completely failed working class another broken promise,"['Mamata', 'completely', 'failed', 'working', 'class', 'another', 'broken', 'promise']",8,61,negative,0.6008,"{np.str_('negative'): 0.6008, np.str_('neutral'): 0.1287, np.str_('positive'): 0.2705}",labeled,negative,0.9094,"{'negative': 0.9094, 'neutral': 0.0824, 'positive': 0.0083}"
105,Incredible infrastructure happening under Mamata Banerjee's watch in Berlin. #IndiaFirst,2024-07-18,user_424,Berlin,Mamata Banerjee,AAP,Synthetic,positive,incredible infrastructure happening mamata banerjees watch berlin,"['incredible', 'infrastructure', 'happening', 'mamata', 'banerjees', 'watch', 'berlin']",7,65,negative,0.5995,"{np.str_('negative'): 0.5995, np.str_('neutral'): 0.1764, np.str_('positive'): 0.2242}",labeled,positive,0.8753,"{'positive': 0.8753, 'neutral': 0.1196, 'negative': 0.0051}"
106,statement Modi held a press conference today addressing the ongoing budget negotiations. #IndiaNews,2024-09-19,user_517,Berlin,Modi,Republicans,Synthetic,neutral,statement modi held press conference today addressing ongoing budget negotiation,"['statement', 'modi', 'held', 'press', 'conference', 'today', 'addressing', 'ongoing', 'budget', 'negotiation']",10,80,neutral,0.862,"{np.str_('negative'): 0.0719, np.str_('neutral'): 0.862, np.str_('positive'): 0.0662}",labeled,neutral,0.9184,"{'neutral': 0.9184, 'positive': 0.0752, 'negative': 0.0064}"
107,news Trump shows true compassion for ordinary A leader for people! the #PolicyDebate,2024-05-04,user_685,Berlin,Trump,Democrats,Synthetic,positive,news trump show true compassion ordinary leader people,"['news', 'trump', 'show', 'true', 'compassion', 'ordinary', 'leader', 'people']",8,54,positive,0.8649,"{np.str_('negative'): 0.0753, np.str_('neutral'): 0.0598, np.str_('positive'): 0.8649}",labeled,positive,0.5203,"{'positive': 0.5203, 'neutral': 0.4155, 'negative': 0.0643}"
108,update Scandal after scandal with When Amit will teh accountability come? #Liar,2024-05-08,user_352,Delhi,Amit Shah,Labour,Synthetic,negative,update scandal scandal amit teh accountability come,"['update', 'scandal', 'scandal', 'amit', 'teh', 'accountability', 'come']",7,51,negative,0.9131,"{np.str_('negative'): 0.9131, np.str_('neutral'): 0.0396, np.str_('positive'): 0.0473}",labeled,neutral,0.6485,"{'neutral': 0.6485, 'negative': 0.3175, 'positive': 0.034}"
109,TMC tearing is this country apart with its divisive rhetoric. #NeverAgain,2024-08-08,user_935,California,Sunak,TMC,Synthetic,negative,tmc tearing country apart divisive rhetoric,"['tmc', 'tearing', 'country', 'apart', 'divisive', 'rhetoric']",6,43,negative,0.843,"{np.str_('negative'): 0.843, np.str_('neutral'): 0.0737, np.str_('positive'): 0.0833}",labeled,negative,0.9208,"{'negative': 0.9208, 'neutral': 0.073, 'positive': 0.0061}"
110,official The new Labour bill has some good points but also many flaws. mixed bag for Florida.,2024-10-21,user_900,Florida,Trudeau,Labour,Synthetic,neutral,official new LabourParty bill good point but also many flaw mixed bag florida,"['official', 'new', 'LabourParty', 'bill', 'good', 'point', 'but', 'also', 'many', 'flaw', 'mixed', 'bag', 'florida']",13,77,neutral,0.891,"{np.str_('negative'): 0.0538, np.str_('neutral'): 0.891, np.str_('positive'): 0.0552}",labeled,neutral,0.4499,"{'neutral': 0.4499, 'negative': 0.4086, 'positive': 0.1415}"
111,INC (Congress) announced cabinet reshuffle ahead of the parliamentary session. #GlobalPolitics,2025-01-28,user_663,Delhi,DeSantis,INC (Congress),Synthetic,neutral,inc congress announced cabinet reshuffle ahead parliamentary session,"['inc', 'congress', 'announced', 'cabinet', 'reshuffle', 'ahead', 'parliamentary', 'session']",8,68,neutral,0.8525,"{np.str_('negative'): 0.0651, np.str_('neutral'): 0.8525, np.str_('positive'): 0.0824}",labeled,neutral,0.9268,"{'neutral': 0.9268, 'positive': 0.057, 'negative': 0.0162}"
112,Proud to be a TMC supporter. Our values align with national progress.,2024-06-04,user_347,California,Biden,TMC,Synthetic,positive,proud tmc supporter value align national progress,"['proud', 'tmc', 'supporter', 'value', 'align', 'national', 'progress']",7,49,positive,0.9179,"{np.str_('negative'): 0.0421, np.str_('neutral'): 0.04, np.str_('positive'): 0.9179}",labeled,positive,0.9381,"{'positive': 0.9381, 'neutral': 0.0571, 'negative': 0.0048}"
113,The poor get poorer under Labour's watch. Trickle-down economics is a lie! #Resign,2024-12-20,user_528,Delhi,Obama,Labour,Synthetic,negative,poor get poorer labour watch trickledown economics lie,"['poor', 'get', 'poorer', 'labour', 'watch', 'trickledown', 'economics', 'lie']",8,54,negative,0.9579,"{np.str_('negative'): 0.9579, np.str_('neutral'): 0.0138, np.str_('positive'): 0.0284}",labeled,negative,0.7238,"{'negative': 0.7238, 'neutral': 0.2513, 'positive': 0.0248}"
114,"Finally, a leader like Amit Shah who understands the of hte youth. #ModiForIndia",2025-01-20,user_439,Maharashtra,Amit Shah,Democrats,Synthetic,positive,finally leader like amit shah understands hte youth,"['finally', 'leader', 'like', 'amit', 'shah', 'understands', 'hte', 'youth']",8,51,positive,0.9124,"{np.str_('negative'): 0.0458, np.str_('neutral'): 0.0418, np.str_('positive'): 0.9124}",labeled,positive,0.7094,"{'positive': 0.7094, 'neutral': 0.2751, 'negative': 0.0155}"
115,"I used to support AAP, but after Macron's speech recent in Berlin, I'm not so sure anymore.",2024-09-13,user_254,Berlin,Macron,AAP,Synthetic,neutral,used support AAP but macron speech recent berlin im not sure anymore,"['used', 'support', 'AAP', 'but', 'macron', 'speech', 'recent', 'berlin', 'im', 'not', 'sure', 'anymore']",12,68,neutral,0.7605,"{np.str_('negative'): 0.0984, np.str_('neutral'): 0.7605, np.str_('positive'): 0.1411}",labeled,neutral,0.7066,"{'neutral': 0.7066, 'negative': 0.2701, 'positive': 0.0233}"
116,today Democrats released itz new policy framework for the upcoming term. #IndiaNews,2024-04-15,user_633,Gujarat,Modi,Democrats,Synthetic,neutral,today Democrats released itz new policy framework upcoming term,"['today', 'Democrats', 'released', 'itz', 'new', 'policy', 'framework', 'upcoming', 'term']",9,63,neutral,0.7776,"{np.str_('negative'): 0.0652, np.str_('neutral'): 0.7776, np.str_('positive'): 0.1572}",labeled,neutral,0.8656,"{'neutral': 0.8656, 'positive': 0.1253, 'negative': 0.009}"
117,Watchin' Arvind Kejriwal handle international relations with such grace and dignity. #IndiaNews,2024-06-24,user_763,Gujarat,Arvind Kejriwal,INC (Congress),Synthetic,positive,watchin arvind Kejriwal handle international relation grace dignity,"['watchin', 'arvind', 'Kejriwal', 'handle', 'international', 'relation', 'grace', 'dignity']",8,67,positive,0.8891,"{np.str_('negative'): 0.0617, np.str_('neutral'): 0.0492, np.str_('positive'): 0.8891}",labeled,neutral,0.7401,"{'neutral': 0.7401, 'positive': 0.238, 'negative': 0.0219}"
118,Experts weigh in on Labour's five-year development plan. #NewsUpdate,2024-11-18,user_288,California,Trump,Labour,Synthetic,neutral,expert weigh labour fiveyear development plan,"['expert', 'weigh', 'labour', 'fiveyear', 'development', 'plan']",6,45,neutral,0.8333,"{np.str_('negative'): 0.0637, np.str_('neutral'): 0.8333, np.str_('positive'): 0.103}",labeled,neutral,0.8859,"{'neutral': 0.8859, 'positive': 0.0683, 'negative': 0.0458}"
119,update Harris held a prezz conference today addressing the ongoing budget negotiations. #BreakingNews,2024-02-02,user_691,Delhi,Harris,AAP,Synthetic,neutral,update harris held prezz conference today addressing ongoing budget negotiation,"['update', 'harris', 'held', 'prezz', 'conference', 'today', 'addressing', 'ongoing', 'budget', 'negotiation']",10,79,neutral,0.8079,"{np.str_('negative'): 0.1012, np.str_('neutral'): 0.8079, np.str_('positive'): 0.0909}",labeled,neutral,0.9402,"{'neutral': 0.9402, 'positive': 0.0547, 'negative': 0.0051}"
120,Trump shows compassion true for ordinary citizens. A leader for the people! #Election2024,2024-10-27,user_216,Texas,Trump,LibDems,Synthetic,positive,trump show compassion true ordinary citizen leader people,"['trump', 'show', 'compassion', 'true', 'ordinary', 'citizen', 'leader', 'people']",8,57,positive,0.9239,"{np.str_('negative'): 0.0449, np.str_('neutral'): 0.0313, np.str_('positive'): 0.9239}",labeled,positive,0.5517,"{'positive': 0.5517, 'neutral': 0.368, 'negative': 0.0803}"
121,Local elections in Gujarat expected to be closely contested by INC (Congress). #NewsUpdate,2024-03-09,user_420,Gujarat,Modi,INC (Congress),Synthetic,neutral,local election gujarat expected closely contested inc congress,"['local', 'election', 'gujarat', 'expected', 'closely', 'contested', 'inc', 'congress']",8,62,neutral,0.8532,"{np.str_('negative'): 0.0901, np.str_('neutral'): 0.8532, np.str_('positive'): 0.0567}",labeled,neutral,0.8989,"{'neutral': 0.8989, 'positive': 0.0628, 'negative': 0.0383}"
122,statement The lies told by Trump during election are now crystal clear. Disgraceful. #Scam,2024-09-06,user_750,Florida,Trump,Conservatives,Synthetic,negative,statement lie told trump election crystal clear disgraceful,"['statement', 'lie', 'told', 'trump', 'election', 'crystal', 'clear', 'disgraceful']",8,59,negative,0.7832,"{np.str_('negative'): 0.7832, np.str_('neutral'): 0.1283, np.str_('positive'): 0.0884}",labeled,negative,0.8791,"{'negative': 0.8791, 'neutral': 0.1089, 'positive': 0.012}"
123,Amit Shah met with world the leaders at G20 summit in Texas. #IndiaNews,2024-07-15,user_675,Texas,Amit Shah,Labour,Synthetic,neutral,amit shah met world leader g20 summit texas,"['amit', 'shah', 'met', 'world', 'leader', 'g20', 'summit', 'texas']",8,43,neutral,0.6608,"{np.str_('negative'): 0.1738, np.str_('neutral'): 0.6608, np.str_('positive'): 0.1654}",labeled,neutral,0.861,"{'neutral': 0.861, 'positive': 0.124, 'negative': 0.015}"
124,Extremely disappointed with Amit Shah's lack of action on climate change. #BreakingNews,2024-04-22,user_399,Delhi,Amit Shah,TMC,Synthetic,negative,extremely disappointed amit shah lack action climate change,"['extremely', 'disappointed', 'amit', 'shah', 'lack', 'action', 'climate', 'change']",8,59,negative,0.7965,"{np.str_('negative'): 0.7965, np.str_('neutral'): 0.0888, np.str_('positive'): 0.1147}",labeled,negative,0.8986,"{'negative': 0.8986, 'neutral': 0.0904, 'positive': 0.011}"
125,"news Finally, a leader like Biden who understands the needs of the youth. #PeaceAndProsperity",2024-07-06,user_655,California,Biden,BJP,Synthetic,positive,news finally leader like biden understands need youth,"['news', 'finally', 'leader', 'like', 'biden', 'understands', 'need', 'youth']",8,53,positive,0.9301,"{np.str_('negative'): 0.0365, np.str_('neutral'): 0.0334, np.str_('positive'): 0.9301}",labeled,positive,0.6755,"{'positive': 0.6755, 'neutral': 0.3062, 'negative': 0.0183}"
126,"policy Wait, Trudeau actually thinks this plan will work? It's a #Exposed",2024-06-27,user_982,Gujarat,Trudeau,Democrats,Synthetic,negative,policy wait Trudeau actually think plan work,"['policy', 'wait', 'Trudeau', 'actually', 'think', 'plan', 'work']",7,44,negative,0.409,"{np.str_('negative'): 0.409, np.str_('neutral'): 0.3461, np.str_('positive'): 0.245}",labeled,neutral,0.6302,"{'neutral': 0.6302, 'negative': 0.2227, 'positive': 0.1471}"
127,Watching Trudeau international relations with such grace and dignity. #IndiaFirst,2024-10-18,user_459,Gujarat,Trudeau,Republicans,Synthetic,positive,watching Trudeau international relation grace dignity,"['watching', 'Trudeau', 'international', 'relation', 'grace', 'dignity']",6,53,positive,0.9072,"{np.str_('negative'): 0.0528, np.str_('neutral'): 0.04, np.str_('positive'): 0.9072}",labeled,neutral,0.6797,"{'neutral': 0.6797, 'positive': 0.2882, 'negative': 0.032}"
128,The new BJP bill some has good points but also many flaws. A bag for Texas.,2024-03-05,user_818,Texas,Amit Shah,BJP,Synthetic,neutral,new BJP bill good point but also many flaw bag texas,"['new', 'BJP', 'bill', 'good', 'point', 'but', 'also', 'many', 'flaw', 'bag', 'texas']",11,52,neutral,0.8766,"{np.str_('negative'): 0.0551, np.str_('neutral'): 0.8766, np.str_('positive'): 0.0683}",labeled,neutral,0.5173,"{'neutral': 0.5173, 'negative': 0.3553, 'positive': 0.1274}"
129,Voters in California will head to the polls next week as Trudeau campaigns. #USPolitics,2024-05-17,user_742,California,Trudeau,Labour,Synthetic,neutral,voter california head poll next week Trudeau campaign,"['voter', 'california', 'head', 'poll', 'next', 'week', 'Trudeau', 'campaign']",8,53,neutral,0.9174,"{np.str_('negative'): 0.0471, np.str_('neutral'): 0.9174, np.str_('positive'): 0.0355}",labeled,neutral,0.9286,"{'neutral': 0.9286, 'positive': 0.0401, 'negative': 0.0313}"
130,AAP released its new policy framework for the upcoming term. #PoliticsDaily,2024-09-06,user_435,Gujarat,Rahul Gandhi,AAP,Synthetic,neutral,AAP released new policy framework upcoming term,"['AAP', 'released', 'new', 'policy', 'framework', 'upcoming', 'term']",7,47,neutral,0.7957,"{np.str_('negative'): 0.0705, np.str_('neutral'): 0.7957, np.str_('positive'): 0.1338}",labeled,neutral,0.8232,"{'neutral': 0.8232, 'positive': 0.1657, 'negative': 0.0111}"
131,Democrats is tearing this country apart with its divisive rhetoric. #PoliticsDaily,2024-09-10,user_374,Berlin,Mamata Banerjee,Democrats,Synthetic,negative,Democrats tearing country apart divisive rhetoric,"['Democrats', 'tearing', 'country', 'apart', 'divisive', 'rhetoric']",6,49,negative,0.8559,"{np.str_('negative'): 0.8559, np.str_('neutral'): 0.0705, np.str_('positive'): 0.0736}",labeled,negative,0.9174,"{'negative': 0.9174, 'neutral': 0.0735, 'positive': 0.0091}"
132,"Finally, a leader like Modi who understands of the needs youth. #VoterRights",2024-03-21,user_551,Maharashtra,Modi,BJP,Synthetic,positive,finally leader like modi understands need youth,"['finally', 'leader', 'like', 'modi', 'understands', 'need', 'youth']",7,47,positive,0.9414,"{np.str_('negative'): 0.0335, np.str_('neutral'): 0.0252, np.str_('positive'): 0.9414}",labeled,positive,0.7351,"{'positive': 0.7351, 'neutral': 0.2496, 'negative': 0.0153}"
133,The debate between Arvind Kejriwal and teh opposition drew millions of viewers. #NewsUpdate,2024-07-03,user_356,Delhi,Arvind Kejriwal,Democrats,Synthetic,neutral,debate arvind Kejriwal teh opposition drew million viewer,"['debate', 'arvind', 'Kejriwal', 'teh', 'opposition', 'drew', 'million', 'viewer']",8,57,neutral,0.6176,"{np.str_('negative'): 0.1536, np.str_('neutral'): 0.6176, np.str_('positive'): 0.2288}",labeled,neutral,0.8902,"{'neutral': 0.8902, 'positive': 0.0774, 'negative': 0.0324}"
134,"I used to support INC (Congress), but after Trump's recent speech in Texas, I'm not so sure anymore.",2024-02-18,user_101,Texas,Trump,INC (Congress),Synthetic,neutral,used support inc congress but trump recent speech texas im not sure anymore,"['used', 'support', 'inc', 'congress', 'but', 'trump', 'recent', 'speech', 'texas', 'im', 'not', 'sure', 'anymore']",13,75,neutral,0.7409,"{np.str_('negative'): 0.092, np.str_('neutral'): 0.7409, np.str_('positive'): 0.1671}",labeled,neutral,0.7113,"{'neutral': 0.7113, 'negative': 0.2685, 'positive': 0.0202}"
135,TMC's new budget plan is what the middle class work! needs. Great #VoterRights,2024-03-08,user_589,Berlin,DeSantis,TMC,Synthetic,positive,tmcs new budget plan middle class work need great,"['tmcs', 'new', 'budget', 'plan', 'middle', 'class', 'work', 'need', 'great']",9,49,positive,0.6041,"{np.str_('negative'): 0.1903, np.str_('neutral'): 0.2057, np.str_('positive'): 0.6041}",labeled,positive,0.5311,"{'positive': 0.5311, 'neutral': 0.4205, 'negative': 0.0484}"
136,Trump's policies are destroying small Delhi. businesses across Unacceptable! #NeverAgain,2024-12-12,user_246,Delhi,Trump,Conservatives,Synthetic,negative,trump policy destroying small delhi business across unacceptable,"['trump', 'policy', 'destroying', 'small', 'delhi', 'business', 'across', 'unacceptable']",8,64,negative,0.9166,"{np.str_('negative'): 0.9166, np.str_('neutral'): 0.0414, np.str_('positive'): 0.042}",labeled,negative,0.8997,"{'negative': 0.8997, 'neutral': 0.0916, 'positive': 0.0086}"
137,The policies of Trump have genuinely improved lives in Sydney. Keep it up! #IndiaNews,2024-08-14,user_980,Sydney,Trump,LibDems,Synthetic,positive,policy trump genuinely improved life sydney keep,"['policy', 'trump', 'genuinely', 'improved', 'life', 'sydney', 'keep']",7,48,positive,0.7565,"{np.str_('negative'): 0.1442, np.str_('neutral'): 0.0993, np.str_('positive'): 0.7565}",labeled,positive,0.8216,"{'positive': 0.8216, 'neutral': 0.1569, 'negative': 0.0215}"
138,government Voters in Berlin will head to the polls next week as DeSantis campaigns. #PoliticsDaily,2024-11-26,user_186,Berlin,DeSantis,Republicans,Synthetic,neutral,government voter berlin head poll next week DeSantis campaign,"['government', 'voter', 'berlin', 'head', 'poll', 'next', 'week', 'DeSantis', 'campaign']",9,61,neutral,0.8859,"{np.str_('negative'): 0.0704, np.str_('neutral'): 0.8859, np.str_('positive'): 0.0437}",labeled,neutral,0.9538,"{'neutral': 0.9538, 'positive': 0.037, 'negative': 0.0092}"
139,Opposition responds to DeSantis's budget address with mixed reactions. #Election2024,2025-01-17,user_501,Florida,DeSantis,LibDems,Synthetic,neutral,opposition responds desantiss budget address mixed reaction,"['opposition', 'responds', 'desantiss', 'budget', 'address', 'mixed', 'reaction']",7,59,neutral,0.9405,"{np.str_('negative'): 0.0281, np.str_('neutral'): 0.9405, np.str_('positive'): 0.0314}",labeled,neutral,0.7541,"{'neutral': 0.7541, 'negative': 0.2259, 'positive': 0.02}"
140,Excellent initiative by to Obama support rural development. #NewsUpdate,2024-03-08,user_496,California,Obama,Democrats,Synthetic,positive,excellent initiative Obama support rural development,"['excellent', 'initiative', 'Obama', 'support', 'rural', 'development']",6,52,positive,0.6963,"{np.str_('negative'): 0.0592, np.str_('neutral'): 0.2445, np.str_('positive'): 0.6963}",labeled,positive,0.9701,"{'positive': 0.9701, 'neutral': 0.0253, 'negative': 0.0046}"
141,"policy Wait, Trudeau actually thinks this plan will work? It's 4 disaster. #Scam",2024-04-20,user_140,Maharashtra,Trudeau,AAP,Synthetic,negative,policy wait Trudeau actually think plan work disaster,"['policy', 'wait', 'Trudeau', 'actually', 'think', 'plan', 'work', 'disaster']",8,53,negative,0.409,"{np.str_('negative'): 0.409, np.str_('neutral'): 0.3461, np.str_('positive'): 0.245}",labeled,negative,0.6776,"{'negative': 0.6776, 'neutral': 0.2877, 'positive': 0.0347}"
142,The latest AAP scandal is just the tip of the iceberg. #BreakingNews,2024-02-12,user_417,Florida,Biden,AAP,Synthetic,negative,latest AAP scandal tip iceberg,"['latest', 'AAP', 'scandal', 'tip', 'iceberg']",5,30,negative,0.8971,"{np.str_('negative'): 0.8971, np.str_('neutral'): 0.0617, np.str_('positive'): 0.0412}",labeled,negative,0.5622,"{'negative': 0.5622, 'neutral': 0.4141, 'positive': 0.0236}"
143,LibDems's new budget plan is exactly what the middle class needs. Great work! #PolicyDebate,2024-06-07,user_815,California,Trump,LibDems,Synthetic,positive,libdemss new budget plan exactly middle class need great work,"['libdemss', 'new', 'budget', 'plan', 'exactly', 'middle', 'class', 'need', 'great', 'work']",10,61,positive,0.6041,"{np.str_('negative'): 0.1903, np.str_('neutral'): 0.2057, np.str_('positive'): 0.6041}",labeled,neutral,0.4798,"{'neutral': 0.4798, 'positive': 0.4265, 'negative': 0.0937}"
144,official The debate between Rahul Gandhi and the opposition drew of viewers. #PoliticsDaily,2024-03-30,user_222,Sydney,Rahul Gandhi,Conservatives,Synthetic,neutral,official debate RahulGandhi opposition drew viewer,"['official', 'debate', 'RahulGandhi', 'opposition', 'drew', 'viewer']",6,50,neutral,0.5997,"{np.str_('negative'): 0.1899, np.str_('neutral'): 0.5997, np.str_('positive'): 0.2105}",labeled,neutral,0.8623,"{'neutral': 0.8623, 'positive': 0.1076, 'negative': 0.0301}"
145,Scandal after scandal with Biden. When will the accountability come? #USPolitics,2024-03-05,user_867,Sydney,Biden,Labour,Synthetic,negative,scandal scandal biden accountability come,"['scandal', 'scandal', 'biden', 'accountability', 'come']",5,41,negative,0.9214,"{np.str_('negative'): 0.9214, np.str_('neutral'): 0.0361, np.str_('positive'): 0.0425}",labeled,negative,0.5054,"{'negative': 0.5054, 'neutral': 0.4433, 'positive': 0.0513}"
146,Macron delivered an outstanding speech on economic recovery today. Real leadership! #Election2024,2024-09-11,user_566,Berlin,Macron,BJP,Synthetic,positive,Macron delivered outstanding speech economic recovery today real leadership,"['Macron', 'delivered', 'outstanding', 'speech', 'economic', 'recovery', 'today', 'real', 'leadership']",9,75,positive,0.9277,"{np.str_('negative'): 0.0304, np.str_('neutral'): 0.0419, np.str_('positive'): 0.9277}",labeled,positive,0.9713,"{'positive': 0.9713, 'neutral': 0.0241, 'negative': 0.0046}"
147,official Extremely disappointed Shah's with Amit lack of action on climate change. #VoterRights,2024-01-23,user_979,Sydney,Amit Shah,INC (Congress),Synthetic,negative,official extremely disappointed shah amit lack action climate change,"['official', 'extremely', 'disappointed', 'shah', 'amit', 'lack', 'action', 'climate', 'change']",9,68,negative,0.7937,"{np.str_('negative'): 0.7937, np.str_('neutral'): 0.0902, np.str_('positive'): 0.116}",labeled,negative,0.922,"{'negative': 0.922, 'neutral': 0.0714, 'positive': 0.0066}"
148,Trudeau held 4 press conference today addressing teh ongoing budget negotiations. #PolicyDebate,2024-12-31,user_858,California,Trudeau,Democrats,Synthetic,neutral,Trudeau held press conference today addressing teh ongoing budget negotiation,"['Trudeau', 'held', 'press', 'conference', 'today', 'addressing', 'teh', 'ongoing', 'budget', 'negotiation']",10,77,neutral,0.8654,"{np.str_('negative'): 0.0732, np.str_('neutral'): 0.8654, np.str_('positive'): 0.0614}",labeled,neutral,0.9401,"{'neutral': 0.9401, 'positive': 0.0537, 'negative': 0.0062}"
149,today The education reforms by AAP are transforming schools across the nation. #IndiaFirst,2024-12-10,user_153,California,Yogi Adityanath,AAP,Synthetic,positive,today education reform AAP transforming school across nation,"['today', 'education', 'reform', 'AAP', 'transforming', 'school', 'across', 'nation']",8,60,positive,0.9072,"{np.str_('negative'): 0.0533, np.str_('neutral'): 0.0395, np.str_('positive'): 0.9072}",labeled,positive,0.5736,"{'positive': 0.5736, 'neutral': 0.4165, 'negative': 0.0098}"
150,policy The poor get poorer under Conservatives's watch. Trickle-down economics is a lie! #Resign,2024-01-05,user_477,Sydney,Harris,Conservatives,Synthetic,negative,policy poor get poorer conservativess watch trickledown economics lie,"['policy', 'poor', 'get', 'poorer', 'conservativess', 'watch', 'trickledown', 'economics', 'lie']",9,69,negative,0.9538,"{np.str_('negative'): 0.9538, np.str_('neutral'): 0.0168, np.str_('positive'): 0.0294}",labeled,negative,0.6853,"{'negative': 0.6853, 'neutral': 0.2897, 'positive': 0.025}"
151,"While DeSantis claims success, the situation in Florida remains complicated. #BreakingNews",2024-10-06,user_878,Florida,DeSantis,BJP,Synthetic,neutral,DeSantis claim success situation florida remains complicated,"['DeSantis', 'claim', 'success', 'situation', 'florida', 'remains', 'complicated']",7,60,neutral,0.8834,"{np.str_('negative'): 0.0648, np.str_('neutral'): 0.8834, np.str_('positive'): 0.0519}",labeled,neutral,0.7436,"{'neutral': 0.7436, 'negative': 0.2283, 'positive': 0.0281}"
152,official Macron held a press conference today addressing the negotiations. ongoing budget #GlobalPolitics,2024-02-23,user_310,Texas,Macron,Conservatives,Synthetic,neutral,official Macron held press conference today addressing negotiation ongoing budget,"['official', 'Macron', 'held', 'press', 'conference', 'today', 'addressing', 'negotiation', 'ongoing', 'budget']",10,81,neutral,0.868,"{np.str_('negative'): 0.0731, np.str_('neutral'): 0.868, np.str_('positive'): 0.059}",labeled,neutral,0.8571,"{'neutral': 0.8571, 'positive': 0.1352, 'negative': 0.0077}"
153,Extremely disappointed with Amit lack of action on climate change. #Failed,2024-12-24,user_481,Delhi,Amit Shah,Conservatives,Synthetic,negative,extremely disappointed amit lack action climate change,"['extremely', 'disappointed', 'amit', 'lack', 'action', 'climate', 'change']",7,54,negative,0.8278,"{np.str_('negative'): 0.8278, np.str_('neutral'): 0.0774, np.str_('positive'): 0.0948}",labeled,negative,0.919,"{'negative': 0.919, 'neutral': 0.0723, 'positive': 0.0086}"
154,official The latest Republicans scandal is just the tip of the iceberg. #Liar,2024-05-01,user_398,Berlin,Arvind Kejriwal,Republicans,Synthetic,negative,official latest Republicans scandal tip iceberg,"['official', 'latest', 'Republicans', 'scandal', 'tip', 'iceberg']",6,47,negative,0.8907,"{np.str_('negative'): 0.8907, np.str_('neutral'): 0.0626, np.str_('positive'): 0.0467}",labeled,negative,0.5712,"{'negative': 0.5712, 'neutral': 0.4104, 'positive': 0.0184}"
155,update The education reforms by INC (Congress) are transforming schools across the nation. #Election2024,2024-03-20,user_208,Delhi,Obama,INC (Congress),Synthetic,positive,update education reform inc congress transforming school across nation,"['update', 'education', 'reform', 'inc', 'congress', 'transforming', 'school', 'across', 'nation']",9,70,positive,0.9,"{np.str_('negative'): 0.0586, np.str_('neutral'): 0.0414, np.str_('positive'): 0.9}",labeled,neutral,0.7966,"{'neutral': 0.7966, 'positive': 0.1843, 'negative': 0.019}"
156,government The education reforms by TMC schools transforming are across the nation. #BreakingNews,2024-06-04,user_946,Gujarat,Harris,TMC,Synthetic,positive,government education reform tmc school transforming across nation,"['government', 'education', 'reform', 'tmc', 'school', 'transforming', 'across', 'nation']",8,65,positive,0.8925,"{np.str_('negative'): 0.0684, np.str_('neutral'): 0.0391, np.str_('positive'): 0.8925}",labeled,neutral,0.8719,"{'neutral': 0.8719, 'positive': 0.0871, 'negative': 0.0411}"
157,government Corruption in Democrats is an at all-time high. Where is teh accountability? #Liar,2024-07-26,user_975,California,Sunak,Democrats,Synthetic,negative,government corruption Democrats alltime high teh accountability,"['government', 'corruption', 'Democrats', 'alltime', 'high', 'teh', 'accountability']",7,63,negative,0.8127,"{np.str_('negative'): 0.8127, np.str_('neutral'): 0.0918, np.str_('positive'): 0.0955}",labeled,negative,0.6509,"{'negative': 0.6509, 'neutral': 0.3016, 'positive': 0.0475}"
158,government The lies told by Arvind Kejriwal during the election are now crystal Disgraceful. clear.,2024-07-09,user_802,California,Arvind Kejriwal,LibDems,Synthetic,negative,government lie told arvind Kejriwal election crystal disgraceful clear,"['government', 'lie', 'told', 'arvind', 'Kejriwal', 'election', 'crystal', 'disgraceful', 'clear']",9,70,negative,0.7301,"{np.str_('negative'): 0.7301, np.str_('neutral'): 0.1674, np.str_('positive'): 0.1025}",labeled,negative,0.8539,"{'negative': 0.8539, 'neutral': 0.1361, 'positive': 0.01}"
159,update Yogi Adityanath just announced a major healthcare reform. This is we voted for! #MAGA,2024-06-18,user_225,Florida,Yogi Adityanath,Republicans,Synthetic,positive,update Yogi announced major healthcare reform voted,"['update', 'Yogi', 'announced', 'major', 'healthcare', 'reform', 'voted']",7,51,positive,0.4924,"{np.str_('negative'): 0.205, np.str_('neutral'): 0.3027, np.str_('positive'): 0.4924}",labeled,positive,0.7335,"{'positive': 0.7335, 'neutral': 0.2629, 'negative': 0.0036}"
160,statement The policies of Biden have genuinely improved lives in Sydney. Keep it up! #VoterRights,2024-04-19,user_291,Sydney,Biden,TMC,Synthetic,positive,statement policy biden genuinely improved life sydney keep,"['statement', 'policy', 'biden', 'genuinely', 'improved', 'life', 'sydney', 'keep']",8,58,positive,0.7798,"{np.str_('negative'): 0.1107, np.str_('neutral'): 0.1095, np.str_('positive'): 0.7798}",labeled,positive,0.7986,"{'positive': 0.7986, 'neutral': 0.1836, 'negative': 0.0178}"
161,BJP's new budget plan is exactly what the middle class needs. Great work! #BidenHarris2024,2024-09-02,user_162,Gujarat,Obama,BJP,Synthetic,positive,bjps new budget plan exactly middle class need great work,"['bjps', 'new', 'budget', 'plan', 'exactly', 'middle', 'class', 'need', 'great', 'work']",10,57,positive,0.6041,"{np.str_('negative'): 0.1903, np.str_('neutral'): 0.2057, np.str_('positive'): 0.6041}",labeled,positive,0.6169,"{'positive': 0.6169, 'neutral': 0.3328, 'negative': 0.0503}"
162,news Voters in Delhi will head to the polls week as next Trump campaigns. #GlobalPolitics,2024-06-25,user_679,Delhi,Trump,BJP,Synthetic,neutral,news voter delhi head poll week next trump campaign,"['news', 'voter', 'delhi', 'head', 'poll', 'week', 'next', 'trump', 'campaign']",9,51,neutral,0.8893,"{np.str_('negative'): 0.0721, np.str_('neutral'): 0.8893, np.str_('positive'): 0.0387}",labeled,neutral,0.9168,"{'neutral': 0.9168, 'negative': 0.0425, 'positive': 0.0407}"
163,statement INC (Congress) consistently delivers on its promises. Strong governance visible. #HopeAndChange is,2025-01-27,user_698,Delhi,Amit Shah,INC (Congress),Synthetic,positive,statement inc congress consistently delivers promise strong governance visible,"['statement', 'inc', 'congress', 'consistently', 'delivers', 'promise', 'strong', 'governance', 'visible']",9,78,positive,0.522,"{np.str_('negative'): 0.2854, np.str_('neutral'): 0.1926, np.str_('positive'): 0.522}",labeled,positive,0.8524,"{'positive': 0.8524, 'neutral': 0.14, 'negative': 0.0077}"
164,Interesting to see DeSantis and Labour working together. Not sure if this is or good bad. #BreakingNews,2024-07-17,user_463,Berlin,DeSantis,Labour,Synthetic,neutral,interesting see DeSantis LabourParty working together not sure good bad,"['interesting', 'see', 'DeSantis', 'LabourParty', 'working', 'together', 'not', 'sure', 'good', 'bad']",10,71,neutral,0.8449,"{np.str_('negative'): 0.0993, np.str_('neutral'): 0.8449, np.str_('positive'): 0.0558}",labeled,neutral,0.785,"{'neutral': 0.785, 'negative': 0.1193, 'positive': 0.0957}"
165,official The debate between Trudeau and the opposition drew millions of viewers. #USPolitics,2024-10-17,user_677,Texas,Trudeau,Labour,Synthetic,neutral,official debate Trudeau opposition drew million viewer,"['official', 'debate', 'Trudeau', 'opposition', 'drew', 'million', 'viewer']",7,54,neutral,0.6322,"{np.str_('negative'): 0.1316, np.str_('neutral'): 0.6322, np.str_('positive'): 0.2363}",labeled,neutral,0.7909,"{'neutral': 0.7909, 'negative': 0.1158, 'positive': 0.0933}"
166,"4 leader Finally, like Harris who understands teh needs of teh youth. #PeaceAndProsperity",2024-11-10,user_306,Gujarat,Harris,Conservatives,Synthetic,positive,leader finally like harris understands teh need teh youth,"['leader', 'finally', 'like', 'harris', 'understands', 'teh', 'need', 'teh', 'youth']",9,57,positive,0.8935,"{np.str_('negative'): 0.0662, np.str_('neutral'): 0.0403, np.str_('positive'): 0.8935}",labeled,positive,0.5349,"{'positive': 0.5349, 'neutral': 0.4302, 'negative': 0.0348}"
167,The policies Macron of have genuinely improved lives in Maharashtra. Keep it up! #Election2024,2024-07-10,user_821,Maharashtra,Macron,Labour,Synthetic,positive,policy Macron genuinely improved life maharashtra keep,"['policy', 'Macron', 'genuinely', 'improved', 'life', 'maharashtra', 'keep']",7,54,positive,0.7644,"{np.str_('negative'): 0.1368, np.str_('neutral'): 0.0988, np.str_('positive'): 0.7644}",labeled,positive,0.8076,"{'positive': 0.8076, 'neutral': 0.1752, 'negative': 0.0171}"
168,Analysts are divided on Yogi Adityanath's recent economic proposals. #IndiaNews,2024-09-06,user_764,Berlin,Yogi Adityanath,AAP,Synthetic,neutral,analyst divided Yogi adityanaths recent economic proposal,"['analyst', 'divided', 'Yogi', 'adityanaths', 'recent', 'economic', 'proposal']",7,57,neutral,0.791,"{np.str_('negative'): 0.0736, np.str_('neutral'): 0.791, np.str_('positive'): 0.1354}",labeled,neutral,0.8484,"{'neutral': 0.8484, 'negative': 0.1073, 'positive': 0.0443}"
169,"government Under Modi's leadership, crime rates in Maharashtra have dropped significantly. #VoterRights",2024-12-25,user_686,Maharashtra,Modi,Labour,Synthetic,positive,government modis leadership crime rate maharashtra dropped significantly,"['government', 'modis', 'leadership', 'crime', 'rate', 'maharashtra', 'dropped', 'significantly']",8,72,positive,0.5866,"{np.str_('negative'): 0.2348, np.str_('neutral'): 0.1786, np.str_('positive'): 0.5866}",labeled,neutral,0.5302,"{'neutral': 0.5302, 'positive': 0.2846, 'negative': 0.1851}"
170,today The education reforms by Democrats are transforming across the nation. #IndiaFirst,2024-02-15,user_941,Texas,Rahul Gandhi,Democrats,Synthetic,positive,today education reform Democrats transforming across nation,"['today', 'education', 'reform', 'Democrats', 'transforming', 'across', 'nation']",7,59,positive,0.8797,"{np.str_('negative'): 0.0667, np.str_('neutral'): 0.0536, np.str_('positive'): 0.8797}",labeled,positive,0.5692,"{'positive': 0.5692, 'neutral': 0.422, 'negative': 0.0088}"
171,"statement I used to INC support (Congress), but after Sunak's recent speech in Gujarat, I'm not so sure anymore.",2024-03-26,user_523,Gujarat,Sunak,INC (Congress),Synthetic,neutral,statement used inc support congress but sunaks recent speech gujarat im not sure anymore,"['statement', 'used', 'inc', 'support', 'congress', 'but', 'sunaks', 'recent', 'speech', 'gujarat', 'im', 'not', 'sure', 'anymore']",14,88,neutral,0.7488,"{np.str_('negative'): 0.0662, np.str_('neutral'): 0.7488, np.str_('positive'): 0.1849}",labeled,neutral,0.6683,"{'neutral': 0.6683, 'negative': 0.314, 'positive': 0.0177}"
172,"policy Wait, Kejriwal actually thinks this plan work? will It's a disaster. #NewsUpdate",2024-02-23,user_175,Maharashtra,Arvind Kejriwal,AAP,Synthetic,negative,policy wait Kejriwal actually think plan work disaster,"['policy', 'wait', 'Kejriwal', 'actually', 'think', 'plan', 'work', 'disaster']",8,54,negative,0.4069,"{np.str_('negative'): 0.4069, np.str_('neutral'): 0.3549, np.str_('positive'): 0.2382}",labeled,negative,0.6232,"{'negative': 0.6232, 'neutral': 0.3477, 'positive': 0.0291}"
173,Scandal after scandal with Modi. When will the accountability come? #Resign,2024-12-26,user_131,Delhi,Modi,Labour,Synthetic,negative,scandal scandal modi accountability come,"['scandal', 'scandal', 'modi', 'accountability', 'come']",5,40,negative,0.9323,"{np.str_('negative'): 0.9323, np.str_('neutral'): 0.0314, np.str_('positive'): 0.0363}",labeled,neutral,0.5437,"{'neutral': 0.5437, 'negative': 0.3976, 'positive': 0.0587}"
174,Voters in Delhi to head will the polls next week as Rahul Gandhi campaigns. #Election2024,2024-05-24,user_404,Delhi,Rahul Gandhi,Labour,Synthetic,neutral,voter delhi head poll next week RahulGandhi campaign,"['voter', 'delhi', 'head', 'poll', 'next', 'week', 'RahulGandhi', 'campaign']",8,52,neutral,0.912,"{np.str_('negative'): 0.0489, np.str_('neutral'): 0.912, np.str_('positive'): 0.0392}",labeled,neutral,0.9019,"{'neutral': 0.9019, 'positive': 0.0835, 'negative': 0.0146}"
175,official Survey zhowz mixed public opinion Republicans's latest immigration policy. #VoterRights,2024-09-02,user_304,Sydney,DeSantis,Republicans,Synthetic,neutral,official survey zhowz mixed public opinion republicanss latest immigration policy,"['official', 'survey', 'zhowz', 'mixed', 'public', 'opinion', 'republicanss', 'latest', 'immigration', 'policy']",10,81,neutral,0.8472,"{np.str_('negative'): 0.1032, np.str_('neutral'): 0.8472, np.str_('positive'): 0.0496}",labeled,neutral,0.8915,"{'neutral': 0.8915, 'negative': 0.0795, 'positive': 0.029}"
176,statement The policies of Trump have genuinely improved lives in California. Keep it up! #PeaceAndProsperity,2024-05-15,user_193,California,Trump,Democrats,Synthetic,positive,statement policy trump genuinely improved life california keep,"['statement', 'policy', 'trump', 'genuinely', 'improved', 'life', 'california', 'keep']",8,62,positive,0.735,"{np.str_('negative'): 0.1557, np.str_('neutral'): 0.1092, np.str_('positive'): 0.735}",labeled,positive,0.8718,"{'positive': 0.8718, 'neutral': 0.114, 'negative': 0.0142}"
177,statement The policies of Yogi Adityanath have genuinely improved lives in Delhi. Keep it up! #PoliticsDaily,2024-05-17,user_677,Delhi,Yogi Adityanath,LibDems,Synthetic,positive,statement policy Yogi genuinely improved life delhi keep,"['statement', 'policy', 'Yogi', 'genuinely', 'improved', 'life', 'delhi', 'keep']",8,56,positive,0.722,"{np.str_('negative'): 0.1568, np.str_('neutral'): 0.1213, np.str_('positive'): 0.722}",labeled,positive,0.8535,"{'positive': 0.8535, 'neutral': 0.1374, 'negative': 0.009}"
178,policy Biden's policies are destroying small businesses across Berlin. Unacceptable! #PoliticsDaily,2024-09-24,user_528,Berlin,Biden,Labour,Synthetic,negative,policy bidens policy destroying small business across berlin unacceptable,"['policy', 'bidens', 'policy', 'destroying', 'small', 'business', 'across', 'berlin', 'unacceptable']",9,73,negative,0.9071,"{np.str_('negative'): 0.9071, np.str_('neutral'): 0.0464, np.str_('positive'): 0.0465}",labeled,negative,0.9088,"{'negative': 0.9088, 'neutral': 0.0846, 'positive': 0.0067}"
179,disappointed Extremely with Amit Shah's lack of on climate change. #Accountability,2024-04-08,user_229,California,Amit Shah,TMC,Synthetic,negative,disappointed extremely amit shah lack climate change,"['disappointed', 'extremely', 'amit', 'shah', 'lack', 'climate', 'change']",7,52,negative,0.7965,"{np.str_('negative'): 0.7965, np.str_('neutral'): 0.0888, np.str_('positive'): 0.1147}",labeled,negative,0.8692,"{'negative': 0.8692, 'neutral': 0.1182, 'positive': 0.0126}"
180,official How many more scandals before Biden is held responsible? Enough is enough! #Exposed,2024-02-04,user_189,Berlin,Biden,AAP,Synthetic,negative,official many scandal biden held responsible enough enough,"['official', 'many', 'scandal', 'biden', 'held', 'responsible', 'enough', 'enough']",8,58,negative,0.7114,"{np.str_('negative'): 0.7114, np.str_('neutral'): 0.1859, np.str_('positive'): 0.1027}",labeled,neutral,0.5973,"{'neutral': 0.5973, 'negative': 0.333, 'positive': 0.0697}"
181,official Experts weigh in on LibDems's five-year development plan. #USPolitics,2024-09-24,user_900,Delhi,Rahul Gandhi,LibDems,Synthetic,neutral,official expert weigh libdemss fiveyear development plan,"['official', 'expert', 'weigh', 'libdemss', 'fiveyear', 'development', 'plan']",7,56,neutral,0.8038,"{np.str_('negative'): 0.0813, np.str_('neutral'): 0.8038, np.str_('positive'): 0.1149}",labeled,neutral,0.8793,"{'neutral': 0.8793, 'positive': 0.0967, 'negative': 0.0239}"
182,policy Voters in Delhi will head to the polls next week as Rahul Gandhi campaigns. #NewsUpdate,2024-02-21,user_904,Delhi,Rahul Gandhi,Republicans,Synthetic,neutral,policy voter delhi head poll next week RahulGandhi campaign,"['policy', 'voter', 'delhi', 'head', 'poll', 'next', 'week', 'RahulGandhi', 'campaign']",9,59,neutral,0.8992,"{np.str_('negative'): 0.0566, np.str_('neutral'): 0.8992, np.str_('positive'): 0.0442}",labeled,neutral,0.9254,"{'neutral': 0.9254, 'positive': 0.0561, 'negative': 0.0185}"
183,"today Everyone is talking about Obama. Some love it, some hate it. What do you think? #IndiaNews",2024-11-12,user_723,Maharashtra,Obama,LibDems,Synthetic,neutral,today everyone talking Obama love hate think,"['today', 'everyone', 'talking', 'Obama', 'love', 'hate', 'think']",7,44,neutral,0.5763,"{np.str_('negative'): 0.1764, np.str_('neutral'): 0.5763, np.str_('positive'): 0.2474}",labeled,neutral,0.4784,"{'neutral': 0.4784, 'negative': 0.4531, 'positive': 0.0686}"
184,Record GDP growth under AAP leadership. The is thriving! #Election2024,2024-06-04,user_418,Sydney,Yogi Adityanath,AAP,Synthetic,positive,record gdp growth AAP leadership thriving,"['record', 'gdp', 'growth', 'AAP', 'leadership', 'thriving']",6,41,positive,0.6287,"{np.str_('negative'): 0.1916, np.str_('neutral'): 0.1797, np.str_('positive'): 0.6287}",labeled,positive,0.9341,"{'positive': 0.9341, 'neutral': 0.0611, 'negative': 0.0047}"
185,official Obama sold out to corporate interests. The common man means nothing to them. #Liar,2024-11-26,user_191,Berlin,Obama,TMC,Synthetic,negative,official Obama sold corporate interest common man mean nothing,"['official', 'Obama', 'sold', 'corporate', 'interest', 'common', 'man', 'mean', 'nothing']",9,62,neutral,0.4474,"{np.str_('negative'): 0.2042, np.str_('neutral'): 0.4474, np.str_('positive'): 0.3484}",labeled,negative,0.7125,"{'negative': 0.7125, 'neutral': 0.2646, 'positive': 0.0229}"
186,How many more scandals before DeSantis is held responsible? Enough is enough! #USPolitics,2024-06-08,user_826,California,DeSantis,TMC,Synthetic,negative,many scandal DeSantis held responsible enough enough,"['many', 'scandal', 'DeSantis', 'held', 'responsible', 'enough', 'enough']",7,52,negative,0.7142,"{np.str_('negative'): 0.7142, np.str_('neutral'): 0.1999, np.str_('positive'): 0.0859}",labeled,neutral,0.7055,"{'neutral': 0.7055, 'negative': 0.1774, 'positive': 0.1171}"
187,policy Opposition responds to Shah's budget address with mixed reactions. #VoterRights,2024-08-21,user_151,Texas,Amit Shah,AAP,Synthetic,neutral,policy opposition responds shah budget address mixed reaction,"['policy', 'opposition', 'responds', 'shah', 'budget', 'address', 'mixed', 'reaction']",8,61,neutral,0.9127,"{np.str_('negative'): 0.041, np.str_('neutral'): 0.9127, np.str_('positive'): 0.0463}",labeled,neutral,0.68,"{'neutral': 0.68, 'negative': 0.3032, 'positive': 0.0168}"
188,statement Modi shows true compassion for ordinary citizens. A leader for the people! #IndiaNews,2024-03-31,user_991,Florida,Modi,Conservatives,Synthetic,positive,statement modi show true compassion ordinary citizen leader people,"['statement', 'modi', 'show', 'true', 'compassion', 'ordinary', 'citizen', 'leader', 'people']",9,66,positive,0.9197,"{np.str_('negative'): 0.0441, np.str_('neutral'): 0.0362, np.str_('positive'): 0.9197}",labeled,positive,0.6366,"{'positive': 0.6366, 'neutral': 0.3391, 'negative': 0.0243}"
189,policy Arvind Kejriwal shows true compassion for ordinary citizens. A leader for the people! #HopeAndChange,2024-03-24,user_974,Maharashtra,Arvind Kejriwal,LibDems,Synthetic,positive,policy arvind Kejriwal show true compassion ordinary citizen leader people,"['policy', 'arvind', 'Kejriwal', 'show', 'true', 'compassion', 'ordinary', 'citizen', 'leader', 'people']",10,74,positive,0.9033,"{np.str_('negative'): 0.0505, np.str_('neutral'): 0.0462, np.str_('positive'): 0.9033}",labeled,neutral,0.6062,"{'neutral': 0.6062, 'positive': 0.3381, 'negative': 0.0557}"
190,Mamata Banerjee sold out to corporate The interests. common man means nothing to them. #Exposed,2024-03-08,user_762,California,Mamata Banerjee,Conservatives,Synthetic,negative,Mamata sold corporate interest common man mean nothing,"['Mamata', 'sold', 'corporate', 'interest', 'common', 'man', 'mean', 'nothing']",8,54,negative,0.3927,"{np.str_('negative'): 0.3927, np.str_('neutral'): 0.3281, np.str_('positive'): 0.2792}",labeled,negative,0.6296,"{'negative': 0.6296, 'neutral': 0.3492, 'positive': 0.0211}"
191,Healthcare is a mess and Democrats has done nothing meaningful to fix it. #Accountability,2024-08-23,user_358,California,Harris,Democrats,Synthetic,negative,healthcare mess Democrats done nothing meaningful fix,"['healthcare', 'mess', 'Democrats', 'done', 'nothing', 'meaningful', 'fix']",7,53,neutral,0.405,"{np.str_('negative'): 0.344, np.str_('neutral'): 0.405, np.str_('positive'): 0.251}",labeled,negative,0.9181,"{'negative': 0.9181, 'neutral': 0.0719, 'positive': 0.01}"
192,The new TMC policy is a breath of fresh air the industry. #NewsUpdate,2024-10-31,user_723,Florida,DeSantis,TMC,Synthetic,positive,new tmc policy breath fresh air industry,"['new', 'tmc', 'policy', 'breath', 'fresh', 'air', 'industry']",7,40,neutral,0.4779,"{np.str_('negative'): 0.1817, np.str_('neutral'): 0.4779, np.str_('positive'): 0.3404}",labeled,neutral,0.7289,"{'neutral': 0.7289, 'positive': 0.2322, 'negative': 0.039}"
193,official Excellent initiative by Obama to support rural development. #ModiForIndia,2024-11-29,user_405,Berlin,Obama,BJP,Synthetic,positive,official excellent initiative Obama support rural development,"['official', 'excellent', 'initiative', 'Obama', 'support', 'rural', 'development']",7,61,positive,0.67,"{np.str_('negative'): 0.0771, np.str_('neutral'): 0.2529, np.str_('positive'): 0.67}",labeled,positive,0.9662,"{'positive': 0.9662, 'neutral': 0.0284, 'negative': 0.0053}"
194,"I used to support Labour, but after DeSantis's recent speech in California, I'm not so sure anymore.",2024-05-12,user_528,California,DeSantis,Labour,Synthetic,neutral,used support LabourParty but desantiss recent speech california im not sure anymore,"['used', 'support', 'LabourParty', 'but', 'desantiss', 'recent', 'speech', 'california', 'im', 'not', 'sure', 'anymore']",12,83,neutral,0.7741,"{np.str_('negative'): 0.0827, np.str_('neutral'): 0.7741, np.str_('positive'): 0.1432}",labeled,neutral,0.5788,"{'neutral': 0.5788, 'negative': 0.3966, 'positive': 0.0246}"
195,"Another day, another failure from the AAP administration in Sydney. #VoterRights",2024-08-31,user_787,Sydney,Rahul Gandhi,AAP,Synthetic,negative,another day another failure AAP administration sydney,"['another', 'day', 'another', 'failure', 'AAP', 'administration', 'sydney']",7,53,negative,0.8394,"{np.str_('negative'): 0.8394, np.str_('neutral'): 0.0871, np.str_('positive'): 0.0736}",labeled,negative,0.8934,"{'negative': 0.8934, 'neutral': 0.0955, 'positive': 0.0111}"
196,government New poll data shows shifting voter preferences in Florida region. #NewsUpdate,2025-01-06,user_927,Florida,Modi,LibDems,Synthetic,neutral,government new poll data show shifting voter preference florida region,"['government', 'new', 'poll', 'data', 'show', 'shifting', 'voter', 'preference', 'florida', 'region']",10,70,neutral,0.9089,"{np.str_('negative'): 0.0439, np.str_('neutral'): 0.9089, np.str_('positive'): 0.0471}",labeled,neutral,0.8976,"{'neutral': 0.8976, 'negative': 0.0685, 'positive': 0.0339}"
197,Amit Shah's policies are destroying small businesses across Maharashtra. Unacceptable! #EndThis,2024-05-13,user_699,Maharashtra,Amit Shah,Labour,Synthetic,negative,amit shah policy destroying small business across maharashtra unacceptable,"['amit', 'shah', 'policy', 'destroying', 'small', 'business', 'across', 'maharashtra', 'unacceptable']",9,74,negative,0.8772,"{np.str_('negative'): 0.8772, np.str_('neutral'): 0.0518, np.str_('positive'): 0.0709}",labeled,negative,0.861,"{'negative': 0.861, 'neutral': 0.1289, 'positive': 0.0102}"
198,government Excellent initiative by Obama to support rural development. #BidenHarris2024,2024-12-14,user_490,Berlin,Obama,TMC,Synthetic,positive,government excellent initiative Obama support rural development,"['government', 'excellent', 'initiative', 'Obama', 'support', 'rural', 'development']",7,63,positive,0.6895,"{np.str_('negative'): 0.074, np.str_('neutral'): 0.2365, np.str_('positive'): 0.6895}",labeled,positive,0.9648,"{'positive': 0.9648, 'neutral': 0.0294, 'negative': 0.0058}"
199,"I used to support BJP, but after Shah's Amit recent speech in Delhi, I'm not so sure anymore.",2025-01-01,user_284,Delhi,Amit Shah,BJP,Synthetic,neutral,used support BJP but shah amit recent speech delhi im not sure anymore,"['used', 'support', 'BJP', 'but', 'shah', 'amit', 'recent', 'speech', 'delhi', 'im', 'not', 'sure', 'anymore']",13,70,neutral,0.7234,"{np.str_('negative'): 0.0963, np.str_('neutral'): 0.7234, np.str_('positive'): 0.1803}",labeled,neutral,0.6821,"{'neutral': 0.6821, 'negative': 0.2904, 'positive': 0.0274}"
200,Analysts are divided on Macron's recent economic #NewsUpdate,2025-01-26,user_262,Gujarat,Macron,Republicans,Synthetic,neutral,analyst divided macron recent economic,"['analyst', 'divided', 'macron', 'recent', 'economic']",5,38,neutral,0.7369,"{np.str_('negative'): 0.0774, np.str_('neutral'): 0.7369, np.str_('positive'): 0.1857}",labeled,neutral,0.849,"{'neutral': 0.849, 'negative': 0.1046, 'positive': 0.0464}"
201,"policy While Arvind Kejriwal claims success, the situation in Texas remains complicated. #GlobalPolitics",2025-01-09,user_482,Texas,Arvind Kejriwal,Republicans,Synthetic,neutral,policy arvind Kejriwal claim success situation texas remains complicated,"['policy', 'arvind', 'Kejriwal', 'claim', 'success', 'situation', 'texas', 'remains', 'complicated']",9,72,neutral,0.8668,"{np.str_('negative'): 0.0747, np.str_('neutral'): 0.8668, np.str_('positive'): 0.0585}",labeled,neutral,0.8739,"{'neutral': 0.8739, 'negative': 0.0821, 'positive': 0.044}"
202,"government I used to support INC (Congress), but after Biden's recent speech in California, I'm not so sure anymore.",2024-09-14,user_702,California,Biden,INC (Congress),Synthetic,neutral,government used support inc congress but bidens recent speech california im not sure anymore,"['government', 'used', 'support', 'inc', 'congress', 'but', 'bidens', 'recent', 'speech', 'california', 'im', 'not', 'sure', 'anymore']",14,92,neutral,0.7594,"{np.str_('negative'): 0.0851, np.str_('neutral'): 0.7594, np.str_('positive'): 0.1555}",labeled,neutral,0.7508,"{'neutral': 0.7508, 'negative': 0.227, 'positive': 0.0222}"
203,statement New poll data shows shifting preferences voter in Berlin region. #Election2024,2024-04-06,user_268,Berlin,Obama,Labour,Synthetic,neutral,statement new poll data show shifting preference voter berlin region,"['statement', 'new', 'poll', 'data', 'show', 'shifting', 'preference', 'voter', 'berlin', 'region']",10,68,neutral,0.9221,"{np.str_('negative'): 0.0381, np.str_('neutral'): 0.9221, np.str_('positive'): 0.0399}",labeled,neutral,0.9257,"{'neutral': 0.9257, 'negative': 0.0405, 'positive': 0.0338}"
204,"today Macron's leadership, crime rates in Sydney have dropped significantly. #IndiaFirst",2024-01-20,user_484,Sydney,Macron,AAP,Synthetic,positive,today macron leadership crime rate sydney dropped significantly,"['today', 'macron', 'leadership', 'crime', 'rate', 'sydney', 'dropped', 'significantly']",8,63,positive,0.5892,"{np.str_('negative'): 0.1535, np.str_('neutral'): 0.2573, np.str_('positive'): 0.5892}",labeled,neutral,0.4917,"{'neutral': 0.4917, 'negative': 0.3891, 'positive': 0.1191}"
205,news Can't believe BJP raised taxes again while corruption runs rampant in #NeverAgain,2024-12-25,user_256,Sydney,Yogi Adityanath,BJP,Synthetic,negative,news cant believe BJP raised tax corruption run rampant,"['news', 'cant', 'believe', 'BJP', 'raised', 'tax', 'corruption', 'run', 'rampant']",9,55,negative,0.5796,"{np.str_('negative'): 0.5796, np.str_('neutral'): 0.2331, np.str_('positive'): 0.1873}",labeled,negative,0.922,"{'negative': 0.922, 'neutral': 0.0702, 'positive': 0.0079}"
206,update DeSantis united the divided nation with his remarkable speech yesterday. #UnitedWeStand,2024-09-18,user_836,Florida,DeSantis,Democrats,Synthetic,positive,update DeSantis united divided nation remarkable speech yesterday,"['update', 'DeSantis', 'united', 'divided', 'nation', 'remarkable', 'speech', 'yesterday']",8,65,positive,0.663,"{np.str_('negative'): 0.1014, np.str_('neutral'): 0.2356, np.str_('positive'): 0.663}",labeled,neutral,0.7184,"{'neutral': 0.7184, 'positive': 0.1948, 'negative': 0.0868}"
207,The lies told by Mamata Banerjee during the election are now crystal clear. Disgraceful. #NeverAgain,2024-07-02,user_820,Florida,Mamata Banerjee,Republicans,Synthetic,negative,lie told Mamata election crystal clear disgraceful,"['lie', 'told', 'Mamata', 'election', 'crystal', 'clear', 'disgraceful']",7,50,negative,0.8256,"{np.str_('negative'): 0.8256, np.str_('neutral'): 0.1092, np.str_('positive'): 0.0652}",labeled,negative,0.8918,"{'negative': 0.8918, 'neutral': 0.1007, 'positive': 0.0076}"
208,policy So proud of what BJP has accomplished this term. Unemployment is down! #PolicyDebate,2024-02-15,user_213,Texas,Rahul Gandhi,BJP,Synthetic,positive,policy proud BJP accomplished term unemployment,"['policy', 'proud', 'BJP', 'accomplished', 'term', 'unemployment']",6,47,positive,0.8549,"{np.str_('negative'): 0.0668, np.str_('neutral'): 0.0783, np.str_('positive'): 0.8549}",labeled,positive,0.8097,"{'positive': 0.8097, 'neutral': 0.1771, 'negative': 0.0132}"
209,policy Trudeau's destroying policies are small businesses across Texas. Unacceptable! #GlobalPolitics,2024-03-30,user_995,Texas,Trudeau,TMC,Synthetic,negative,policy trudeaus destroying policy small business across texas unacceptable,"['policy', 'trudeaus', 'destroying', 'policy', 'small', 'business', 'across', 'texas', 'unacceptable']",9,74,negative,0.8935,"{np.str_('negative'): 0.8935, np.str_('neutral'): 0.0513, np.str_('positive'): 0.0553}",labeled,negative,0.9019,"{'negative': 0.9019, 'neutral': 0.0913, 'positive': 0.0068}"
210,The BJP bill has zome good points but also many flaws. A mixed bag for Maharashtra.,2024-07-02,user_548,Maharashtra,Biden,BJP,Synthetic,neutral,BJP bill zome good point but also many flaw mixed bag maharashtra,"['BJP', 'bill', 'zome', 'good', 'point', 'but', 'also', 'many', 'flaw', 'mixed', 'bag', 'maharashtra']",12,65,neutral,0.8877,"{np.str_('negative'): 0.0615, np.str_('neutral'): 0.8877, np.str_('positive'): 0.0508}",labeled,negative,0.4803,"{'negative': 0.4803, 'neutral': 0.4645, 'positive': 0.0551}"
211,Mamata Banerjee shows true compassion for ordinary A citizens. leader for the people! #Election2024,2024-11-28,user_916,Berlin,Mamata Banerjee,BJP,Synthetic,positive,Mamata show true compassion ordinary citizen leader people,"['Mamata', 'show', 'true', 'compassion', 'ordinary', 'citizen', 'leader', 'people']",8,58,positive,0.9232,"{np.str_('negative'): 0.0445, np.str_('neutral'): 0.0323, np.str_('positive'): 0.9232}",labeled,neutral,0.537,"{'neutral': 0.537, 'positive': 0.3938, 'negative': 0.0692}"
212,Republicans committee to review healthcare spending over the next quarter. #Election2024,2024-08-12,user_285,Texas,Harris,Republicans,Synthetic,neutral,Republicans committee review healthcare spending next quarter,"['Republicans', 'committee', 'review', 'healthcare', 'spending', 'next', 'quarter']",7,61,neutral,0.7873,"{np.str_('negative'): 0.1204, np.str_('neutral'): 0.7873, np.str_('positive'): 0.0923}",labeled,neutral,0.8991,"{'neutral': 0.8991, 'positive': 0.0649, 'negative': 0.0361}"
213,Mamat4 Banerjee has completely failed teh working class. Anotehr broken promise. #Liar,2024-12-01,user_421,Maharashtra,Mamata Banerjee,AAP,Synthetic,negative,mamat4 banerjee completely failed teh working class anotehr broken promise,"['mamat4', 'banerjee', 'completely', 'failed', 'teh', 'working', 'class', 'anotehr', 'broken', 'promise']",10,74,negative,0.601,"{np.str_('negative'): 0.601, np.str_('neutral'): 0.134, np.str_('positive'): 0.265}",labeled,negative,0.8536,"{'negative': 0.8536, 'neutral': 0.1344, 'positive': 0.012}"
214,Corruption in LibDems is at an all-time high. Where is hte accountability? #GlobalPolitics,2024-12-05,user_792,California,Biden,LibDems,Synthetic,negative,corruption libdems alltime high hte accountability,"['corruption', 'libdems', 'alltime', 'high', 'hte', 'accountability']",6,50,negative,0.8239,"{np.str_('negative'): 0.8239, np.str_('neutral'): 0.089, np.str_('positive'): 0.0872}",labeled,negative,0.5768,"{'negative': 0.5768, 'neutral': 0.3693, 'positive': 0.0539}"
215,"statement While Yogi Adityanath claims success, the situation in Texas remains complicated. #Election2024",2024-06-18,user_384,Texas,Yogi Adityanath,AAP,Synthetic,neutral,statement Yogi claim success situation texas remains complicated,"['statement', 'Yogi', 'claim', 'success', 'situation', 'texas', 'remains', 'complicated']",8,64,neutral,0.8755,"{np.str_('negative'): 0.0698, np.str_('neutral'): 0.8755, np.str_('positive'): 0.0546}",labeled,neutral,0.8591,"{'neutral': 0.8591, 'positive': 0.0744, 'negative': 0.0664}"
216,"While Biden claims success, the situation in California remains complicated. #GlobalPolitics",2024-09-12,user_557,California,Biden,LibDems,Synthetic,neutral,biden claim success situation california remains complicated,"['biden', 'claim', 'success', 'situation', 'california', 'remains', 'complicated']",7,60,neutral,0.8906,"{np.str_('negative'): 0.0625, np.str_('neutral'): 0.8906, np.str_('positive'): 0.0469}",labeled,neutral,0.7976,"{'neutral': 0.7976, 'negative': 0.1721, 'positive': 0.0303}"
217,Modi haz completely failed the working class. Another promise. #NeverAgain,2024-11-22,user_411,Gujarat,Modi,Republicans,Synthetic,negative,modi haz completely failed working class another promise,"['modi', 'haz', 'completely', 'failed', 'working', 'class', 'another', 'promise']",8,56,negative,0.586,"{np.str_('negative'): 0.586, np.str_('neutral'): 0.1344, np.str_('positive'): 0.2796}",labeled,negative,0.8247,"{'negative': 0.8247, 'neutral': 0.1595, 'positive': 0.0158}"
218,Amit Shah addressed parliament on the state of national security. #PolicyDebate,2025-01-27,user_734,California,Amit Shah,LibDems,Synthetic,neutral,amit shah addressed parliament state national security,"['amit', 'shah', 'addressed', 'parliament', 'state', 'national', 'security']",7,54,neutral,0.5655,"{np.str_('negative'): 0.1458, np.str_('neutral'): 0.5655, np.str_('positive'): 0.2887}",labeled,neutral,0.8263,"{'neutral': 0.8263, 'positive': 0.1493, 'negative': 0.0244}"
219,Proud to be a TMC supporter. Our values align with progress. #UnitedWeStand national,2024-09-24,user_482,Maharashtra,Mamata Banerjee,TMC,Synthetic,positive,proud tmc supporter value align progress national,"['proud', 'tmc', 'supporter', 'value', 'align', 'progress', 'national']",7,49,positive,0.9179,"{np.str_('negative'): 0.0421, np.str_('neutral'): 0.04, np.str_('positive'): 0.9179}",labeled,positive,0.9202,"{'positive': 0.9202, 'neutral': 0.0745, 'negative': 0.0053}"
220,update The policies of Sunak have genuinely improved lives in Keep it up! #USPolitics,2024-08-22,user_944,Sydney,Sunak,Republicans,Synthetic,positive,update policy Sunak genuinely improved life keep,"['update', 'policy', 'Sunak', 'genuinely', 'improved', 'life', 'keep']",7,48,positive,0.815,"{np.str_('negative'): 0.0931, np.str_('neutral'): 0.0919, np.str_('positive'): 0.815}",labeled,positive,0.7082,"{'positive': 0.7082, 'neutral': 0.2701, 'negative': 0.0217}"
221,"I used to support Conservatives, but after Macron's recent speech Maharashtra, in I'm not so sure anymore.",2024-03-09,user_610,Maharashtra,Macron,Conservatives,Synthetic,neutral,used support conservative but macron recent speech maharashtra im not sure anymore,"['used', 'support', 'conservative', 'but', 'macron', 'recent', 'speech', 'maharashtra', 'im', 'not', 'sure', 'anymore']",12,82,neutral,0.7306,"{np.str_('negative'): 0.0911, np.str_('neutral'): 0.7306, np.str_('positive'): 0.1783}",labeled,neutral,0.5936,"{'neutral': 0.5936, 'negative': 0.3886, 'positive': 0.0179}"
222,"Wait, Biden actually thinks this plan will work? It's a disaster. #BreakingNews",2024-10-23,user_277,Sydney,Biden,LibDems,Synthetic,negative,wait biden actually think plan work disaster,"['wait', 'biden', 'actually', 'think', 'plan', 'work', 'disaster']",7,44,negative,0.4111,"{np.str_('negative'): 0.4111, np.str_('neutral'): 0.3411, np.str_('positive'): 0.2478}",labeled,negative,0.6621,"{'negative': 0.6621, 'neutral': 0.3038, 'positive': 0.0341}"
223,The poor get poorer under Labour's watch. Trickle-down economics is a lie! #Election2024,2024-05-20,user_507,Berlin,Sunak,Labour,Synthetic,negative,poor get poorer labour watch trickledown economics lie,"['poor', 'get', 'poorer', 'labour', 'watch', 'trickledown', 'economics', 'lie']",8,54,negative,0.9579,"{np.str_('negative'): 0.9579, np.str_('neutral'): 0.0138, np.str_('positive'): 0.0284}",labeled,negative,0.7238,"{'negative': 0.7238, 'neutral': 0.2513, 'positive': 0.0248}"
224,Opposition responds to Modi's budget address with mixed reactions. #NewsUpdate,2024-11-15,user_831,Gujarat,Modi,BJP,Synthetic,neutral,opposition responds modis budget address mixed reaction,"['opposition', 'responds', 'modis', 'budget', 'address', 'mixed', 'reaction']",7,55,neutral,0.9405,"{np.str_('negative'): 0.0281, np.str_('neutral'): 0.9405, np.str_('positive'): 0.0314}",labeled,neutral,0.8723,"{'neutral': 0.8723, 'negative': 0.0981, 'positive': 0.0296}"
225,The policies of Obama have genuinely improved lives in Texas. Keep it up! #GlobalPolitics,2024-10-25,user_684,Texas,Obama,INC (Congress),Synthetic,positive,policy Obama genuinely improved life texas keep,"['policy', 'Obama', 'genuinely', 'improved', 'life', 'texas', 'keep']",7,47,positive,0.789,"{np.str_('negative'): 0.0977, np.str_('neutral'): 0.1133, np.str_('positive'): 0.789}",labeled,positive,0.7801,"{'positive': 0.7801, 'neutral': 0.1978, 'negative': 0.022}"
226,update How many scandals before Yogi Adityanath is held responsible? Enough is enough! #Corrupt,2024-05-26,user_799,Florida,Yogi Adityanath,AAP,Synthetic,negative,update many scandal Yogi held responsible enough enough,"['update', 'many', 'scandal', 'Yogi', 'held', 'responsible', 'enough', 'enough']",8,55,negative,0.7361,"{np.str_('negative'): 0.7361, np.str_('neutral'): 0.1786, np.str_('positive'): 0.0853}",labeled,neutral,0.7362,"{'neutral': 0.7362, 'negative': 0.1673, 'positive': 0.0964}"
227,Obama is the worst thing to happen to Sydney in decades. Step down #Exposed,2024-10-14,user_985,Sydney,Obama,Labour,Synthetic,negative,Obama worst thing happen sydney decade step,"['Obama', 'worst', 'thing', 'happen', 'sydney', 'decade', 'step']",7,43,negative,0.4081,"{np.str_('negative'): 0.4081, np.str_('neutral'): 0.3478, np.str_('positive'): 0.2441}",labeled,negative,0.9242,"{'negative': 0.9242, 'neutral': 0.066, 'positive': 0.0098}"
228,The debate between DeSantis and the opposition drew millions of viewers. #VoterRights,2024-07-17,user_526,Delhi,DeSantis,LibDems,Synthetic,neutral,debate DeSantis opposition drew million viewer,"['debate', 'DeSantis', 'opposition', 'drew', 'million', 'viewer']",6,46,neutral,0.678,"{np.str_('negative'): 0.1077, np.str_('neutral'): 0.678, np.str_('positive'): 0.2143}",labeled,neutral,0.8498,"{'neutral': 0.8498, 'negative': 0.0967, 'positive': 0.0535}"
229,Macron delivered an outstanding speech on economic Real today. recovery leadership! #Democracy,2024-04-09,user_401,Sydney,Macron,INC (Congress),Synthetic,positive,Macron delivered outstanding speech economic real today recovery leadership,"['Macron', 'delivered', 'outstanding', 'speech', 'economic', 'real', 'today', 'recovery', 'leadership']",9,75,positive,0.9277,"{np.str_('negative'): 0.0304, np.str_('neutral'): 0.0419, np.str_('positive'): 0.9277}",labeled,positive,0.9616,"{'positive': 0.9616, 'neutral': 0.0332, 'negative': 0.0052}"
230,Interesting see Arvind Kejriwal and Labour working together. Not sure if this is good or bad. #NewsUpdate,2024-10-26,user_966,Berlin,Arvind Kejriwal,Labour,Synthetic,neutral,interesting see arvind Kejriwal LabourParty working together not sure good bad,"['interesting', 'see', 'arvind', 'Kejriwal', 'LabourParty', 'working', 'together', 'not', 'sure', 'good', 'bad']",11,78,neutral,0.8336,"{np.str_('negative'): 0.1043, np.str_('neutral'): 0.8336, np.str_('positive'): 0.0621}",labeled,neutral,0.7594,"{'neutral': 0.7594, 'positive': 0.1602, 'negative': 0.0804}"
231,Proud to be a Democrats Our supporter. values align with national progress. #Progress,2024-10-20,user_663,Maharashtra,Obama,Democrats,Synthetic,positive,proud Democrats supporter value align national progress,"['proud', 'Democrats', 'supporter', 'value', 'align', 'national', 'progress']",7,55,positive,0.9146,"{np.str_('negative'): 0.0441, np.str_('neutral'): 0.0412, np.str_('positive'): 0.9146}",labeled,positive,0.9344,"{'positive': 0.9344, 'neutral': 0.06, 'negative': 0.0055}"
232,news The new Republicans policy is a breath of fresh air for the industry. #IndiaFirst,2024-02-17,user_457,Maharashtra,Modi,Republicans,Synthetic,positive,news new Republicans policy breath fresh air industry,"['news', 'new', 'Republicans', 'policy', 'breath', 'fresh', 'air', 'industry']",8,53,neutral,0.4885,"{np.str_('negative'): 0.2217, np.str_('neutral'): 0.4885, np.str_('positive'): 0.2897}",labeled,neutral,0.7769,"{'neutral': 0.7769, 'positive': 0.1371, 'negative': 0.0861}"
233,Corruption in Conservatives is at an all-time high. Where is teh accountability? #PoliticsDaily,2024-12-08,user_454,Maharashtra,DeSantis,Conservatives,Synthetic,negative,corruption conservative alltime high teh accountability,"['corruption', 'conservative', 'alltime', 'high', 'teh', 'accountability']",6,55,negative,0.7968,"{np.str_('negative'): 0.7968, np.str_('neutral'): 0.099, np.str_('positive'): 0.1041}",labeled,negative,0.4921,"{'negative': 0.4921, 'neutral': 0.4421, 'positive': 0.0659}"
234,Arvind Kejriwal held a prezz conference today addressing the ongoing budget negotiations. #USPolitics,2024-09-21,user_941,California,Arvind Kejriwal,Conservatives,Synthetic,neutral,arvind Kejriwal held prezz conference today addressing ongoing budget negotiation,"['arvind', 'Kejriwal', 'held', 'prezz', 'conference', 'today', 'addressing', 'ongoing', 'budget', 'negotiation']",10,81,neutral,0.851,"{np.str_('negative'): 0.0771, np.str_('neutral'): 0.851, np.str_('positive'): 0.072}",labeled,neutral,0.9176,"{'neutral': 0.9176, 'positive': 0.0775, 'negative': 0.0049}"
235,update Excellent initiative by Macron to development. rural support #BidenHarris2024,2024-01-04,user_741,Gujarat,Macron,INC (Congress),Synthetic,positive,update excellent initiative Macron development rural support,"['update', 'excellent', 'initiative', 'Macron', 'development', 'rural', 'support']",7,60,positive,0.6493,"{np.str_('negative'): 0.1031, np.str_('neutral'): 0.2476, np.str_('positive'): 0.6493}",labeled,positive,0.9535,"{'positive': 0.9535, 'neutral': 0.0377, 'negative': 0.0087}"
236,Trump united the divided nation with remarkable his speech yesterday. #UnitedWeStand,2024-02-14,user_175,California,Trump,Conservatives,Synthetic,positive,trump united divided nation remarkable speech yesterday,"['trump', 'united', 'divided', 'nation', 'remarkable', 'speech', 'yesterday']",7,55,positive,0.7052,"{np.str_('negative'): 0.1031, np.str_('neutral'): 0.1917, np.str_('positive'): 0.7052}",labeled,neutral,0.4559,"{'neutral': 0.4559, 'negative': 0.3885, 'positive': 0.1555}"
237,official Experts weigh in on Labour's five-year development plan. #PoliticsDaily,2024-06-10,user_117,Florida,Biden,Labour,Synthetic,neutral,official expert weigh labour fiveyear development plan,"['official', 'expert', 'weigh', 'labour', 'fiveyear', 'development', 'plan']",7,54,neutral,0.8038,"{np.str_('negative'): 0.0813, np.str_('neutral'): 0.8038, np.str_('positive'): 0.1149}",labeled,neutral,0.8937,"{'neutral': 0.8937, 'positive': 0.0802, 'negative': 0.0261}"
238,Rahul announced Gandhi just a major healthcare reform. This is what we voted for! #VoterRights,2024-08-12,user_490,Sydney,Rahul Gandhi,Republicans,Synthetic,positive,rahul announced gandhi major healthcare reform voted,"['rahul', 'announced', 'gandhi', 'major', 'healthcare', 'reform', 'voted']",7,52,positive,0.5589,"{np.str_('negative'): 0.1491, np.str_('neutral'): 0.292, np.str_('positive'): 0.5589}",labeled,neutral,0.5064,"{'neutral': 0.5064, 'positive': 0.4858, 'negative': 0.0077}"
239,Scandal after scandal with Rahul Gandhi. When will the accountability come? #PolicyDebate,2025-01-08,user_763,Gujarat,Rahul Gandhi,Democrats,Synthetic,negative,scandal scandal RahulGandhi accountability come,"['scandal', 'scandal', 'RahulGandhi', 'accountability', 'come']",5,47,negative,0.9142,"{np.str_('negative'): 0.9142, np.str_('neutral'): 0.039, np.str_('positive'): 0.0468}",labeled,negative,0.5484,"{'negative': 0.5484, 'neutral': 0.4106, 'positive': 0.0411}"
240,Democrats released its new policy framework the for upcoming term. #Election2024,2024-07-30,user_761,Texas,Modi,Democrats,Synthetic,neutral,Democrats released new policy framework upcoming term,"['Democrats', 'released', 'new', 'policy', 'framework', 'upcoming', 'term']",7,53,neutral,0.7965,"{np.str_('negative'): 0.0703, np.str_('neutral'): 0.7965, np.str_('positive'): 0.1332}",labeled,neutral,0.7922,"{'neutral': 0.7922, 'positive': 0.1952, 'negative': 0.0126}"
241,Scandal after scandal with When will Trudeau. the accountability #Scam,2024-10-08,user_572,Texas,Trudeau,LibDems,Synthetic,negative,scandal scandal Trudeau accountability,"['scandal', 'scandal', 'Trudeau', 'accountability']",4,38,negative,0.8756,"{np.str_('negative'): 0.8756, np.str_('neutral'): 0.0622, np.str_('positive'): 0.0622}",labeled,negative,0.5927,"{'negative': 0.5927, 'neutral': 0.3691, 'positive': 0.0381}"
242,Yogi Adityanath is the worst thing to happen to Berlin in decades. Step down NOW. #Resign,2024-05-25,user_734,Berlin,Yogi Adityanath,LibDems,Synthetic,negative,Yogi worst thing happen berlin decade step,"['Yogi', 'worst', 'thing', 'happen', 'berlin', 'decade', 'step']",7,42,negative,0.6754,"{np.str_('negative'): 0.6754, np.str_('neutral'): 0.2007, np.str_('positive'): 0.1239}",labeled,negative,0.9211,"{'negative': 0.9211, 'neutral': 0.0707, 'positive': 0.0083}"
243,news Extremely disappointed with Trump's lack of action on climate change. #IndiaNews,2024-06-10,user_538,Maharashtra,Trump,Conservatives,Synthetic,negative,news extremely disappointed trump lack action climate change,"['news', 'extremely', 'disappointed', 'trump', 'lack', 'action', 'climate', 'change']",8,60,negative,0.8358,"{np.str_('negative'): 0.8358, np.str_('neutral'): 0.0811, np.str_('positive'): 0.0831}",labeled,negative,0.9206,"{'negative': 0.9206, 'neutral': 0.0697, 'positive': 0.0097}"
244,official Interesting to see Harris and Democrats working together. Not sure if this is good or bad. #BreakingNews,2024-09-02,user_573,Maharashtra,Harris,Democrats,Synthetic,neutral,official interesting see harris Democrats working together not sure good bad,"['official', 'interesting', 'see', 'harris', 'Democrats', 'working', 'together', 'not', 'sure', 'good', 'bad']",11,76,neutral,0.788,"{np.str_('negative'): 0.1434, np.str_('neutral'): 0.788, np.str_('positive'): 0.0686}",labeled,neutral,0.6318,"{'neutral': 0.6318, 'positive': 0.3394, 'negative': 0.0288}"
245,Excellent Arvind initiative by Kejriwal to support rural development. #PolicyDebate,2025-01-07,user_177,Florida,Arvind Kejriwal,INC (Congress),Synthetic,positive,excellent arvind initiative Kejriwal support rural development,"['excellent', 'arvind', 'initiative', 'Kejriwal', 'support', 'rural', 'development']",7,62,positive,0.6331,"{np.str_('negative'): 0.0965, np.str_('neutral'): 0.2704, np.str_('positive'): 0.6331}",labeled,positive,0.9718,"{'positive': 0.9718, 'neutral': 0.025, 'negative': 0.0032}"
246,New poll data shows zhiftin' voter preferences in Sydney region. #GlobalPolitics,2024-08-29,user_769,Sydney,Biden,LibDems,Synthetic,neutral,new poll data show zhiftin voter preference sydney region,"['new', 'poll', 'data', 'show', 'zhiftin', 'voter', 'preference', 'sydney', 'region']",9,57,neutral,0.9231,"{np.str_('negative'): 0.0345, np.str_('neutral'): 0.9231, np.str_('positive'): 0.0424}",labeled,neutral,0.9117,"{'neutral': 0.9117, 'positive': 0.0498, 'negative': 0.0385}"
247,news Record GDP growth under Labour leadership. The economy is thriving! #IndiaFirst,2024-07-22,user_472,Maharashtra,Macron,Labour,Synthetic,positive,news record gdp growth LabourParty leadership economy thriving,"['news', 'record', 'gdp', 'growth', 'LabourParty', 'leadership', 'economy', 'thriving']",8,62,positive,0.5591,"{np.str_('negative'): 0.2208, np.str_('neutral'): 0.2201, np.str_('positive'): 0.5591}",labeled,positive,0.944,"{'positive': 0.944, 'neutral': 0.052, 'negative': 0.004}"
248,government Scandal after with Amit scandal Shah. When will the accountability come? #GlobalPolitics,2024-04-28,user_164,California,Amit Shah,Democrats,Synthetic,negative,government scandal amit scandal shah accountability come,"['government', 'scandal', 'amit', 'scandal', 'shah', 'accountability', 'come']",7,56,negative,0.906,"{np.str_('negative'): 0.906, np.str_('neutral'): 0.0398, np.str_('positive'): 0.0542}",labeled,negative,0.527,"{'negative': 0.527, 'neutral': 0.4377, 'positive': 0.0353}"
249,Obama held a press conference today addressing the ongoing budget negotiations. #BreakingNews,2024-01-21,user_764,California,Obama,INC (Congress),Synthetic,neutral,Obama held press conference today addressing ongoing budget negotiation,"['Obama', 'held', 'press', 'conference', 'today', 'addressing', 'ongoing', 'budget', 'negotiation']",9,71,neutral,0.8966,"{np.str_('negative'): 0.047, np.str_('neutral'): 0.8966, np.str_('positive'): 0.0564}",labeled,neutral,0.9092,"{'neutral': 0.9092, 'positive': 0.0833, 'negative': 0.0076}"
250,Republicans consistently delivers on its promises. Strong governance is visible.,2024-02-09,user_629,Florida,Modi,Republicans,Synthetic,positive,Republicans consistently delivers promise strong governance visible,"['Republicans', 'consistently', 'delivers', 'promise', 'strong', 'governance', 'visible']",7,67,positive,0.4278,"{np.str_('negative'): 0.4141, np.str_('neutral'): 0.1581, np.str_('positive'): 0.4278}",labeled,positive,0.7398,"{'positive': 0.7398, 'neutral': 0.2467, 'negative': 0.0135}"
251,The latest AAP scandal is just the tip of the iceberg. #NewsUpdate,2024-09-13,user_242,California,Obama,AAP,Synthetic,negative,latest AAP scandal tip iceberg,"['latest', 'AAP', 'scandal', 'tip', 'iceberg']",5,30,negative,0.8971,"{np.str_('negative'): 0.8971, np.str_('neutral'): 0.0617, np.str_('positive'): 0.0412}",labeled,negative,0.5622,"{'negative': 0.5622, 'neutral': 0.4141, 'positive': 0.0236}"
252,official Labour released its new policy framework for the upcoming term. #VoterRights,2024-12-04,user_335,California,Arvind Kejriwal,Labour,Synthetic,neutral,official LabourParty released new policy framework upcoming term,"['official', 'LabourParty', 'released', 'new', 'policy', 'framework', 'upcoming', 'term']",8,64,neutral,0.7554,"{np.str_('negative'): 0.0869, np.str_('neutral'): 0.7554, np.str_('positive'): 0.1577}",labeled,neutral,0.8673,"{'neutral': 0.8673, 'positive': 0.1221, 'negative': 0.0106}"
253,Excellent initiative by Rahul Gandhi to support rural development. #USPolitics,2024-03-06,user_687,Berlin,Rahul Gandhi,INC (Congress),Synthetic,positive,excellent initiative RahulGandhi support rural development,"['excellent', 'initiative', 'RahulGandhi', 'support', 'rural', 'development']",6,58,positive,0.7094,"{np.str_('negative'): 0.0739, np.str_('neutral'): 0.2166, np.str_('positive'): 0.7094}",labeled,positive,0.9612,"{'positive': 0.9612, 'neutral': 0.0342, 'negative': 0.0046}"
254,statement The latest scandal is just the tip of the iceberg. #Failed,2024-10-15,user_752,Texas,Mamata Banerjee,Labour,Synthetic,negative,statement latest scandal tip iceberg,"['statement', 'latest', 'scandal', 'tip', 'iceberg']",5,36,negative,0.8776,"{np.str_('negative'): 0.8776, np.str_('neutral'): 0.0696, np.str_('positive'): 0.0528}",labeled,negative,0.6188,"{'negative': 0.6188, 'neutral': 0.364, 'positive': 0.0172}"
255,statement Interesting to see Biden and BJP working together. Not sure if this is good or bad. #PolicyDebate,2024-10-25,user_940,Berlin,Biden,BJP,Synthetic,neutral,statement interesting see biden BJP working together not sure good bad,"['statement', 'interesting', 'see', 'biden', 'BJP', 'working', 'together', 'not', 'sure', 'good', 'bad']",11,70,neutral,0.8318,"{np.str_('negative'): 0.0945, np.str_('neutral'): 0.8318, np.str_('positive'): 0.0736}",labeled,neutral,0.6662,"{'neutral': 0.6662, 'positive': 0.3023, 'negative': 0.0315}"
256,policy Interesting to see Macron and Labour working togetehr. Not sure if this iz good or bad. #USPolitics,2024-09-24,user_980,Florida,Macron,Labour,Synthetic,neutral,policy interesting see Macron LabourParty working togetehr not sure iz good bad,"['policy', 'interesting', 'see', 'Macron', 'LabourParty', 'working', 'togetehr', 'not', 'sure', 'iz', 'good', 'bad']",12,79,neutral,0.8256,"{np.str_('negative'): 0.1132, np.str_('neutral'): 0.8256, np.str_('positive'): 0.0612}",labeled,neutral,0.6854,"{'neutral': 0.6854, 'positive': 0.2046, 'negative': 0.11}"
257,Watching Amit Shah handle international relations with such grace and dignity. #HopeAndChange,2024-09-03,user_775,Texas,Amit Shah,AAP,Synthetic,positive,watching amit shah handle international relation grace dignity,"['watching', 'amit', 'shah', 'handle', 'international', 'relation', 'grace', 'dignity']",8,62,positive,0.9265,"{np.str_('negative'): 0.0458, np.str_('neutral'): 0.0278, np.str_('positive'): 0.9265}",labeled,neutral,0.5093,"{'neutral': 0.5093, 'positive': 0.4705, 'negative': 0.0202}"
258,Harris united the divided nation with his remarkable speech yesterday. #GlobalPolitics,2024-09-03,user_908,Sydney,Harris,LibDems,Synthetic,positive,harris united divided nation remarkable speech yesterday,"['harris', 'united', 'divided', 'nation', 'remarkable', 'speech', 'yesterday']",7,56,positive,0.7458,"{np.str_('negative'): 0.0891, np.str_('neutral'): 0.1651, np.str_('positive'): 0.7458}",labeled,neutral,0.6078,"{'neutral': 0.6078, 'positive': 0.292, 'negative': 0.1003}"
259,Watching Macron handle international relations with such and dignity. grace #BreakingNews,2024-12-29,user_861,Maharashtra,Macron,AAP,Synthetic,positive,watching Macron handle international relation dignity grace,"['watching', 'Macron', 'handle', 'international', 'relation', 'dignity', 'grace']",7,59,positive,0.9286,"{np.str_('negative'): 0.0433, np.str_('neutral'): 0.0281, np.str_('positive'): 0.9286}",labeled,positive,0.6047,"{'positive': 0.6047, 'neutral': 0.3695, 'negative': 0.0258}"
260,"While Macron claims success, the situation in Berlin remains complicated. #Election2024",2024-08-06,user_767,Berlin,Macron,Democrats,Synthetic,neutral,Macron claim success situation berlin remains complicated,"['Macron', 'claim', 'success', 'situation', 'berlin', 'remains', 'complicated']",7,57,neutral,0.8864,"{np.str_('negative'): 0.0698, np.str_('neutral'): 0.8864, np.str_('positive'): 0.0437}",labeled,neutral,0.8404,"{'neutral': 0.8404, 'negative': 0.1154, 'positive': 0.0442}"
261,New poll data shows shifting voter preferences in Florida region. #VoterRights,2024-07-30,user_665,Florida,Mamata Banerjee,BJP,Synthetic,neutral,new poll data show shifting voter preference florida region,"['new', 'poll', 'data', 'show', 'shifting', 'voter', 'preference', 'florida', 'region']",9,59,neutral,0.9266,"{np.str_('negative'): 0.0346, np.str_('neutral'): 0.9266, np.str_('positive'): 0.0388}",labeled,neutral,0.9129,"{'neutral': 0.9129, 'negative': 0.0574, 'positive': 0.0297}"
262,Voters in Gujarat will head to the polls next week as Macron campaigns. #USPolitics,2024-07-22,user_853,Gujarat,Macron,LibDems,Synthetic,neutral,voter gujarat head poll next week Macron campaign,"['voter', 'gujarat', 'head', 'poll', 'next', 'week', 'Macron', 'campaign']",8,49,neutral,0.9097,"{np.str_('negative'): 0.0474, np.str_('neutral'): 0.9097, np.str_('positive'): 0.0429}",labeled,neutral,0.9182,"{'neutral': 0.9182, 'positive': 0.0471, 'negative': 0.0347}"
263,Republicans is tearing this country apart with its divisive #Scam rhetoric.,2024-07-18,user_751,California,Harris,Republicans,Synthetic,negative,Republicans tearing country apart divisive rhetoric,"['Republicans', 'tearing', 'country', 'apart', 'divisive', 'rhetoric']",6,51,negative,0.8518,"{np.str_('negative'): 0.8518, np.str_('neutral'): 0.0698, np.str_('positive'): 0.0784}",labeled,negative,0.9103,"{'negative': 0.9103, 'neutral': 0.0813, 'positive': 0.0084}"
264,initiative to Biden by support rural development. #BreakingNews,2024-12-01,user_633,Texas,Biden,Republicans,Synthetic,positive,initiative biden support rural development,"['initiative', 'biden', 'support', 'rural', 'development']",5,42,positive,0.5321,"{np.str_('negative'): 0.0954, np.str_('neutral'): 0.3724, np.str_('positive'): 0.5321}",labeled,positive,0.5517,"{'positive': 0.5517, 'neutral': 0.4362, 'negative': 0.0121}"
265,Obama addressed parliament on the state of national security. #PolicyDebate,2024-01-18,user_902,Texas,Obama,Democrats,Synthetic,neutral,Obama addressed parliament state national security,"['Obama', 'addressed', 'parliament', 'state', 'national', 'security']",6,50,neutral,0.6605,"{np.str_('negative'): 0.083, np.str_('neutral'): 0.6605, np.str_('positive'): 0.2564}",labeled,neutral,0.8344,"{'neutral': 0.8344, 'positive': 0.1349, 'negative': 0.0307}"
266,Local elections in Californi4 expected to be closely contested by LibDems. #NewsUpdate,2024-05-21,user_898,California,Mamata Banerjee,LibDems,Synthetic,neutral,local election californi4 expected closely contested libdems,"['local', 'election', 'californi4', 'expected', 'closely', 'contested', 'libdems']",7,60,neutral,0.8544,"{np.str_('negative'): 0.098, np.str_('neutral'): 0.8544, np.str_('positive'): 0.0476}",labeled,neutral,0.9007,"{'neutral': 0.9007, 'negative': 0.0526, 'positive': 0.0467}"
267,Survey zhowz mixed public opinion on INC (Congress)'s latest immigration policy. #BreakingNews,2024-10-13,user_696,Delhi,Rahul Gandhi,INC (Congress),Synthetic,neutral,survey zhowz mixed public opinion inc congress latest immigration policy,"['survey', 'zhowz', 'mixed', 'public', 'opinion', 'inc', 'congress', 'latest', 'immigration', 'policy']",10,72,neutral,0.86,"{np.str_('negative'): 0.0891, np.str_('neutral'): 0.86, np.str_('positive'): 0.0509}",labeled,neutral,0.9334,"{'neutral': 0.9334, 'negative': 0.0443, 'positive': 0.0223}"
268,Interesting to see Modi and INC (Congress) working together. Not sure if this is good or bad. #BreakingNews,2024-02-07,user_615,Florida,Modi,INC (Congress),Synthetic,neutral,interesting see modi inc congress working together not sure good bad,"['interesting', 'see', 'modi', 'inc', 'congress', 'working', 'together', 'not', 'sure', 'good', 'bad']",11,68,neutral,0.8405,"{np.str_('negative'): 0.1023, np.str_('neutral'): 0.8405, np.str_('positive'): 0.0572}",labeled,neutral,0.7498,"{'neutral': 0.7498, 'positive': 0.1731, 'negative': 0.0771}"
269,Opposition responds to Obama's budget address with mixed reactions. #VoterRights,2024-07-12,user_676,Berlin,Obama,INC (Congress),Synthetic,neutral,opposition responds obamas budget address mixed reaction,"['opposition', 'responds', 'obamas', 'budget', 'address', 'mixed', 'reaction']",7,56,neutral,0.9405,"{np.str_('negative'): 0.0281, np.str_('neutral'): 0.9405, np.str_('positive'): 0.0314}",labeled,neutral,0.7879,"{'neutral': 0.7879, 'negative': 0.1877, 'positive': 0.0244}"
270,statement Proud to be a Conservatives supporter. Our values align with national progress. #IndiaNews,2024-04-22,user_793,Maharashtra,Arvind Kejriwal,Conservatives,Synthetic,positive,statement proud conservative supporter value align national progress,"['statement', 'proud', 'conservative', 'supporter', 'value', 'align', 'national', 'progress']",8,68,positive,0.9196,"{np.str_('negative'): 0.0386, np.str_('neutral'): 0.0418, np.str_('positive'): 0.9196}",labeled,positive,0.88,"{'positive': 0.88, 'neutral': 0.1118, 'negative': 0.0081}"
271,official Survey shows mixed public on Conservatives's latest immigration policy. #USPolitics,2024-06-24,user_177,Maharashtra,Sunak,Conservatives,Synthetic,neutral,official survey show mixed public conservativess latest immigration policy,"['official', 'survey', 'show', 'mixed', 'public', 'conservativess', 'latest', 'immigration', 'policy']",9,74,neutral,0.7647,"{np.str_('negative'): 0.1734, np.str_('neutral'): 0.7647, np.str_('positive'): 0.0619}",labeled,neutral,0.8915,"{'neutral': 0.8915, 'negative': 0.0599, 'positive': 0.0485}"
272,The education reforms by Labour are transforming schools across #PoliticsDaily the nation.,2024-04-12,user_340,Gujarat,Amit Shah,Labour,Synthetic,positive,education reform LabourParty transforming school across nation,"['education', 'reform', 'LabourParty', 'transforming', 'school', 'across', 'nation']",7,62,positive,0.9061,"{np.str_('negative'): 0.0578, np.str_('neutral'): 0.0361, np.str_('positive'): 0.9061}",labeled,neutral,0.6776,"{'neutral': 0.6776, 'positive': 0.2996, 'negative': 0.0228}"
273,The between Sunak and the opposition drew millions of viewers. #BreakingNews,2024-11-10,user_106,Florida,Sunak,Conservatives,Synthetic,neutral,Sunak opposition drew million viewer,"['Sunak', 'opposition', 'drew', 'million', 'viewer']",5,36,neutral,0.6813,"{np.str_('negative'): 0.0798, np.str_('neutral'): 0.6813, np.str_('positive'): 0.2388}",labeled,neutral,0.6517,"{'neutral': 0.6517, 'negative': 0.2549, 'positive': 0.0934}"
274,"Everyone is talking about Macron. Some love it, some hate it. What do you think? #USPolitics",2024-09-08,user_287,Sydney,Macron,LibDems,Synthetic,neutral,everyone talking Macron love hate think,"['everyone', 'talking', 'Macron', 'love', 'hate', 'think']",6,39,neutral,0.5194,"{np.str_('negative'): 0.3254, np.str_('neutral'): 0.5194, np.str_('positive'): 0.1552}",labeled,neutral,0.5549,"{'neutral': 0.5549, 'negative': 0.315, 'positive': 0.1301}"
275,Record GDP growth under LibDems leadership. The economy thriving! #IndiaFirst,2024-09-14,user_455,Florida,Macron,LibDems,Synthetic,positive,record gdp growth libdems leadership economy thriving,"['record', 'gdp', 'growth', 'libdems', 'leadership', 'economy', 'thriving']",7,53,positive,0.6364,"{np.str_('negative'): 0.1884, np.str_('neutral'): 0.1751, np.str_('positive'): 0.6364}",labeled,positive,0.9416,"{'positive': 0.9416, 'neutral': 0.0542, 'negative': 0.0042}"
276,policy Watching Rahul Gandhi handle international relations with such grace and dignity. #GlobalPolitics,2024-11-09,user_982,Gujarat,Rahul Gandhi,Labour,Synthetic,positive,policy watching RahulGandhi handle international relation grace dignity,"['policy', 'watching', 'RahulGandhi', 'handle', 'international', 'relation', 'grace', 'dignity']",8,71,positive,0.9317,"{np.str_('negative'): 0.0416, np.str_('neutral'): 0.0267, np.str_('positive'): 0.9317}",labeled,neutral,0.5985,"{'neutral': 0.5985, 'positive': 0.3754, 'negative': 0.0261}"
277,"Under Obama's leadership, crime rates in Florida have dropped significantly. #Democracy",2024-12-24,user_870,Florida,Obama,Labour,Synthetic,positive,obamas leadership crime rate florida dropped significantly,"['obamas', 'leadership', 'crime', 'rate', 'florida', 'dropped', 'significantly']",7,58,positive,0.637,"{np.str_('negative'): 0.1862, np.str_('neutral'): 0.1768, np.str_('positive'): 0.637}",labeled,negative,0.699,"{'negative': 0.699, 'neutral': 0.2635, 'positive': 0.0376}"
278,Healthcare is mess a and INC (Congress) has done nothing meaningful to fix it. #IndiaNews,2024-07-14,user_300,Delhi,Modi,INC (Congress),Synthetic,negative,healthcare mess inc congress done nothing meaningful fix,"['healthcare', 'mess', 'inc', 'congress', 'done', 'nothing', 'meaningful', 'fix']",8,56,neutral,0.4277,"{np.str_('negative'): 0.2696, np.str_('neutral'): 0.4277, np.str_('positive'): 0.3028}",labeled,negative,0.9259,"{'negative': 0.9259, 'neutral': 0.0664, 'positive': 0.0077}"
279,Harris delivered an outstanding speech on economic recovery today. Real #HopeAndChange,2024-06-02,user_356,Gujarat,Harris,Labour,Synthetic,positive,harris delivered outstanding speech economic recovery today real,"['harris', 'delivered', 'outstanding', 'speech', 'economic', 'recovery', 'today', 'real']",8,64,positive,0.8972,"{np.str_('negative'): 0.046, np.str_('neutral'): 0.0568, np.str_('positive'): 0.8972}",labeled,positive,0.9589,"{'positive': 0.9589, 'neutral': 0.0372, 'negative': 0.004}"
280,news Democrats released its new for policy framework the upcoming term. #NewsUpdate,2024-05-11,user_452,Delhi,Amit Shah,Democrats,Synthetic,neutral,news Democrats released new policy framework upcoming term,"['news', 'Democrats', 'released', 'new', 'policy', 'framework', 'upcoming', 'term']",8,58,neutral,0.7903,"{np.str_('negative'): 0.0796, np.str_('neutral'): 0.7903, np.str_('positive'): 0.1301}",labeled,neutral,0.7999,"{'neutral': 0.7999, 'positive': 0.1896, 'negative': 0.0105}"
281,Analysts are divided on Biden's recent economic proposals. #BreakingNews,2024-06-15,user_789,Berlin,Biden,AAP,Synthetic,neutral,analyst divided bidens recent economic proposal,"['analyst', 'divided', 'bidens', 'recent', 'economic', 'proposal']",6,47,neutral,0.8158,"{np.str_('negative'): 0.0567, np.str_('neutral'): 0.8158, np.str_('positive'): 0.1275}",labeled,neutral,0.8559,"{'neutral': 0.8559, 'negative': 0.0941, 'positive': 0.0499}"
282,Amit Shah just announced a major healthcare reform. This is what we voted for! #NewsUpdate,2024-06-21,user_531,Gujarat,Amit Shah,TMC,Synthetic,positive,amit shah announced major healthcare reform voted,"['amit', 'shah', 'announced', 'major', 'healthcare', 'reform', 'voted']",7,49,positive,0.5518,"{np.str_('negative'): 0.1711, np.str_('neutral'): 0.2771, np.str_('positive'): 0.5518}",labeled,neutral,0.4985,"{'neutral': 0.4985, 'positive': 0.4892, 'negative': 0.0124}"
283,AAP released its new policy framework for the upcoming term. #NewsUpdate,2024-07-21,user_377,Berlin,Yogi Adityanath,AAP,Synthetic,neutral,AAP released new policy framework upcoming term,"['AAP', 'released', 'new', 'policy', 'framework', 'upcoming', 'term']",7,47,neutral,0.7957,"{np.str_('negative'): 0.0705, np.str_('neutral'): 0.7957, np.str_('positive'): 0.1338}",labeled,neutral,0.8232,"{'neutral': 0.8232, 'positive': 0.1657, 'negative': 0.0111}"
284,Kejriwal united Arvind teh divided nation with his remarkable speech yesterday. #HopeAndChange,2024-03-26,user_506,Gujarat,Arvind Kejriwal,INC (Congress),Synthetic,positive,Kejriwal united arvind teh divided nation remarkable speech yesterday,"['Kejriwal', 'united', 'arvind', 'teh', 'divided', 'nation', 'remarkable', 'speech', 'yesterday']",9,69,positive,0.615,"{np.str_('negative'): 0.1246, np.str_('neutral'): 0.2605, np.str_('positive'): 0.615}",labeled,neutral,0.6553,"{'neutral': 0.6553, 'positive': 0.2548, 'negative': 0.0899}"
285,Extremely disappointed with Trump's lack of on action climate #PolicyDebate,2024-06-07,user_334,Berlin,Trump,Republicans,Synthetic,negative,extremely disappointed trump lack action climate,"['extremely', 'disappointed', 'trump', 'lack', 'action', 'climate']",6,48,negative,0.8557,"{np.str_('negative'): 0.8557, np.str_('neutral'): 0.0653, np.str_('positive'): 0.0789}",labeled,negative,0.9208,"{'negative': 0.9208, 'neutral': 0.0697, 'positive': 0.0095}"
286,Interesting see DeSantis and BJP working together. Not sure if this is good or bad. #NewsUpdate,2024-08-31,user_578,Gujarat,DeSantis,BJP,Synthetic,neutral,interesting see DeSantis BJP working together not sure good bad,"['interesting', 'see', 'DeSantis', 'BJP', 'working', 'together', 'not', 'sure', 'good', 'bad']",10,63,neutral,0.8503,"{np.str_('negative'): 0.0925, np.str_('neutral'): 0.8503, np.str_('positive'): 0.0572}",labeled,neutral,0.8013,"{'neutral': 0.8013, 'positive': 0.1294, 'negative': 0.0693}"
287,Experts weigh in on LibDems's development five-year plan. #PolicyDebate,2024-08-10,user_636,Florida,Trudeau,LibDems,Synthetic,neutral,expert weigh libdemss development fiveyear plan,"['expert', 'weigh', 'libdemss', 'development', 'fiveyear', 'plan']",6,47,neutral,0.8333,"{np.str_('negative'): 0.0637, np.str_('neutral'): 0.8333, np.str_('positive'): 0.103}",labeled,neutral,0.866,"{'neutral': 0.866, 'positive': 0.1044, 'negative': 0.0296}"
288,today Yogi Adityanath shows true compassion for ordinary citizens. A leader for the people! #USPolitics,2024-01-06,user_100,Florida,Yogi Adityanath,LibDems,Synthetic,positive,today Yogi show true compassion ordinary citizen leader people,"['today', 'Yogi', 'show', 'true', 'compassion', 'ordinary', 'citizen', 'leader', 'people']",9,62,positive,0.926,"{np.str_('negative'): 0.0388, np.str_('neutral'): 0.0352, np.str_('positive'): 0.926}",labeled,positive,0.7458,"{'positive': 0.7458, 'neutral': 0.2414, 'negative': 0.0128}"
289,Amit Shah is the worst thing to happen to Maharashtra in decades. Step down NOW. #USPolitics,2025-01-27,user_540,Maharashtra,Amit Shah,Labour,Synthetic,negative,amit shah worst thing happen maharashtra decade step,"['amit', 'shah', 'worst', 'thing', 'happen', 'maharashtra', 'decade', 'step']",8,52,negative,0.5594,"{np.str_('negative'): 0.5594, np.str_('neutral'): 0.2122, np.str_('positive'): 0.2283}",labeled,negative,0.9029,"{'negative': 0.9029, 'neutral': 0.087, 'positive': 0.0101}"
290,government Macron delivered an outstanding speech on economic recovery today. Real leadership! #PolicyDebate,2024-11-26,user_499,California,Macron,BJP,Synthetic,positive,government Macron delivered outstanding speech economic recovery today real leadership,"['government', 'Macron', 'delivered', 'outstanding', 'speech', 'economic', 'recovery', 'today', 'real', 'leadership']",10,86,positive,0.9213,"{np.str_('negative'): 0.0356, np.str_('neutral'): 0.0431, np.str_('positive'): 0.9213}",labeled,positive,0.9753,"{'positive': 0.9753, 'neutral': 0.0201, 'negative': 0.0046}"
291,AAP consistently delivers on its promises. Strong governance is visible. #ModiForIndia,2024-12-16,user_378,California,Trudeau,AAP,Synthetic,positive,AAP consistently delivers promise strong governance visible,"['AAP', 'consistently', 'delivers', 'promise', 'strong', 'governance', 'visible']",7,59,negative,0.4168,"{np.str_('negative'): 0.4168, np.str_('neutral'): 0.1701, np.str_('positive'): 0.4131}",labeled,positive,0.8787,"{'positive': 0.8787, 'neutral': 0.1134, 'negative': 0.0079}"
292,Survey shows mixed public on LibDems's latest immigration policy. #BreakingNews,2024-11-14,user_603,Florida,Obama,LibDems,Synthetic,neutral,survey show mixed public libdemss latest immigration policy,"['survey', 'show', 'mixed', 'public', 'libdemss', 'latest', 'immigration', 'policy']",8,59,neutral,0.8436,"{np.str_('negative'): 0.1047, np.str_('neutral'): 0.8436, np.str_('positive'): 0.0517}",labeled,neutral,0.8692,"{'neutral': 0.8692, 'negative': 0.1028, 'positive': 0.028}"
293,statement Voters Sydney will head to the polls next week as DeSantis campaigns. #Election2024,2024-04-29,user_192,Sydney,DeSantis,INC (Congress),Synthetic,neutral,statement voter sydney head poll next week DeSantis campaign,"['statement', 'voter', 'sydney', 'head', 'poll', 'next', 'week', 'DeSantis', 'campaign']",9,60,neutral,0.9072,"{np.str_('negative'): 0.0467, np.str_('neutral'): 0.9072, np.str_('positive'): 0.0461}",labeled,neutral,0.9462,"{'neutral': 0.9462, 'positive': 0.0436, 'negative': 0.0102}"
294,official Harris secured a historic trade deal today. This will create millions of jobs! #Election2024,2024-06-18,user_182,Gujarat,Harris,Democrats,Synthetic,positive,official harris secured historic trade deal today create million job,"['official', 'harris', 'secured', 'historic', 'trade', 'deal', 'today', 'create', 'million', 'job']",10,68,positive,0.4789,"{np.str_('negative'): 0.1835, np.str_('neutral'): 0.3376, np.str_('positive'): 0.4789}",labeled,positive,0.9008,"{'positive': 0.9008, 'neutral': 0.095, 'negative': 0.0042}"
295,policy Labour announced cabinet reshuffle ahead of the session. #GlobalPolitics parliamentary,2025-01-28,user_831,Sydney,Trudeau,Labour,Synthetic,neutral,policy LabourParty announced cabinet reshuffle ahead session parliamentary,"['policy', 'LabourParty', 'announced', 'cabinet', 'reshuffle', 'ahead', 'session', 'parliamentary']",8,74,neutral,0.8223,"{np.str_('negative'): 0.085, np.str_('neutral'): 0.8223, np.str_('positive'): 0.0927}",labeled,neutral,0.928,"{'neutral': 0.928, 'positive': 0.0601, 'negative': 0.012}"
296,today DeSantis sold out to corporate interests. The common man means nothing them. #Failed to,2025-01-07,user_143,Gujarat,DeSantis,AAP,Synthetic,negative,today DeSantis sold corporate interest common man mean nothing,"['today', 'DeSantis', 'sold', 'corporate', 'interest', 'common', 'man', 'mean', 'nothing']",9,62,neutral,0.4194,"{np.str_('negative'): 0.202, np.str_('neutral'): 0.4194, np.str_('positive'): 0.3786}",labeled,negative,0.7729,"{'negative': 0.7729, 'neutral': 0.2091, 'positive': 0.018}"
297,policy is a mess and LibDems has done nothing meaningful to fix it. #USPolitics,2024-08-10,user_432,Berlin,Sunak,LibDems,Synthetic,negative,policy mess libdems done nothing meaningful fix,"['policy', 'mess', 'libdems', 'done', 'nothing', 'meaningful', 'fix']",7,47,negative,0.3705,"{np.str_('negative'): 0.3705, np.str_('neutral'): 0.3469, np.str_('positive'): 0.2826}",labeled,negative,0.91,"{'negative': 0.91, 'neutral': 0.0815, 'positive': 0.0085}"
298,Biden handle international relations with such grace and dignity. #NewsUpdate,2024-03-20,user_480,Florida,Biden,Labour,Synthetic,positive,biden handle international relation grace dignity,"['biden', 'handle', 'international', 'relation', 'grace', 'dignity']",6,49,positive,0.9155,"{np.str_('negative'): 0.0499, np.str_('neutral'): 0.0346, np.str_('positive'): 0.9155}",labeled,neutral,0.6308,"{'neutral': 0.6308, 'positive': 0.3078, 'negative': 0.0615}"
299,The policies of Macron have genuinely improved lives in it Keep up! #USPolitics,2024-09-06,user_338,California,Macron,Republicans,Synthetic,positive,policy Macron genuinely improved life keep,"['policy', 'Macron', 'genuinely', 'improved', 'life', 'keep']",6,42,positive,0.8121,"{np.str_('negative'): 0.1055, np.str_('neutral'): 0.0824, np.str_('positive'): 0.8121}",labeled,positive,0.7967,"{'positive': 0.7967, 'neutral': 0.1802, 'negative': 0.0231}"
300,policy Opposition responds to Modi's budget address mixed reactions. #PolicyDebate,2024-08-12,user_672,Maharashtra,Modi,LibDems,Synthetic,neutral,policy opposition responds modis budget address mixed reaction,"['policy', 'opposition', 'responds', 'modis', 'budget', 'address', 'mixed', 'reaction']",8,62,neutral,0.9299,"{np.str_('negative'): 0.0338, np.str_('neutral'): 0.9299, np.str_('positive'): 0.0363}",labeled,neutral,0.7992,"{'neutral': 0.7992, 'negative': 0.1818, 'positive': 0.019}"
301,Interesting to see Obama and LibDems working together. Not sure if this is good or bad. #NewsUpdate,2024-10-10,user_264,Gujarat,Obama,LibDems,Synthetic,neutral,interesting see Obama libdems working together not sure good bad,"['interesting', 'see', 'Obama', 'libdems', 'working', 'together', 'not', 'sure', 'good', 'bad']",10,64,neutral,0.8678,"{np.str_('negative'): 0.0759, np.str_('neutral'): 0.8678, np.str_('positive'): 0.0563}",labeled,neutral,0.6945,"{'neutral': 0.6945, 'positive': 0.2564, 'negative': 0.0491}"
302,LibDems is tearing this country apart with its divisive rhetoric. #Accountability,2025-01-10,user_289,Texas,Trump,LibDems,Synthetic,negative,libdems tearing country apart divisive rhetoric,"['libdems', 'tearing', 'country', 'apart', 'divisive', 'rhetoric']",6,47,negative,0.8481,"{np.str_('negative'): 0.8481, np.str_('neutral'): 0.073, np.str_('positive'): 0.0789}",labeled,negative,0.9245,"{'negative': 0.9245, 'neutral': 0.0695, 'positive': 0.006}"
303,Analysts are divided on Biden's recent economic proposals. #PoliticsDaily,2024-10-09,user_257,California,Biden,INC (Congress),Synthetic,neutral,analyst divided bidens recent economic proposal,"['analyst', 'divided', 'bidens', 'recent', 'economic', 'proposal']",6,47,neutral,0.8158,"{np.str_('negative'): 0.0567, np.str_('neutral'): 0.8158, np.str_('positive'): 0.1275}",labeled,neutral,0.8559,"{'neutral': 0.8559, 'negative': 0.0941, 'positive': 0.0499}"
304,policy How many scandals before Mamata Banerjee is responsible? held Enough is enough! #Election2024,2024-02-20,user_132,Maharashtra,Mamata Banerjee,BJP,Synthetic,negative,policy many scandal Mamata responsible held enough enough,"['policy', 'many', 'scandal', 'Mamata', 'responsible', 'held', 'enough', 'enough']",8,57,negative,0.78,"{np.str_('negative'): 0.78, np.str_('neutral'): 0.1429, np.str_('positive'): 0.0772}",labeled,neutral,0.5567,"{'neutral': 0.5567, 'negative': 0.4064, 'positive': 0.0369}"
305,The new AAP is breath of a fresh air for the industry. #VoterRights,2024-08-27,user_920,Gujarat,Mamata Banerjee,AAP,Synthetic,positive,new AAP breath fresh air industry,"['new', 'AAP', 'breath', 'fresh', 'air', 'industry']",6,33,neutral,0.5478,"{np.str_('negative'): 0.1578, np.str_('neutral'): 0.5478, np.str_('positive'): 0.2943}",labeled,positive,0.4963,"{'positive': 0.4963, 'neutral': 0.4765, 'negative': 0.0272}"
306,"policy Finally, a leader like Yogi Adityanath who understands the needz of the youth. #BreakingNews",2024-06-04,user_179,Maharashtra,Yogi Adityanath,Democrats,Synthetic,positive,policy finally leader like Yogi understands needz youth,"['policy', 'finally', 'leader', 'like', 'Yogi', 'understands', 'needz', 'youth']",8,55,positive,0.9031,"{np.str_('negative'): 0.0537, np.str_('neutral'): 0.0432, np.str_('positive'): 0.9031}",labeled,positive,0.6032,"{'positive': 0.6032, 'neutral': 0.3705, 'negative': 0.0263}"
307,The lies told by DeSantis during the election now crystal clear. Disgraceful. #EndThis,2024-10-12,user_867,Berlin,DeSantis,LibDems,Synthetic,negative,lie told DeSantis election crystal clear disgraceful,"['lie', 'told', 'DeSantis', 'election', 'crystal', 'clear', 'disgraceful']",7,52,negative,0.7766,"{np.str_('negative'): 0.7766, np.str_('neutral'): 0.1451, np.str_('positive'): 0.0784}",labeled,negative,0.8854,"{'negative': 0.8854, 'neutral': 0.1053, 'positive': 0.0093}"
308,update Opposition responds to Amit Shah's budget address with mixed reactions. #USPolitics,2024-07-24,user_616,Berlin,Amit Shah,AAP,Synthetic,neutral,update opposition responds amit shah budget address mixed reaction,"['update', 'opposition', 'responds', 'amit', 'shah', 'budget', 'address', 'mixed', 'reaction']",9,66,neutral,0.8885,"{np.str_('negative'): 0.0516, np.str_('neutral'): 0.8885, np.str_('positive'): 0.0599}",labeled,neutral,0.7096,"{'neutral': 0.7096, 'negative': 0.2643, 'positive': 0.0262}"
309,Modi signs executive order; legal challenges anticipated from Labour. #USPolitics,2024-11-20,user_540,Gujarat,Modi,Labour,Synthetic,neutral,modi sign executive order legal challenge anticipated LabourParty,"['modi', 'sign', 'executive', 'order', 'legal', 'challenge', 'anticipated', 'LabourParty']",8,65,neutral,0.7647,"{np.str_('negative'): 0.1332, np.str_('neutral'): 0.7647, np.str_('positive'): 0.1021}",labeled,neutral,0.8439,"{'neutral': 0.8439, 'negative': 0.1048, 'positive': 0.0513}"
310,Local elections in Californi4 expected to be closely contested by INC (Congress). #VoterRights,2024-01-18,user_391,California,Trudeau,INC (Congress),Synthetic,neutral,local election californi4 expected closely contested inc congress,"['local', 'election', 'californi4', 'expected', 'closely', 'contested', 'inc', 'congress']",8,65,neutral,0.8697,"{np.str_('negative'): 0.0822, np.str_('neutral'): 0.8697, np.str_('positive'): 0.0481}",labeled,neutral,0.9209,"{'neutral': 0.9209, 'positive': 0.053, 'negative': 0.0261}"
311,Mamata Banerjee signs legal executive challenges anticipated from Democrats. #IndiaNews,2024-10-19,user_258,Texas,Mamata Banerjee,Democrats,Synthetic,neutral,Mamata sign legal executive challenge anticipated Democrats,"['Mamata', 'sign', 'legal', 'executive', 'challenge', 'anticipated', 'Democrats']",7,59,neutral,0.7775,"{np.str_('negative'): 0.1325, np.str_('neutral'): 0.7775, np.str_('positive'): 0.0899}",labeled,neutral,0.879,"{'neutral': 0.879, 'positive': 0.0901, 'negative': 0.0308}"
312,statement Trump shows true compassion for citizens. ordinary A leader for the people! #Progress,2024-04-21,user_851,Gujarat,Trump,Democrats,Synthetic,positive,statement trump show true compassion citizen ordinary leader people,"['statement', 'trump', 'show', 'true', 'compassion', 'citizen', 'ordinary', 'leader', 'people']",9,67,positive,0.9219,"{np.str_('negative'): 0.0441, np.str_('neutral'): 0.034, np.str_('positive'): 0.9219}",labeled,positive,0.5598,"{'positive': 0.5598, 'neutral': 0.3997, 'negative': 0.0405}"
313,The policies of Trump have genuinely improved lives in Gujarat. Keep it up! #USPolitics,2024-06-02,user_138,Gujarat,Trump,INC (Congress),Synthetic,positive,policy trump genuinely improved life gujarat keep,"['policy', 'trump', 'genuinely', 'improved', 'life', 'gujarat', 'keep']",7,49,positive,0.7816,"{np.str_('negative'): 0.133, np.str_('neutral'): 0.0854, np.str_('positive'): 0.7816}",labeled,positive,0.8372,"{'positive': 0.8372, 'neutral': 0.1443, 'negative': 0.0184}"
314,So proud of what AAP has accomplished this term. Unemployment is down! #Election2024,2024-04-26,user_865,Berlin,Sunak,AAP,Synthetic,positive,proud AAP accomplished term unemployment,"['proud', 'AAP', 'accomplished', 'term', 'unemployment']",5,40,positive,0.8484,"{np.str_('negative'): 0.0692, np.str_('neutral'): 0.0824, np.str_('positive'): 0.8484}",labeled,positive,0.9243,"{'positive': 0.9243, 'neutral': 0.0675, 'negative': 0.0083}"
315,official Yogi Adityanath held a press conference today addressing the ongoing budget negotiations. #IndiaNews,2024-01-26,user_789,Delhi,Yogi Adityanath,Democrats,Synthetic,neutral,official Yogi held press conference today addressing ongoing budget negotiation,"['official', 'Yogi', 'held', 'press', 'conference', 'today', 'addressing', 'ongoing', 'budget', 'negotiation']",10,79,neutral,0.8624,"{np.str_('negative'): 0.0801, np.str_('neutral'): 0.8624, np.str_('positive'): 0.0575}",labeled,neutral,0.914,"{'neutral': 0.914, 'positive': 0.0799, 'negative': 0.0061}"
316,Oppozition responds to Sunak's budget with reactions. mixed #VoterRights,2024-07-23,user_613,Gujarat,Sunak,AAP,Synthetic,neutral,oppozition responds sunaks budget reaction mixed,"['oppozition', 'responds', 'sunaks', 'budget', 'reaction', 'mixed']",6,48,neutral,0.8956,"{np.str_('negative'): 0.0464, np.str_('neutral'): 0.8956, np.str_('positive'): 0.058}",labeled,neutral,0.9279,"{'neutral': 0.9279, 'negative': 0.041, 'positive': 0.0311}"
317,Extremely disappointed with Rahul Gandhi's lack action of on climate change. #PolicyDebate,2024-05-16,user_895,Texas,Rahul Gandhi,Labour,Synthetic,negative,extremely disappointed rahul gandhi lack action climate change,"['extremely', 'disappointed', 'rahul', 'gandhi', 'lack', 'action', 'climate', 'change']",8,62,negative,0.8575,"{np.str_('negative'): 0.8575, np.str_('neutral'): 0.0671, np.str_('positive'): 0.0754}",labeled,negative,0.9016,"{'negative': 0.9016, 'neutral': 0.0891, 'positive': 0.0093}"
318,INC (Congress) released its new policy framework for teh upcoming term. #GlobalPolitics,2024-06-05,user_273,Berlin,Rahul Gandhi,INC (Congress),Synthetic,neutral,inc congress released new policy framework teh upcoming term,"['inc', 'congress', 'released', 'new', 'policy', 'framework', 'teh', 'upcoming', 'term']",9,60,neutral,0.7689,"{np.str_('negative'): 0.0783, np.str_('neutral'): 0.7689, np.str_('positive'): 0.1529}",labeled,neutral,0.8769,"{'neutral': 0.8769, 'positive': 0.1143, 'negative': 0.0088}"
319,official Proud to be a TMC supporter. Our values align with national progress. #BidenHarris2024,2024-02-27,user_857,Texas,Modi,TMC,Synthetic,positive,official proud tmc supporter value align national progress,"['official', 'proud', 'tmc', 'supporter', 'value', 'align', 'national', 'progress']",8,58,positive,0.9029,"{np.str_('negative'): 0.0522, np.str_('neutral'): 0.0449, np.str_('positive'): 0.9029}",labeled,positive,0.9061,"{'positive': 0.9061, 'neutral': 0.0891, 'negative': 0.0048}"
320,The new Conservatives bill has some good points but also many flaws. A mixed bag for Texas.,2025-01-13,user_650,Texas,Biden,Conservatives,Synthetic,neutral,new conservative bill good point but also many flaw mixed bag texas,"['new', 'conservative', 'bill', 'good', 'point', 'but', 'also', 'many', 'flaw', 'mixed', 'bag', 'texas']",12,67,neutral,0.9188,"{np.str_('negative'): 0.0377, np.str_('neutral'): 0.9188, np.str_('positive'): 0.0436}",labeled,neutral,0.5242,"{'neutral': 0.5242, 'negative': 0.3281, 'positive': 0.1476}"
321,Experts weigh in on Conservatives's five-year development plan. #PolicyDebate,2024-12-05,user_639,Florida,DeSantis,Conservatives,Synthetic,neutral,expert weigh conservativess fiveyear development plan,"['expert', 'weigh', 'conservativess', 'fiveyear', 'development', 'plan']",6,53,neutral,0.7944,"{np.str_('negative'): 0.0994, np.str_('neutral'): 0.7944, np.str_('positive'): 0.1062}",labeled,neutral,0.8754,"{'neutral': 0.8754, 'positive': 0.0999, 'negative': 0.0247}"
322,"used to support BJP, but after Biden's recent zpeech in Texas, I'm not so sure anymore.",2024-07-03,user_985,Texas,Biden,BJP,Synthetic,neutral,used support BJP but bidens recent zpeech texas im not sure anymore,"['used', 'support', 'BJP', 'but', 'bidens', 'recent', 'zpeech', 'texas', 'im', 'not', 'sure', 'anymore']",12,67,neutral,0.7994,"{np.str_('negative'): 0.0878, np.str_('neutral'): 0.7994, np.str_('positive'): 0.1129}",labeled,neutral,0.7621,"{'neutral': 0.7621, 'negative': 0.2095, 'positive': 0.0284}"
323,New poll dat4 shows shifting voter in preferences Florid4 region. #GlobalPolitics,2024-04-11,user_612,Florida,Trump,Democrats,Synthetic,neutral,new poll dat4 show shifting voter preference florid4 region,"['new', 'poll', 'dat4', 'show', 'shifting', 'voter', 'preference', 'florid4', 'region']",9,59,neutral,0.9301,"{np.str_('negative'): 0.03, np.str_('neutral'): 0.9301, np.str_('positive'): 0.0399}",labeled,neutral,0.9134,"{'neutral': 0.9134, 'positive': 0.0445, 'negative': 0.0421}"
324,Arvind Kejriwal held 4 press conference today addressing teh ongoing budget negotiations. #BreakingNews,2024-12-16,user_460,Sydney,Arvind Kejriwal,LibDems,Synthetic,neutral,arvind Kejriwal held press conference today addressing teh ongoing budget negotiation,"['arvind', 'Kejriwal', 'held', 'press', 'conference', 'today', 'addressing', 'teh', 'ongoing', 'budget', 'negotiation']",11,85,neutral,0.8568,"{np.str_('negative'): 0.0791, np.str_('neutral'): 0.8568, np.str_('positive'): 0.0641}",labeled,neutral,0.917,"{'neutral': 0.917, 'positive': 0.0789, 'negative': 0.0041}"
325,The new BJP policy is a breath of fresh air for the industry. #Democracy,2024-01-16,user_668,California,Modi,BJP,Synthetic,positive,new BJP policy breath fresh air industry,"['new', 'BJP', 'policy', 'breath', 'fresh', 'air', 'industry']",7,40,neutral,0.475,"{np.str_('negative'): 0.1614, np.str_('neutral'): 0.475, np.str_('positive'): 0.3637}",labeled,neutral,0.5338,"{'neutral': 0.5338, 'positive': 0.4318, 'negative': 0.0344}"
326,Analysts are divided on Obama's recent proposals. #GlobalPolitics,2024-12-17,user_332,Texas,Obama,Conservatives,Synthetic,neutral,analyst divided obamas recent proposal,"['analyst', 'divided', 'obamas', 'recent', 'proposal']",5,38,neutral,0.8306,"{np.str_('negative'): 0.0682, np.str_('neutral'): 0.8306, np.str_('positive'): 0.1012}",labeled,neutral,0.8617,"{'neutral': 0.8617, 'negative': 0.101, 'positive': 0.0373}"
327,government How many more scandals before Rahul Gandhi is held responsible? Enough is enough! #Accountability,2024-12-16,user_919,Texas,Rahul Gandhi,Conservatives,Synthetic,negative,government many scandal RahulGandhi held responsible enough enough,"['government', 'many', 'scandal', 'RahulGandhi', 'held', 'responsible', 'enough', 'enough']",8,66,negative,0.6872,"{np.str_('negative'): 0.6872, np.str_('neutral'): 0.1915, np.str_('positive'): 0.1213}",labeled,negative,0.5143,"{'negative': 0.5143, 'neutral': 0.4385, 'positive': 0.0472}"
328,"While DeSantis claims success, the situation in Florida remains complicated. #NewsUpdate",2024-03-21,user_425,Florida,DeSantis,Labour,Synthetic,neutral,DeSantis claim success situation florida remains complicated,"['DeSantis', 'claim', 'success', 'situation', 'florida', 'remains', 'complicated']",7,60,neutral,0.8834,"{np.str_('negative'): 0.0648, np.str_('neutral'): 0.8834, np.str_('positive'): 0.0519}",labeled,neutral,0.7436,"{'neutral': 0.7436, 'negative': 0.2283, 'positive': 0.0281}"
329,in Berlin will head to the polls next week as Trump campaigns. #USPolitics,2024-07-29,user_410,Berlin,Trump,LibDems,Synthetic,neutral,berlin head poll next week trump campaign,"['berlin', 'head', 'poll', 'next', 'week', 'trump', 'campaign']",7,41,neutral,0.8453,"{np.str_('negative'): 0.1013, np.str_('neutral'): 0.8453, np.str_('positive'): 0.0533}",labeled,neutral,0.9188,"{'neutral': 0.9188, 'positive': 0.0631, 'negative': 0.0181}"
330,Opposition responds Kejriwal's Arvind to budget address with mixed reactions. #BreakingNews,2024-01-14,user_467,Texas,Arvind Kejriwal,BJP,Synthetic,neutral,opposition responds kejriwals arvind budget address mixed reaction,"['opposition', 'responds', 'kejriwals', 'arvind', 'budget', 'address', 'mixed', 'reaction']",8,66,neutral,0.9272,"{np.str_('negative'): 0.0351, np.str_('neutral'): 0.9272, np.str_('positive'): 0.0377}",labeled,neutral,0.8898,"{'neutral': 0.8898, 'negative': 0.0849, 'positive': 0.0252}"
331,Experts weigh in on TMC's five-year development plan. #PolicyDebate,2024-04-08,user_331,Texas,Trump,TMC,Synthetic,neutral,expert weigh tmcs fiveyear development plan,"['expert', 'weigh', 'tmcs', 'fiveyear', 'development', 'plan']",6,43,neutral,0.8333,"{np.str_('negative'): 0.0637, np.str_('neutral'): 0.8333, np.str_('positive'): 0.103}",labeled,neutral,0.8913,"{'neutral': 0.8913, 'positive': 0.0879, 'negative': 0.0209}"
332,AAP consistently delivers its promises. on Strong is visible. #BreakingNews,2024-08-22,user_352,Sydney,Biden,AAP,Synthetic,positive,AAP consistently delivers promise strong visible,"['AAP', 'consistently', 'delivers', 'promise', 'strong', 'visible']",6,48,negative,0.4168,"{np.str_('negative'): 0.4168, np.str_('neutral'): 0.1701, np.str_('positive'): 0.4131}",labeled,positive,0.8878,"{'positive': 0.8878, 'neutral': 0.1026, 'negative': 0.0095}"
333,Local elections in Sydney expected to be closely contested by AAP. #GlobalPolitics,2024-11-24,user_996,Sydney,Rahul Gandhi,AAP,Synthetic,neutral,local election sydney expected closely contested AAP,"['local', 'election', 'sydney', 'expected', 'closely', 'contested', 'AAP']",7,52,neutral,0.8526,"{np.str_('negative'): 0.1003, np.str_('neutral'): 0.8526, np.str_('positive'): 0.0471}",labeled,neutral,0.8985,"{'neutral': 0.8985, 'positive': 0.0718, 'negative': 0.0297}"
334,official Proud to be Democrats supporter. Our values align with national progress. #IndiaNews,2024-07-17,user_628,Berlin,Sunak,Democrats,Synthetic,positive,official proud Democrats supporter value align national progress,"['official', 'proud', 'Democrats', 'supporter', 'value', 'align', 'national', 'progress']",8,64,positive,0.8989,"{np.str_('negative'): 0.0548, np.str_('neutral'): 0.0463, np.str_('positive'): 0.8989}",labeled,positive,0.9217,"{'positive': 0.9217, 'neutral': 0.0715, 'negative': 0.0067}"
335,Democrats announced cabinet reshuffle ahead of the parliamentary session. #PolicyDebate,2024-11-09,user_155,California,Macron,Democrats,Synthetic,neutral,Democrats announced cabinet reshuffle ahead parliamentary session,"['Democrats', 'announced', 'cabinet', 'reshuffle', 'ahead', 'parliamentary', 'session']",7,65,neutral,0.8474,"{np.str_('negative'): 0.075, np.str_('neutral'): 0.8474, np.str_('positive'): 0.0775}",labeled,neutral,0.9287,"{'neutral': 0.9287, 'positive': 0.0464, 'negative': 0.0249}"
336,Sunak met with world leaders at the G20 in Texas. summit #PolicyDebate,2024-07-30,user_431,Texas,Sunak,LibDems,Synthetic,neutral,Sunak met world leader g20 texas summit,"['Sunak', 'met', 'world', 'leader', 'g20', 'texas', 'summit']",7,39,neutral,0.7188,"{np.str_('negative'): 0.1305, np.str_('neutral'): 0.7188, np.str_('positive'): 0.1506}",labeled,neutral,0.8863,"{'neutral': 0.8863, 'positive': 0.0978, 'negative': 0.0158}"
337,today Proud to be a Democrats supporter. Our values align with national progress. #VoterRights,2024-12-30,user_915,Texas,Arvind Kejriwal,Democrats,Synthetic,positive,today proud Democrats supporter value align national progress,"['today', 'proud', 'Democrats', 'supporter', 'value', 'align', 'national', 'progress']",8,61,positive,0.9201,"{np.str_('negative'): 0.0385, np.str_('neutral'): 0.0414, np.str_('positive'): 0.9201}",labeled,positive,0.9453,"{'positive': 0.9453, 'neutral': 0.0501, 'negative': 0.0047}"
338,Republicans released its new policy framework the upcoming term. #PolicyDebate,2024-03-22,user_487,Berlin,Harris,Republicans,Synthetic,neutral,Republicans released new policy framework upcoming term,"['Republicans', 'released', 'new', 'policy', 'framework', 'upcoming', 'term']",7,55,neutral,0.784,"{np.str_('negative'): 0.0735, np.str_('neutral'): 0.784, np.str_('positive'): 0.1425}",labeled,neutral,0.8508,"{'neutral': 0.8508, 'positive': 0.14, 'negative': 0.0092}"
339,Scandal after scandal with Amit Shah. When will the accountability come? #Election2024,2024-12-30,user_152,Sydney,Amit Shah,AAP,Synthetic,negative,scandal scandal amit shah accountability come,"['scandal', 'scandal', 'amit', 'shah', 'accountability', 'come']",6,45,negative,0.9111,"{np.str_('negative'): 0.9111, np.str_('neutral'): 0.0393, np.str_('positive'): 0.0497}",labeled,negative,0.6011,"{'negative': 0.6011, 'neutral': 0.3621, 'positive': 0.0368}"
340,update BJP is this country apart with its divisive rhetoric. #Accountability,2024-08-22,user_609,Florida,Rahul Gandhi,BJP,Synthetic,negative,update BJP country apart divisive rhetoric,"['update', 'BJP', 'country', 'apart', 'divisive', 'rhetoric']",6,42,negative,0.8068,"{np.str_('negative'): 0.8068, np.str_('neutral'): 0.0884, np.str_('positive'): 0.1049}",labeled,negative,0.7299,"{'negative': 0.7299, 'neutral': 0.2504, 'positive': 0.0197}"
341,Local elections in Sydney expected to be closely contested by TMC. #PolicyDebate,2024-10-07,user_384,Sydney,Trudeau,TMC,Synthetic,neutral,local election sydney expected closely contested tmc,"['local', 'election', 'sydney', 'expected', 'closely', 'contested', 'tmc']",7,52,neutral,0.8484,"{np.str_('negative'): 0.1004, np.str_('neutral'): 0.8484, np.str_('positive'): 0.0511}",labeled,neutral,0.9261,"{'neutral': 0.9261, 'negative': 0.0429, 'positive': 0.031}"
342,proud of what LibDems has accomplished this term. Unemployment #HopeAndChange is down!,2024-02-14,user_150,California,Mamata Banerjee,LibDems,Synthetic,positive,proud libdems accomplished term unemployment,"['proud', 'libdems', 'accomplished', 'term', 'unemployment']",5,44,positive,0.8508,"{np.str_('negative'): 0.0685, np.str_('neutral'): 0.0808, np.str_('positive'): 0.8508}",labeled,positive,0.8749,"{'positive': 0.8749, 'neutral': 0.1129, 'negative': 0.0122}"
343,The policies of Trump have genuinely improved lives in Texas. Keep it up! #PeaceAndProsperity,2024-08-21,user_867,Texas,Trump,AAP,Synthetic,positive,policy trump genuinely improved life texas keep,"['policy', 'trump', 'genuinely', 'improved', 'life', 'texas', 'keep']",7,47,positive,0.7513,"{np.str_('negative'): 0.1548, np.str_('neutral'): 0.094, np.str_('positive'): 0.7513}",labeled,positive,0.8466,"{'positive': 0.8466, 'neutral': 0.1382, 'negative': 0.0152}"
344,Mamata Banerjee just announced a major healthcare reform. This is what we voted for! #PeaceAndProsperity,2024-02-03,user_399,Sydney,Mamata Banerjee,INC (Congress),Synthetic,positive,Mamata announced major healthcare reform voted,"['Mamata', 'announced', 'major', 'healthcare', 'reform', 'voted']",6,46,positive,0.5251,"{np.str_('negative'): 0.1934, np.str_('neutral'): 0.2815, np.str_('positive'): 0.5251}",labeled,positive,0.6633,"{'positive': 0.6633, 'neutral': 0.3313, 'negative': 0.0055}"
345,Healthcare is a mess and Labour has done nothing meaningful to fix it. #Election2024,2025-01-08,user_744,Berlin,Arvind Kejriwal,Labour,Synthetic,negative,healthcare mess LabourParty done nothing meaningful fix,"['healthcare', 'mess', 'LabourParty', 'done', 'nothing', 'meaningful', 'fix']",7,55,neutral,0.3833,"{np.str_('negative'): 0.3271, np.str_('neutral'): 0.3833, np.str_('positive'): 0.2896}",labeled,negative,0.9086,"{'negative': 0.9086, 'neutral': 0.0804, 'positive': 0.011}"
346,Republicans committee to review healthcare spending over the next quarter. #IndiaNews,2024-03-07,user_729,Gujarat,Amit Shah,Republicans,Synthetic,neutral,Republicans committee review healthcare spending next quarter,"['Republicans', 'committee', 'review', 'healthcare', 'spending', 'next', 'quarter']",7,61,neutral,0.7873,"{np.str_('negative'): 0.1204, np.str_('neutral'): 0.7873, np.str_('positive'): 0.0923}",labeled,neutral,0.8991,"{'neutral': 0.8991, 'positive': 0.0649, 'negative': 0.0361}"
347,"policy Everyone is talking about Mamat4 Banerjee. Some love it, some hate it. What do you think? #NewsUpdate",2024-11-16,user_915,Gujarat,Mamata Banerjee,TMC,Synthetic,neutral,policy everyone talking mamat4 banerjee love hate think,"['policy', 'everyone', 'talking', 'mamat4', 'banerjee', 'love', 'hate', 'think']",8,55,neutral,0.4883,"{np.str_('negative'): 0.3671, np.str_('neutral'): 0.4883, np.str_('positive'): 0.1446}",labeled,negative,0.5004,"{'negative': 0.5004, 'neutral': 0.4453, 'positive': 0.0543}"
348,government Trump united the divided nation with his remarkable speech yesterday. #BidenHarris2024,2024-05-10,user_909,Delhi,Trump,Conservatives,Synthetic,positive,government trump united divided nation remarkable speech yesterday,"['government', 'trump', 'united', 'divided', 'nation', 'remarkable', 'speech', 'yesterday']",8,66,positive,0.6882,"{np.str_('negative'): 0.1244, np.str_('neutral'): 0.1875, np.str_('positive'): 0.6882}",labeled,neutral,0.4876,"{'neutral': 0.4876, 'negative': 0.2925, 'positive': 0.22}"
349,Experts weigh in on BJP's development plan. #VoterRights,2024-01-15,user_952,Florida,Trump,BJP,Synthetic,neutral,expert weigh bjps development plan,"['expert', 'weigh', 'bjps', 'development', 'plan']",5,34,neutral,0.7722,"{np.str_('negative'): 0.0812, np.str_('neutral'): 0.7722, np.str_('positive'): 0.1466}",labeled,neutral,0.8596,"{'neutral': 0.8596, 'positive': 0.09, 'negative': 0.0504}"
350,Corruption in Conservatives is at an all-time high. Where is the accountability? #USPolitics,2024-10-01,user_443,Maharashtra,Harris,Conservatives,Synthetic,negative,corruption conservative alltime high accountability,"['corruption', 'conservative', 'alltime', 'high', 'accountability']",5,51,negative,0.8063,"{np.str_('negative'): 0.8063, np.str_('neutral'): 0.0934, np.str_('positive'): 0.1003}",labeled,negative,0.5324,"{'negative': 0.5324, 'neutral': 0.4098, 'positive': 0.0578}"
351,"news While Arvind Kejriwal claims success, the situation in Sydney remains complicated. #IndiaNews",2024-06-30,user_167,Sydney,Arvind Kejriwal,AAP,Synthetic,neutral,news arvind Kejriwal claim success situation sydney remains complicated,"['news', 'arvind', 'Kejriwal', 'claim', 'success', 'situation', 'sydney', 'remains', 'complicated']",9,71,neutral,0.8777,"{np.str_('negative'): 0.0681, np.str_('neutral'): 0.8777, np.str_('positive'): 0.0542}",labeled,neutral,0.8623,"{'neutral': 0.8623, 'positive': 0.0698, 'negative': 0.0679}"
352,news Corruption in BJP is at an all-time high. Where is the accountability? #NewsUpdate,2025-02-04,user_869,Sydney,Harris,BJP,Synthetic,negative,news corruption BJP alltime high accountability,"['news', 'corruption', 'BJP', 'alltime', 'high', 'accountability']",6,47,negative,0.7614,"{np.str_('negative'): 0.7614, np.str_('neutral'): 0.1255, np.str_('positive'): 0.1131}",labeled,negative,0.6715,"{'negative': 0.6715, 'neutral': 0.2949, 'positive': 0.0337}"
353,The new INC (Congress) bill has some good but points also many flaws. A mixed bag for Sydney.,2024-07-10,user_903,Sydney,Obama,INC (Congress),Synthetic,neutral,new inc congress bill good but point also many flaw mixed bag sydney,"['new', 'inc', 'congress', 'bill', 'good', 'but', 'point', 'also', 'many', 'flaw', 'mixed', 'bag', 'sydney']",13,68,neutral,0.9277,"{np.str_('negative'): 0.0309, np.str_('neutral'): 0.9277, np.str_('positive'): 0.0414}",labeled,negative,0.5089,"{'negative': 0.5089, 'neutral': 0.4391, 'positive': 0.052}"
354,Proud to be a Conservatives supporter. Our values with national progress. #GlobalPolitics,2024-03-14,user_887,Berlin,Biden,Conservatives,Synthetic,positive,proud conservative supporter value national progress,"['proud', 'conservative', 'supporter', 'value', 'national', 'progress']",6,52,positive,0.8938,"{np.str_('negative'): 0.0502, np.str_('neutral'): 0.0561, np.str_('positive'): 0.8938}",labeled,positive,0.9271,"{'positive': 0.9271, 'neutral': 0.0679, 'negative': 0.005}"
355,policy Interesting to see Trudeau and Republicans working together. Not sure if this is good or bad. #Election2024,2024-10-31,user_992,Texas,Trudeau,Republicans,Synthetic,neutral,policy interesting see Trudeau Republicans working together not sure good bad,"['policy', 'interesting', 'see', 'Trudeau', 'Republicans', 'working', 'together', 'not', 'sure', 'good', 'bad']",11,77,neutral,0.8281,"{np.str_('negative'): 0.1105, np.str_('neutral'): 0.8281, np.str_('positive'): 0.0614}",labeled,neutral,0.7403,"{'neutral': 0.7403, 'positive': 0.2232, 'negative': 0.0365}"
356,So proud of what INC (Congress) has accomplished this term. Unemployment is down! #UnitedWeStand,2024-04-17,user_428,Gujarat,Trump,INC (Congress),Synthetic,positive,proud inc congress accomplished term unemployment,"['proud', 'inc', 'congress', 'accomplished', 'term', 'unemployment']",6,49,positive,0.8714,"{np.str_('negative'): 0.0535, np.str_('neutral'): 0.0752, np.str_('positive'): 0.8714}",labeled,positive,0.9406,"{'positive': 0.9406, 'neutral': 0.0514, 'negative': 0.0081}"
357,policy The new Conservatives bill haz some good points but also many flaws. A mixed bag for Florida.,2024-11-14,user_673,Florida,DeSantis,Conservatives,Synthetic,neutral,policy new conservative bill haz good point but also many flaw mixed bag florida,"['policy', 'new', 'conservative', 'bill', 'haz', 'good', 'point', 'but', 'also', 'many', 'flaw', 'mixed', 'bag', 'florida']",14,80,neutral,0.9004,"{np.str_('negative'): 0.0463, np.str_('neutral'): 0.9004, np.str_('positive'): 0.0533}",labeled,neutral,0.577,"{'neutral': 0.577, 'negative': 0.3302, 'positive': 0.0928}"
358,"Finally, a leader like Amit Shah who understands the needs of the youth. #PoliticsDaily",2024-03-28,user_172,California,Amit Shah,Republicans,Synthetic,positive,finally leader like amit shah understands need youth,"['finally', 'leader', 'like', 'amit', 'shah', 'understands', 'need', 'youth']",8,52,positive,0.9412,"{np.str_('negative'): 0.0322, np.str_('neutral'): 0.0267, np.str_('positive'): 0.9412}",labeled,positive,0.6882,"{'positive': 0.6882, 'neutral': 0.2921, 'negative': 0.0197}"
359,news So proud of what INC (Congress) haz accomplished this term. is down! Unemployment #Progress,2024-11-18,user_956,Gujarat,Obama,INC (Congress),Synthetic,positive,news proud inc congress haz accomplished term unemployment,"['news', 'proud', 'inc', 'congress', 'haz', 'accomplished', 'term', 'unemployment']",8,58,positive,0.8282,"{np.str_('negative'): 0.0713, np.str_('neutral'): 0.1005, np.str_('positive'): 0.8282}",labeled,positive,0.7116,"{'positive': 0.7116, 'neutral': 0.273, 'negative': 0.0154}"
360,Sunak is the worst thing to happen to Maharashtra in decades. Step down NOW. #Election2024,2025-01-21,user_882,Maharashtra,Sunak,TMC,Synthetic,negative,Sunak worst thing happen maharashtra decade step,"['Sunak', 'worst', 'thing', 'happen', 'maharashtra', 'decade', 'step']",7,48,negative,0.4887,"{np.str_('negative'): 0.4887, np.str_('neutral'): 0.2663, np.str_('positive'): 0.2449}",labeled,negative,0.8965,"{'negative': 0.8965, 'neutral': 0.092, 'positive': 0.0115}"
361,news New poll data shows shifting voter preferences in Berlin region. #PolicyDebate,2024-07-05,user_501,Berlin,Arvind Kejriwal,Labour,Synthetic,neutral,news new poll data show shifting voter preference berlin region,"['news', 'new', 'poll', 'data', 'show', 'shifting', 'voter', 'preference', 'berlin', 'region']",10,63,neutral,0.9228,"{np.str_('negative'): 0.0422, np.str_('neutral'): 0.9228, np.str_('positive'): 0.0349}",labeled,neutral,0.9062,"{'neutral': 0.9062, 'negative': 0.0665, 'positive': 0.0273}"
362,today INC (Congress) is tearing this country apart divisive its with rhetoric. #USPolitics,2024-03-06,user_620,Maharashtra,Harris,INC (Congress),Synthetic,negative,today inc congress tearing country apart divisive rhetoric,"['today', 'inc', 'congress', 'tearing', 'country', 'apart', 'divisive', 'rhetoric']",8,58,negative,0.769,"{np.str_('negative'): 0.769, np.str_('neutral'): 0.1009, np.str_('positive'): 0.1301}",labeled,negative,0.915,"{'negative': 0.915, 'neutral': 0.0785, 'positive': 0.0066}"
363,Analysts are divided on Trump's recent economic proposals. #VoterRights,2024-11-13,user_349,Berlin,Trump,AAP,Synthetic,neutral,analyst divided trump recent economic proposal,"['analyst', 'divided', 'trump', 'recent', 'economic', 'proposal']",6,46,neutral,0.7715,"{np.str_('negative'): 0.0809, np.str_('neutral'): 0.7715, np.str_('positive'): 0.1477}",labeled,neutral,0.7597,"{'neutral': 0.7597, 'negative': 0.2045, 'positive': 0.0358}"
364,The poor get poorer under Labour's watch. Trickle-down economics is a lie! #Resign,2024-06-24,user_657,Gujarat,Amit Shah,Labour,Synthetic,negative,poor get poorer labour watch trickledown economics lie,"['poor', 'get', 'poorer', 'labour', 'watch', 'trickledown', 'economics', 'lie']",8,54,negative,0.9579,"{np.str_('negative'): 0.9579, np.str_('neutral'): 0.0138, np.str_('positive'): 0.0284}",labeled,negative,0.7238,"{'negative': 0.7238, 'neutral': 0.2513, 'positive': 0.0248}"
365,Sunak's policies are destroying small businesses across Texas. Unacceptable!,2024-03-31,user_415,Texas,Sunak,Conservatives,Synthetic,negative,sunaks policy destroying small business across texas unacceptable,"['sunaks', 'policy', 'destroying', 'small', 'business', 'across', 'texas', 'unacceptable']",8,65,negative,0.9138,"{np.str_('negative'): 0.9138, np.str_('neutral'): 0.0419, np.str_('positive'): 0.0443}",labeled,negative,0.921,"{'negative': 0.921, 'neutral': 0.0727, 'positive': 0.0063}"
366,The poor get poorer under Republicans's watch. Trickle-down economics is a lie! #Election2024,2024-11-21,user_929,Berlin,Rahul Gandhi,Republicans,Synthetic,negative,poor get poorer republicanss watch trickledown economics lie,"['poor', 'get', 'poorer', 'republicanss', 'watch', 'trickledown', 'economics', 'lie']",8,60,negative,0.9579,"{np.str_('negative'): 0.9579, np.str_('neutral'): 0.0138, np.str_('positive'): 0.0284}",labeled,negative,0.7237,"{'negative': 0.7237, 'neutral': 0.2502, 'positive': 0.0261}"
367,update Proud to be a Labour supporter. Our values align with progress. #PolicyDebate,2024-06-04,user_545,Texas,Biden,Labour,Synthetic,positive,update proud LabourParty supporter value align progress,"['update', 'proud', 'LabourParty', 'supporter', 'value', 'align', 'progress']",7,55,positive,0.8984,"{np.str_('negative'): 0.0629, np.str_('neutral'): 0.0387, np.str_('positive'): 0.8984}",labeled,positive,0.794,"{'positive': 0.794, 'neutral': 0.198, 'negative': 0.008}"
368,Local elections in Berlin expected to be closely contested by INC (Congress). #Election2024,2024-10-08,user_154,Berlin,Sunak,INC (Congress),Synthetic,neutral,local election berlin expected closely contested inc congress,"['local', 'election', 'berlin', 'expected', 'closely', 'contested', 'inc', 'congress']",8,61,neutral,0.8479,"{np.str_('negative'): 0.106, np.str_('neutral'): 0.8479, np.str_('positive'): 0.0461}",labeled,neutral,0.9307,"{'neutral': 0.9307, 'positive': 0.0484, 'negative': 0.0208}"
369,today Watching Biden handle international relations with such grace and dignity. #PeaceAndProsperity,2024-07-26,user_490,Maharashtra,Biden,LibDems,Synthetic,positive,today watching biden handle international relation grace dignity,"['today', 'watching', 'biden', 'handle', 'international', 'relation', 'grace', 'dignity']",8,64,positive,0.9386,"{np.str_('negative'): 0.0353, np.str_('neutral'): 0.0262, np.str_('positive'): 0.9386}",labeled,neutral,0.6623,"{'neutral': 0.6623, 'positive': 0.3253, 'negative': 0.0124}"
370,Interesting to zee Rahul and LibDems working together. Not sure if this good is or bad. #PolicyDebate,2024-09-06,user_773,California,Rahul Gandhi,LibDems,Synthetic,neutral,interesting zee rahul libdems working together not sure good bad,"['interesting', 'zee', 'rahul', 'libdems', 'working', 'together', 'not', 'sure', 'good', 'bad']",10,64,neutral,0.8655,"{np.str_('negative'): 0.0902, np.str_('neutral'): 0.8655, np.str_('positive'): 0.0443}",labeled,neutral,0.8177,"{'neutral': 0.8177, 'positive': 0.1298, 'negative': 0.0524}"
371,Labour has been in power for years and Berlin is still in shambles. #BreakingNews,2024-08-20,user_621,Berlin,Rahul Gandhi,Labour,Synthetic,negative,LabourParty power year berlin still shamble,"['LabourParty', 'power', 'year', 'berlin', 'still', 'shamble']",6,43,negative,0.8382,"{np.str_('negative'): 0.8382, np.str_('neutral'): 0.0847, np.str_('positive'): 0.0771}",labeled,neutral,0.6608,"{'neutral': 0.6608, 'negative': 0.2949, 'positive': 0.0444}"
372,news Survey shows mixed public opinion on latest LibDems's immigration policy. #USPolitics,2024-10-06,user_690,Gujarat,Rahul Gandhi,LibDems,Synthetic,neutral,news survey show mixed public opinion latest libdemss immigration policy,"['news', 'survey', 'show', 'mixed', 'public', 'opinion', 'latest', 'libdemss', 'immigration', 'policy']",10,72,neutral,0.8603,"{np.str_('negative'): 0.0944, np.str_('neutral'): 0.8603, np.str_('positive'): 0.0453}",labeled,neutral,0.6646,"{'neutral': 0.6646, 'negative': 0.3155, 'positive': 0.0199}"
373,official Local elections in Sydney expected to be contested by Democrats. #PolicyDebate,2025-01-19,user_897,Sydney,Modi,Democrats,Synthetic,neutral,official local election sydney expected contested Democrats,"['official', 'local', 'election', 'sydney', 'expected', 'contested', 'Democrats']",7,59,neutral,0.7758,"{np.str_('negative'): 0.1572, np.str_('neutral'): 0.7758, np.str_('positive'): 0.0669}",labeled,neutral,0.9102,"{'neutral': 0.9102, 'negative': 0.0602, 'positive': 0.0296}"
374,Experts weigh in on TMC's development five-year plan. #PoliticsDaily,2024-06-24,user_647,Berlin,Obama,TMC,Synthetic,neutral,expert weigh tmcs development fiveyear plan,"['expert', 'weigh', 'tmcs', 'development', 'fiveyear', 'plan']",6,43,neutral,0.8333,"{np.str_('negative'): 0.0637, np.str_('neutral'): 0.8333, np.str_('positive'): 0.103}",labeled,neutral,0.878,"{'neutral': 0.878, 'positive': 0.0977, 'negative': 0.0243}"
375,update Democrats is tearing this country apart with its divisive rhetoric. #GlobalPolitics,2024-03-26,user_136,Gujarat,Macron,Democrats,Synthetic,negative,update Democrats tearing country apart divisive rhetoric,"['update', 'Democrats', 'tearing', 'country', 'apart', 'divisive', 'rhetoric']",7,56,negative,0.8354,"{np.str_('negative'): 0.8354, np.str_('neutral'): 0.08, np.str_('positive'): 0.0846}",labeled,negative,0.8966,"{'negative': 0.8966, 'neutral': 0.0943, 'positive': 0.0092}"
376,official So proud of what BJP has accomplished this term. Unemployment is down! #USPolitics,2024-05-26,user_596,Florida,Sunak,BJP,Synthetic,positive,official proud BJP accomplished term unemployment,"['official', 'proud', 'BJP', 'accomplished', 'term', 'unemployment']",6,49,positive,0.8389,"{np.str_('negative'): 0.0755, np.str_('neutral'): 0.0856, np.str_('positive'): 0.8389}",labeled,positive,0.8801,"{'positive': 0.8801, 'neutral': 0.1127, 'negative': 0.0072}"
377,New data shows shifting preferences voter in Berlin region. #IndiaNews,2024-12-03,user_557,Berlin,Trump,Labour,Synthetic,neutral,new data show shifting preference voter berlin region,"['new', 'data', 'show', 'shifting', 'preference', 'voter', 'berlin', 'region']",8,53,neutral,0.9007,"{np.str_('negative'): 0.0515, np.str_('neutral'): 0.9007, np.str_('positive'): 0.0477}",labeled,neutral,0.9308,"{'neutral': 0.9308, 'negative': 0.039, 'positive': 0.0303}"
378,Modi sold out to corporate interests. The common nothing means man to them. #USPolitics,2024-09-10,user_870,Florida,Modi,Labour,Synthetic,negative,modi sold corporate interest common nothing mean man,"['modi', 'sold', 'corporate', 'interest', 'common', 'nothing', 'mean', 'man']",8,52,negative,0.3678,"{np.str_('negative'): 0.3678, np.str_('neutral'): 0.3391, np.str_('positive'): 0.2931}",labeled,neutral,0.5704,"{'neutral': 0.5704, 'negative': 0.3926, 'positive': 0.037}"
379,AAP is tearin' this country its with apart divisive rhetoric. #Scam,2024-08-31,user_864,California,Rahul Gandhi,AAP,Synthetic,negative,AAP tearin country apart divisive rhetoric,"['AAP', 'tearin', 'country', 'apart', 'divisive', 'rhetoric']",6,42,negative,0.8522,"{np.str_('negative'): 0.8522, np.str_('neutral'): 0.0725, np.str_('positive'): 0.0753}",labeled,negative,0.9137,"{'negative': 0.9137, 'neutral': 0.0795, 'positive': 0.0068}"
380,today Survey shows mixed public opinion on latest immigration policy. #GlobalPolitics,2024-12-15,user_142,California,Macron,LibDems,Synthetic,neutral,today survey show mixed public opinion latest immigration policy,"['today', 'survey', 'show', 'mixed', 'public', 'opinion', 'latest', 'immigration', 'policy']",9,64,neutral,0.8658,"{np.str_('negative'): 0.0801, np.str_('neutral'): 0.8658, np.str_('positive'): 0.0541}",labeled,neutral,0.5345,"{'neutral': 0.5345, 'negative': 0.4502, 'positive': 0.0153}"
381,update New poll dat4 shows shifting voter preferences in Maharashtr4 region. #GlobalPolitics,2024-12-01,user_698,Maharashtra,Trump,LibDems,Synthetic,neutral,update new poll dat4 show shifting voter preference maharashtr4 region,"['update', 'new', 'poll', 'dat4', 'show', 'shifting', 'voter', 'preference', 'maharashtr4', 'region']",10,70,neutral,0.913,"{np.str_('negative'): 0.0383, np.str_('neutral'): 0.913, np.str_('positive'): 0.0488}",labeled,neutral,0.9142,"{'neutral': 0.9142, 'positive': 0.0464, 'negative': 0.0394}"
382,"policy Another day, another failure from the TMC administration in California. #Exposed",2024-02-04,user_112,California,Rahul Gandhi,TMC,Synthetic,negative,policy another day another failure tmc administration california,"['policy', 'another', 'day', 'another', 'failure', 'tmc', 'administration', 'california']",8,64,negative,0.8503,"{np.str_('negative'): 0.8503, np.str_('neutral'): 0.0796, np.str_('positive'): 0.0701}",labeled,negative,0.9135,"{'negative': 0.9135, 'neutral': 0.0774, 'positive': 0.0091}"
383,Republicans is tearing this with country apart its divisive #PoliticzDaily,2024-11-02,user_753,Berlin,Rahul Gandhi,Republicans,Synthetic,negative,Republicans tearing country apart divisive,"['Republicans', 'tearing', 'country', 'apart', 'divisive']",5,42,negative,0.8518,"{np.str_('negative'): 0.8518, np.str_('neutral'): 0.0698, np.str_('positive'): 0.0784}",labeled,negative,0.8911,"{'negative': 0.8911, 'neutral': 0.0988, 'positive': 0.0101}"
384,Republicans has been in power for years and Berlin is still in shambles. #NewsUpdate,2024-12-22,user_288,Berlin,Trump,Republicans,Synthetic,negative,Republicans power year berlin still shamble,"['Republicans', 'power', 'year', 'berlin', 'still', 'shamble']",6,43,negative,0.8457,"{np.str_('negative'): 0.8457, np.str_('neutral'): 0.0823, np.str_('positive'): 0.072}",labeled,neutral,0.5046,"{'neutral': 0.5046, 'negative': 0.4556, 'positive': 0.0398}"
385,Obama's policies are destroying small businesses across Gujarat. Unacceptable! #IndiaNews,2024-06-14,user_363,Gujarat,Obama,BJP,Synthetic,negative,obamas policy destroying small business across gujarat unacceptable,"['obamas', 'policy', 'destroying', 'small', 'business', 'across', 'gujarat', 'unacceptable']",8,67,negative,0.9025,"{np.str_('negative'): 0.9025, np.str_('neutral'): 0.044, np.str_('positive'): 0.0535}",labeled,negative,0.9036,"{'negative': 0.9036, 'neutral': 0.09, 'positive': 0.0064}"
386,So proud of what Republicans has accomplished this term. Unemployment is down! #NewsUpdate,2024-02-05,user_603,Florida,Harris,Republicans,Synthetic,positive,proud Republicans accomplished term unemployment,"['proud', 'Republicans', 'accomplished', 'term', 'unemployment']",5,48,positive,0.8534,"{np.str_('negative'): 0.0688, np.str_('neutral'): 0.0778, np.str_('positive'): 0.8534}",labeled,positive,0.8484,"{'positive': 0.8484, 'neutral': 0.1348, 'negative': 0.0168}"
387,Excellent initiative by DeSantis to support #UnitedWeStand rural development.,2024-02-07,user_172,Texas,DeSantis,AAP,Synthetic,positive,excellent initiative DeSantis support rural development,"['excellent', 'initiative', 'DeSantis', 'support', 'rural', 'development']",6,55,positive,0.6712,"{np.str_('negative'): 0.086, np.str_('neutral'): 0.2427, np.str_('positive'): 0.6712}",labeled,positive,0.9727,"{'positive': 0.9727, 'neutral': 0.0248, 'negative': 0.0025}"
388,has Banerjee Mamata completely failed the working class. Another broken promise. #USPolitics,2024-09-20,user_824,Gujarat,Mamata Banerjee,BJP,Synthetic,negative,banerjee mamata completely failed working class another broken promise,"['banerjee', 'mamata', 'completely', 'failed', 'working', 'class', 'another', 'broken', 'promise']",9,70,negative,0.6008,"{np.str_('negative'): 0.6008, np.str_('neutral'): 0.1287, np.str_('positive'): 0.2705}",labeled,negative,0.8681,"{'negative': 0.8681, 'neutral': 0.1219, 'positive': 0.01}"
389,"Everyone is talking about Macron. Some love it, some hate it. What do you think? #GlobalPolitics",2024-12-18,user_937,Gujarat,Macron,TMC,Synthetic,neutral,everyone talking Macron love hate think,"['everyone', 'talking', 'Macron', 'love', 'hate', 'think']",6,39,neutral,0.5194,"{np.str_('negative'): 0.3254, np.str_('neutral'): 0.5194, np.str_('positive'): 0.1552}",labeled,neutral,0.5549,"{'neutral': 0.5549, 'negative': 0.315, 'positive': 0.1301}"
390,Local elections in Berlin expected to be closely contested by TMC. #VoterRights,2024-11-27,user_192,Berlin,Macron,TMC,Synthetic,neutral,local election berlin expected closely contested tmc,"['local', 'election', 'berlin', 'expected', 'closely', 'contested', 'tmc']",7,52,neutral,0.8308,"{np.str_('negative'): 0.1221, np.str_('neutral'): 0.8308, np.str_('positive'): 0.0471}",labeled,neutral,0.9413,"{'neutral': 0.9413, 'positive': 0.0307, 'negative': 0.028}"
391,"I used to support LibDems, but after Modi's recent speech in Maharashtra, I'm not so sure anymore.",2024-12-04,user_295,Maharashtra,Modi,LibDems,Synthetic,neutral,used support libdems but modis recent speech maharashtra im not sure anymore,"['used', 'support', 'libdems', 'but', 'modis', 'recent', 'speech', 'maharashtra', 'im', 'not', 'sure', 'anymore']",12,76,neutral,0.7459,"{np.str_('negative'): 0.0901, np.str_('neutral'): 0.7459, np.str_('positive'): 0.164}",labeled,neutral,0.6373,"{'neutral': 0.6373, 'negative': 0.3409, 'positive': 0.0218}"
392,policy Obama addressed parliament on the state of national security. #USPolitics,2025-01-03,user_707,Berlin,Obama,AAP,Synthetic,neutral,policy Obama addressed parliament state national security,"['policy', 'Obama', 'addressed', 'parliament', 'state', 'national', 'security']",7,57,neutral,0.6294,"{np.str_('negative'): 0.0982, np.str_('neutral'): 0.6294, np.str_('positive'): 0.2724}",labeled,neutral,0.8911,"{'neutral': 0.8911, 'positive': 0.0828, 'negative': 0.0261}"
393,DeSantis's policies are destroying small businesses across Delhi. Unacceptable! #PolicyDebate,2024-01-09,user_137,Delhi,DeSantis,TMC,Synthetic,negative,desantiss policy destroying small business across delhi unacceptable,"['desantiss', 'policy', 'destroying', 'small', 'business', 'across', 'delhi', 'unacceptable']",8,68,negative,0.9178,"{np.str_('negative'): 0.9178, np.str_('neutral'): 0.0424, np.str_('positive'): 0.0398}",labeled,negative,0.8707,"{'negative': 0.8707, 'neutral': 0.1197, 'positive': 0.0096}"
394,Can't believe Democrats raised taxes again while corruption runs rampant in Maharashtra. #NewsUpdate,2024-04-29,user_173,Maharashtra,Modi,Democrats,Synthetic,negative,cant believe Democrats raised tax corruption run rampant maharashtra,"['cant', 'believe', 'Democrats', 'raised', 'tax', 'corruption', 'run', 'rampant', 'maharashtra']",9,68,negative,0.6505,"{np.str_('negative'): 0.6505, np.str_('neutral'): 0.1922, np.str_('positive'): 0.1573}",labeled,negative,0.9195,"{'negative': 0.9195, 'neutral': 0.0728, 'positive': 0.0077}"
395,Biden delivered an outstanding speech on economic recovery today. Real leadership! #USPolitics,2024-11-19,user_151,Gujarat,Biden,Labour,Synthetic,positive,biden delivered outstanding speech economic recovery today real leadership,"['biden', 'delivered', 'outstanding', 'speech', 'economic', 'recovery', 'today', 'real', 'leadership']",9,74,positive,0.9329,"{np.str_('negative'): 0.0284, np.str_('neutral'): 0.0387, np.str_('positive'): 0.9329}",labeled,positive,0.9749,"{'positive': 0.9749, 'neutral': 0.0208, 'negative': 0.0043}"
396,government The Obama of policies have genuinely improved lives in Gujarat. Keep it up! #VoterRights,2025-01-12,user_794,Gujarat,Obama,Republicans,Synthetic,positive,government Obama policy genuinely improved life gujarat keep,"['government', 'Obama', 'policy', 'genuinely', 'improved', 'life', 'gujarat', 'keep']",8,60,positive,0.7996,"{np.str_('negative'): 0.0975, np.str_('neutral'): 0.1029, np.str_('positive'): 0.7996}",labeled,positive,0.8385,"{'positive': 0.8385, 'neutral': 0.1456, 'negative': 0.0159}"
397,"Another day, anohter from the failure INC (Congress) administration in Berlin. #PolicyDebate",2024-07-08,user_666,Berlin,Rahul Gandhi,INC (Congress),Synthetic,negative,another day anohter failure inc congress administration berlin,"['another', 'day', 'anohter', 'failure', 'inc', 'congress', 'administration', 'berlin']",8,62,negative,0.8572,"{np.str_('negative'): 0.8572, np.str_('neutral'): 0.0764, np.str_('positive'): 0.0664}",labeled,negative,0.9105,"{'negative': 0.9105, 'neutral': 0.0817, 'positive': 0.0078}"
398,"policy Anohter day, another failure from the administration in TMC California. #Failed",2024-10-30,user_390,California,Harris,TMC,Synthetic,negative,policy anohter day another failure administration tmc california,"['policy', 'anohter', 'day', 'another', 'failure', 'administration', 'tmc', 'california']",8,64,negative,0.8503,"{np.str_('negative'): 0.8503, np.str_('neutral'): 0.0796, np.str_('positive'): 0.0701}",labeled,negative,0.9182,"{'negative': 0.9182, 'neutral': 0.074, 'positive': 0.0078}"
399,The debate between Rahul Gandhi and the opposition drew millions of viewers. #NewsUpdate,2024-01-20,user_710,Texas,Rahul Gandhi,TMC,Synthetic,neutral,debate RahulGandhi opposition drew million viewer,"['debate', 'RahulGandhi', 'opposition', 'drew', 'million', 'viewer']",6,49,neutral,0.652,"{np.str_('negative'): 0.0988, np.str_('neutral'): 0.652, np.str_('positive'): 0.2492}",labeled,neutral,0.8193,"{'neutral': 0.8193, 'positive': 0.1083, 'negative': 0.0724}"
400,Harris is the worst thing to happen to Berlin in decades. Step down NOW. #PoliticsDaily,2024-11-12,user_470,Berlin,Harris,TMC,Synthetic,negative,harris worst thing happen berlin decade step,"['harris', 'worst', 'thing', 'happen', 'berlin', 'decade', 'step']",7,44,negative,0.6707,"{np.str_('negative'): 0.6707, np.str_('neutral'): 0.1704, np.str_('positive'): 0.1589}",labeled,negative,0.9218,"{'negative': 0.9218, 'neutral': 0.0712, 'positive': 0.007}"
401,LibDems is tearing country apart this with its divisive rhetoric. #Exposed,2024-12-09,user_144,California,Trudeau,LibDems,Synthetic,negative,libdems tearing country apart divisive rhetoric,"['libdems', 'tearing', 'country', 'apart', 'divisive', 'rhetoric']",6,47,negative,0.8481,"{np.str_('negative'): 0.8481, np.str_('neutral'): 0.073, np.str_('positive'): 0.0789}",labeled,negative,0.9245,"{'negative': 0.9245, 'neutral': 0.0695, 'positive': 0.006}"
402,update secured 4 historic trade deal today. This will of create millions jobs! #BreakingNews,2024-09-20,user_218,Florida,Biden,INC (Congress),Synthetic,positive,update secured historic trade deal today create million job,"['update', 'secured', 'historic', 'trade', 'deal', 'today', 'create', 'million', 'job']",9,59,positive,0.4405,"{np.str_('negative'): 0.1334, np.str_('neutral'): 0.4261, np.str_('positive'): 0.4405}",labeled,positive,0.9109,"{'positive': 0.9109, 'neutral': 0.0841, 'negative': 0.005}"
403,"policy Another day, another failure from the Conservatives administration in Gujarat.",2024-02-20,user_342,Gujarat,Trump,Conservatives,Synthetic,negative,policy another day another failure conservative administration gujarat,"['policy', 'another', 'day', 'another', 'failure', 'conservative', 'administration', 'gujarat']",8,70,negative,0.8195,"{np.str_('negative'): 0.8195, np.str_('neutral'): 0.083, np.str_('positive'): 0.0975}",labeled,negative,0.8951,"{'negative': 0.8951, 'neutral': 0.0957, 'positive': 0.0092}"
404,"today Everyone is talking about Sunak. Some love it, some What hate it. do you htink? #BreakingNews",2025-01-03,user_298,California,Sunak,AAP,Synthetic,neutral,today everyone talking Sunak love hate htink,"['today', 'everyone', 'talking', 'Sunak', 'love', 'hate', 'htink']",7,44,positive,0.4427,"{np.str_('negative'): 0.1333, np.str_('neutral'): 0.4241, np.str_('positive'): 0.4427}",labeled,negative,0.5962,"{'negative': 0.5962, 'neutral': 0.3623, 'positive': 0.0415}"
405,today The debate between Yogi Adityanath and the drew viewers. of millions #USPolitics,2024-05-31,user_718,Florida,Yogi Adityanath,INC (Congress),Synthetic,neutral,today debate Yogi drew viewer million,"['today', 'debate', 'Yogi', 'drew', 'viewer', 'million']",6,37,neutral,0.4363,"{np.str_('negative'): 0.1518, np.str_('neutral'): 0.4363, np.str_('positive'): 0.412}",labeled,neutral,0.7872,"{'neutral': 0.7872, 'positive': 0.1637, 'negative': 0.0491}"
406,Harris just announced a major healthcare reform. This is what we voted for! #BreakingNews,2024-05-22,user_114,California,Harris,Labour,Synthetic,positive,harris announced major healthcare reform voted,"['harris', 'announced', 'major', 'healthcare', 'reform', 'voted']",6,46,positive,0.5808,"{np.str_('negative'): 0.1763, np.str_('neutral'): 0.2429, np.str_('positive'): 0.5808}",labeled,positive,0.6221,"{'positive': 0.6221, 'neutral': 0.3711, 'negative': 0.0068}"
407,"Under Sunak's leadership, crime rates in California have dropped significantly. #Election2024",2024-01-03,user_527,California,Sunak,AAP,Synthetic,positive,sunaks leadership crime rate california dropped significantly,"['sunaks', 'leadership', 'crime', 'rate', 'california', 'dropped', 'significantly']",7,61,positive,0.551,"{np.str_('negative'): 0.2112, np.str_('neutral'): 0.2378, np.str_('positive'): 0.551}",labeled,negative,0.683,"{'negative': 0.683, 'neutral': 0.2833, 'positive': 0.0337}"
408,The latest Democrats scandal is just teh tip of teh iceberg. #Failed,2024-09-10,user_346,Gujarat,Biden,Democrats,Synthetic,negative,latest Democrats scandal teh tip teh iceberg,"['latest', 'Democrats', 'scandal', 'teh', 'tip', 'teh', 'iceberg']",7,44,negative,0.8554,"{np.str_('negative'): 0.8554, np.str_('neutral'): 0.0848, np.str_('positive'): 0.0598}",labeled,neutral,0.5709,"{'neutral': 0.5709, 'negative': 0.387, 'positive': 0.0421}"
409,LibDems committee to review spending over teh next quarter. #GlobalPolitics,2024-12-08,user_412,Sydney,Trump,LibDems,Synthetic,neutral,libdems committee review spending teh next quarter,"['libdems', 'committee', 'review', 'spending', 'teh', 'next', 'quarter']",7,50,neutral,0.7742,"{np.str_('negative'): 0.1335, np.str_('neutral'): 0.7742, np.str_('positive'): 0.0923}",labeled,neutral,0.9128,"{'neutral': 0.9128, 'positive': 0.0572, 'negative': 0.0299}"
410,TMC is tearing this country apart with its divisive rhetoric. #IndiaNews,2024-08-25,user_820,Sydney,Harris,TMC,Synthetic,negative,tmc tearing country apart divisive rhetoric,"['tmc', 'tearing', 'country', 'apart', 'divisive', 'rhetoric']",6,43,negative,0.843,"{np.str_('negative'): 0.843, np.str_('neutral'): 0.0737, np.str_('positive'): 0.0833}",labeled,negative,0.9208,"{'negative': 0.9208, 'neutral': 0.073, 'positive': 0.0061}"
411,Survey shows mixed public opinion on Democrats's latest immigration policy. #USPolitics,2024-10-21,user_913,Berlin,Yogi Adityanath,Democrats,Synthetic,neutral,survey show mixed public opinion democratss latest immigration policy,"['survey', 'show', 'mixed', 'public', 'opinion', 'democratss', 'latest', 'immigration', 'policy']",9,69,neutral,0.8712,"{np.str_('negative'): 0.0853, np.str_('neutral'): 0.8712, np.str_('positive'): 0.0435}",labeled,neutral,0.7458,"{'neutral': 0.7458, 'negative': 0.2298, 'positive': 0.0243}"
412,statement Republicans committee to review healthcare spending over the next quarter. #Election2024,2024-11-12,user_141,Maharashtra,DeSantis,Republicans,Synthetic,neutral,statement Republicans committee review healthcare spending next quarter,"['statement', 'Republicans', 'committee', 'review', 'healthcare', 'spending', 'next', 'quarter']",8,71,neutral,0.7755,"{np.str_('negative'): 0.118, np.str_('neutral'): 0.7755, np.str_('positive'): 0.1065}",labeled,neutral,0.9001,"{'neutral': 0.9001, 'positive': 0.0751, 'negative': 0.0248}"
413,today Modi addressed parliament on the state of national security. #VoterRights,2024-02-28,user_764,Texas,Modi,INC (Congress),Synthetic,neutral,today modi addressed parliament state national security,"['today', 'modi', 'addressed', 'parliament', 'state', 'national', 'security']",7,55,neutral,0.5698,"{np.str_('negative'): 0.134, np.str_('neutral'): 0.5698, np.str_('positive'): 0.2962}",labeled,neutral,0.8835,"{'neutral': 0.8835, 'positive': 0.1082, 'negative': 0.0082}"
414,today The education reforms by Conservatives are transforming schools across the nation. #PoliticsDaily,2024-09-05,user_613,California,Arvind Kejriwal,Conservatives,Synthetic,positive,today education reform conservative transforming school across nation,"['today', 'education', 'reform', 'conservative', 'transforming', 'school', 'across', 'nation']",8,69,positive,0.9165,"{np.str_('negative'): 0.0469, np.str_('neutral'): 0.0366, np.str_('positive'): 0.9165}",labeled,neutral,0.6726,"{'neutral': 0.6726, 'positive': 0.3161, 'negative': 0.0113}"
415,"Finally, a leader like Amit Shah who understands the needs of the youth. #PolicyDebate",2024-02-03,user_292,Gujarat,Amit Shah,Republicans,Synthetic,positive,finally leader like amit shah understands need youth,"['finally', 'leader', 'like', 'amit', 'shah', 'understands', 'need', 'youth']",8,52,positive,0.9412,"{np.str_('negative'): 0.0322, np.str_('neutral'): 0.0267, np.str_('positive'): 0.9412}",labeled,positive,0.6882,"{'positive': 0.6882, 'neutral': 0.2921, 'negative': 0.0197}"
416,Record growth under GDP Republicans leadership. The economy is thriving! #HopeAndChange,2024-09-23,user_742,Berlin,Arvind Kejriwal,Republicans,Synthetic,positive,record growth gdp Republicans leadership economy thriving,"['record', 'growth', 'gdp', 'Republicans', 'leadership', 'economy', 'thriving']",7,57,positive,0.6434,"{np.str_('negative'): 0.1914, np.str_('neutral'): 0.1653, np.str_('positive'): 0.6434}",labeled,positive,0.9399,"{'positive': 0.9399, 'neutral': 0.0546, 'negative': 0.0054}"
417,"government Finally, 4 leader like Biden who understands teh needs of teh youth. #Progress",2024-04-28,user_954,Delhi,Biden,BJP,Synthetic,positive,government finally leader like biden understands teh need teh youth,"['government', 'finally', 'leader', 'like', 'biden', 'understands', 'teh', 'need', 'teh', 'youth']",10,67,positive,0.8826,"{np.str_('negative'): 0.0704, np.str_('neutral'): 0.047, np.str_('positive'): 0.8826}",labeled,positive,0.5708,"{'positive': 0.5708, 'neutral': 0.4019, 'negative': 0.0274}"
418,"Another day, another failure from the INC (Congress) administration in Delhi. #Election2024",2024-10-07,user_555,Delhi,Amit Shah,INC (Congress),Synthetic,negative,another day another failure inc congress administration delhi,"['another', 'day', 'another', 'failure', 'inc', 'congress', 'administration', 'delhi']",8,61,negative,0.8421,"{np.str_('negative'): 0.8421, np.str_('neutral'): 0.0861, np.str_('positive'): 0.0718}",labeled,negative,0.8947,"{'negative': 0.8947, 'neutral': 0.0935, 'positive': 0.0118}"
419,Arvind Kejriwal signs executive challenges legal order; anticipated from BJP. #IndiaNews,2024-05-25,user_566,Texas,Arvind Kejriwal,BJP,Synthetic,neutral,arvind Kejriwal sign executive challenge legal order anticipated BJP,"['arvind', 'Kejriwal', 'sign', 'executive', 'challenge', 'legal', 'order', 'anticipated', 'BJP']",9,68,neutral,0.7866,"{np.str_('negative'): 0.1093, np.str_('neutral'): 0.7866, np.str_('positive'): 0.1041}",labeled,neutral,0.8806,"{'neutral': 0.8806, 'positive': 0.0955, 'negative': 0.0239}"
420,government The policies of Harris have genuinely improved lives in Florida. Keep it up! #HopeAndChange,2024-06-11,user_688,Florida,Harris,Labour,Synthetic,positive,government policy harris genuinely improved life florida keep,"['government', 'policy', 'harris', 'genuinely', 'improved', 'life', 'florida', 'keep']",8,61,positive,0.7744,"{np.str_('negative'): 0.1496, np.str_('neutral'): 0.0761, np.str_('positive'): 0.7744}",labeled,positive,0.8493,"{'positive': 0.8493, 'neutral': 0.135, 'negative': 0.0157}"
421,Harris's foreign policy has embarrassed us on hte world stage. Shameful. #Scam,2024-06-03,user_224,Florida,Harris,TMC,Synthetic,negative,harris foreign policy embarrassed u hte world stage shameful,"['harris', 'foreign', 'policy', 'embarrassed', 'u', 'hte', 'world', 'stage', 'shameful']",9,60,negative,0.4719,"{np.str_('negative'): 0.4719, np.str_('neutral'): 0.3159, np.str_('positive'): 0.2122}",labeled,negative,0.9371,"{'negative': 0.9371, 'neutral': 0.0571, 'positive': 0.0059}"
422,Opposition responds to Biden's budget address with mixed reactions. #NewsUpdate,2024-09-16,user_439,Gujarat,Biden,AAP,Synthetic,neutral,opposition responds bidens budget address mixed reaction,"['opposition', 'responds', 'bidens', 'budget', 'address', 'mixed', 'reaction']",7,56,neutral,0.9405,"{np.str_('negative'): 0.0281, np.str_('neutral'): 0.9405, np.str_('positive'): 0.0314}",labeled,neutral,0.8469,"{'neutral': 0.8469, 'negative': 0.1199, 'positive': 0.0332}"
423,Incredible infrastructure development happening under Yogi Adityanath's watch in Gujarat. #VoterRights,2024-02-27,user_849,Gujarat,Yogi Adityanath,BJP,Synthetic,positive,incredible infrastructure development happening Yogi adityanaths watch gujarat,"['incredible', 'infrastructure', 'development', 'happening', 'Yogi', 'adityanaths', 'watch', 'gujarat']",8,78,positive,0.4453,"{np.str_('negative'): 0.3013, np.str_('neutral'): 0.2533, np.str_('positive'): 0.4453}",labeled,positive,0.9043,"{'positive': 0.9043, 'neutral': 0.0902, 'negative': 0.0055}"
424,addrezzed Arvind Kejriwal parliament on the state of national security. #VoterRights,2024-09-26,user_327,Texas,Arvind Kejriwal,Democrats,Synthetic,neutral,addrezzed arvind Kejriwal parliament state national security,"['addrezzed', 'arvind', 'Kejriwal', 'parliament', 'state', 'national', 'security']",7,60,neutral,0.6286,"{np.str_('negative'): 0.1314, np.str_('neutral'): 0.6286, np.str_('positive'): 0.24}",labeled,neutral,0.842,"{'neutral': 0.842, 'negative': 0.1013, 'positive': 0.0567}"
425,news Macron has completely failed the working class. Another broken promise. #Resign,2024-09-08,user_425,California,Macron,BJP,Synthetic,negative,news Macron completely failed working class another broken promise,"['news', 'Macron', 'completely', 'failed', 'working', 'class', 'another', 'broken', 'promise']",9,66,negative,0.5459,"{np.str_('negative'): 0.5459, np.str_('neutral'): 0.1802, np.str_('positive'): 0.2739}",labeled,negative,0.9069,"{'negative': 0.9069, 'neutral': 0.0816, 'positive': 0.0116}"
426,statement Mamata Banerjee shows true compassion for ordinary A citizens. leader for the people! #NewsUpdate,2024-02-14,user_320,Sydney,Mamata Banerjee,LibDems,Synthetic,positive,statement Mamata show true compassion ordinary citizen leader people,"['statement', 'Mamata', 'show', 'true', 'compassion', 'ordinary', 'citizen', 'leader', 'people']",9,68,positive,0.9213,"{np.str_('negative'): 0.0437, np.str_('neutral'): 0.0351, np.str_('positive'): 0.9213}",labeled,positive,0.4826,"{'positive': 0.4826, 'neutral': 0.4819, 'negative': 0.0355}"
427,today Opposition responds to Sunak's budget address with mixed reactions.,2024-09-25,user_443,Delhi,Sunak,TMC,Synthetic,neutral,today opposition responds sunaks budget address mixed reaction,"['today', 'opposition', 'responds', 'sunaks', 'budget', 'address', 'mixed', 'reaction']",8,62,neutral,0.9318,"{np.str_('negative'): 0.0277, np.str_('neutral'): 0.9318, np.str_('positive'): 0.0405}",labeled,neutral,0.5333,"{'neutral': 0.5333, 'negative': 0.455, 'positive': 0.0117}"
428,Trump delivered an outstanding speech on economic recovery today. Real leadership! #BreakingNews,2024-03-11,user_304,Berlin,Trump,AAP,Synthetic,positive,trump delivered outstanding speech economic recovery today real leadership,"['trump', 'delivered', 'outstanding', 'speech', 'economic', 'recovery', 'today', 'real', 'leadership']",9,74,positive,0.9286,"{np.str_('negative'): 0.0338, np.str_('neutral'): 0.0375, np.str_('positive'): 0.9286}",labeled,positive,0.9738,"{'positive': 0.9738, 'neutral': 0.0212, 'negative': 0.005}"
429,update Experts weigh in on AAP's five-year development #PolicyDebate plan.,2024-05-14,user_407,Florida,Harris,AAP,Synthetic,neutral,update expert weigh aaps fiveyear development plan,"['update', 'expert', 'weigh', 'aaps', 'fiveyear', 'development', 'plan']",7,50,neutral,0.8054,"{np.str_('negative'): 0.0771, np.str_('neutral'): 0.8054, np.str_('positive'): 0.1175}",labeled,neutral,0.8833,"{'neutral': 0.8833, 'positive': 0.0844, 'negative': 0.0322}"
430,policy Yogi Adityanath addressed parliament on the state of national security. #IndiaNews,2024-09-09,user_168,Berlin,Yogi Adityanath,TMC,Synthetic,neutral,policy Yogi addressed parliament state national security,"['policy', 'Yogi', 'addressed', 'parliament', 'state', 'national', 'security']",7,56,neutral,0.5932,"{np.str_('negative'): 0.167, np.str_('neutral'): 0.5932, np.str_('positive'): 0.2398}",labeled,neutral,0.9145,"{'neutral': 0.9145, 'positive': 0.0711, 'negative': 0.0143}"
431,news Mamata Banerjee united the divided nation with his remarkable speech yesterday. #Democracy,2024-01-09,user_965,Gujarat,Mamata Banerjee,INC (Congress),Synthetic,positive,news Mamata united divided nation remarkable speech yesterday,"['news', 'Mamata', 'united', 'divided', 'nation', 'remarkable', 'speech', 'yesterday']",8,61,positive,0.6328,"{np.str_('negative'): 0.1262, np.str_('neutral'): 0.241, np.str_('positive'): 0.6328}",labeled,neutral,0.6205,"{'neutral': 0.6205, 'positive': 0.2787, 'negative': 0.1008}"
432,today Labour has been in power for years and Sydney is still in shambles. #Election2024,2024-07-01,user_149,Sydney,Obama,Labour,Synthetic,negative,today LabourParty power year sydney still shamble,"['today', 'LabourParty', 'power', 'year', 'sydney', 'still', 'shamble']",7,49,negative,0.7403,"{np.str_('negative'): 0.7403, np.str_('neutral'): 0.1246, np.str_('positive'): 0.1351}",labeled,neutral,0.8472,"{'neutral': 0.8472, 'negative': 0.0828, 'positive': 0.07}"
433,today The BJP policy is a breath of fresh air for the industry. #BuildBackBetter,2024-12-16,user_919,Berlin,Obama,BJP,Synthetic,positive,today BJP policy breath fresh air industry,"['today', 'BJP', 'policy', 'breath', 'fresh', 'air', 'industry']",7,42,positive,0.414,"{np.str_('negative'): 0.234, np.str_('neutral'): 0.352, np.str_('positive'): 0.414}",labeled,neutral,0.6876,"{'neutral': 0.6876, 'positive': 0.2843, 'negative': 0.0281}"
434,"update I used to support BJP, but after Obama's recent speech in Maharashtra, I'm not so sure anymore.",2024-06-23,user_266,Maharashtra,Obama,BJP,Synthetic,neutral,update used support BJP but obamas recent speech maharashtra im not sure anymore,"['update', 'used', 'support', 'BJP', 'but', 'obamas', 'recent', 'speech', 'maharashtra', 'im', 'not', 'sure', 'anymore']",13,80,neutral,0.7211,"{np.str_('negative'): 0.0936, np.str_('neutral'): 0.7211, np.str_('positive'): 0.1853}",labeled,neutral,0.71,"{'neutral': 0.71, 'negative': 0.2715, 'positive': 0.0186}"
435,The latest Conservatives scandal is just the tip of the iceberg. #EndThis,2024-09-29,user_829,Texas,Trump,Conservatives,Synthetic,negative,latest conservative scandal tip iceberg,"['latest', 'conservative', 'scandal', 'tip', 'iceberg']",5,39,negative,0.8863,"{np.str_('negative'): 0.8863, np.str_('neutral'): 0.0651, np.str_('positive'): 0.0486}",labeled,negative,0.6594,"{'negative': 0.6594, 'neutral': 0.32, 'positive': 0.0206}"
436,statement Proud to Republicans a be supporter. Our values align with national progress. #ModiForIndia,2024-11-01,user_635,Delhi,Amit Shah,Republicans,Synthetic,positive,statement proud Republicans supporter value align national progress,"['statement', 'proud', 'Republicans', 'supporter', 'value', 'align', 'national', 'progress']",8,67,positive,0.9138,"{np.str_('negative'): 0.0433, np.str_('neutral'): 0.0429, np.str_('positive'): 0.9138}",labeled,positive,0.91,"{'positive': 0.91, 'neutral': 0.0823, 'negative': 0.0077}"
437,government Incredible infrastructure happening under Macron's watch in Texas. #MAGA,2024-04-17,user_233,Texas,Macron,INC (Congress),Synthetic,positive,government incredible infrastructure happening macron watch texas,"['government', 'incredible', 'infrastructure', 'happening', 'macron', 'watch', 'texas']",7,65,negative,0.4829,"{np.str_('negative'): 0.4829, np.str_('neutral'): 0.217, np.str_('positive'): 0.3001}",labeled,positive,0.9585,"{'positive': 0.9585, 'neutral': 0.0385, 'negative': 0.003}"
438,official AAP releazed its new policy framework for the upcoming term. #Election2024,2024-01-31,user_580,Berlin,Trump,AAP,Synthetic,neutral,official AAP releazed new policy framework upcoming term,"['official', 'AAP', 'releazed', 'new', 'policy', 'framework', 'upcoming', 'term']",8,56,neutral,0.7031,"{np.str_('negative'): 0.1054, np.str_('neutral'): 0.7031, np.str_('positive'): 0.1916}",labeled,neutral,0.8193,"{'neutral': 0.8193, 'positive': 0.1666, 'negative': 0.0141}"
439,Trump's policies are destroying small businesses across Sydney. Unacceptable! #Accountability,2024-04-12,user_289,Sydney,Trump,BJP,Synthetic,negative,trump policy destroying small business across sydney unacceptable,"['trump', 'policy', 'destroying', 'small', 'business', 'across', 'sydney', 'unacceptable']",8,65,negative,0.9025,"{np.str_('negative'): 0.9025, np.str_('neutral'): 0.0463, np.str_('positive'): 0.0512}",labeled,negative,0.9142,"{'negative': 0.9142, 'neutral': 0.0776, 'positive': 0.0082}"
440,government INC (Congress) released its new policy framework for the upcoming term. #NewsUpdate,2025-02-03,user_846,Sydney,Yogi Adityanath,INC (Congress),Synthetic,neutral,government inc congress released new policy framework upcoming term,"['government', 'inc', 'congress', 'released', 'new', 'policy', 'framework', 'upcoming', 'term']",9,67,neutral,0.7631,"{np.str_('negative'): 0.0744, np.str_('neutral'): 0.7631, np.str_('positive'): 0.1625}",labeled,neutral,0.8598,"{'neutral': 0.8598, 'positive': 0.1317, 'negative': 0.0085}"
441,update Conservatives released its new policy framework for the upcoming term. #Election2024,2025-01-06,user_201,Berlin,Mamata Banerjee,Conservatives,Synthetic,neutral,update conservative released new policy framework upcoming term,"['update', 'conservative', 'released', 'new', 'policy', 'framework', 'upcoming', 'term']",8,63,neutral,0.7627,"{np.str_('negative'): 0.0775, np.str_('neutral'): 0.7627, np.str_('positive'): 0.1597}",labeled,neutral,0.7954,"{'neutral': 0.7954, 'positive': 0.1975, 'negative': 0.0071}"
442,statement The new LibDems bill has some good points but also many flaws. A mixed bag for Gujarat.,2024-09-20,user_333,Gujarat,DeSantis,LibDems,Synthetic,neutral,statement new libdems bill good point but also many flaw mixed bag gujarat,"['statement', 'new', 'libdems', 'bill', 'good', 'point', 'but', 'also', 'many', 'flaw', 'mixed', 'bag', 'gujarat']",13,74,neutral,0.904,"{np.str_('negative'): 0.04, np.str_('neutral'): 0.904, np.str_('positive'): 0.056}",labeled,neutral,0.5121,"{'neutral': 0.5121, 'negative': 0.3357, 'positive': 0.1522}"
443,today The lies told Rahul by Gandhi during the election are now crystal clear. Disgraceful. #IndiaNews,2024-07-16,user_390,Maharashtra,Rahul Gandhi,Republicans,Synthetic,negative,today lie told rahul gandhi election crystal clear disgraceful,"['today', 'lie', 'told', 'rahul', 'gandhi', 'election', 'crystal', 'clear', 'disgraceful']",9,62,negative,0.7628,"{np.str_('negative'): 0.7628, np.str_('neutral'): 0.144, np.str_('positive'): 0.0931}",labeled,negative,0.8696,"{'negative': 0.8696, 'neutral': 0.1208, 'positive': 0.0097}"
444,Interesting to see Arvind Kejriwal and BJP working together. Not sure if this is good or bad. #VoterRights,2024-08-31,user_795,Gujarat,Arvind Kejriwal,BJP,Synthetic,neutral,interesting see arvind Kejriwal BJP working together not sure good bad,"['interesting', 'see', 'arvind', 'Kejriwal', 'BJP', 'working', 'together', 'not', 'sure', 'good', 'bad']",11,70,neutral,0.8389,"{np.str_('negative'): 0.0976, np.str_('neutral'): 0.8389, np.str_('positive'): 0.0635}",labeled,neutral,0.7138,"{'neutral': 0.7138, 'positive': 0.2312, 'negative': 0.0549}"
445,Modi addressed parliament on the state of national security. #PolicyDebate,2024-07-21,user_510,Sydney,Modi,Labour,Synthetic,neutral,modi addressed parliament state national security,"['modi', 'addressed', 'parliament', 'state', 'national', 'security']",6,49,neutral,0.5942,"{np.str_('negative'): 0.156, np.str_('neutral'): 0.5942, np.str_('positive'): 0.2498}",labeled,neutral,0.8235,"{'neutral': 0.8235, 'positive': 0.1579, 'negative': 0.0186}"
446,Republicans released its new policy framework for the upcoming term. #USPolitics,2024-08-05,user_842,Texas,Sunak,Republicans,Synthetic,neutral,Republicans released new policy framework upcoming term,"['Republicans', 'released', 'new', 'policy', 'framework', 'upcoming', 'term']",7,55,neutral,0.784,"{np.str_('negative'): 0.0735, np.str_('neutral'): 0.784, np.str_('positive'): 0.1425}",labeled,neutral,0.8508,"{'neutral': 0.8508, 'positive': 0.14, 'negative': 0.0092}"
447,Opposition responds to Arvind Kejriwal's budget address with mixed reactions. #GlobalPolitics,2024-03-16,user_886,Florida,Arvind Kejriwal,BJP,Synthetic,neutral,opposition responds arvind kejriwals budget address mixed reaction,"['opposition', 'responds', 'arvind', 'kejriwals', 'budget', 'address', 'mixed', 'reaction']",8,66,neutral,0.9272,"{np.str_('negative'): 0.0351, np.str_('neutral'): 0.9272, np.str_('positive'): 0.0377}",labeled,neutral,0.8502,"{'neutral': 0.8502, 'negative': 0.1248, 'positive': 0.025}"
448,Healthcare iz a mess and Republicans has done nothing meaningful to fix it. #USPolitics,2024-09-12,user_794,Berlin,Arvind Kejriwal,Republicans,Synthetic,negative,healthcare iz mess Republicans done nothing meaningful fix,"['healthcare', 'iz', 'mess', 'Republicans', 'done', 'nothing', 'meaningful', 'fix']",8,58,neutral,0.3831,"{np.str_('negative'): 0.3467, np.str_('neutral'): 0.3831, np.str_('positive'): 0.2703}",labeled,negative,0.932,"{'negative': 0.932, 'neutral': 0.061, 'positive': 0.0071}"
449,Local elections in Delhi expected to be closely contested Labour. by #USPolitics,2024-08-26,user_306,Delhi,Biden,Labour,Synthetic,neutral,local election delhi expected closely contested LabourParty,"['local', 'election', 'delhi', 'expected', 'closely', 'contested', 'LabourParty']",7,59,neutral,0.8385,"{np.str_('negative'): 0.1137, np.str_('neutral'): 0.8385, np.str_('positive'): 0.0478}",labeled,neutral,0.8959,"{'neutral': 0.8959, 'positive': 0.0832, 'negative': 0.0209}"
450,update The latest TMC scandal is just teh tip of teh iceberg. #Fraud,2024-08-08,user_221,Gujarat,Obama,TMC,Synthetic,negative,update latest tmc scandal teh tip teh iceberg,"['update', 'latest', 'tmc', 'scandal', 'teh', 'tip', 'teh', 'iceberg']",8,45,negative,0.8379,"{np.str_('negative'): 0.8379, np.str_('neutral'): 0.0913, np.str_('positive'): 0.0707}",labeled,neutral,0.8022,"{'neutral': 0.8022, 'negative': 0.1733, 'positive': 0.0245}"
451,New poll shows shifting voter preferences in Maharashtra region. #GlobalPolitics,2024-12-27,user_268,Maharashtra,Rahul Gandhi,TMC,Synthetic,neutral,new poll show shifting voter preference maharashtra region,"['new', 'poll', 'show', 'shifting', 'voter', 'preference', 'maharashtra', 'region']",8,58,neutral,0.9074,"{np.str_('negative'): 0.0429, np.str_('neutral'): 0.9074, np.str_('positive'): 0.0498}",labeled,neutral,0.8884,"{'neutral': 0.8884, 'negative': 0.0771, 'positive': 0.0346}"
452,AAP announced cabinet reshuffle ahead of the session. #GlobalPolitics,2024-08-31,user_675,Texas,Arvind Kejriwal,AAP,Synthetic,neutral,AAP announced cabinet reshuffle ahead session,"['AAP', 'announced', 'cabinet', 'reshuffle', 'ahead', 'session']",6,45,neutral,0.8145,"{np.str_('negative'): 0.0892, np.str_('neutral'): 0.8145, np.str_('positive'): 0.0963}",labeled,neutral,0.8975,"{'neutral': 0.8975, 'positive': 0.089, 'negative': 0.0135}"
453,today The poor get poorer under Labour's watch. Trickle-down economics is a lie! #Fraud,2024-01-15,user_704,Sydney,Trudeau,Labour,Synthetic,negative,today poor get poorer labour watch trickledown economics lie,"['today', 'poor', 'get', 'poorer', 'labour', 'watch', 'trickledown', 'economics', 'lie']",9,60,negative,0.9397,"{np.str_('negative'): 0.9397, np.str_('neutral'): 0.0186, np.str_('positive'): 0.0417}",labeled,negative,0.8601,"{'negative': 0.8601, 'neutral': 0.1266, 'positive': 0.0133}"
454,Biden shows true compassion for citizens. A leader for teh #VoterRights people!,2024-05-05,user_353,Maharashtra,Biden,Labour,Synthetic,positive,biden show true compassion citizen leader teh people,"['biden', 'show', 'true', 'compassion', 'citizen', 'leader', 'teh', 'people']",8,52,positive,0.8804,"{np.str_('negative'): 0.0649, np.str_('neutral'): 0.0548, np.str_('positive'): 0.8804}",labeled,positive,0.6465,"{'positive': 0.6465, 'neutral': 0.3164, 'negative': 0.0371}"
455,DeSantis just major a announced healthcare reform. This is what voted for! #PeaceAndProsperity,2024-05-16,user_120,Berlin,DeSantis,BJP,Synthetic,positive,DeSantis major announced healthcare reform voted,"['DeSantis', 'major', 'announced', 'healthcare', 'reform', 'voted']",6,48,positive,0.5222,"{np.str_('negative'): 0.1616, np.str_('neutral'): 0.3162, np.str_('positive'): 0.5222}",labeled,positive,0.536,"{'positive': 0.536, 'neutral': 0.4583, 'negative': 0.0057}"
456,official Analysts are divided on Sunak's recent economic propozalz. #GlobalPolitics,2024-09-11,user_614,Sydney,Sunak,TMC,Synthetic,neutral,official analyst divided sunaks recent economic propozalz,"['official', 'analyst', 'divided', 'sunaks', 'recent', 'economic', 'propozalz']",7,57,neutral,0.7272,"{np.str_('negative'): 0.0858, np.str_('neutral'): 0.7272, np.str_('positive'): 0.187}",labeled,neutral,0.8386,"{'neutral': 0.8386, 'negative': 0.1152, 'positive': 0.0463}"
457,Local elections in Texas expected to be closely contested by INC (Congress). #IndiaNews,2024-10-01,user_319,Texas,Macron,INC (Congress),Synthetic,neutral,local election texas expected closely contested inc congress,"['local', 'election', 'texas', 'expected', 'closely', 'contested', 'inc', 'congress']",8,60,neutral,0.8558,"{np.str_('negative'): 0.0944, np.str_('neutral'): 0.8558, np.str_('positive'): 0.0498}",labeled,neutral,0.9277,"{'neutral': 0.9277, 'positive': 0.0479, 'negative': 0.0244}"
458,update Obama is the worst thing to happen to Sydney in decades. Step down NOW. #VoterRights,2024-10-30,user_444,Sydney,Obama,BJP,Synthetic,negative,update Obama worst thing happen sydney decade step,"['update', 'Obama', 'worst', 'thing', 'happen', 'sydney', 'decade', 'step']",8,50,negative,0.4096,"{np.str_('negative'): 0.4096, np.str_('neutral'): 0.3397, np.str_('positive'): 0.2507}",labeled,negative,0.9295,"{'negative': 0.9295, 'neutral': 0.0638, 'positive': 0.0067}"
459,official Survey shows mixed public on Republicans's latest immigration policy. #BreakingNews,2024-04-12,user_524,Gujarat,Obama,Republicans,Synthetic,neutral,official survey show mixed public republicanss latest immigration policy,"['official', 'survey', 'show', 'mixed', 'public', 'republicanss', 'latest', 'immigration', 'policy']",9,72,neutral,0.8129,"{np.str_('negative'): 0.1276, np.str_('neutral'): 0.8129, np.str_('positive'): 0.0594}",labeled,neutral,0.833,"{'neutral': 0.833, 'negative': 0.1259, 'positive': 0.0411}"
460,"statement Finally, a leader like Rahul Gandhi who understands the needs of the youth. #HopeAndChange",2025-01-15,user_578,Gujarat,Rahul Gandhi,BJP,Synthetic,positive,statement finally leader like RahulGandhi understands need youth,"['statement', 'finally', 'leader', 'like', 'RahulGandhi', 'understands', 'need', 'youth']",8,64,positive,0.9478,"{np.str_('negative'): 0.0255, np.str_('neutral'): 0.0267, np.str_('positive'): 0.9478}",labeled,positive,0.7004,"{'positive': 0.7004, 'neutral': 0.2809, 'negative': 0.0187}"
461,So proud of what LibDems has accomplished term. Unemployment this down! #GlobalPolitics,2024-02-02,user_749,Delhi,Obama,LibDems,Synthetic,positive,proud libdems accomplished term unemployment,"['proud', 'libdems', 'accomplished', 'term', 'unemployment']",5,44,positive,0.8508,"{np.str_('negative'): 0.0685, np.str_('neutral'): 0.0808, np.str_('positive'): 0.8508}",labeled,positive,0.8749,"{'positive': 0.8749, 'neutral': 0.1129, 'negative': 0.0122}"
462,Incredible infrastructure development happening under watch in Florida. #HopeAndChange,2024-08-11,user_532,Florida,DeSantis,AAP,Synthetic,positive,incredible infrastructure development happening watch florida,"['incredible', 'infrastructure', 'development', 'happening', 'watch', 'florida']",6,61,positive,0.4664,"{np.str_('negative'): 0.3002, np.str_('neutral'): 0.2334, np.str_('positive'): 0.4664}",labeled,positive,0.97,"{'positive': 0.97, 'neutral': 0.0267, 'negative': 0.0032}"
463,The policies of Yogi genuinely Adityanath have improved lives in California. Keep it up! #Democracy,2024-02-12,user_421,California,Yogi Adityanath,Democrats,Synthetic,positive,policy Yogi genuinely adityanath improved life california keep,"['policy', 'Yogi', 'genuinely', 'adityanath', 'improved', 'life', 'california', 'keep']",8,62,positive,0.7191,"{np.str_('negative'): 0.1646, np.str_('neutral'): 0.1162, np.str_('positive'): 0.7191}",labeled,positive,0.8131,"{'positive': 0.8131, 'neutral': 0.1775, 'negative': 0.0094}"
464,How many more scandals before Mamata Banerjee is held responsible? Enough is enough! #PoliticsDaily,2024-04-30,user_214,Berlin,Mamata Banerjee,BJP,Synthetic,negative,many scandal Mamata held responsible enough enough,"['many', 'scandal', 'Mamata', 'held', 'responsible', 'enough', 'enough']",7,50,negative,0.7877,"{np.str_('negative'): 0.7877, np.str_('neutral'): 0.1432, np.str_('positive'): 0.0691}",labeled,neutral,0.6706,"{'neutral': 0.6706, 'negative': 0.2271, 'positive': 0.1023}"
465,The latest LibDems scandal is just the tip of the iceberg. #VoterRights,2024-03-03,user_891,Berlin,Mamata Banerjee,LibDems,Synthetic,negative,latest libdems scandal tip iceberg,"['latest', 'libdems', 'scandal', 'tip', 'iceberg']",5,34,negative,0.8945,"{np.str_('negative'): 0.8945, np.str_('neutral'): 0.0622, np.str_('positive'): 0.0434}",labeled,negative,0.7513,"{'negative': 0.7513, 'neutral': 0.2349, 'positive': 0.0138}"
466,Record GDP growth under INC (Congress) leadership. The economy is thriving! #IndiaFirst,2024-05-10,user_983,Maharashtra,Macron,INC (Congress),Synthetic,positive,record gdp growth inc congress leadership economy thriving,"['record', 'gdp', 'growth', 'inc', 'congress', 'leadership', 'economy', 'thriving']",8,58,positive,0.704,"{np.str_('negative'): 0.1326, np.str_('neutral'): 0.1634, np.str_('positive'): 0.704}",labeled,positive,0.9374,"{'positive': 0.9374, 'neutral': 0.0581, 'negative': 0.0046}"
467,"Finally, a leader like Mamata Banerjee who understands needs of the youth. #PoliticsDaily",2024-03-15,user_471,Gujarat,Mamata Banerjee,Democrats,Synthetic,positive,finally leader like Mamata understands need youth,"['finally', 'leader', 'like', 'Mamata', 'understands', 'need', 'youth']",7,49,positive,0.9431,"{np.str_('negative'): 0.0328, np.str_('neutral'): 0.0241, np.str_('positive'): 0.9431}",labeled,positive,0.6678,"{'positive': 0.6678, 'neutral': 0.314, 'negative': 0.0182}"
468,Arvind Kejriwal held a press conference today addressing the ongoing budget negotiations. #Election2024,2024-05-02,user_359,Florida,Arvind Kejriwal,INC (Congress),Synthetic,neutral,arvind Kejriwal held press conference today addressing ongoing budget negotiation,"['arvind', 'Kejriwal', 'held', 'press', 'conference', 'today', 'addressing', 'ongoing', 'budget', 'negotiation']",10,81,neutral,0.8775,"{np.str_('negative'): 0.0641, np.str_('neutral'): 0.8775, np.str_('positive'): 0.0584}",labeled,neutral,0.914,"{'neutral': 0.914, 'positive': 0.0813, 'negative': 0.0047}"
469,statement Amit Shah addressed parliament on the state of national security. #USPolitics,2024-07-20,user_361,Florida,Amit Shah,AAP,Synthetic,neutral,statement amit shah addressed parliament state national security,"['statement', 'amit', 'shah', 'addressed', 'parliament', 'state', 'national', 'security']",8,64,neutral,0.5466,"{np.str_('negative'): 0.1383, np.str_('neutral'): 0.5466, np.str_('positive'): 0.3151}",labeled,neutral,0.8316,"{'neutral': 0.8316, 'positive': 0.1553, 'negative': 0.0131}"
470,Incredible infrastructure development happening under Obama's watch California. #BuildBackBetter,2024-07-27,user_908,California,Obama,Republicans,Synthetic,positive,incredible infrastructure development happening obamas watch california,"['incredible', 'infrastructure', 'development', 'happening', 'obamas', 'watch', 'california']",7,71,positive,0.3984,"{np.str_('negative'): 0.3175, np.str_('neutral'): 0.2841, np.str_('positive'): 0.3984}",labeled,positive,0.9164,"{'positive': 0.9164, 'neutral': 0.0766, 'negative': 0.007}"
471,Extremely disappointed with Biden's lack of action on climate change. #USPolitics,2024-02-21,user_944,Berlin,Biden,BJP,Synthetic,negative,extremely disappointed bidens lack action climate change,"['extremely', 'disappointed', 'bidens', 'lack', 'action', 'climate', 'change']",7,56,negative,0.8575,"{np.str_('negative'): 0.8575, np.str_('neutral'): 0.0671, np.str_('positive'): 0.0754}",labeled,negative,0.9214,"{'negative': 0.9214, 'neutral': 0.0698, 'positive': 0.0089}"
472,Harris's foreign policy has embarrassed us on teh world stage. Shameful. #BreakingNews,2024-01-27,user_756,Berlin,Harris,BJP,Synthetic,negative,harris foreign policy embarrassed u teh world stage shameful,"['harris', 'foreign', 'policy', 'embarrassed', 'u', 'teh', 'world', 'stage', 'shameful']",9,60,negative,0.5024,"{np.str_('negative'): 0.5024, np.str_('neutral'): 0.293, np.str_('positive'): 0.2046}",labeled,negative,0.9274,"{'negative': 0.9274, 'neutral': 0.0661, 'positive': 0.0065}"
473,government Labour has been in power for years and Gujarat is still in shambles. #Corrupt,2024-12-31,user_886,Gujarat,Yogi Adityanath,Labour,Synthetic,negative,government LabourParty power year gujarat still shamble,"['government', 'LabourParty', 'power', 'year', 'gujarat', 'still', 'shamble']",7,55,negative,0.7894,"{np.str_('negative'): 0.7894, np.str_('neutral'): 0.0942, np.str_('positive'): 0.1163}",labeled,neutral,0.6652,"{'neutral': 0.6652, 'negative': 0.282, 'positive': 0.0528}"
474,The education reforms by Labour are transforming schools across the nation. #IndiaNews,2024-05-24,user_303,Delhi,Trudeau,Labour,Synthetic,positive,education reform LabourParty transforming school across nation,"['education', 'reform', 'LabourParty', 'transforming', 'school', 'across', 'nation']",7,62,positive,0.9061,"{np.str_('negative'): 0.0578, np.str_('neutral'): 0.0361, np.str_('positive'): 0.9061}",labeled,neutral,0.6776,"{'neutral': 0.6776, 'positive': 0.2996, 'negative': 0.0228}"
475,policy Scandal after scandal with Trump. When will the accountability come? #NewsUpdate,2024-11-27,user_726,Maharashtra,Trump,AAP,Synthetic,negative,policy scandal scandal trump accountability come,"['policy', 'scandal', 'scandal', 'trump', 'accountability', 'come']",6,48,negative,0.9365,"{np.str_('negative'): 0.9365, np.str_('neutral'): 0.0284, np.str_('positive'): 0.0351}",labeled,negative,0.6128,"{'negative': 0.6128, 'neutral': 0.3579, 'positive': 0.0293}"
476,"policy Everyone is talking about Yogi Adityanath. Some love it, some hate it. What you think? do #BreakingNews",2024-03-28,user_680,Berlin,Yogi Adityanath,Conservatives,Synthetic,neutral,policy everyone talking Yogi love hate think,"['policy', 'everyone', 'talking', 'Yogi', 'love', 'hate', 'think']",7,44,neutral,0.4441,"{np.str_('negative'): 0.4037, np.str_('neutral'): 0.4441, np.str_('positive'): 0.1522}",labeled,neutral,0.6158,"{'neutral': 0.6158, 'negative': 0.2527, 'positive': 0.1315}"
477,update Democrats is tearing apart country this with its divisive rhetoric. #USPolitics,2024-04-20,user_943,Delhi,Trump,Democrats,Synthetic,negative,update Democrats tearing apart country divisive rhetoric,"['update', 'Democrats', 'tearing', 'apart', 'country', 'divisive', 'rhetoric']",7,56,negative,0.8354,"{np.str_('negative'): 0.8354, np.str_('neutral'): 0.08, np.str_('positive'): 0.0846}",labeled,negative,0.8807,"{'negative': 0.8807, 'neutral': 0.1099, 'positive': 0.0094}"
478,Voters in Delhi will to the polls next week as Obama campaigns. #GlobalPolitics,2024-10-25,user_800,Delhi,Obama,Conservatives,Synthetic,neutral,voter delhi poll next week Obama campaign,"['voter', 'delhi', 'poll', 'next', 'week', 'Obama', 'campaign']",7,41,neutral,0.9025,"{np.str_('negative'): 0.0488, np.str_('neutral'): 0.9025, np.str_('positive'): 0.0487}",labeled,neutral,0.9344,"{'neutral': 0.9344, 'positive': 0.0417, 'negative': 0.0239}"
479,Yogi Adityanath held a press conference today addressing the ongoing budget negotiations. #PolicyDebate,2024-05-11,user_174,Berlin,Yogi Adityanath,TMC,Synthetic,neutral,Yogi held press conference today addressing ongoing budget negotiation,"['Yogi', 'held', 'press', 'conference', 'today', 'addressing', 'ongoing', 'budget', 'negotiation']",9,70,neutral,0.8812,"{np.str_('negative'): 0.0671, np.str_('neutral'): 0.8812, np.str_('positive'): 0.0518}",labeled,neutral,0.9447,"{'neutral': 0.9447, 'positive': 0.0457, 'negative': 0.0096}"
480,Trump held a press conference today addressing the ongoing budget negotiations. #USPolitics,2024-11-02,user_826,Sydney,Trump,LibDems,Synthetic,neutral,trump held press conference today addressing ongoing budget negotiation,"['trump', 'held', 'press', 'conference', 'today', 'addressing', 'ongoing', 'budget', 'negotiation']",9,71,neutral,0.8704,"{np.str_('negative'): 0.0734, np.str_('neutral'): 0.8704, np.str_('positive'): 0.0562}",labeled,neutral,0.9212,"{'neutral': 0.9212, 'positive': 0.0725, 'negative': 0.0063}"
481,news Healthcare is 4 mess and Democrats has done nothing meaningful to fix it. #GlobalPolitics,2024-04-01,user_366,Sydney,Sunak,Democrats,Synthetic,negative,news healthcare mess Democrats done nothing meaningful fix,"['news', 'healthcare', 'mess', 'Democrats', 'done', 'nothing', 'meaningful', 'fix']",8,58,neutral,0.4259,"{np.str_('negative'): 0.3477, np.str_('neutral'): 0.4259, np.str_('positive'): 0.2265}",labeled,negative,0.9268,"{'negative': 0.9268, 'neutral': 0.0636, 'positive': 0.0096}"
482,The reforms by LibDems are transforming schools across the nation. #IndiaNews,2024-05-23,user_865,Gujarat,Harris,LibDems,Synthetic,positive,reform libdems transforming school across nation,"['reform', 'libdems', 'transforming', 'school', 'across', 'nation']",6,48,positive,0.8692,"{np.str_('negative'): 0.0779, np.str_('neutral'): 0.0529, np.str_('positive'): 0.8692}",labeled,neutral,0.7199,"{'neutral': 0.7199, 'positive': 0.2645, 'negative': 0.0156}"
483,Healthcare is a mess and AAP has done nothing meaningful to fix it. #Fraud,2024-03-18,user_669,Florida,Modi,AAP,Synthetic,negative,healthcare mess AAP done nothing meaningful fix,"['healthcare', 'mess', 'AAP', 'done', 'nothing', 'meaningful', 'fix']",7,47,neutral,0.4083,"{np.str_('negative'): 0.3394, np.str_('neutral'): 0.4083, np.str_('positive'): 0.2523}",labeled,negative,0.8843,"{'negative': 0.8843, 'neutral': 0.104, 'positive': 0.0117}"
484,The debate and Trudeau between the opposition drew millions of viewers. #NewsUpdate,2024-09-10,user_141,Sydney,Trudeau,TMC,Synthetic,neutral,debate Trudeau opposition drew million viewer,"['debate', 'Trudeau', 'opposition', 'drew', 'million', 'viewer']",6,45,neutral,0.6743,"{np.str_('negative'): 0.1013, np.str_('neutral'): 0.6743, np.str_('positive'): 0.2244}",labeled,neutral,0.8152,"{'neutral': 0.8152, 'negative': 0.1188, 'positive': 0.066}"
485,news Arvind Kejriwal world with leaders at the G20 summit in Gujarat. #PolicyDebate,2024-10-15,user_779,Gujarat,Arvind Kejriwal,INC (Congress),Synthetic,neutral,news arvind Kejriwal world leader g20 summit gujarat,"['news', 'arvind', 'Kejriwal', 'world', 'leader', 'g20', 'summit', 'gujarat']",8,52,neutral,0.6318,"{np.str_('negative'): 0.1838, np.str_('neutral'): 0.6318, np.str_('positive'): 0.1844}",labeled,neutral,0.8902,"{'neutral': 0.8902, 'positive': 0.0974, 'negative': 0.0124}"
486,"While Mamat4 Banerjee claims success, teh situation Sydney remains complicated. #NewsUpdate",2024-12-14,user_796,Sydney,Mamata Banerjee,Conservatives,Synthetic,neutral,mamat4 banerjee claim success teh situation sydney remains complicated,"['mamat4', 'banerjee', 'claim', 'success', 'teh', 'situation', 'sydney', 'remains', 'complicated']",9,70,neutral,0.8867,"{np.str_('negative'): 0.0662, np.str_('neutral'): 0.8867, np.str_('positive'): 0.0471}",labeled,neutral,0.8332,"{'neutral': 0.8332, 'negative': 0.1243, 'positive': 0.0424}"
487,Another another failure from the AAP administration in Maharashtra. #NeverAgain,2024-11-17,user_375,Maharashtra,Trump,AAP,Synthetic,negative,another another failure AAP administration maharashtra,"['another', 'another', 'failure', 'AAP', 'administration', 'maharashtra']",6,54,negative,0.7702,"{np.str_('negative'): 0.7702, np.str_('neutral'): 0.12, np.str_('positive'): 0.1098}",labeled,negative,0.828,"{'negative': 0.828, 'neutral': 0.1503, 'positive': 0.0216}"
488,Mamata Banerjee held a press conference today addressing the ongoing budget negotiations. #PolicyDebate,2024-04-18,user_983,Maharashtra,Mamata Banerjee,Democrats,Synthetic,neutral,Mamata held press conference today addressing ongoing budget negotiation,"['Mamata', 'held', 'press', 'conference', 'today', 'addressing', 'ongoing', 'budget', 'negotiation']",9,72,neutral,0.8736,"{np.str_('negative'): 0.0712, np.str_('neutral'): 0.8736, np.str_('positive'): 0.0552}",labeled,neutral,0.9415,"{'neutral': 0.9415, 'positive': 0.0501, 'negative': 0.0084}"
489,update Can't believe BJP raised taxez again while corruption runs rampant in Maharashtra. #Resign,2024-02-15,user_121,Maharashtra,Biden,BJP,Synthetic,negative,update cant believe BJP raised taxez corruption run rampant maharashtra,"['update', 'cant', 'believe', 'BJP', 'raised', 'taxez', 'corruption', 'run', 'rampant', 'maharashtra']",10,71,negative,0.5768,"{np.str_('negative'): 0.5768, np.str_('neutral'): 0.2144, np.str_('positive'): 0.2088}",labeled,negative,0.8974,"{'negative': 0.8974, 'neutral': 0.0937, 'positive': 0.0089}"
490,Survey shows opinion public mixed on Conservatives's latest immigration policy. #GlobalPolitics,2024-12-16,user_717,Texas,Trudeau,Conservatives,Synthetic,neutral,survey show opinion public mixed conservativess latest immigration policy,"['survey', 'show', 'opinion', 'public', 'mixed', 'conservativess', 'latest', 'immigration', 'policy']",9,73,neutral,0.8324,"{np.str_('negative'): 0.1206, np.str_('neutral'): 0.8324, np.str_('positive'): 0.0471}",labeled,neutral,0.9117,"{'neutral': 0.9117, 'negative': 0.0598, 'positive': 0.0285}"
491,statement Harris shows true compassion for ordinary citizens. A for leader the people! #GlobalPolitics,2024-11-10,user_290,Berlin,Harris,INC (Congress),Synthetic,positive,statement harris show true compassion ordinary citizen leader people,"['statement', 'harris', 'show', 'true', 'compassion', 'ordinary', 'citizen', 'leader', 'people']",9,68,positive,0.9312,"{np.str_('negative'): 0.0388, np.str_('neutral'): 0.03, np.str_('positive'): 0.9312}",labeled,neutral,0.6169,"{'neutral': 0.6169, 'positive': 0.3264, 'negative': 0.0567}"
492,So proud of what AAP has accomplished this term. Unemployment is down! #GlobalPolitics,2024-09-10,user_639,Berlin,Rahul Gandhi,AAP,Synthetic,positive,proud AAP accomplished term unemployment,"['proud', 'AAP', 'accomplished', 'term', 'unemployment']",5,40,positive,0.8484,"{np.str_('negative'): 0.0692, np.str_('neutral'): 0.0824, np.str_('positive'): 0.8484}",labeled,positive,0.9243,"{'positive': 0.9243, 'neutral': 0.0675, 'negative': 0.0083}"
493,government Yogi Adityanath is the worst thing to happen to Berlin in decades. Step down NOW. #IndiaNews,2024-06-02,user_961,Berlin,Yogi Adityanath,LibDems,Synthetic,negative,government Yogi worst thing happen berlin decade step,"['government', 'Yogi', 'worst', 'thing', 'happen', 'berlin', 'decade', 'step']",8,53,negative,0.6732,"{np.str_('negative'): 0.6732, np.str_('neutral'): 0.1898, np.str_('positive'): 0.137}",labeled,negative,0.9307,"{'negative': 0.9307, 'neutral': 0.0623, 'positive': 0.0071}"
494,Incredible development happening infrastructure under DeSantis's watch in Delhi. #VoterRights,2024-05-09,user_463,Delhi,DeSantis,LibDems,Synthetic,positive,incredible development happening infrastructure desantiss watch delhi,"['incredible', 'development', 'happening', 'infrastructure', 'desantiss', 'watch', 'delhi']",7,69,positive,0.3933,"{np.str_('negative'): 0.3264, np.str_('neutral'): 0.2802, np.str_('positive'): 0.3933}",labeled,positive,0.944,"{'positive': 0.944, 'neutral': 0.0506, 'negative': 0.0054}"
495,The lies Obama told by during the election are now crystal Disgraceful. #IndiaNews,2024-12-09,user_560,Sydney,Obama,Republicans,Synthetic,negative,lie Obama told election crystal disgraceful,"['lie', 'Obama', 'told', 'election', 'crystal', 'disgraceful']",6,43,negative,0.6935,"{np.str_('negative'): 0.6935, np.str_('neutral'): 0.1957, np.str_('positive'): 0.1108}",labeled,negative,0.872,"{'negative': 0.872, 'neutral': 0.1171, 'positive': 0.0108}"
496,statement Mamata Banerjee signs executive order; legal challenges anticipated from BJP. #NewsUpdate,2024-03-28,user_771,Maharashtra,Mamata Banerjee,BJP,Synthetic,neutral,statement Mamata sign executive order legal challenge anticipated BJP,"['statement', 'Mamata', 'sign', 'executive', 'order', 'legal', 'challenge', 'anticipated', 'BJP']",9,69,neutral,0.7637,"{np.str_('negative'): 0.122, np.str_('neutral'): 0.7637, np.str_('positive'): 0.1143}",labeled,neutral,0.8925,"{'neutral': 0.8925, 'positive': 0.0905, 'negative': 0.017}"
497,Extremely disappointed with Arvind Kejriwal's lack of action on climate change. #Accountability,2024-07-21,user_923,Delhi,Arvind Kejriwal,TMC,Synthetic,negative,extremely disappointed arvind kejriwals lack action climate change,"['extremely', 'disappointed', 'arvind', 'kejriwals', 'lack', 'action', 'climate', 'change']",8,66,negative,0.8256,"{np.str_('negative'): 0.8256, np.str_('neutral'): 0.085, np.str_('positive'): 0.0894}",labeled,negative,0.8946,"{'negative': 0.8946, 'neutral': 0.0958, 'positive': 0.0095}"
498,new Republicans's budget plan is exactly what the middle class needs. Great work! #MAGA,2024-08-11,user_962,Texas,Obama,Republicans,Synthetic,positive,new republicanss budget plan exactly middle class need great work,"['new', 'republicanss', 'budget', 'plan', 'exactly', 'middle', 'class', 'need', 'great', 'work']",10,65,positive,0.6041,"{np.str_('negative'): 0.1903, np.str_('neutral'): 0.2057, np.str_('positive'): 0.6041}",labeled,neutral,0.4743,"{'neutral': 0.4743, 'positive': 0.4587, 'negative': 0.067}"
499,Yogi Adityanath's policiez are destroying small across California. Unacceptable! #Accountability,2024-08-15,user_596,California,Yogi Adityanath,LibDems,Synthetic,negative,Yogi adityanaths policiez destroying small across california unacceptable,"['Yogi', 'adityanaths', 'policiez', 'destroying', 'small', 'across', 'california', 'unacceptable']",8,73,negative,0.8652,"{np.str_('negative'): 0.8652, np.str_('neutral'): 0.0761, np.str_('positive'): 0.0587}",labeled,negative,0.9038,"{'negative': 0.9038, 'neutral': 0.0877, 'positive': 0.0085}"
500,"Under Arvind Kejriwal's leadership, crime rates have Gujarat in dropped #BuildBackBetter",2024-09-10,user_854,Gujarat,Arvind Kejriwal,Democrats,Synthetic,positive,arvind kejriwals leadership crime rate gujarat dropped,"['arvind', 'kejriwals', 'leadership', 'crime', 'rate', 'gujarat', 'dropped']",7,54,positive,0.5918,"{np.str_('negative'): 0.1841, np.str_('neutral'): 0.2241, np.str_('positive'): 0.5918}",labeled,negative,0.5805,"{'negative': 0.5805, 'neutral': 0.3708, 'positive': 0.0487}"
501,Mamata Banerjee held a press conference today addressing the ongoing budget negotiations. #PolicyDebate,2024-09-06,user_337,Florida,Mamata Banerjee,LibDems,Synthetic,neutral,Mamata held press conference today addressing ongoing budget negotiation,"['Mamata', 'held', 'press', 'conference', 'today', 'addressing', 'ongoing', 'budget', 'negotiation']",9,72,neutral,0.8736,"{np.str_('negative'): 0.0712, np.str_('neutral'): 0.8736, np.str_('positive'): 0.0552}",labeled,neutral,0.9415,"{'neutral': 0.9415, 'positive': 0.0501, 'negative': 0.0084}"
502,Sunak united the divided nation with his remarkable speech yesterday.,2024-11-26,user_455,Sydney,Sunak,Democrats,Synthetic,positive,Sunak united divided nation remarkable speech yesterday,"['Sunak', 'united', 'divided', 'nation', 'remarkable', 'speech', 'yesterday']",7,55,positive,0.7227,"{np.str_('negative'): 0.0621, np.str_('neutral'): 0.2152, np.str_('positive'): 0.7227}",labeled,neutral,0.5814,"{'neutral': 0.5814, 'negative': 0.2993, 'positive': 0.1194}"
503,Scandal after scandal with Arvind Kejriwal. When will the accountability come? #Accountability,2024-12-16,user_447,Sydney,Arvind Kejriwal,AAP,Synthetic,negative,scandal scandal arvind Kejriwal accountability come,"['scandal', 'scandal', 'arvind', 'Kejriwal', 'accountability', 'come']",6,51,negative,0.9001,"{np.str_('negative'): 0.9001, np.str_('neutral'): 0.0501, np.str_('positive'): 0.0498}",labeled,negative,0.5008,"{'negative': 0.5008, 'neutral': 0.4604, 'positive': 0.0389}"
504,Mamata Banerjee is the worst thing to happen to Texas in decades. Step down NOW. #NewsUpdate,2024-03-23,user_736,Texas,Mamata Banerjee,TMC,Synthetic,negative,Mamata worst thing happen texas decade step,"['Mamata', 'worst', 'thing', 'happen', 'texas', 'decade', 'step']",7,43,negative,0.6407,"{np.str_('negative'): 0.6407, np.str_('neutral'): 0.202, np.str_('positive'): 0.1573}",labeled,negative,0.9399,"{'negative': 0.9399, 'neutral': 0.0537, 'positive': 0.0063}"
505,Excellent initiative by DeSantis to support development. #Progress,2024-10-12,user_148,Berlin,DeSantis,BJP,Synthetic,positive,excellent initiative DeSantis support development,"['excellent', 'initiative', 'DeSantis', 'support', 'development']",5,49,positive,0.6712,"{np.str_('negative'): 0.086, np.str_('neutral'): 0.2427, np.str_('positive'): 0.6712}",labeled,positive,0.9686,"{'positive': 0.9686, 'neutral': 0.028, 'negative': 0.0034}"
506,government Analysts are divided on Biden's recent proposals. economic #NewsUpdate,2024-04-24,user_598,Florida,Biden,INC (Congress),Synthetic,neutral,government analyst divided bidens recent proposal economic,"['government', 'analyst', 'divided', 'bidens', 'recent', 'proposal', 'economic']",7,58,neutral,0.7786,"{np.str_('negative'): 0.0727, np.str_('neutral'): 0.7786, np.str_('positive'): 0.1486}",labeled,neutral,0.8731,"{'neutral': 0.8731, 'negative': 0.0874, 'positive': 0.0395}"
507,So proud what of INC (Congress) has accomplished this term. Unemployment is down! #PolicyDebate,2025-01-21,user_213,Maharashtra,Obama,INC (Congress),Synthetic,positive,proud inc congress accomplished term unemployment,"['proud', 'inc', 'congress', 'accomplished', 'term', 'unemployment']",6,49,positive,0.8714,"{np.str_('negative'): 0.0535, np.str_('neutral'): 0.0752, np.str_('positive'): 0.8714}",labeled,positive,0.9406,"{'positive': 0.9406, 'neutral': 0.0514, 'negative': 0.0081}"
508,The scandal Republicans latest just the tip of the iceberg. #NeverAgain,2024-02-20,user_257,Sydney,Trump,Republicans,Synthetic,negative,scandal Republicans latest tip iceberg,"['scandal', 'Republicans', 'latest', 'tip', 'iceberg']",5,38,negative,0.8975,"{np.str_('negative'): 0.8975, np.str_('neutral'): 0.0595, np.str_('positive'): 0.043}",labeled,negative,0.7066,"{'negative': 0.7066, 'neutral': 0.2714, 'positive': 0.0221}"
509,INC (Congress)'s new budget plan is exactly what the middle class needs. Great work! #UnitedWeStand,2024-08-30,user_449,Maharashtra,Yogi Adityanath,INC (Congress),Synthetic,positive,inc congress new budget plan exactly middle class need great work,"['inc', 'congress', 'new', 'budget', 'plan', 'exactly', 'middle', 'class', 'need', 'great', 'work']",11,65,positive,0.6009,"{np.str_('negative'): 0.1856, np.str_('neutral'): 0.2135, np.str_('positive'): 0.6009}",labeled,positive,0.5085,"{'positive': 0.5085, 'neutral': 0.4423, 'negative': 0.0492}"
510,Obama's policies are destroying small businesses across Texas. Unacceptable! #Fraud,2025-01-20,user_642,Texas,Obama,LibDems,Synthetic,negative,obamas policy destroying small business across texas unacceptable,"['obamas', 'policy', 'destroying', 'small', 'business', 'across', 'texas', 'unacceptable']",8,65,negative,0.9138,"{np.str_('negative'): 0.9138, np.str_('neutral'): 0.0419, np.str_('positive'): 0.0443}",labeled,negative,0.9071,"{'negative': 0.9071, 'neutral': 0.0858, 'positive': 0.0071}"
511,Rahul Gandhi united the divided nation with his remarkable speech yesterday. #BreakingNews,2024-01-16,user_553,Texas,Rahul Gandhi,Conservatives,Synthetic,positive,RahulGandhi united divided nation remarkable speech yesterday,"['RahulGandhi', 'united', 'divided', 'nation', 'remarkable', 'speech', 'yesterday']",7,61,positive,0.7279,"{np.str_('negative'): 0.0725, np.str_('neutral'): 0.1996, np.str_('positive'): 0.7279}",labeled,positive,0.5955,"{'positive': 0.5955, 'neutral': 0.3499, 'negative': 0.0546}"
512,update Harris's policies are destroying small businesses across Berlin. Unacceptable! #Election2024,2024-11-24,user_254,Berlin,Harris,Democrats,Synthetic,negative,update harris policy destroying small business across berlin unacceptable,"['update', 'harris', 'policy', 'destroying', 'small', 'business', 'across', 'berlin', 'unacceptable']",9,73,negative,0.904,"{np.str_('negative'): 0.904, np.str_('neutral'): 0.0426, np.str_('positive'): 0.0534}",labeled,negative,0.9078,"{'negative': 0.9078, 'neutral': 0.0868, 'positive': 0.0054}"
513,Survey shows mixed public opinion on Democrats's latest immigration policy. #GlobalPolitics,2024-06-25,user_108,Florida,Mamata Banerjee,Democrats,Synthetic,neutral,survey show mixed public opinion democratss latest immigration policy,"['survey', 'show', 'mixed', 'public', 'opinion', 'democratss', 'latest', 'immigration', 'policy']",9,69,neutral,0.8712,"{np.str_('negative'): 0.0853, np.str_('neutral'): 0.8712, np.str_('positive'): 0.0435}",labeled,neutral,0.7458,"{'neutral': 0.7458, 'negative': 0.2298, 'positive': 0.0243}"
514,The poor get poorer under BJP's watch. Trickle-down economics is a lie! #IndiaNews,2024-06-25,user_931,Texas,Trudeau,BJP,Synthetic,negative,poor get poorer bjps watch trickledown economics lie,"['poor', 'get', 'poorer', 'bjps', 'watch', 'trickledown', 'economics', 'lie']",8,52,negative,0.9579,"{np.str_('negative'): 0.9579, np.str_('neutral'): 0.0138, np.str_('positive'): 0.0284}",labeled,negative,0.6706,"{'negative': 0.6706, 'neutral': 0.3002, 'positive': 0.0293}"
515,news Macron signs executive order; legal from challenges anticipated AAP. #IndiaNews,2024-09-23,user_448,California,Macron,AAP,Synthetic,neutral,news Macron sign executive order legal challenge anticipated AAP,"['news', 'Macron', 'sign', 'executive', 'order', 'legal', 'challenge', 'anticipated', 'AAP']",9,64,neutral,0.7914,"{np.str_('negative'): 0.1219, np.str_('neutral'): 0.7914, np.str_('positive'): 0.0867}",labeled,neutral,0.8577,"{'neutral': 0.8577, 'positive': 0.1068, 'negative': 0.0355}"
516,Macron held a press conference today addressing the ongoing budget negotiations. #VoterRights,2024-02-26,user_849,Sydney,Macron,Labour,Synthetic,neutral,Macron held press conference today addressing ongoing budget negotiation,"['Macron', 'held', 'press', 'conference', 'today', 'addressing', 'ongoing', 'budget', 'negotiation']",9,72,neutral,0.8859,"{np.str_('negative'): 0.0609, np.str_('neutral'): 0.8859, np.str_('positive'): 0.0532}",labeled,neutral,0.901,"{'neutral': 0.901, 'positive': 0.0902, 'negative': 0.0089}"
517,today The new INC (Congress) policy is a breath of fresh air for industry. the #PoliticsDaily,2025-01-16,user_695,Florida,Biden,INC (Congress),Synthetic,positive,today new inc congress policy breath fresh air industry,"['today', 'new', 'inc', 'congress', 'policy', 'breath', 'fresh', 'air', 'industry']",9,55,neutral,0.4686,"{np.str_('negative'): 0.1159, np.str_('neutral'): 0.4686, np.str_('positive'): 0.4154}",labeled,neutral,0.7722,"{'neutral': 0.7722, 'positive': 0.2095, 'negative': 0.0183}"
518,today Mamata Banerjee shows true compassion for ordinary citizens. A leader for people! the #PeaceAndProsperity,2024-04-08,user_942,California,Mamata Banerjee,LibDems,Synthetic,positive,today Mamata show true compassion ordinary citizen leader people,"['today', 'Mamata', 'show', 'true', 'compassion', 'ordinary', 'citizen', 'leader', 'people']",9,64,positive,0.9285,"{np.str_('negative'): 0.0388, np.str_('neutral'): 0.0327, np.str_('positive'): 0.9285}",labeled,positive,0.7012,"{'positive': 0.7012, 'neutral': 0.2849, 'negative': 0.0139}"
519,Watchin' Macron handle international relations with such grace and dignity. #Progress,2024-04-19,user_556,Gujarat,Macron,INC (Congress),Synthetic,positive,watchin Macron handle international relation grace dignity,"['watchin', 'Macron', 'handle', 'international', 'relation', 'grace', 'dignity']",7,58,positive,0.9082,"{np.str_('negative'): 0.0539, np.str_('neutral'): 0.0379, np.str_('positive'): 0.9082}",labeled,neutral,0.6282,"{'neutral': 0.6282, 'positive': 0.3394, 'negative': 0.0324}"
520,"Another day, another failure from the INC (Congress) administration in Delhi. #PolicyDebate",2024-08-13,user_805,Delhi,Trump,INC (Congress),Synthetic,negative,another day another failure inc congress administration delhi,"['another', 'day', 'another', 'failure', 'inc', 'congress', 'administration', 'delhi']",8,61,negative,0.8421,"{np.str_('negative'): 0.8421, np.str_('neutral'): 0.0861, np.str_('positive'): 0.0718}",labeled,negative,0.8947,"{'negative': 0.8947, 'neutral': 0.0935, 'positive': 0.0118}"
521,government Interesting to see Arvind Kejriwal and AAP working together. Not sure if this is or bad. good #VoterRights,2024-07-08,user_221,Texas,Arvind Kejriwal,AAP,Synthetic,neutral,government interesting see arvind Kejriwal AAP working together not sure bad good,"['government', 'interesting', 'see', 'arvind', 'Kejriwal', 'AAP', 'working', 'together', 'not', 'sure', 'bad', 'good']",12,81,neutral,0.8119,"{np.str_('negative'): 0.1223, np.str_('neutral'): 0.8119, np.str_('positive'): 0.0658}",labeled,positive,0.5626,"{'positive': 0.5626, 'neutral': 0.4248, 'negative': 0.0126}"
522,The lies by Mamata Banerjee during the election are now crystal clear. Disgraceful. #PoliticsDaily,2024-09-05,user_128,Berlin,Mamata Banerjee,AAP,Synthetic,negative,lie Mamata election crystal clear disgraceful,"['lie', 'Mamata', 'election', 'crystal', 'clear', 'disgraceful']",6,45,negative,0.8256,"{np.str_('negative'): 0.8256, np.str_('neutral'): 0.1092, np.str_('positive'): 0.0652}",labeled,negative,0.8958,"{'negative': 0.8958, 'neutral': 0.0956, 'positive': 0.0087}"
523,update Opposition responds to Macron's with budget address reactions. #GlobalPoliticz,2024-09-03,user_686,Texas,Macron,Labour,Synthetic,neutral,update opposition responds macron budget address reaction,"['update', 'opposition', 'responds', 'macron', 'budget', 'address', 'reaction']",7,57,neutral,0.87,"{np.str_('negative'): 0.0616, np.str_('neutral'): 0.87, np.str_('positive'): 0.0684}",labeled,neutral,0.8956,"{'neutral': 0.8956, 'negative': 0.0522, 'positive': 0.0522}"
524,Opposition responds to Obama's budget address with mixed reactions. #GlobalPolitics,2024-08-23,user_879,Maharashtra,Obama,TMC,Synthetic,neutral,opposition responds obamas budget address mixed reaction,"['opposition', 'responds', 'obamas', 'budget', 'address', 'mixed', 'reaction']",7,56,neutral,0.9405,"{np.str_('negative'): 0.0281, np.str_('neutral'): 0.9405, np.str_('positive'): 0.0314}",labeled,neutral,0.7879,"{'neutral': 0.7879, 'negative': 0.1877, 'positive': 0.0244}"
525,official New poll data shows shifting voter Texas preferences in region. #USPolitics,2025-01-11,user_384,Texas,Arvind Kejriwal,TMC,Synthetic,neutral,official new poll data show shifting voter texas preference region,"['official', 'new', 'poll', 'data', 'show', 'shifting', 'voter', 'texas', 'preference', 'region']",10,66,neutral,0.918,"{np.str_('negative'): 0.0411, np.str_('neutral'): 0.918, np.str_('positive'): 0.0408}",labeled,neutral,0.9186,"{'neutral': 0.9186, 'positive': 0.0434, 'negative': 0.0381}"
526,Republicans committee to review healthcare spending over the next quarter. #Election2024,2024-10-13,user_187,Texas,Yogi Adityanath,Republicans,Synthetic,neutral,Republicans committee review healthcare spending next quarter,"['Republicans', 'committee', 'review', 'healthcare', 'spending', 'next', 'quarter']",7,61,neutral,0.7873,"{np.str_('negative'): 0.1204, np.str_('neutral'): 0.7873, np.str_('positive'): 0.0923}",labeled,neutral,0.8991,"{'neutral': 0.8991, 'positive': 0.0649, 'negative': 0.0361}"
527,"update While DeSantis claims success, the situation in remains complicated. #VoterRights",2024-12-27,user_959,Sydney,DeSantis,LibDems,Synthetic,neutral,update DeSantis claim success situation remains complicated,"['update', 'DeSantis', 'claim', 'success', 'situation', 'remains', 'complicated']",7,59,neutral,0.8834,"{np.str_('negative'): 0.0625, np.str_('neutral'): 0.8834, np.str_('positive'): 0.0541}",labeled,neutral,0.831,"{'neutral': 0.831, 'negative': 0.1335, 'positive': 0.0355}"
528,"government Finally, a leader like Mamata Banerjee who understands the needs of the youth.",2024-09-27,user_424,Berlin,Mamata Banerjee,TMC,Synthetic,positive,government finally leader like Mamata understands need youth,"['government', 'finally', 'leader', 'like', 'Mamata', 'understands', 'need', 'youth']",8,60,positive,0.934,"{np.str_('negative'): 0.0399, np.str_('neutral'): 0.0261, np.str_('positive'): 0.934}",labeled,positive,0.6703,"{'positive': 0.6703, 'neutral': 0.3105, 'negative': 0.0192}"
529,Watching Rahul Gandhi handle international relations with such grace and dignity. #UnitedWeStand,2024-07-27,user_794,Berlin,Rahul Gandhi,BJP,Synthetic,positive,watching RahulGandhi handle international relation grace dignity,"['watching', 'RahulGandhi', 'handle', 'international', 'relation', 'grace', 'dignity']",7,64,positive,0.9369,"{np.str_('negative'): 0.0375, np.str_('neutral'): 0.0256, np.str_('positive'): 0.9369}",labeled,neutral,0.5144,"{'neutral': 0.5144, 'positive': 0.4665, 'negative': 0.0191}"
530,The policies of Harris have genuinely improved lives in Maharashtra. Keep it up! #MAGA,2024-07-11,user_947,Maharashtra,Harris,Democrats,Synthetic,positive,policy harris genuinely improved life maharashtra keep,"['policy', 'harris', 'genuinely', 'improved', 'life', 'maharashtra', 'keep']",7,54,positive,0.7873,"{np.str_('negative'): 0.1369, np.str_('neutral'): 0.0757, np.str_('positive'): 0.7873}",labeled,positive,0.7859,"{'positive': 0.7859, 'neutral': 0.1938, 'negative': 0.0203}"
531,"news Under Trump's leadership, crime rates in California have dropped significantly. #VoterRights",2024-09-04,user_129,California,Trump,Democrats,Synthetic,positive,news trump leadership crime rate california dropped significantly,"['news', 'trump', 'leadership', 'crime', 'rate', 'california', 'dropped', 'significantly']",8,65,positive,0.4289,"{np.str_('negative'): 0.3063, np.str_('neutral'): 0.2647, np.str_('positive'): 0.4289}",labeled,negative,0.6693,"{'negative': 0.6693, 'neutral': 0.2827, 'positive': 0.048}"
532,Conservatives announced cabinet reshuffle ahead of the parliamentary session. #VoterRights,2024-06-04,user_681,Sydney,Rahul Gandhi,Conservatives,Synthetic,neutral,conservative announced cabinet reshuffle ahead parliamentary session,"['conservative', 'announced', 'cabinet', 'reshuffle', 'ahead', 'parliamentary', 'session']",7,68,neutral,0.8432,"{np.str_('negative'): 0.0716, np.str_('neutral'): 0.8432, np.str_('positive'): 0.0852}",labeled,neutral,0.9312,"{'neutral': 0.9312, 'positive': 0.0546, 'negative': 0.0141}"
533,The latest TMC scandal is just the tip the iceberg. #Exposed,2024-08-04,user_668,Berlin,Rahul Gandhi,TMC,Synthetic,negative,latest tmc scandal tip iceberg,"['latest', 'tmc', 'scandal', 'tip', 'iceberg']",5,30,negative,0.8913,"{np.str_('negative'): 0.8913, np.str_('neutral'): 0.0629, np.str_('positive'): 0.0458}",labeled,negative,0.6962,"{'negative': 0.6962, 'neutral': 0.2933, 'positive': 0.0105}"
534,to be a Democrats supporter. Our values align with national progress. #PeaceAndProsperity,2024-12-14,user_489,Sydney,Arvind Kejriwal,Democrats,Synthetic,positive,Democrats supporter value align national progress,"['Democrats', 'supporter', 'value', 'align', 'national', 'progress']",6,49,positive,0.8663,"{np.str_('negative'): 0.0657, np.str_('neutral'): 0.068, np.str_('positive'): 0.8663}",labeled,neutral,0.7053,"{'neutral': 0.7053, 'positive': 0.2234, 'negative': 0.0714}"
535,policy Modi held a press conference today addressing the ongoing budget negotiations. #NewsUpdate,2025-01-06,user_669,Florida,Modi,Conservatives,Synthetic,neutral,policy modi held press conference today addressing ongoing budget negotiation,"['policy', 'modi', 'held', 'press', 'conference', 'today', 'addressing', 'ongoing', 'budget', 'negotiation']",10,77,neutral,0.8574,"{np.str_('negative'): 0.0801, np.str_('neutral'): 0.8574, np.str_('positive'): 0.0625}",labeled,neutral,0.9215,"{'neutral': 0.9215, 'positive': 0.0721, 'negative': 0.0065}"
536,today Local elections in California expected to be closely contested by AAP. #VoterRights,2024-12-28,user_563,California,Obama,AAP,Synthetic,neutral,today local election california expected closely contested AAP,"['today', 'local', 'election', 'california', 'expected', 'closely', 'contested', 'AAP']",8,62,neutral,0.846,"{np.str_('negative'): 0.1012, np.str_('neutral'): 0.846, np.str_('positive'): 0.0528}",labeled,neutral,0.9235,"{'neutral': 0.9235, 'positive': 0.0548, 'negative': 0.0217}"
537,policy The education reforms by Conservatives are transforming schools across the nation. #BuildBackBetter,2024-01-03,user_109,Maharashtra,Obama,Conservatives,Synthetic,positive,policy education reform conservative transforming school across nation,"['policy', 'education', 'reform', 'conservative', 'transforming', 'school', 'across', 'nation']",8,70,positive,0.9023,"{np.str_('negative'): 0.0602, np.str_('neutral'): 0.0374, np.str_('positive'): 0.9023}",labeled,neutral,0.85,"{'neutral': 0.85, 'positive': 0.1183, 'negative': 0.0317}"
538,Experts weigh in on Labour's five-year development plan. #PolicyDebate,2024-01-16,user_952,Delhi,Yogi Adityanath,Labour,Synthetic,neutral,expert weigh labour fiveyear development plan,"['expert', 'weigh', 'labour', 'fiveyear', 'development', 'plan']",6,45,neutral,0.8333,"{np.str_('negative'): 0.0637, np.str_('neutral'): 0.8333, np.str_('positive'): 0.103}",labeled,neutral,0.8859,"{'neutral': 0.8859, 'positive': 0.0683, 'negative': 0.0458}"
539,Analysts are divided on Trudeau's recent economic proposals. #GlobalPolitics,2024-01-05,user_227,Berlin,Trudeau,TMC,Synthetic,neutral,analyst divided trudeaus recent economic proposal,"['analyst', 'divided', 'trudeaus', 'recent', 'economic', 'proposal']",6,49,neutral,0.8158,"{np.str_('negative'): 0.0567, np.str_('neutral'): 0.8158, np.str_('positive'): 0.1275}",labeled,neutral,0.8984,"{'neutral': 0.8984, 'positive': 0.0586, 'negative': 0.043}"
540,official Proud be to a INC (Congress) supporter. Our values align with national progress.,2024-09-09,user_471,California,Arvind Kejriwal,INC (Congress),Synthetic,positive,official proud inc congress supporter value align national progress,"['official', 'proud', 'inc', 'congress', 'supporter', 'value', 'align', 'national', 'progress']",9,67,positive,0.9116,"{np.str_('negative'): 0.0449, np.str_('neutral'): 0.0436, np.str_('positive'): 0.9116}",labeled,positive,0.834,"{'positive': 0.834, 'neutral': 0.1597, 'negative': 0.0063}"
541,Biden signs executive order; legal challenges BJP. from anticipated #BreakingNews,2024-10-16,user_788,Gujarat,Biden,BJP,Synthetic,neutral,biden sign executive order legal challenge BJP anticipated,"['biden', 'sign', 'executive', 'order', 'legal', 'challenge', 'BJP', 'anticipated']",8,58,neutral,0.7852,"{np.str_('negative'): 0.1081, np.str_('neutral'): 0.7852, np.str_('positive'): 0.1067}",labeled,neutral,0.8778,"{'neutral': 0.8778, 'positive': 0.0903, 'negative': 0.0319}"
542,"While Yogi Adityanath claims success, the situation in Berlin complicated. #NewsUpdate",2024-05-20,user_296,Berlin,Yogi Adityanath,Labour,Synthetic,neutral,Yogi claim success situation berlin complicated,"['Yogi', 'claim', 'success', 'situation', 'berlin', 'complicated']",6,47,neutral,0.8414,"{np.str_('negative'): 0.1032, np.str_('neutral'): 0.8414, np.str_('positive'): 0.0554}",labeled,neutral,0.8489,"{'neutral': 0.8489, 'positive': 0.0882, 'negative': 0.0629}"
543,"Finally, a leader like Trudeau who the understands needs of the youth. #IndiaNews",2024-03-03,user_796,Florida,Trudeau,Democrats,Synthetic,positive,finally leader like Trudeau understands need youth,"['finally', 'leader', 'like', 'Trudeau', 'understands', 'need', 'youth']",7,50,positive,0.9458,"{np.str_('negative'): 0.0275, np.str_('neutral'): 0.0267, np.str_('positive'): 0.9458}",labeled,positive,0.6173,"{'positive': 0.6173, 'neutral': 0.3553, 'negative': 0.0274}"
544,statement Amit Shah shows true compassion for ordinary citizens. A leader for the people! #GlobalPolitics,2024-06-10,user_105,Gujarat,Amit Shah,TMC,Synthetic,positive,statement amit shah show true compassion ordinary citizen leader people,"['statement', 'amit', 'shah', 'show', 'true', 'compassion', 'ordinary', 'citizen', 'leader', 'people']",10,71,positive,0.921,"{np.str_('negative'): 0.0417, np.str_('neutral'): 0.0373, np.str_('positive'): 0.921}",labeled,neutral,0.6092,"{'neutral': 0.6092, 'positive': 0.302, 'negative': 0.0888}"
545,Rahul Gandhi's policies are destroying small businesses across Maharashtra. Unacceptable! #VoterRights,2024-05-07,user_301,Maharashtra,Rahul Gandhi,Conservatives,Synthetic,negative,rahul gandhi policy destroying small business across maharashtra unacceptable,"['rahul', 'gandhi', 'policy', 'destroying', 'small', 'business', 'across', 'maharashtra', 'unacceptable']",9,77,negative,0.9125,"{np.str_('negative'): 0.9125, np.str_('neutral'): 0.0396, np.str_('positive'): 0.0479}",labeled,negative,0.8776,"{'negative': 0.8776, 'neutral': 0.1136, 'positive': 0.0087}"
546,INC (Congress) released its new policy the for framework upcoming term. #PoliticsDaily,2024-01-28,user_941,Florida,Harris,INC (Congress),Synthetic,neutral,inc congress released new policy framework upcoming term,"['inc', 'congress', 'released', 'new', 'policy', 'framework', 'upcoming', 'term']",8,56,neutral,0.7981,"{np.str_('negative'): 0.0595, np.str_('neutral'): 0.7981, np.str_('positive'): 0.1423}",labeled,neutral,0.8523,"{'neutral': 0.8523, 'positive': 0.1387, 'negative': 0.009}"
547,"policy I used to support LibDems, but after Modi's recent speech in California, I'm not so sure anymore.",2024-07-12,user_420,California,Modi,LibDems,Synthetic,neutral,policy used support libdems but modis recent speech california im not sure anymore,"['policy', 'used', 'support', 'libdems', 'but', 'modis', 'recent', 'speech', 'california', 'im', 'not', 'sure', 'anymore']",13,82,neutral,0.7639,"{np.str_('negative'): 0.0919, np.str_('neutral'): 0.7639, np.str_('positive'): 0.1443}",labeled,neutral,0.6143,"{'neutral': 0.6143, 'negative': 0.3679, 'positive': 0.0178}"
548,statement Can't believe Republicans raised taxes again while corruption runs rampant Texas. #IndiaNews,2024-11-12,user_870,Texas,Trudeau,Republicans,Synthetic,negative,statement cant believe Republicans raised tax corruption run rampant texas,"['statement', 'cant', 'believe', 'Republicans', 'raised', 'tax', 'corruption', 'run', 'rampant', 'texas']",10,74,negative,0.5709,"{np.str_('negative'): 0.5709, np.str_('neutral'): 0.2353, np.str_('positive'): 0.1938}",labeled,negative,0.9208,"{'negative': 0.9208, 'neutral': 0.071, 'positive': 0.0082}"
549,official Rahul Gandhi met with world leaders at the G20 summit in Sydney. #GlobalPolitics,2025-02-04,user_126,Sydney,Rahul Gandhi,Conservatives,Synthetic,neutral,official RahulGandhi met world leader g20 summit sydney,"['official', 'RahulGandhi', 'met', 'world', 'leader', 'g20', 'summit', 'sydney']",8,55,neutral,0.6811,"{np.str_('negative'): 0.158, np.str_('neutral'): 0.6811, np.str_('positive'): 0.1609}",labeled,neutral,0.7178,"{'neutral': 0.7178, 'positive': 0.2731, 'negative': 0.0091}"
550,Arvind Kejriwal secured a historic trade deal today. This create will millions of jobs! #UnitedWeStand,2024-09-17,user_362,Maharashtra,Arvind Kejriwal,LibDems,Synthetic,positive,arvind Kejriwal secured historic trade deal today create million job,"['arvind', 'Kejriwal', 'secured', 'historic', 'trade', 'deal', 'today', 'create', 'million', 'job']",10,68,neutral,0.463,"{np.str_('negative'): 0.1362, np.str_('neutral'): 0.463, np.str_('positive'): 0.4008}",labeled,positive,0.9149,"{'positive': 0.9149, 'neutral': 0.0821, 'negative': 0.003}"
551,AAP committee review healthcare to spending over the next #PolicyDebate,2024-06-08,user_697,Gujarat,Modi,AAP,Synthetic,neutral,AAP committee review healthcare spending next,"['AAP', 'committee', 'review', 'healthcare', 'spending', 'next']",6,45,neutral,0.746,"{np.str_('negative'): 0.1447, np.str_('neutral'): 0.746, np.str_('positive'): 0.1093}",labeled,neutral,0.916,"{'neutral': 0.916, 'positive': 0.0498, 'negative': 0.0342}"
552,Amit Shah met with world leaders at the G20 summit in Texas. #IndiaNews,2024-03-15,user_158,Texas,Amit Shah,Labour,Synthetic,neutral,amit shah met world leader g20 summit texas,"['amit', 'shah', 'met', 'world', 'leader', 'g20', 'summit', 'texas']",8,43,neutral,0.6608,"{np.str_('negative'): 0.1738, np.str_('neutral'): 0.6608, np.str_('positive'): 0.1654}",labeled,neutral,0.861,"{'neutral': 0.861, 'positive': 0.124, 'negative': 0.015}"
553,DeSantis united the nation divided with his remarkable speech yesterday. #PoliticsDaily,2024-08-27,user_714,Sydney,DeSantis,LibDems,Synthetic,positive,DeSantis united nation divided remarkable speech yesterday,"['DeSantis', 'united', 'nation', 'divided', 'remarkable', 'speech', 'yesterday']",7,58,positive,0.6899,"{np.str_('negative'): 0.085, np.str_('neutral'): 0.2251, np.str_('positive'): 0.6899}",labeled,neutral,0.6215,"{'neutral': 0.6215, 'negative': 0.2844, 'positive': 0.0941}"
554,Local elections in Maharashtra expected to be contested by INC (Congress). #IndiaNews,2024-01-02,user_754,Maharashtra,Sunak,INC (Congress),Synthetic,neutral,local election maharashtra expected contested inc congress,"['local', 'election', 'maharashtra', 'expected', 'contested', 'inc', 'congress']",7,58,neutral,0.7869,"{np.str_('negative'): 0.1388, np.str_('neutral'): 0.7869, np.str_('positive'): 0.0743}",labeled,neutral,0.8768,"{'neutral': 0.8768, 'negative': 0.0856, 'positive': 0.0376}"
555,Local elections in Gujarat expected to be closely contested by Conservatives. #BreakingNews,2024-02-07,user_466,Gujarat,DeSantis,Conservatives,Synthetic,neutral,local election gujarat expected closely contested conservative,"['local', 'election', 'gujarat', 'expected', 'closely', 'contested', 'conservative']",7,62,neutral,0.8417,"{np.str_('negative'): 0.0993, np.str_('neutral'): 0.8417, np.str_('positive'): 0.059}",labeled,neutral,0.9024,"{'neutral': 0.9024, 'positive': 0.0694, 'negative': 0.0281}"
556,policy Voters in Berlin will head to the polls next week as Biden campaigns. #IndiaNews,2024-05-25,user_278,Berlin,Biden,LibDems,Synthetic,neutral,policy voter berlin head poll next week biden campaign,"['policy', 'voter', 'berlin', 'head', 'poll', 'next', 'week', 'biden', 'campaign']",9,54,neutral,0.8905,"{np.str_('negative'): 0.0658, np.str_('neutral'): 0.8905, np.str_('positive'): 0.0437}",labeled,neutral,0.9423,"{'neutral': 0.9423, 'positive': 0.0367, 'negative': 0.021}"
557,official The education reforms BJP are by transforming schools across the nation. #PolicyDebate,2024-12-01,user_906,Texas,DeSantis,BJP,Synthetic,positive,official education reform BJP transforming school across nation,"['official', 'education', 'reform', 'BJP', 'transforming', 'school', 'across', 'nation']",8,63,positive,0.8924,"{np.str_('negative'): 0.0662, np.str_('neutral'): 0.0414, np.str_('positive'): 0.8924}",labeled,neutral,0.616,"{'neutral': 0.616, 'positive': 0.3681, 'negative': 0.0159}"
558,The new INC (Congress) bill has some good points but also flaws. many A mixed bag for California.,2024-12-30,user_166,California,Trump,INC (Congress),Synthetic,neutral,new inc congress bill good point but also flaw many mixed bag california,"['new', 'inc', 'congress', 'bill', 'good', 'point', 'but', 'also', 'flaw', 'many', 'mixed', 'bag', 'california']",13,72,neutral,0.9291,"{np.str_('negative'): 0.0334, np.str_('neutral'): 0.9291, np.str_('positive'): 0.0375}",labeled,neutral,0.6084,"{'neutral': 0.6084, 'positive': 0.2608, 'negative': 0.1307}"
559,Opposition responds to Trump's budget address with mixed reactions. #BreakingNews,2025-01-25,user_730,Texas,Trump,Labour,Synthetic,neutral,opposition responds trump budget address mixed reaction,"['opposition', 'responds', 'trump', 'budget', 'address', 'mixed', 'reaction']",7,55,neutral,0.9165,"{np.str_('negative'): 0.0427, np.str_('neutral'): 0.9165, np.str_('positive'): 0.0409}",labeled,neutral,0.7695,"{'neutral': 0.7695, 'negative': 0.2022, 'positive': 0.0283}"
560,Conservatives has been in power for years and Florida is shambles. still in #Election2024,2024-02-11,user_903,Florida,Mamata Banerjee,Conservatives,Synthetic,negative,conservative power year florida shamble still,"['conservative', 'power', 'year', 'florida', 'shamble', 'still']",6,45,negative,0.8087,"{np.str_('negative'): 0.8087, np.str_('neutral'): 0.0911, np.str_('positive'): 0.1002}",labeled,neutral,0.8091,"{'neutral': 0.8091, 'negative': 0.1171, 'positive': 0.0738}"
561,The latest Republicans scandal is just the tip of the iceberg. #NewsUpdate,2024-06-13,user_829,Texas,Arvind Kejriwal,Republicans,Synthetic,negative,latest Republicans scandal tip iceberg,"['latest', 'Republicans', 'scandal', 'tip', 'iceberg']",5,38,negative,0.8975,"{np.str_('negative'): 0.8975, np.str_('neutral'): 0.0595, np.str_('positive'): 0.043}",labeled,negative,0.6197,"{'negative': 0.6197, 'neutral': 0.3591, 'positive': 0.0212}"
562,Extremely disappointed with Modi's lack of on action climate change. #USPolitics,2024-04-21,user_413,Gujarat,Modi,LibDems,Synthetic,negative,extremely disappointed modis lack action climate change,"['extremely', 'disappointed', 'modis', 'lack', 'action', 'climate', 'change']",7,55,negative,0.8575,"{np.str_('negative'): 0.8575, np.str_('neutral'): 0.0671, np.str_('positive'): 0.0754}",labeled,negative,0.9007,"{'negative': 0.9007, 'neutral': 0.0899, 'positive': 0.0093}"
563,Rahul foreign policy has embarrassed us on the world stage. Shameful. #Fraud,2024-01-22,user_576,Texas,Rahul Gandhi,AAP,Synthetic,negative,rahul foreign policy embarrassed u world stage shameful,"['rahul', 'foreign', 'policy', 'embarrassed', 'u', 'world', 'stage', 'shameful']",8,55,negative,0.4442,"{np.str_('negative'): 0.4442, np.str_('neutral'): 0.4045, np.str_('positive'): 0.1512}",labeled,negative,0.9226,"{'negative': 0.9226, 'neutral': 0.071, 'positive': 0.0064}"
564,policy INC (Congress) is tearing this country apart with its divisive rhetoric. #IndiaNews,2024-04-29,user_371,Delhi,Amit Shah,INC (Congress),Synthetic,negative,policy inc congress tearing country apart divisive rhetoric,"['policy', 'inc', 'congress', 'tearing', 'country', 'apart', 'divisive', 'rhetoric']",8,59,negative,0.8239,"{np.str_('negative'): 0.8239, np.str_('neutral'): 0.0803, np.str_('positive'): 0.0957}",labeled,negative,0.9008,"{'negative': 0.9008, 'neutral': 0.0931, 'positive': 0.0061}"
565,policy Yogi Adityanath signs executive order; legal challenges anticipated Republicans. from #PoliticsDaily,2024-10-06,user_305,Maharashtra,Yogi Adityanath,Republicans,Synthetic,neutral,policy Yogi sign executive order legal challenge anticipated Republicans,"['policy', 'Yogi', 'sign', 'executive', 'order', 'legal', 'challenge', 'anticipated', 'Republicans']",9,72,neutral,0.7612,"{np.str_('negative'): 0.1421, np.str_('neutral'): 0.7612, np.str_('positive'): 0.0967}",labeled,neutral,0.8871,"{'neutral': 0.8871, 'positive': 0.0669, 'negative': 0.046}"
566,news Conservatives announced cabinet reshuffle ahead of the parliamentary session. #IndiaNews,2025-01-20,user_833,Maharashtra,Modi,Conservatives,Synthetic,neutral,news conservative announced cabinet reshuffle ahead parliamentary session,"['news', 'conservative', 'announced', 'cabinet', 'reshuffle', 'ahead', 'parliamentary', 'session']",8,73,neutral,0.8364,"{np.str_('negative'): 0.0789, np.str_('neutral'): 0.8364, np.str_('positive'): 0.0847}",labeled,neutral,0.9306,"{'neutral': 0.9306, 'positive': 0.0492, 'negative': 0.0202}"
567,official Sunak delivered an outstanding speech on recovery economic today. Real leadership! #PeaceAndProsperity,2025-01-24,user_252,Florida,Sunak,LibDems,Synthetic,positive,official Sunak delivered outstanding speech recovery economic today real leadership,"['official', 'Sunak', 'delivered', 'outstanding', 'speech', 'recovery', 'economic', 'today', 'real', 'leadership']",10,83,positive,0.9254,"{np.str_('negative'): 0.0298, np.str_('neutral'): 0.0448, np.str_('positive'): 0.9254}",labeled,positive,0.9564,"{'positive': 0.9564, 'neutral': 0.0396, 'negative': 0.0039}"
568,Interesting to see Trudeau and AAP working together. Not sure if this is good or bad. #BreakingNews,2024-08-24,user_448,California,Trudeau,AAP,Synthetic,neutral,interesting see Trudeau AAP working together not sure good bad,"['interesting', 'see', 'Trudeau', 'AAP', 'working', 'together', 'not', 'sure', 'good', 'bad']",10,62,neutral,0.8539,"{np.str_('negative'): 0.0942, np.str_('neutral'): 0.8539, np.str_('positive'): 0.052}",labeled,neutral,0.7276,"{'neutral': 0.7276, 'positive': 0.2203, 'negative': 0.052}"
569,New poll data shows shifting voter preferences in Maharashtra region. #BreakingNews,2024-01-16,user_483,Maharashtra,Macron,Republicans,Synthetic,neutral,new poll data show shifting voter preference maharashtra region,"['new', 'poll', 'data', 'show', 'shifting', 'voter', 'preference', 'maharashtra', 'region']",9,63,neutral,0.9218,"{np.str_('negative'): 0.0371, np.str_('neutral'): 0.9218, np.str_('positive'): 0.0412}",labeled,neutral,0.8948,"{'neutral': 0.8948, 'negative': 0.0704, 'positive': 0.0348}"
570,statement Labour committee to review healthcare spending over the next quarter. #Election2024,2024-07-25,user_881,Florida,Harris,Labour,Synthetic,neutral,statement LabourParty committee review healthcare spending next quarter,"['statement', 'LabourParty', 'committee', 'review', 'healthcare', 'spending', 'next', 'quarter']",8,71,neutral,0.7749,"{np.str_('negative'): 0.1147, np.str_('neutral'): 0.7749, np.str_('positive'): 0.1103}",labeled,neutral,0.9108,"{'neutral': 0.9108, 'positive': 0.0631, 'negative': 0.0261}"
571,Analysts are on Macron's recent economic proposals. #Election2024,2024-11-18,user_918,Florida,Macron,LibDems,Synthetic,neutral,analyst macron recent economic proposal,"['analyst', 'macron', 'recent', 'economic', 'proposal']",5,39,neutral,0.8022,"{np.str_('negative'): 0.0813, np.str_('neutral'): 0.8022, np.str_('positive'): 0.1166}",labeled,neutral,0.8673,"{'neutral': 0.8673, 'positive': 0.1062, 'negative': 0.0265}"
572,Inflation is through the roof under Families mismanagement. AAP's suffering. #NewsUpdate,2024-03-28,user_206,Delhi,Mamata Banerjee,AAP,Synthetic,negative,inflation roof family mismanagement aaps suffering,"['inflation', 'roof', 'family', 'mismanagement', 'aaps', 'suffering']",6,50,neutral,0.42,"{np.str_('negative'): 0.2843, np.str_('neutral'): 0.42, np.str_('positive'): 0.2957}",labeled,negative,0.8434,"{'negative': 0.8434, 'neutral': 0.1454, 'positive': 0.0111}"
573,Yogi Adityanath held conference press 4 today addressing teh ongoing budget negotiations. #PolicyDebate,2024-01-30,user_477,Texas,Yogi Adityanath,LibDems,Synthetic,neutral,Yogi held conference press today addressing teh ongoing budget negotiation,"['Yogi', 'held', 'conference', 'press', 'today', 'addressing', 'teh', 'ongoing', 'budget', 'negotiation']",10,74,neutral,0.8582,"{np.str_('negative'): 0.084, np.str_('neutral'): 0.8582, np.str_('positive'): 0.0578}",labeled,neutral,0.944,"{'neutral': 0.944, 'positive': 0.0482, 'negative': 0.0078}"
574,The new Democrats bill has some good points but also many flaws. A mixed bag for Texas.,2024-04-15,user_233,Texas,Amit Shah,Democrats,Synthetic,neutral,new Democrats bill good point but also many flaw mixed bag texas,"['new', 'Democrats', 'bill', 'good', 'point', 'but', 'also', 'many', 'flaw', 'mixed', 'bag', 'texas']",12,64,neutral,0.9216,"{np.str_('negative'): 0.0393, np.str_('neutral'): 0.9216, np.str_('positive'): 0.0391}",labeled,neutral,0.5141,"{'neutral': 0.5141, 'negative': 0.2811, 'positive': 0.2049}"
575,policy Trudeau united the divided with nation his remarkable speech yesterday. #USPolitics,2024-08-16,user_165,Florida,Trudeau,Conservatives,Synthetic,positive,policy Trudeau united divided nation remarkable speech yesterday,"['policy', 'Trudeau', 'united', 'divided', 'nation', 'remarkable', 'speech', 'yesterday']",8,64,positive,0.6927,"{np.str_('negative'): 0.09, np.str_('neutral'): 0.2173, np.str_('positive'): 0.6927}",labeled,neutral,0.5553,"{'neutral': 0.5553, 'negative': 0.3647, 'positive': 0.0801}"
576,Experts weigh in on AAP's five-year development plan. #USPolitics,2024-05-27,user_761,California,Trudeau,AAP,Synthetic,neutral,expert weigh aaps fiveyear development plan,"['expert', 'weigh', 'aaps', 'fiveyear', 'development', 'plan']",6,43,neutral,0.8333,"{np.str_('negative'): 0.0637, np.str_('neutral'): 0.8333, np.str_('positive'): 0.103}",labeled,neutral,0.8762,"{'neutral': 0.8762, 'positive': 0.0915, 'negative': 0.0323}"
577,The poor get poorer under INC (Congress)'s watch. Trickle-down is a lie! #Scam,2024-04-03,user_815,Florida,Arvind Kejriwal,INC (Congress),Synthetic,negative,poor get poorer inc congress watch trickledown lie,"['poor', 'get', 'poorer', 'inc', 'congress', 'watch', 'trickledown', 'lie']",8,50,negative,0.9217,"{np.str_('negative'): 0.9217, np.str_('neutral'): 0.0262, np.str_('positive'): 0.052}",labeled,negative,0.6949,"{'negative': 0.6949, 'neutral': 0.2745, 'positive': 0.0305}"
578,Can't believe Republicans raised taxes again while corruption runs rampant Delhi. #EndThis,2025-01-06,user_839,Delhi,Mamata Banerjee,Republicans,Synthetic,negative,cant believe Republicans raised tax corruption run rampant delhi,"['cant', 'believe', 'Republicans', 'raised', 'tax', 'corruption', 'run', 'rampant', 'delhi']",9,64,negative,0.6561,"{np.str_('negative'): 0.6561, np.str_('neutral'): 0.2108, np.str_('positive'): 0.1331}",labeled,negative,0.9229,"{'negative': 0.9229, 'neutral': 0.0702, 'positive': 0.0069}"
579,"Wait, actually thinks this plan will work? It's a disaster. #NeverAgain",2024-03-25,user_358,Delhi,DeSantis,TMC,Synthetic,negative,wait actually think plan work disaster,"['wait', 'actually', 'think', 'plan', 'work', 'disaster']",6,38,negative,0.4389,"{np.str_('negative'): 0.4389, np.str_('neutral'): 0.3433, np.str_('positive'): 0.2178}",labeled,negative,0.5559,"{'negative': 0.5559, 'neutral': 0.4095, 'positive': 0.0345}"
580,policy DeSantis met with world leaders at the G20 in summit Sydney. #Election2024,2024-12-29,user_239,Sydney,DeSantis,LibDems,Synthetic,neutral,policy DeSantis met world leader g20 summit sydney,"['policy', 'DeSantis', 'met', 'world', 'leader', 'g20', 'summit', 'sydney']",8,50,neutral,0.6966,"{np.str_('negative'): 0.1569, np.str_('neutral'): 0.6966, np.str_('positive'): 0.1465}",labeled,neutral,0.9175,"{'neutral': 0.9175, 'positive': 0.0742, 'negative': 0.0083}"
581,policy Proud to be a supporter. Our values align with #ModiForIndia progress. national,2024-03-31,user_401,Gujarat,Modi,TMC,Synthetic,positive,policy proud supporter value align progress national,"['policy', 'proud', 'supporter', 'value', 'align', 'progress', 'national']",7,52,positive,0.9279,"{np.str_('negative'): 0.0372, np.str_('neutral'): 0.0349, np.str_('positive'): 0.9279}",labeled,positive,0.7064,"{'positive': 0.7064, 'neutral': 0.2781, 'negative': 0.0155}"
582,government Voters in Delhi will to the polls next week as Trump campaigns. #PoliticsDaily,2024-12-11,user_645,Delhi,Trump,LibDems,Synthetic,neutral,government voter delhi poll next week trump campaign,"['government', 'voter', 'delhi', 'poll', 'next', 'week', 'trump', 'campaign']",8,52,neutral,0.8346,"{np.str_('negative'): 0.1061, np.str_('neutral'): 0.8346, np.str_('positive'): 0.0593}",labeled,neutral,0.9208,"{'neutral': 0.9208, 'positive': 0.0459, 'negative': 0.0332}"
583,today New poll data shows shifting voter preferences in Sydney region. #VoterRights,2024-11-02,user_104,Sydney,DeSantis,TMC,Synthetic,neutral,today new poll data show shifting voter preference sydney region,"['today', 'new', 'poll', 'data', 'show', 'shifting', 'voter', 'preference', 'sydney', 'region']",10,64,neutral,0.9273,"{np.str_('negative'): 0.0293, np.str_('neutral'): 0.9273, np.str_('positive'): 0.0434}",labeled,neutral,0.9026,"{'neutral': 0.9026, 'negative': 0.0696, 'positive': 0.0279}"
584,"Biden's leadership, crime rates in California have dropped significantly. #PoliticsDaily",2024-04-08,user_796,California,Biden,AAP,Synthetic,positive,bidens leadership crime rate california dropped significantly,"['bidens', 'leadership', 'crime', 'rate', 'california', 'dropped', 'significantly']",7,61,positive,0.551,"{np.str_('negative'): 0.2112, np.str_('neutral'): 0.2378, np.str_('positive'): 0.551}",labeled,negative,0.7732,"{'negative': 0.7732, 'neutral': 0.2038, 'positive': 0.023}"
585,statement Yogi Adityanath signs executive order; legal challenges anticipated from Republicans. #PoliticsDaily,2024-06-16,user_430,California,Yogi Adityanath,Republicans,Synthetic,neutral,statement Yogi sign executive order legal challenge anticipated Republicans,"['statement', 'Yogi', 'sign', 'executive', 'order', 'legal', 'challenge', 'anticipated', 'Republicans']",9,75,neutral,0.7708,"{np.str_('negative'): 0.1267, np.str_('neutral'): 0.7708, np.str_('positive'): 0.1026}",labeled,neutral,0.8397,"{'neutral': 0.8397, 'positive': 0.1427, 'negative': 0.0175}"
586,"statement Finally, a leader Amit Shah who understands the needs of the youth. #NewsUpdate",2024-01-07,user_498,California,Amit Shah,Conservatives,Synthetic,positive,statement finally leader amit shah understands need youth,"['statement', 'finally', 'leader', 'amit', 'shah', 'understands', 'need', 'youth']",8,57,positive,0.9145,"{np.str_('negative'): 0.0425, np.str_('neutral'): 0.043, np.str_('positive'): 0.9145}",labeled,positive,0.6817,"{'positive': 0.6817, 'neutral': 0.2987, 'negative': 0.0195}"
587,DeSantis's policies are deztroyin' small businesses across California. Unacceptable! #Fraud,2024-09-12,user_204,California,DeSantis,TMC,Synthetic,negative,desantiss policy deztroyin small business across california unacceptable,"['desantiss', 'policy', 'deztroyin', 'small', 'business', 'across', 'california', 'unacceptable']",8,72,negative,0.8717,"{np.str_('negative'): 0.8717, np.str_('neutral'): 0.0695, np.str_('positive'): 0.0588}",labeled,negative,0.8422,"{'negative': 0.8422, 'neutral': 0.1489, 'positive': 0.009}"
588,LibDems announced cabinet reshuffle ahead of the parliamentary session. #PoliticsDaily,2024-12-21,user_236,Texas,Sunak,LibDems,Synthetic,neutral,libdems announced cabinet reshuffle ahead parliamentary session,"['libdems', 'announced', 'cabinet', 'reshuffle', 'ahead', 'parliamentary', 'session']",7,63,neutral,0.8428,"{np.str_('negative'): 0.0761, np.str_('neutral'): 0.8428, np.str_('positive'): 0.0811}",labeled,neutral,0.9165,"{'neutral': 0.9165, 'positive': 0.0707, 'negative': 0.0128}"
589,official Extremely disappointed with Modi's lack of action on climate change. #Resign,2024-09-14,user_701,Maharashtra,Modi,Labour,Synthetic,negative,official extremely disappointed modis lack action climate change,"['official', 'extremely', 'disappointed', 'modis', 'lack', 'action', 'climate', 'change']",8,64,negative,0.847,"{np.str_('negative'): 0.847, np.str_('neutral'): 0.0721, np.str_('positive'): 0.0809}",labeled,negative,0.9123,"{'negative': 0.9123, 'neutral': 0.0808, 'positive': 0.0069}"
590,Sunak delivered an outstanding speech on economic recovery today. Real leadership! #UnitedWeStand,2024-07-10,user_610,California,Sunak,Democrats,Synthetic,positive,Sunak delivered outstanding speech economic recovery today real leadership,"['Sunak', 'delivered', 'outstanding', 'speech', 'economic', 'recovery', 'today', 'real', 'leadership']",9,74,positive,0.9353,"{np.str_('negative'): 0.0241, np.str_('neutral'): 0.0406, np.str_('positive'): 0.9353}",labeled,positive,0.9614,"{'positive': 0.9614, 'neutral': 0.0331, 'negative': 0.0055}"
591,Survey shows mixed public opinion on Conservatives's latest immigration policy. #BreakingNews,2024-06-17,user_237,Texas,Obama,Conservatives,Synthetic,neutral,survey show mixed public opinion conservativess latest immigration policy,"['survey', 'show', 'mixed', 'public', 'opinion', 'conservativess', 'latest', 'immigration', 'policy']",9,73,neutral,0.8324,"{np.str_('negative'): 0.1206, np.str_('neutral'): 0.8324, np.str_('positive'): 0.0471}",labeled,neutral,0.8876,"{'neutral': 0.8876, 'negative': 0.0903, 'positive': 0.0221}"
592,The new INC (Congress) policy is a breath of fresh air for the induztry. #BreakingNews,2024-04-15,user_652,Sydney,Obama,INC (Congress),Synthetic,positive,new inc congress policy breath fresh air induztry,"['new', 'inc', 'congress', 'policy', 'breath', 'fresh', 'air', 'induztry']",8,49,neutral,0.5037,"{np.str_('negative'): 0.1405, np.str_('neutral'): 0.5037, np.str_('positive'): 0.3558}",labeled,neutral,0.715,"{'neutral': 0.715, 'positive': 0.1585, 'negative': 0.1265}"
593,government Record GDP growth under Conservatives leadership. The economy is thriving! #GlobalPolitics,2024-03-13,user_309,California,Biden,Conservatives,Synthetic,positive,government record gdp growth conservative leadership economy thriving,"['government', 'record', 'gdp', 'growth', 'conservative', 'leadership', 'economy', 'thriving']",8,69,positive,0.6361,"{np.str_('negative'): 0.1968, np.str_('neutral'): 0.1671, np.str_('positive'): 0.6361}",labeled,positive,0.9363,"{'positive': 0.9363, 'neutral': 0.0584, 'negative': 0.0053}"
594,official Local elections in Texas expected to be closely contested by Republicans. #VoterRights,2024-03-25,user_838,Texas,Harris,Republicans,Synthetic,neutral,official local election texas expected closely contested Republicans,"['official', 'local', 'election', 'texas', 'expected', 'closely', 'contested', 'Republicans']",8,68,neutral,0.809,"{np.str_('negative'): 0.1346, np.str_('neutral'): 0.809, np.str_('positive'): 0.0564}",labeled,neutral,0.9297,"{'neutral': 0.9297, 'positive': 0.0415, 'negative': 0.0289}"
595,update Scandal after scandal with DeSantis. When will the accountability come? #EndThis,2024-02-10,user_468,Delhi,DeSantis,Conservatives,Synthetic,negative,update scandal scandal DeSantis accountability come,"['update', 'scandal', 'scandal', 'DeSantis', 'accountability', 'come']",6,51,negative,0.9094,"{np.str_('negative'): 0.9094, np.str_('neutral'): 0.0439, np.str_('positive'): 0.0467}",labeled,neutral,0.613,"{'neutral': 0.613, 'negative': 0.341, 'positive': 0.046}"
596,update Rahul Gandhi met with world leaders at the G20 summit in Texas. #PolicyDebate,2025-01-25,user_490,Texas,Rahul Gandhi,AAP,Synthetic,neutral,update RahulGandhi met world leader g20 summit texas,"['update', 'RahulGandhi', 'met', 'world', 'leader', 'g20', 'summit', 'texas']",8,52,neutral,0.6737,"{np.str_('negative'): 0.1624, np.str_('neutral'): 0.6737, np.str_('positive'): 0.1639}",labeled,neutral,0.7413,"{'neutral': 0.7413, 'positive': 0.2527, 'negative': 0.006}"
597,news Local elections in expected Florida to be closely contested by Republicans. #VoterRights,2024-06-19,user_239,Florida,Rahul Gandhi,Republicans,Synthetic,neutral,news local election expected florida closely contested Republicans,"['news', 'local', 'election', 'expected', 'florida', 'closely', 'contested', 'Republicans']",8,66,neutral,0.8141,"{np.str_('negative'): 0.1299, np.str_('neutral'): 0.8141, np.str_('positive'): 0.056}",labeled,neutral,0.9325,"{'neutral': 0.9325, 'positive': 0.0353, 'negative': 0.0323}"
598,TMC's new budget plan is exactly what the middle class needs. Great work! #BuildBackBetter,2024-07-10,user_493,California,Sunak,TMC,Synthetic,positive,tmcs new budget plan exactly middle class need great work,"['tmcs', 'new', 'budget', 'plan', 'exactly', 'middle', 'class', 'need', 'great', 'work']",10,57,positive,0.6041,"{np.str_('negative'): 0.1903, np.str_('neutral'): 0.2057, np.str_('positive'): 0.6041}",labeled,positive,0.591,"{'positive': 0.591, 'neutral': 0.3646, 'negative': 0.0444}"
599,Arvind Kejriwal united the divided nation with his remarkable yesterday. #BidenHarris2024,2025-01-29,user_869,Berlin,Arvind Kejriwal,BJP,Synthetic,positive,arvind Kejriwal united divided nation remarkable yesterday,"['arvind', 'Kejriwal', 'united', 'divided', 'nation', 'remarkable', 'yesterday']",7,58,positive,0.5637,"{np.str_('negative'): 0.1384, np.str_('neutral'): 0.2979, np.str_('positive'): 0.5637}",labeled,neutral,0.623,"{'neutral': 0.623, 'negative': 0.2134, 'positive': 0.1636}"
600,policy The new INC (Congress) bill has some good points but also many flaws. A mixed bag for Gujarat.,2024-07-04,user_746,Gujarat,Sunak,INC (Congress),Synthetic,neutral,policy new inc congress bill good point but also many flaw mixed bag gujarat,"['policy', 'new', 'inc', 'congress', 'bill', 'good', 'point', 'but', 'also', 'many', 'flaw', 'mixed', 'bag', 'gujarat']",14,76,neutral,0.9098,"{np.str_('negative'): 0.0375, np.str_('neutral'): 0.9098, np.str_('positive'): 0.0527}",labeled,negative,0.5147,"{'negative': 0.5147, 'neutral': 0.4315, 'positive': 0.0538}"
601,Democrats consistently delivers its promises. Strong governance is visible. #IndiaNews,2024-01-07,user_219,Texas,Sunak,Democrats,Synthetic,positive,Democrats consistently delivers promise strong governance visible,"['Democrats', 'consistently', 'delivers', 'promise', 'strong', 'governance', 'visible']",7,65,negative,0.4218,"{np.str_('negative'): 0.4218, np.str_('neutral'): 0.1652, np.str_('positive'): 0.413}",labeled,positive,0.7951,"{'positive': 0.7951, 'neutral': 0.1928, 'negative': 0.0122}"
602,Survey shows mixed public opinion on latest immigration policy. #PoliticsDaily,2024-09-13,user_645,Delhi,Macron,Republicans,Synthetic,neutral,survey show mixed public opinion latest immigration policy,"['survey', 'show', 'mixed', 'public', 'opinion', 'latest', 'immigration', 'policy']",8,58,neutral,0.8712,"{np.str_('negative'): 0.0853, np.str_('neutral'): 0.8712, np.str_('positive'): 0.0435}",labeled,neutral,0.7587,"{'neutral': 0.7587, 'negative': 0.2233, 'positive': 0.018}"
603,How many more scandals before Yogi Adityanath is held is responsible? Enough enough! #Resign,2024-01-04,user_272,Florida,Yogi Adityanath,AAP,Synthetic,negative,many scandal Yogi held responsible enough enough,"['many', 'scandal', 'Yogi', 'held', 'responsible', 'enough', 'enough']",7,48,negative,0.7733,"{np.str_('negative'): 0.7733, np.str_('neutral'): 0.1594, np.str_('positive'): 0.0673}",labeled,neutral,0.7105,"{'neutral': 0.7105, 'negative': 0.1621, 'positive': 0.1274}"
604,statement TMC released its new policy framework for the upcoming term. #PoliticsDaily,2024-07-10,user_290,Sydney,Trudeau,TMC,Synthetic,neutral,statement tmc released new policy framework upcoming term,"['statement', 'tmc', 'released', 'new', 'policy', 'framework', 'upcoming', 'term']",8,57,neutral,0.7675,"{np.str_('negative'): 0.0702, np.str_('neutral'): 0.7675, np.str_('positive'): 0.1624}",labeled,neutral,0.8644,"{'neutral': 0.8644, 'positive': 0.1303, 'negative': 0.0053}"
605,policy Sunak met with world leaders at the G20 summit California. #NewsUpdate,2025-01-23,user_296,California,Sunak,Labour,Synthetic,neutral,policy Sunak met world leader g20 summit california,"['policy', 'Sunak', 'met', 'world', 'leader', 'g20', 'summit', 'california']",8,51,neutral,0.7103,"{np.str_('negative'): 0.1437, np.str_('neutral'): 0.7103, np.str_('positive'): 0.1461}",labeled,neutral,0.9173,"{'neutral': 0.9173, 'positive': 0.0659, 'negative': 0.0168}"
606,today Obam4 addrezzed parliament on state of national security. #PoliticsDaily,2024-04-30,user_589,Gujarat,Obama,AAP,Synthetic,neutral,today obam4 addrezzed parliament state national security,"['today', 'obam4', 'addrezzed', 'parliament', 'state', 'national', 'security']",7,56,neutral,0.6329,"{np.str_('negative'): 0.0924, np.str_('neutral'): 0.6329, np.str_('positive'): 0.2747}",labeled,neutral,0.8694,"{'neutral': 0.8694, 'negative': 0.0717, 'positive': 0.0588}"
607,government Can't believe Republicans raised taxes again while corruption runs in Sydney. #Fraud,2024-01-04,user_484,Sydney,Arvind Kejriwal,Republicans,Synthetic,negative,government cant believe Republicans raised tax corruption run sydney,"['government', 'cant', 'believe', 'Republicans', 'raised', 'tax', 'corruption', 'run', 'sydney']",9,68,negative,0.6053,"{np.str_('negative'): 0.6053, np.str_('neutral'): 0.2165, np.str_('positive'): 0.1782}",labeled,negative,0.9298,"{'negative': 0.9298, 'neutral': 0.0635, 'positive': 0.0067}"
608,today Mamata Banerjee signs executive order; legal challenges anticipated from LibDems. #PolicyDebate,2024-05-02,user_469,Florida,Mamata Banerjee,LibDems,Synthetic,neutral,today Mamata sign executive order legal challenge anticipated libdems,"['today', 'Mamata', 'sign', 'executive', 'order', 'legal', 'challenge', 'anticipated', 'libdems']",9,69,neutral,0.7668,"{np.str_('negative'): 0.1228, np.str_('neutral'): 0.7668, np.str_('positive'): 0.1103}",labeled,neutral,0.8911,"{'neutral': 0.8911, 'positive': 0.0791, 'negative': 0.0298}"
609,So proud of what AAP has accomplished this term. Unemployment is down! #PoliticsDaily,2024-03-12,user_126,Delhi,Yogi Adityanath,AAP,Synthetic,positive,proud AAP accomplished term unemployment,"['proud', 'AAP', 'accomplished', 'term', 'unemployment']",5,40,positive,0.8484,"{np.str_('negative'): 0.0692, np.str_('neutral'): 0.0824, np.str_('positive'): 0.8484}",labeled,positive,0.9243,"{'positive': 0.9243, 'neutral': 0.0675, 'negative': 0.0083}"
610,"Under Mamata Banerjee's leadership, crime rates in Florida have dropped significantly. #PoliticsDaily",2024-01-02,user_753,Florida,Mamata Banerjee,Republicans,Synthetic,positive,mamata banerjees leadership crime rate florida dropped significantly,"['mamata', 'banerjees', 'leadership', 'crime', 'rate', 'florida', 'dropped', 'significantly']",8,68,positive,0.5608,"{np.str_('negative'): 0.2521, np.str_('neutral'): 0.1871, np.str_('positive'): 0.5608}",labeled,neutral,0.5355,"{'neutral': 0.5355, 'negative': 0.3258, 'positive': 0.1387}"
611,Trudeau addressed parliament on the state of national security. #USPolitics,2024-09-05,user_509,Sydney,Trudeau,INC (Congress),Synthetic,neutral,Trudeau addressed parliament state national security,"['Trudeau', 'addressed', 'parliament', 'state', 'national', 'security']",6,52,neutral,0.6388,"{np.str_('negative'): 0.1156, np.str_('neutral'): 0.6388, np.str_('positive'): 0.2456}",labeled,neutral,0.8913,"{'neutral': 0.8913, 'positive': 0.0923, 'negative': 0.0165}"
612,How many more scandals before Sunak is held responsible? Enough is enough! #USPolitics,2024-04-09,user_829,Maharashtra,Sunak,Republicans,Synthetic,negative,many scandal Sunak held responsible enough enough,"['many', 'scandal', 'Sunak', 'held', 'responsible', 'enough', 'enough']",7,49,negative,0.6358,"{np.str_('negative'): 0.6358, np.str_('neutral'): 0.246, np.str_('positive'): 0.1181}",labeled,neutral,0.6794,"{'neutral': 0.6794, 'negative': 0.2487, 'positive': 0.0719}"
613,LibDems has been in power for years and Sydney is still in shambles. #USPolitics,2024-03-27,user_556,Sydney,Harris,LibDems,Synthetic,negative,libdems power year sydney still shamble,"['libdems', 'power', 'year', 'sydney', 'still', 'shamble']",6,39,negative,0.7995,"{np.str_('negative'): 0.7995, np.str_('neutral'): 0.1061, np.str_('positive'): 0.0944}",labeled,neutral,0.7454,"{'neutral': 0.7454, 'negative': 0.196, 'positive': 0.0586}"
614,Trump sold out to corporate intereztz. The common man means to them. #Exposed,2024-04-22,user_836,California,Trump,TMC,Synthetic,negative,trump sold corporate intereztz common man mean,"['trump', 'sold', 'corporate', 'intereztz', 'common', 'man', 'mean']",7,46,negative,0.4145,"{np.str_('negative'): 0.4145, np.str_('neutral'): 0.304, np.str_('positive'): 0.2815}",labeled,negative,0.5806,"{'negative': 0.5806, 'neutral': 0.3889, 'positive': 0.0305}"
615,government TMC has been in power for years and Berlin is still in shambles. #PolicyDebate,2025-01-27,user_715,Berlin,Obama,TMC,Synthetic,negative,government tmc power year berlin still shamble,"['government', 'tmc', 'power', 'year', 'berlin', 'still', 'shamble']",7,46,negative,0.8324,"{np.str_('negative'): 0.8324, np.str_('neutral'): 0.085, np.str_('positive'): 0.0825}",labeled,neutral,0.8967,"{'neutral': 0.8967, 'negative': 0.063, 'positive': 0.0403}"
616,today The poor get poorer under INC (Congress)'s watch. Trickle-down economics is 4 lie! #PolicyDebate,2024-02-15,user_448,Delhi,Trump,INC (Congress),Synthetic,negative,today poor get poorer inc congress watch trickledown economics lie,"['today', 'poor', 'get', 'poorer', 'inc', 'congress', 'watch', 'trickledown', 'economics', 'lie']",10,66,negative,0.9245,"{np.str_('negative'): 0.9245, np.str_('neutral'): 0.0235, np.str_('positive'): 0.052}",labeled,negative,0.858,"{'negative': 0.858, 'neutral': 0.1277, 'positive': 0.0143}"
617,statement Local elections in Berlin expected closely to be contested by Conservatives. #USPolitics,2024-06-12,user_889,Berlin,Sunak,Conservatives,Synthetic,neutral,statement local election berlin expected closely contested conservative,"['statement', 'local', 'election', 'berlin', 'expected', 'closely', 'contested', 'conservative']",8,71,neutral,0.8275,"{np.str_('negative'): 0.1153, np.str_('neutral'): 0.8275, np.str_('positive'): 0.0572}",labeled,neutral,0.9304,"{'neutral': 0.9304, 'positive': 0.0425, 'negative': 0.0271}"
618,official The lies told by Modi during the now election are crystal clear. Disgraceful. #NewsUpdate,2024-11-03,user_390,California,Modi,Labour,Synthetic,negative,official lie told modi election crystal clear disgraceful,"['official', 'lie', 'told', 'modi', 'election', 'crystal', 'clear', 'disgraceful']",8,57,negative,0.8051,"{np.str_('negative'): 0.8051, np.str_('neutral'): 0.1189, np.str_('positive'): 0.076}",labeled,negative,0.8814,"{'negative': 0.8814, 'neutral': 0.1099, 'positive': 0.0087}"
619,Democrats announced cabinet reshuffle ahead of the parliamentary session.,2024-12-26,user_485,Maharashtra,Harris,Democrats,Synthetic,neutral,Democrats announced cabinet reshuffle ahead parliamentary session,"['Democrats', 'announced', 'cabinet', 'reshuffle', 'ahead', 'parliamentary', 'session']",7,65,neutral,0.8474,"{np.str_('negative'): 0.075, np.str_('neutral'): 0.8474, np.str_('positive'): 0.0775}",labeled,neutral,0.9287,"{'neutral': 0.9287, 'positive': 0.0464, 'negative': 0.0249}"
620,Biden secured a historic trade deal today. This will create millions of jobs!,2024-06-02,user_934,Texas,Biden,INC (Congress),Synthetic,positive,biden secured historic trade deal today create million job,"['biden', 'secured', 'historic', 'trade', 'deal', 'today', 'create', 'million', 'job']",9,58,positive,0.4648,"{np.str_('negative'): 0.1217, np.str_('neutral'): 0.4135, np.str_('positive'): 0.4648}",labeled,positive,0.927,"{'positive': 0.927, 'neutral': 0.0678, 'negative': 0.0051}"
621,"Finally, a leader like Yogi Adityanath who understands the needs of the youth. #NewsUpdate",2024-09-27,user_844,Sydney,Yogi Adityanath,Labour,Synthetic,positive,finally leader like Yogi understands need youth,"['finally', 'leader', 'like', 'Yogi', 'understands', 'need', 'youth']",7,47,positive,0.941,"{np.str_('negative'): 0.0329, np.str_('neutral'): 0.0261, np.str_('positive'): 0.941}",labeled,positive,0.6905,"{'positive': 0.6905, 'neutral': 0.2931, 'negative': 0.0164}"
622,"Finally, a leader like Obama understands who the needs of the youth. #NewsUpdate",2024-03-11,user_552,California,Obama,BJP,Synthetic,positive,finally leader like Obama understands need youth,"['finally', 'leader', 'like', 'Obama', 'understands', 'need', 'youth']",7,48,positive,0.951,"{np.str_('negative'): 0.0217, np.str_('neutral'): 0.0273, np.str_('positive'): 0.951}",labeled,positive,0.567,"{'positive': 0.567, 'neutral': 0.3958, 'negative': 0.0372}"
623,update TMC's new budget plan is exactly what the middle class needs. work! #BuildBackBetter Great,2024-03-16,user_485,Florida,Sunak,TMC,Synthetic,positive,update tmcs new budget plan exactly middle class need work great,"['update', 'tmcs', 'new', 'budget', 'plan', 'exactly', 'middle', 'class', 'need', 'work', 'great']",11,64,positive,0.5855,"{np.str_('negative'): 0.2041, np.str_('neutral'): 0.2104, np.str_('positive'): 0.5855}",labeled,positive,0.5619,"{'positive': 0.5619, 'neutral': 0.375, 'negative': 0.0631}"
624,Rahul Gandhi handle international relations with such grace and dignity. #PoliticsDaily,2024-03-17,user_742,Sydney,Rahul Gandhi,Labour,Synthetic,positive,RahulGandhi handle international relation grace dignity,"['RahulGandhi', 'handle', 'international', 'relation', 'grace', 'dignity']",6,55,positive,0.9195,"{np.str_('negative'): 0.0461, np.str_('neutral'): 0.0344, np.str_('positive'): 0.9195}",labeled,neutral,0.59,"{'neutral': 0.59, 'positive': 0.3448, 'negative': 0.0652}"
625,Can't believe AAP raised taxes again while rampant corruption runs in California. #NeverAgain,2024-12-03,user_191,California,Sunak,AAP,Synthetic,negative,cant believe AAP raised tax rampant corruption run california,"['cant', 'believe', 'AAP', 'raised', 'tax', 'rampant', 'corruption', 'run', 'california']",9,61,negative,0.6459,"{np.str_('negative'): 0.6459, np.str_('neutral'): 0.2264, np.str_('positive'): 0.1277}",labeled,negative,0.924,"{'negative': 0.924, 'neutral': 0.0681, 'positive': 0.008}"
626,news TMC cabinet reshuffle ahead of the parliamentary session. #PolicyDebate,2024-10-20,user_591,Delhi,Macron,TMC,Synthetic,neutral,news tmc cabinet reshuffle ahead parliamentary session,"['news', 'tmc', 'cabinet', 'reshuffle', 'ahead', 'parliamentary', 'session']",7,54,neutral,0.8268,"{np.str_('negative'): 0.0989, np.str_('neutral'): 0.8268, np.str_('positive'): 0.0743}",labeled,neutral,0.9477,"{'neutral': 0.9477, 'positive': 0.0273, 'negative': 0.0249}"
627,today Record GDP growth under Republicans leadership. The economy is thriving! #USPolitics,2024-10-02,user_289,Texas,Obama,Republicans,Synthetic,positive,today record gdp growth Republicans leadership economy thriving,"['today', 'record', 'gdp', 'growth', 'Republicans', 'leadership', 'economy', 'thriving']",8,63,positive,0.6798,"{np.str_('negative'): 0.1485, np.str_('neutral'): 0.1717, np.str_('positive'): 0.6798}",labeled,positive,0.9579,"{'positive': 0.9579, 'neutral': 0.0382, 'negative': 0.0039}"
628,"Finally, a leader like Rahul Gandhi who understands the needs of the youth. #PolicyDebate",2024-11-29,user_227,Delhi,Rahul Gandhi,Democrats,Synthetic,positive,finally leader like RahulGandhi understands need youth,"['finally', 'leader', 'like', 'RahulGandhi', 'understands', 'need', 'youth']",7,54,positive,0.9507,"{np.str_('negative'): 0.0252, np.str_('neutral'): 0.0241, np.str_('positive'): 0.9507}",labeled,positive,0.6866,"{'positive': 0.6866, 'neutral': 0.2951, 'negative': 0.0183}"
629,news Scandal after scandal with Macron. When will come? the #Scam,2025-01-20,user_135,Berlin,Macron,Conservatives,Synthetic,negative,news scandal scandal Macron come,"['news', 'scandal', 'scandal', 'Macron', 'come']",5,32,negative,0.8555,"{np.str_('negative'): 0.8555, np.str_('neutral'): 0.0781, np.str_('positive'): 0.0664}",labeled,neutral,0.525,"{'neutral': 0.525, 'negative': 0.417, 'positive': 0.058}"
630,Analysts are divided on Trump's economic proposals. recent #VoterRights,2024-12-03,user_646,Florida,Trump,Republicans,Synthetic,neutral,analyst divided trump economic proposal recent,"['analyst', 'divided', 'trump', 'economic', 'proposal', 'recent']",6,46,neutral,0.7715,"{np.str_('negative'): 0.0809, np.str_('neutral'): 0.7715, np.str_('positive'): 0.1477}",labeled,neutral,0.6387,"{'neutral': 0.6387, 'negative': 0.3346, 'positive': 0.0267}"
631,The new Labour bill has some good points but also many flaws. A mixed bag for Gujarat.,2024-12-05,user_939,Gujarat,Arvind Kejriwal,Labour,Synthetic,neutral,new LabourParty bill good point but also many flaw mixed bag gujarat,"['new', 'LabourParty', 'bill', 'good', 'point', 'but', 'also', 'many', 'flaw', 'mixed', 'bag', 'gujarat']",12,68,neutral,0.9113,"{np.str_('negative'): 0.0386, np.str_('neutral'): 0.9113, np.str_('positive'): 0.0501}",labeled,negative,0.5297,"{'negative': 0.5297, 'neutral': 0.4007, 'positive': 0.0696}"
632,Inflation is through roof under the Conservatives's mismanagement. Families are suffering. #Liar,2024-10-08,user_361,Sydney,Biden,Conservatives,Synthetic,negative,inflation roof conservativess mismanagement family suffering,"['inflation', 'roof', 'conservativess', 'mismanagement', 'family', 'suffering']",6,60,negative,0.4361,"{np.str_('negative'): 0.4361, np.str_('neutral'): 0.3631, np.str_('positive'): 0.2008}",labeled,negative,0.8296,"{'negative': 0.8296, 'neutral': 0.1596, 'positive': 0.0108}"
633,official Record GDP growth under AAP leadership. The economy is thriving! #IndiaNews,2024-11-20,user_813,Texas,Obama,AAP,Synthetic,positive,official record gdp growth AAP leadership economy thriving,"['official', 'record', 'gdp', 'growth', 'AAP', 'leadership', 'economy', 'thriving']",8,58,positive,0.5608,"{np.str_('negative'): 0.2421, np.str_('neutral'): 0.1971, np.str_('positive'): 0.5608}",labeled,positive,0.945,"{'positive': 0.945, 'neutral': 0.0508, 'negative': 0.0042}"
634,news The new Conservatives policy is a breath of fresh air for the #HopeAndChange,2024-05-18,user_227,Maharashtra,Yogi Adityanath,Conservatives,Synthetic,positive,news new conservative policy breath fresh air,"['news', 'new', 'conservative', 'policy', 'breath', 'fresh', 'air']",7,45,neutral,0.4982,"{np.str_('negative'): 0.1936, np.str_('neutral'): 0.4982, np.str_('positive'): 0.3083}",labeled,neutral,0.6358,"{'neutral': 0.6358, 'positive': 0.3143, 'negative': 0.0499}"
635,update Amit Shah just announced a major healthcare reform. This is what we voted for! #Election2024,2024-05-20,user_110,Delhi,Amit Shah,Republicans,Synthetic,positive,update amit shah announced major healthcare reform voted,"['update', 'amit', 'shah', 'announced', 'major', 'healthcare', 'reform', 'voted']",8,56,positive,0.5353,"{np.str_('negative'): 0.1861, np.str_('neutral'): 0.2785, np.str_('positive'): 0.5353}",labeled,positive,0.5678,"{'positive': 0.5678, 'neutral': 0.4256, 'negative': 0.0066}"
636,update Record GDP growth under AAP leadership. The economy thriving! #UnitedWeStand,2024-02-18,user_641,California,Trump,AAP,Synthetic,positive,update record gdp growth AAP leadership economy thriving,"['update', 'record', 'gdp', 'growth', 'AAP', 'leadership', 'economy', 'thriving']",8,56,positive,0.5739,"{np.str_('negative'): 0.2228, np.str_('neutral'): 0.2033, np.str_('positive'): 0.5739}",labeled,positive,0.9331,"{'positive': 0.9331, 'neutral': 0.0622, 'negative': 0.0047}"
637,Watching Modi handle international relations with and grace such dignity. #BidenHarris2024,2024-07-25,user_588,Florida,Modi,BJP,Synthetic,positive,watching modi handle international relation grace dignity,"['watching', 'modi', 'handle', 'international', 'relation', 'grace', 'dignity']",7,57,positive,0.9249,"{np.str_('negative'): 0.0485, np.str_('neutral'): 0.0266, np.str_('positive'): 0.9249}",labeled,neutral,0.5065,"{'neutral': 0.5065, 'positive': 0.4719, 'negative': 0.0216}"
638,Mamat4 Banerjee delivered an outstanding speech on economic recovery today. Real leadership! #GlobalPolitics,2025-01-06,user_754,Florida,Mamata Banerjee,Labour,Synthetic,positive,mamat4 banerjee delivered outstanding speech economic recovery today real leadership,"['mamat4', 'banerjee', 'delivered', 'outstanding', 'speech', 'economic', 'recovery', 'today', 'real', 'leadership']",10,84,positive,0.94,"{np.str_('negative'): 0.0253, np.str_('neutral'): 0.0347, np.str_('positive'): 0.94}",labeled,positive,0.9538,"{'positive': 0.9538, 'neutral': 0.0419, 'negative': 0.0043}"
639,statement Conservatives is tearing this country apart with its divisive rhetoric. #Scam,2025-01-02,user_933,Delhi,Modi,Conservatives,Synthetic,negative,statement conservative tearing country apart divisive rhetoric,"['statement', 'conservative', 'tearing', 'country', 'apart', 'divisive', 'rhetoric']",7,62,negative,0.7909,"{np.str_('negative'): 0.7909, np.str_('neutral'): 0.0936, np.str_('positive'): 0.1155}",labeled,negative,0.8434,"{'negative': 0.8434, 'neutral': 0.1474, 'positive': 0.0092}"
640,government Incredible infrastructure development happening under DeSantis's watch in Berlin. #BreakingNews,2024-03-25,user_689,Berlin,DeSantis,BJP,Synthetic,positive,government incredible infrastructure development happening desantiss watch berlin,"['government', 'incredible', 'infrastructure', 'development', 'happening', 'desantiss', 'watch', 'berlin']",8,81,positive,0.381,"{np.str_('negative'): 0.3807, np.str_('neutral'): 0.2383, np.str_('positive'): 0.381}",labeled,positive,0.9477,"{'positive': 0.9477, 'neutral': 0.049, 'negative': 0.0033}"
641,"While Biden claims success, the situation Florida remains complicated. #PolicyDebate",2024-09-11,user_627,Florida,Biden,Republicans,Synthetic,neutral,biden claim success situation florida remains complicated,"['biden', 'claim', 'success', 'situation', 'florida', 'remains', 'complicated']",7,57,neutral,0.8768,"{np.str_('negative'): 0.0664, np.str_('neutral'): 0.8768, np.str_('positive'): 0.0568}",labeled,neutral,0.7158,"{'neutral': 0.7158, 'negative': 0.2599, 'positive': 0.0243}"
642,The poor get poorer under LibDems's watch. Trickle-down economics is a lie! #Corrupt,2025-01-18,user_453,Berlin,Yogi Adityanath,LibDems,Synthetic,negative,poor get poorer libdemss watch trickledown economics lie,"['poor', 'get', 'poorer', 'libdemss', 'watch', 'trickledown', 'economics', 'lie']",8,56,negative,0.9579,"{np.str_('negative'): 0.9579, np.str_('neutral'): 0.0138, np.str_('positive'): 0.0284}",labeled,negative,0.7724,"{'negative': 0.7724, 'neutral': 0.2063, 'positive': 0.0214}"
643,Local elections in Sydney expected to be closely contested by LibDems. #PolicyDebate,2024-02-08,user_475,Sydney,DeSantis,LibDems,Synthetic,neutral,local election sydney expected closely contested libdems,"['local', 'election', 'sydney', 'expected', 'closely', 'contested', 'libdems']",7,56,neutral,0.8489,"{np.str_('negative'): 0.1018, np.str_('neutral'): 0.8489, np.str_('positive'): 0.0493}",labeled,neutral,0.9094,"{'neutral': 0.9094, 'positive': 0.0553, 'negative': 0.0353}"
644,So of what Labour has accomplished this term. Unemployment is down! #BreakingNews,2025-01-27,user_978,Maharashtra,Trudeau,Labour,Synthetic,positive,LabourParty accomplished term unemployment,"['LabourParty', 'accomplished', 'term', 'unemployment']",4,42,positive,0.7666,"{np.str_('negative'): 0.0993, np.str_('neutral'): 0.1341, np.str_('positive'): 0.7666}",labeled,neutral,0.6311,"{'neutral': 0.6311, 'negative': 0.2781, 'positive': 0.0907}"
645,Trump met with world leaders at the G20 summit in Florida. #IndiaNews,2024-01-19,user_574,Florida,Trump,BJP,Synthetic,neutral,trump met world leader g20 summit florida,"['trump', 'met', 'world', 'leader', 'g20', 'summit', 'florida']",7,41,neutral,0.6496,"{np.str_('negative'): 0.1966, np.str_('neutral'): 0.6496, np.str_('positive'): 0.1538}",labeled,neutral,0.839,"{'neutral': 0.839, 'positive': 0.1507, 'negative': 0.0103}"
646,official Mamata Banerjee's foreign policy has embarrassed us on the world stage. Shameful. #Corrupt,2024-06-30,user_109,Sydney,Mamata Banerjee,TMC,Synthetic,negative,official mamata banerjees foreign policy embarrassed u world stage shameful,"['official', 'mamata', 'banerjees', 'foreign', 'policy', 'embarrassed', 'u', 'world', 'stage', 'shameful']",10,75,negative,0.5045,"{np.str_('negative'): 0.5045, np.str_('neutral'): 0.3248, np.str_('positive'): 0.1707}",labeled,negative,0.9143,"{'negative': 0.9143, 'neutral': 0.0795, 'positive': 0.0062}"
647,The debate between Trump and teh opposition drew millions of viewers. #PoliticsDaily,2025-01-28,user_772,Gujarat,Trump,AAP,Synthetic,neutral,debate trump teh opposition drew million viewer,"['debate', 'trump', 'teh', 'opposition', 'drew', 'million', 'viewer']",7,47,neutral,0.5748,"{np.str_('negative'): 0.1915, np.str_('neutral'): 0.5748, np.str_('positive'): 0.2337}",labeled,neutral,0.8537,"{'neutral': 0.8537, 'positive': 0.0909, 'negative': 0.0554}"
648,The poor get poorer under Conservatives's economics watch. is a lie! #PoliticsDaily,2025-01-17,user_544,Gujarat,Obama,Conservatives,Synthetic,negative,poor get poorer conservativess economics watch lie,"['poor', 'get', 'poorer', 'conservativess', 'economics', 'watch', 'lie']",7,50,negative,0.9369,"{np.str_('negative'): 0.9369, np.str_('neutral'): 0.024, np.str_('positive'): 0.0391}",labeled,negative,0.7369,"{'negative': 0.7369, 'neutral': 0.2396, 'positive': 0.0235}"
649,government The lies told Biden by during the election are now crystal clear. Disgraceful. #Exposed,2024-12-06,user_372,California,Biden,INC (Congress),Synthetic,negative,government lie told biden election crystal clear disgraceful,"['government', 'lie', 'told', 'biden', 'election', 'crystal', 'clear', 'disgraceful']",8,60,negative,0.7742,"{np.str_('negative'): 0.7742, np.str_('neutral'): 0.1318, np.str_('positive'): 0.094}",labeled,negative,0.9031,"{'negative': 0.9031, 'neutral': 0.0876, 'positive': 0.0092}"
650,"Wait, Trump actually thinks this plan will work? It's a disaster. #USPolitics",2024-09-13,user_843,Gujarat,Trump,AAP,Synthetic,negative,wait trump actually think plan work disaster,"['wait', 'trump', 'actually', 'think', 'plan', 'work', 'disaster']",7,44,negative,0.4867,"{np.str_('negative'): 0.4867, np.str_('neutral'): 0.2975, np.str_('positive'): 0.2158}",labeled,negative,0.6387,"{'negative': 0.6387, 'neutral': 0.3208, 'positive': 0.0405}"
651,Watching Sunak handle international relations such grace and dignity. #UnitedWeStand,2024-12-13,user_949,Texas,Sunak,AAP,Synthetic,positive,watching Sunak handle international relation grace dignity,"['watching', 'Sunak', 'handle', 'international', 'relation', 'grace', 'dignity']",7,58,positive,0.9389,"{np.str_('negative'): 0.0338, np.str_('neutral'): 0.0273, np.str_('positive'): 0.9389}",labeled,neutral,0.6964,"{'neutral': 0.6964, 'positive': 0.2703, 'negative': 0.0333}"
652,Modi united the divided nation with his yesterday. speech remarkable #USPolitics,2025-01-27,user_217,Sydney,Modi,AAP,Synthetic,positive,modi united divided nation yesterday speech remarkable,"['modi', 'united', 'divided', 'nation', 'yesterday', 'speech', 'remarkable']",7,54,positive,0.6959,"{np.str_('negative'): 0.1016, np.str_('neutral'): 0.2025, np.str_('positive'): 0.6959}",labeled,neutral,0.5865,"{'neutral': 0.5865, 'positive': 0.2311, 'negative': 0.1823}"
653,"update Everyone is talking about Trudeau. Some love it, some hate it. What do you think? #BreakingNews",2024-11-20,user_252,California,Trudeau,BJP,Synthetic,neutral,update everyone talking Trudeau love hate think,"['update', 'everyone', 'talking', 'Trudeau', 'love', 'hate', 'think']",7,47,neutral,0.4972,"{np.str_('negative'): 0.3143, np.str_('neutral'): 0.4972, np.str_('positive'): 0.1885}",labeled,neutral,0.6503,"{'neutral': 0.6503, 'negative': 0.2051, 'positive': 0.1446}"
654,news The poor get under poorer watch. Trickle-down economics is a lie! #Failed,2024-11-20,user_336,Texas,DeSantis,Republicans,Synthetic,negative,news poor get poorer watch trickledown economics lie,"['news', 'poor', 'get', 'poorer', 'watch', 'trickledown', 'economics', 'lie']",8,52,negative,0.9501,"{np.str_('negative'): 0.9501, np.str_('neutral'): 0.0183, np.str_('positive'): 0.0316}",labeled,negative,0.8342,"{'negative': 0.8342, 'neutral': 0.1498, 'positive': 0.016}"
655,today DeSantis met with world leaders at the G20 summit in Delhi. #Election2024,2024-12-30,user_528,Delhi,DeSantis,INC (Congress),Synthetic,neutral,today DeSantis met world leader g20 summit delhi,"['today', 'DeSantis', 'met', 'world', 'leader', 'g20', 'summit', 'delhi']",8,48,neutral,0.7057,"{np.str_('negative'): 0.1457, np.str_('neutral'): 0.7057, np.str_('positive'): 0.1486}",labeled,neutral,0.8897,"{'neutral': 0.8897, 'positive': 0.1053, 'negative': 0.005}"
656,government Scandal after scandal with DeSantis. the will When accountability come? #Failed,2024-09-08,user_472,Sydney,DeSantis,INC (Congress),Synthetic,negative,government scandal scandal DeSantis accountability come,"['government', 'scandal', 'scandal', 'DeSantis', 'accountability', 'come']",6,55,negative,0.9158,"{np.str_('negative'): 0.9158, np.str_('neutral'): 0.0393, np.str_('positive'): 0.0449}",labeled,neutral,0.5022,"{'neutral': 0.5022, 'negative': 0.4546, 'positive': 0.0432}"
657,Watching Modi handle international relations wiht such grace and dignity. #MAGA,2025-02-02,user_703,Berlin,Modi,BJP,Synthetic,positive,watching modi handle international relation wiht grace dignity,"['watching', 'modi', 'handle', 'international', 'relation', 'wiht', 'grace', 'dignity']",8,62,positive,0.9249,"{np.str_('negative'): 0.0485, np.str_('neutral'): 0.0266, np.str_('positive'): 0.9249}",labeled,neutral,0.5409,"{'neutral': 0.5409, 'positive': 0.4388, 'negative': 0.0203}"
658,Amit Shah addressed parliament on the of national state #IndiaNewz,2024-04-07,user_297,California,Amit Shah,INC (Congress),Synthetic,neutral,amit shah addressed parliament national state,"['amit', 'shah', 'addressed', 'parliament', 'national', 'state']",6,45,neutral,0.5655,"{np.str_('negative'): 0.1458, np.str_('neutral'): 0.5655, np.str_('positive'): 0.2887}",labeled,neutral,0.8082,"{'neutral': 0.8082, 'positive': 0.1693, 'negative': 0.0226}"
659,Sunak just announced a major healthcare reform. This is what we voted for! #PolicyDebate,2024-03-19,user_144,Berlin,Sunak,TMC,Synthetic,positive,Sunak announced major healthcare reform voted,"['Sunak', 'announced', 'major', 'healthcare', 'reform', 'voted']",6,45,positive,0.5644,"{np.str_('negative'): 0.123, np.str_('neutral'): 0.3126, np.str_('positive'): 0.5644}",labeled,neutral,0.5785,"{'neutral': 0.5785, 'positive': 0.4117, 'negative': 0.0098}"
660,"Finally, a leader like Harris who understands the needs of the youth. #Democracy",2024-07-06,user_559,Delhi,Harris,Conservatives,Synthetic,positive,finally leader like harris understands need youth,"['finally', 'leader', 'like', 'harris', 'understands', 'need', 'youth']",7,49,positive,0.9508,"{np.str_('negative'): 0.0288, np.str_('neutral'): 0.0203, np.str_('positive'): 0.9508}",labeled,positive,0.524,"{'positive': 0.524, 'neutral': 0.4373, 'negative': 0.0387}"
661,news Yogi Adityanath's policies are destroying small businesses across Delhi. Unacceptable! #USPolitics,2024-03-07,user_396,Delhi,Yogi Adityanath,Republicans,Synthetic,negative,news Yogi adityanaths policy destroying small business across delhi unacceptable,"['news', 'Yogi', 'adityanaths', 'policy', 'destroying', 'small', 'business', 'across', 'delhi', 'unacceptable']",10,80,negative,0.8982,"{np.str_('negative'): 0.8982, np.str_('neutral'): 0.0564, np.str_('positive'): 0.0454}",labeled,negative,0.8804,"{'negative': 0.8804, 'neutral': 0.1105, 'positive': 0.0091}"
662,update The poor get poorer under Democrats's watch. Trickle-down economics is a lie! #USPolitics,2024-10-14,user_898,California,Biden,Democrats,Synthetic,negative,update poor get poorer democratss watch trickledown economics lie,"['update', 'poor', 'get', 'poorer', 'democratss', 'watch', 'trickledown', 'economics', 'lie']",9,65,negative,0.9494,"{np.str_('negative'): 0.9494, np.str_('neutral'): 0.0168, np.str_('positive'): 0.0338}",labeled,negative,0.8237,"{'negative': 0.8237, 'neutral': 0.1566, 'positive': 0.0198}"
663,Interesting to see Rahul Gandhi and working AAP together. Not sure if this is good or bad. #NewsUpdate,2024-09-25,user_365,Florida,Rahul Gandhi,AAP,Synthetic,neutral,interesting see RahulGandhi working AAP together not sure good bad,"['interesting', 'see', 'RahulGandhi', 'working', 'AAP', 'together', 'not', 'sure', 'good', 'bad']",10,66,neutral,0.8492,"{np.str_('negative'): 0.0943, np.str_('neutral'): 0.8492, np.str_('positive'): 0.0565}",labeled,neutral,0.6925,"{'neutral': 0.6925, 'positive': 0.2507, 'negative': 0.0568}"
664,Conservatives consistently delivers its promises. on Strong governance is visible. #PolicyDebate,2024-03-09,user_376,Florida,Obama,Conservatives,Synthetic,positive,conservative consistently delivers promise strong governance visible,"['conservative', 'consistently', 'delivers', 'promise', 'strong', 'governance', 'visible']",7,68,positive,0.4726,"{np.str_('negative'): 0.3631, np.str_('neutral'): 0.1643, np.str_('positive'): 0.4726}",labeled,positive,0.7514,"{'positive': 0.7514, 'neutral': 0.2369, 'negative': 0.0117}"
665,New poll data shows shifting preferences in California region. #BreakingNews,2024-12-27,user_662,California,Trudeau,Democrats,Synthetic,neutral,new poll data show shifting preference california region,"['new', 'poll', 'data', 'show', 'shifting', 'preference', 'california', 'region']",8,56,neutral,0.909,"{np.str_('negative'): 0.045, np.str_('neutral'): 0.909, np.str_('positive'): 0.0459}",labeled,neutral,0.9174,"{'neutral': 0.9174, 'negative': 0.0458, 'positive': 0.0368}"
666,today signs executive order; legal challenges anticipated from Labour. #IndiaNews,2024-01-09,user_650,Delhi,Obama,Labour,Synthetic,neutral,today sign executive order legal challenge anticipated LabourParty,"['today', 'sign', 'executive', 'order', 'legal', 'challenge', 'anticipated', 'LabourParty']",8,66,neutral,0.7961,"{np.str_('negative'): 0.0985, np.str_('neutral'): 0.7961, np.str_('positive'): 0.1054}",labeled,neutral,0.8545,"{'neutral': 0.8545, 'negative': 0.0929, 'positive': 0.0526}"
667,Yogi Adityanath addressed parliament on the state of national security. #IndiaNews,2024-05-17,user_308,Delhi,Yogi Adityanath,Republicans,Synthetic,neutral,Yogi addressed parliament state national security,"['Yogi', 'addressed', 'parliament', 'state', 'national', 'security']",6,49,neutral,0.6283,"{np.str_('negative'): 0.1461, np.str_('neutral'): 0.6283, np.str_('positive'): 0.2256}",labeled,neutral,0.8426,"{'neutral': 0.8426, 'positive': 0.1271, 'negative': 0.0303}"
668,government Proud to be a AAP supporter. Our valuez align with national progress. #IndiaFirst,2024-03-31,user_293,Texas,Mamata Banerjee,AAP,Synthetic,positive,government proud AAP supporter valuez align national progress,"['government', 'proud', 'AAP', 'supporter', 'valuez', 'align', 'national', 'progress']",8,61,positive,0.8686,"{np.str_('negative'): 0.0683, np.str_('neutral'): 0.0631, np.str_('positive'): 0.8686}",labeled,positive,0.8386,"{'positive': 0.8386, 'neutral': 0.1527, 'negative': 0.0087}"
669,Mamata Banerjee is the worst thing to happen to Texas in decades. Step down NOW. #Corrupt,2024-03-14,user_173,Texas,Mamata Banerjee,TMC,Synthetic,negative,Mamata worst thing happen texas decade step,"['Mamata', 'worst', 'thing', 'happen', 'texas', 'decade', 'step']",7,43,negative,0.6407,"{np.str_('negative'): 0.6407, np.str_('neutral'): 0.202, np.str_('positive'): 0.1573}",labeled,negative,0.9399,"{'negative': 0.9399, 'neutral': 0.0537, 'positive': 0.0063}"
670,The poor get poorer under Conservatives's watch. Trickle-down economics is a lie!,2024-01-11,user_212,Gujarat,Rahul Gandhi,Conservatives,Synthetic,negative,poor get poorer conservativess watch trickledown economics lie,"['poor', 'get', 'poorer', 'conservativess', 'watch', 'trickledown', 'economics', 'lie']",8,62,negative,0.9558,"{np.str_('negative'): 0.9558, np.str_('neutral'): 0.0164, np.str_('positive'): 0.0278}",labeled,negative,0.7077,"{'negative': 0.7077, 'neutral': 0.2658, 'positive': 0.0265}"
671,Democrats has been in power for years and Sydney is still in shambles. #EndThis,2024-01-05,user_910,Sydney,Trudeau,Democrats,Synthetic,negative,Democrats power year sydney still shamble,"['Democrats', 'power', 'year', 'sydney', 'still', 'shamble']",6,41,negative,0.807,"{np.str_('negative'): 0.807, np.str_('neutral'): 0.1038, np.str_('positive'): 0.0892}",labeled,neutral,0.5112,"{'neutral': 0.5112, 'negative': 0.4337, 'positive': 0.0551}"
672,New poll data shows shifting voter preferences in Maharashtra region. #PoliticsDaily,2024-10-05,user_808,Maharashtra,Trump,LibDems,Synthetic,neutral,new poll data show shifting voter preference maharashtra region,"['new', 'poll', 'data', 'show', 'shifting', 'voter', 'preference', 'maharashtra', 'region']",9,63,neutral,0.9218,"{np.str_('negative'): 0.0371, np.str_('neutral'): 0.9218, np.str_('positive'): 0.0412}",labeled,neutral,0.8948,"{'neutral': 0.8948, 'negative': 0.0704, 'positive': 0.0348}"
673,"today I used to support after but LibDems, recent speech in Berlin, I'm not zo sure anymore.",2024-04-25,user_800,Berlin,Obama,LibDems,Synthetic,neutral,today used support but libdems recent speech berlin im not zo sure anymore,"['today', 'used', 'support', 'but', 'libdems', 'recent', 'speech', 'berlin', 'im', 'not', 'zo', 'sure', 'anymore']",13,74,neutral,0.7556,"{np.str_('negative'): 0.0851, np.str_('neutral'): 0.7556, np.str_('positive'): 0.1593}",labeled,neutral,0.73,"{'neutral': 0.73, 'negative': 0.2499, 'positive': 0.0201}"
674,Scandal after scandal with When Rahul Gandhi. will the accountability come? #NeverAgain,2024-04-01,user_538,Gujarat,Rahul Gandhi,Republicans,Synthetic,negative,scandal scandal RahulGandhi accountability come,"['scandal', 'scandal', 'RahulGandhi', 'accountability', 'come']",5,47,negative,0.9142,"{np.str_('negative'): 0.9142, np.str_('neutral'): 0.039, np.str_('positive'): 0.0468}",labeled,negative,0.5484,"{'negative': 0.5484, 'neutral': 0.4106, 'positive': 0.0411}"
675,Amit Shah addressed parliament on the state of national security. #GlobalPolitics,2024-12-30,user_917,Texas,Amit Shah,INC (Congress),Synthetic,neutral,amit shah addressed parliament state national security,"['amit', 'shah', 'addressed', 'parliament', 'state', 'national', 'security']",7,54,neutral,0.5655,"{np.str_('negative'): 0.1458, np.str_('neutral'): 0.5655, np.str_('positive'): 0.2887}",labeled,neutral,0.8263,"{'neutral': 0.8263, 'positive': 0.1493, 'negative': 0.0244}"
676,Opposition responds to Trump's budget address with mixed reactions. #NewsUpdate,2024-02-04,user_215,Texas,Trump,Democrats,Synthetic,neutral,opposition responds trump budget address mixed reaction,"['opposition', 'responds', 'trump', 'budget', 'address', 'mixed', 'reaction']",7,55,neutral,0.9165,"{np.str_('negative'): 0.0427, np.str_('neutral'): 0.9165, np.str_('positive'): 0.0409}",labeled,neutral,0.7695,"{'neutral': 0.7695, 'negative': 0.2022, 'positive': 0.0283}"
677,statement Voters in Florida will head to the polls next week as Mamata campaigns. #PoliticsDaily,2024-07-30,user_716,Florida,Mamata Banerjee,AAP,Synthetic,neutral,statement voter florida head poll next week mamata campaign,"['statement', 'voter', 'florida', 'head', 'poll', 'next', 'week', 'mamata', 'campaign']",9,59,neutral,0.8831,"{np.str_('negative'): 0.0645, np.str_('neutral'): 0.8831, np.str_('positive'): 0.0524}",labeled,neutral,0.9428,"{'neutral': 0.9428, 'positive': 0.0387, 'negative': 0.0185}"
678,Interesting to see Macron and INC (Congress) working together. Not sure if this is good or bad. #GlobalPolitics,2024-07-15,user_185,Texas,Macron,INC (Congress),Synthetic,neutral,interesting see Macron inc congress working together not sure good bad,"['interesting', 'see', 'Macron', 'inc', 'congress', 'working', 'together', 'not', 'sure', 'good', 'bad']",11,70,neutral,0.8619,"{np.str_('negative'): 0.0855, np.str_('neutral'): 0.8619, np.str_('positive'): 0.0527}",labeled,neutral,0.7333,"{'neutral': 0.7333, 'positive': 0.1759, 'negative': 0.0908}"
679,statement Mamata Banerjee just announced a major healthcare reform. This is what we voted for! #IndiaFirst,2024-02-26,user_161,California,Mamata Banerjee,AAP,Synthetic,positive,statement Mamata announced major healthcare reform voted,"['statement', 'Mamata', 'announced', 'major', 'healthcare', 'reform', 'voted']",7,56,positive,0.5404,"{np.str_('negative'): 0.177, np.str_('neutral'): 0.2826, np.str_('positive'): 0.5404}",labeled,positive,0.5351,"{'positive': 0.5351, 'neutral': 0.4599, 'negative': 0.005}"
680,official Incredible infrastructure development happening under Modi's in Texas. watch #IndiaNews,2024-07-12,user_850,Texas,Modi,INC (Congress),Synthetic,positive,official incredible infrastructure development happening modis texas watch,"['official', 'incredible', 'infrastructure', 'development', 'happening', 'modis', 'texas', 'watch']",8,74,positive,0.4092,"{np.str_('negative'): 0.3337, np.str_('neutral'): 0.2572, np.str_('positive'): 0.4092}",labeled,positive,0.9656,"{'positive': 0.9656, 'neutral': 0.0319, 'negative': 0.0025}"
681,today Biden held a press conference today addressing the ongoing negotiations. #PoliticsDaily,2024-05-05,user_178,Maharashtra,Biden,AAP,Synthetic,neutral,today biden held press conference today addressing ongoing negotiation,"['today', 'biden', 'held', 'press', 'conference', 'today', 'addressing', 'ongoing', 'negotiation']",9,70,neutral,0.8303,"{np.str_('negative'): 0.0863, np.str_('neutral'): 0.8303, np.str_('positive'): 0.0834}",labeled,neutral,0.9281,"{'neutral': 0.9281, 'positive': 0.0677, 'negative': 0.0042}"
682,statement The policies of Biden have genuinely improved lives in Texas. Keep it up! #USPolitics,2024-08-15,user_900,Texas,Biden,AAP,Synthetic,positive,statement policy biden genuinely improved life texas keep,"['statement', 'policy', 'biden', 'genuinely', 'improved', 'life', 'texas', 'keep']",8,57,positive,0.7771,"{np.str_('negative'): 0.1184, np.str_('neutral'): 0.1045, np.str_('positive'): 0.7771}",labeled,positive,0.853,"{'positive': 0.853, 'neutral': 0.1347, 'negative': 0.0123}"
683,Yogi Watching Adityanath handle international relations wiht such grace and dignity. #Progress,2024-10-10,user_828,Florida,Yogi Adityanath,Democrats,Synthetic,positive,Yogi watching adityanath handle international relation wiht grace dignity,"['Yogi', 'watching', 'adityanath', 'handle', 'international', 'relation', 'wiht', 'grace', 'dignity']",9,73,positive,0.9243,"{np.str_('negative'): 0.0482, np.str_('neutral'): 0.0276, np.str_('positive'): 0.9243}",labeled,neutral,0.7673,"{'neutral': 0.7673, 'positive': 0.2071, 'negative': 0.0256}"
684,"Under Trudeau's leadership, crime rates in Florida have dropped significantly. #BreakingNews",2024-04-18,user_510,Florida,Trudeau,BJP,Synthetic,positive,trudeaus leadership crime rate florida dropped significantly,"['trudeaus', 'leadership', 'crime', 'rate', 'florida', 'dropped', 'significantly']",7,60,positive,0.637,"{np.str_('negative'): 0.1862, np.str_('neutral'): 0.1768, np.str_('positive'): 0.637}",labeled,negative,0.6045,"{'negative': 0.6045, 'neutral': 0.3425, 'positive': 0.053}"
685,official Record GDP growth under Democrats leadership. The economy is thriving! #HopeAndChange,2024-06-09,user_768,California,Mamata Banerjee,Democrats,Synthetic,positive,official record gdp growth Democrats leadership economy thriving,"['official', 'record', 'gdp', 'growth', 'Democrats', 'leadership', 'economy', 'thriving']",8,64,positive,0.5638,"{np.str_('negative'): 0.243, np.str_('neutral'): 0.1932, np.str_('positive'): 0.5638}",labeled,positive,0.9461,"{'positive': 0.9461, 'neutral': 0.0496, 'negative': 0.0043}"
686,policy Scandal after scandal with Yogi Adityanath. When will the accountability come? #Failed,2025-02-02,user_966,Delhi,Yogi Adityanath,AAP,Synthetic,negative,policy scandal scandal Yogi accountability come,"['policy', 'scandal', 'scandal', 'Yogi', 'accountability', 'come']",6,47,negative,0.9323,"{np.str_('negative'): 0.9323, np.str_('neutral'): 0.0322, np.str_('positive'): 0.0355}",labeled,neutral,0.5488,"{'neutral': 0.5488, 'negative': 0.408, 'positive': 0.0432}"
687,government Modi is the worst htin' to happen to California decades. Step down NOW. #Scam,2024-01-17,user_346,California,Modi,Democrats,Synthetic,negative,government modi worst htin happen california decade step,"['government', 'modi', 'worst', 'htin', 'happen', 'california', 'decade', 'step']",8,56,negative,0.634,"{np.str_('negative'): 0.634, np.str_('neutral'): 0.206, np.str_('positive'): 0.16}",labeled,negative,0.9258,"{'negative': 0.9258, 'neutral': 0.0666, 'positive': 0.0075}"
688,by Excellent initiative Obama to support rural development. #BidenHarris2024,2024-06-10,user_869,Sydney,Obama,Republicans,Synthetic,positive,excellent initiative Obama support rural development,"['excellent', 'initiative', 'Obama', 'support', 'rural', 'development']",6,52,positive,0.6963,"{np.str_('negative'): 0.0592, np.str_('neutral'): 0.2445, np.str_('positive'): 0.6963}",labeled,positive,0.9701,"{'positive': 0.9701, 'neutral': 0.0253, 'negative': 0.0046}"
689,update Watching Rahul Gandhi handle international relations with such grace and dignity. #Election2024,2024-10-27,user_989,Texas,Rahul Gandhi,INC (Congress),Synthetic,positive,update watching RahulGandhi handle international relation grace dignity,"['update', 'watching', 'RahulGandhi', 'handle', 'international', 'relation', 'grace', 'dignity']",8,71,positive,0.9261,"{np.str_('negative'): 0.0442, np.str_('neutral'): 0.0296, np.str_('positive'): 0.9261}",labeled,neutral,0.5532,"{'neutral': 0.5532, 'positive': 0.4312, 'negative': 0.0156}"
690,government Voters in Florida will head to the polls next week Trudeau campaignz. #NewsUpdate,2024-11-30,user_244,Florida,Trudeau,Democrats,Synthetic,neutral,government voter florida head poll next week Trudeau campaignz,"['government', 'voter', 'florida', 'head', 'poll', 'next', 'week', 'Trudeau', 'campaignz']",9,62,neutral,0.8455,"{np.str_('negative'): 0.0836, np.str_('neutral'): 0.8455, np.str_('positive'): 0.0708}",labeled,neutral,0.9251,"{'neutral': 0.9251, 'positive': 0.0443, 'negative': 0.0305}"
691,Macron met with world leaders at the G20 summit in Maharashtra. #NewsUpdate,2025-01-31,user_799,Maharashtra,Macron,Labour,Synthetic,neutral,Macron met world leader g20 summit maharashtra,"['Macron', 'met', 'world', 'leader', 'g20', 'summit', 'maharashtra']",7,46,neutral,0.676,"{np.str_('negative'): 0.171, np.str_('neutral'): 0.676, np.str_('positive'): 0.153}",labeled,neutral,0.8255,"{'neutral': 0.8255, 'positive': 0.1669, 'negative': 0.0076}"
692,update Rahul Gandhi's policies are destroying small businesses across California. Unacceptable! #Liar,2025-02-04,user_189,California,Rahul Gandhi,Conservatives,Synthetic,negative,update rahul gandhi policy destroying small business across california unacceptable,"['update', 'rahul', 'gandhi', 'policy', 'destroying', 'small', 'business', 'across', 'california', 'unacceptable']",10,83,negative,0.9031,"{np.str_('negative'): 0.9031, np.str_('neutral'): 0.0496, np.str_('positive'): 0.0474}",labeled,negative,0.907,"{'negative': 0.907, 'neutral': 0.0869, 'positive': 0.0061}"
693,policy Analysts are divided on Kejriwal's recent economic proposals. #NewsUpdate,2025-01-30,user_571,Gujarat,Arvind Kejriwal,Republicans,Synthetic,neutral,policy analyst divided kejriwals recent economic proposal,"['policy', 'analyst', 'divided', 'kejriwals', 'recent', 'economic', 'proposal']",7,57,neutral,0.7948,"{np.str_('negative'): 0.0661, np.str_('neutral'): 0.7948, np.str_('positive'): 0.1391}",labeled,neutral,0.8607,"{'neutral': 0.8607, 'negative': 0.1044, 'positive': 0.035}"
694,"today Everyone is talking about Obama. Some love it, some hate it. What do you think? #NewsUpdate",2024-11-13,user_796,Florida,Obama,TMC,Synthetic,neutral,today everyone talking Obama love hate think,"['today', 'everyone', 'talking', 'Obama', 'love', 'hate', 'think']",7,44,neutral,0.5763,"{np.str_('negative'): 0.1764, np.str_('neutral'): 0.5763, np.str_('positive'): 0.2474}",labeled,neutral,0.4784,"{'neutral': 0.4784, 'negative': 0.4531, 'positive': 0.0686}"
695,official Experts weigh in on TMC's five-year development plan. #USPolitics,2024-11-25,user_158,Maharashtra,Harris,TMC,Synthetic,neutral,official expert weigh tmcs fiveyear development plan,"['official', 'expert', 'weigh', 'tmcs', 'fiveyear', 'development', 'plan']",7,52,neutral,0.8038,"{np.str_('negative'): 0.0813, np.str_('neutral'): 0.8038, np.str_('positive'): 0.1149}",labeled,neutral,0.8951,"{'neutral': 0.8951, 'positive': 0.0868, 'negative': 0.0181}"
696,Voters in Sydney will head to the polls next week as Sunak campaigns. #PoliticsDaily,2024-06-27,user_577,Sydney,Sunak,Conservatives,Synthetic,neutral,voter sydney head poll next week Sunak campaign,"['voter', 'sydney', 'head', 'poll', 'next', 'week', 'Sunak', 'campaign']",8,47,neutral,0.9222,"{np.str_('negative'): 0.0369, np.str_('neutral'): 0.9222, np.str_('positive'): 0.0409}",labeled,neutral,0.9306,"{'neutral': 0.9306, 'positive': 0.0354, 'negative': 0.034}"
697,LibDems released new its policy for the upcoming term. #PoliticsDaily,2024-12-25,user_859,Gujarat,Arvind Kejriwal,LibDems,Synthetic,neutral,libdems released new policy upcoming term,"['libdems', 'released', 'new', 'policy', 'upcoming', 'term']",6,41,neutral,0.7259,"{np.str_('negative'): 0.0863, np.str_('neutral'): 0.7259, np.str_('positive'): 0.1878}",labeled,neutral,0.8784,"{'neutral': 0.8784, 'positive': 0.1032, 'negative': 0.0184}"
698,"policy Everyone is talking about Arvind Kejriwal. Some love it, some hate it. What do you think? #Election2024",2025-01-31,user_489,Florida,Arvind Kejriwal,Republicans,Synthetic,neutral,policy everyone talking arvind Kejriwal love hate think,"['policy', 'everyone', 'talking', 'arvind', 'Kejriwal', 'love', 'hate', 'think']",8,55,neutral,0.4938,"{np.str_('negative'): 0.3217, np.str_('neutral'): 0.4938, np.str_('positive'): 0.1845}",labeled,neutral,0.5748,"{'neutral': 0.5748, 'negative': 0.3215, 'positive': 0.1037}"
699,policy Extremely disappointed with Biden's lack of action on climate change. #Exposed,2024-02-11,user_405,Delhi,Biden,INC (Congress),Synthetic,negative,policy extremely disappointed bidens lack action climate change,"['policy', 'extremely', 'disappointed', 'bidens', 'lack', 'action', 'climate', 'change']",8,63,negative,0.8514,"{np.str_('negative'): 0.8514, np.str_('neutral'): 0.0682, np.str_('positive'): 0.0805}",labeled,negative,0.898,"{'negative': 0.898, 'neutral': 0.0927, 'positive': 0.0092}"
700,statement The latest TMC scandal is just the tip of the iceberg. #Exposed,2025-01-20,user_404,Delhi,Trudeau,TMC,Synthetic,negative,statement latest tmc scandal tip iceberg,"['statement', 'latest', 'tmc', 'scandal', 'tip', 'iceberg']",6,40,negative,0.8596,"{np.str_('negative'): 0.8596, np.str_('neutral'): 0.0783, np.str_('positive'): 0.0621}",labeled,negative,0.5406,"{'negative': 0.5406, 'neutral': 0.4469, 'positive': 0.0126}"
701,Survey shows mixed public opinion on Conservatives's latest immigration policy. #PolicyDebate,2024-12-20,user_684,Maharashtra,Harris,Conservatives,Synthetic,neutral,survey show mixed public opinion conservativess latest immigration policy,"['survey', 'show', 'mixed', 'public', 'opinion', 'conservativess', 'latest', 'immigration', 'policy']",9,73,neutral,0.8324,"{np.str_('negative'): 0.1206, np.str_('neutral'): 0.8324, np.str_('positive'): 0.0471}",labeled,neutral,0.8876,"{'neutral': 0.8876, 'negative': 0.0903, 'positive': 0.0221}"
702,"I used to support Democrats, but after Rahul Gandhi's recent speech in California, I'm not so sure anymore.",2024-06-11,user_114,California,Rahul Gandhi,Democrats,Synthetic,neutral,used support Democrats but rahul gandhi recent speech california im not sure anymore,"['used', 'support', 'Democrats', 'but', 'rahul', 'gandhi', 'recent', 'speech', 'california', 'im', 'not', 'sure', 'anymore']",13,84,neutral,0.787,"{np.str_('negative'): 0.0821, np.str_('neutral'): 0.787, np.str_('positive'): 0.1309}",labeled,neutral,0.5228,"{'neutral': 0.5228, 'negative': 0.4574, 'positive': 0.0199}"
703,Harris met with world leaders at summit the G20 in Texas. #USPolitics,2024-11-23,user_692,Texas,Harris,TMC,Synthetic,neutral,harris met world leader summit g20 texas,"['harris', 'met', 'world', 'leader', 'summit', 'g20', 'texas']",7,40,neutral,0.6499,"{np.str_('negative'): 0.185, np.str_('neutral'): 0.6499, np.str_('positive'): 0.1651}",labeled,neutral,0.8713,"{'neutral': 0.8713, 'positive': 0.117, 'negative': 0.0117}"
704,government Trump secured a historic trade deal today. This will create millions of jobs! #BreakingNews,2024-12-13,user_690,California,Trump,Democrats,Synthetic,positive,government trump secured historic trade deal today create million job,"['government', 'trump', 'secured', 'historic', 'trade', 'deal', 'today', 'create', 'million', 'job']",10,69,positive,0.4459,"{np.str_('negative'): 0.199, np.str_('neutral'): 0.3551, np.str_('positive'): 0.4459}",labeled,positive,0.944,"{'positive': 0.944, 'neutral': 0.0517, 'negative': 0.0043}"
705,Biden delivered an outstanding speech on economic recovery today. Real leadership! #PeaceAndProsperity,2024-08-21,user_523,Maharashtra,Biden,INC (Congress),Synthetic,positive,biden delivered outstanding speech economic recovery today real leadership,"['biden', 'delivered', 'outstanding', 'speech', 'economic', 'recovery', 'today', 'real', 'leadership']",9,74,positive,0.9329,"{np.str_('negative'): 0.0284, np.str_('neutral'): 0.0387, np.str_('positive'): 0.9329}",labeled,positive,0.9749,"{'positive': 0.9749, 'neutral': 0.0208, 'negative': 0.0043}"
706,"Wait, Rahul Gandhi actually thinks this plan will work? It's a disaster. #BreakingNews",2024-10-10,user_709,Maharashtra,Rahul Gandhi,INC (Congress),Synthetic,negative,wait RahulGandhi actually think plan work disaster,"['wait', 'RahulGandhi', 'actually', 'think', 'plan', 'work', 'disaster']",7,50,negative,0.3866,"{np.str_('negative'): 0.3866, np.str_('neutral'): 0.3516, np.str_('positive'): 0.2617}",labeled,negative,0.5817,"{'negative': 0.5817, 'neutral': 0.386, 'positive': 0.0323}"
707,news Survey shows mixed public opinion on LibDems's latest immigration policy. #IndiaNews,2024-02-20,user_189,Delhi,Harris,LibDems,Synthetic,neutral,news survey show mixed public opinion libdemss latest immigration policy,"['news', 'survey', 'show', 'mixed', 'public', 'opinion', 'libdemss', 'latest', 'immigration', 'policy']",10,72,neutral,0.8603,"{np.str_('negative'): 0.0944, np.str_('neutral'): 0.8603, np.str_('positive'): 0.0453}",labeled,neutral,0.6906,"{'neutral': 0.6906, 'negative': 0.2894, 'positive': 0.02}"
708,Macron has completely failed the working class. Another #BreakingNews promise. broken,2024-04-18,user_328,Berlin,Macron,Republicans,Synthetic,negative,Macron completely failed working class another promise broken,"['Macron', 'completely', 'failed', 'working', 'class', 'another', 'promise', 'broken']",8,61,negative,0.549,"{np.str_('negative'): 0.549, np.str_('neutral'): 0.1559, np.str_('positive'): 0.2951}",labeled,negative,0.8987,"{'negative': 0.8987, 'neutral': 0.0888, 'positive': 0.0125}"
709,Watching Macron handle international relations with such grace and dignity. #BuildBackBetter,2024-11-26,user_820,Delhi,Macron,TMC,Synthetic,positive,watching Macron handle international relation grace dignity,"['watching', 'Macron', 'handle', 'international', 'relation', 'grace', 'dignity']",7,59,positive,0.9286,"{np.str_('negative'): 0.0433, np.str_('neutral'): 0.0281, np.str_('positive'): 0.9286}",labeled,positive,0.5248,"{'positive': 0.5248, 'neutral': 0.4489, 'negative': 0.0263}"
710,update Macron shows true compassion for ordinary citizens. A leader for the people! #IndiaFirst,2024-12-10,user_347,Sydney,Macron,AAP,Synthetic,positive,update Macron show true compassion ordinary citizen leader people,"['update', 'Macron', 'show', 'true', 'compassion', 'ordinary', 'citizen', 'leader', 'people']",9,65,positive,0.912,"{np.str_('negative'): 0.0474, np.str_('neutral'): 0.0407, np.str_('positive'): 0.912}",labeled,positive,0.7118,"{'positive': 0.7118, 'neutral': 0.2672, 'negative': 0.0209}"
711,Biden held a press conference today addressing the ongoing budget negotiations. #Election2024,2024-07-19,user_297,Sydney,Biden,AAP,Synthetic,neutral,biden held press conference today addressing ongoing budget negotiation,"['biden', 'held', 'press', 'conference', 'today', 'addressing', 'ongoing', 'budget', 'negotiation']",9,71,neutral,0.8805,"{np.str_('negative'): 0.0615, np.str_('neutral'): 0.8805, np.str_('positive'): 0.058}",labeled,neutral,0.9106,"{'neutral': 0.9106, 'positive': 0.0833, 'negative': 0.0061}"
712,government Opposition responds to Mamat4 Banerjee's budget with address mixed reactions. #GlobalPolitics,2024-03-05,user_616,Sydney,Mamata Banerjee,AAP,Synthetic,neutral,government opposition responds mamat4 banerjees budget address mixed reaction,"['government', 'opposition', 'responds', 'mamat4', 'banerjees', 'budget', 'address', 'mixed', 'reaction']",9,77,neutral,0.9215,"{np.str_('negative'): 0.0381, np.str_('neutral'): 0.9215, np.str_('positive'): 0.0404}",labeled,neutral,0.6168,"{'neutral': 0.6168, 'negative': 0.3685, 'positive': 0.0147}"
713,"update While Trump claims success, the situation in Florida remains complicated. #NewsUpdate",2024-01-15,user_732,Florida,Trump,AAP,Synthetic,neutral,update trump claim success situation florida remains complicated,"['update', 'trump', 'claim', 'success', 'situation', 'florida', 'remains', 'complicated']",8,64,neutral,0.8437,"{np.str_('negative'): 0.0932, np.str_('neutral'): 0.8437, np.str_('positive'): 0.063}",labeled,neutral,0.7157,"{'neutral': 0.7157, 'negative': 0.2635, 'positive': 0.0208}"
714,"news Another day, another from failure the LibDems administration in Berlin.",2025-01-06,user_898,Berlin,Sunak,LibDems,Synthetic,negative,news another day another failure libdems administration berlin,"['news', 'another', 'day', 'another', 'failure', 'libdems', 'administration', 'berlin']",8,62,negative,0.8544,"{np.str_('negative'): 0.8544, np.str_('neutral'): 0.084, np.str_('positive'): 0.0616}",labeled,negative,0.9225,"{'negative': 0.9225, 'neutral': 0.0703, 'positive': 0.0072}"
715,statement Can't believe raised AAP taxes again while corruption runs rampant in Florida. #Fraud,2024-03-03,user_209,Florida,Macron,AAP,Synthetic,negative,statement cant believe raised AAP tax corruption run rampant florida,"['statement', 'cant', 'believe', 'raised', 'AAP', 'tax', 'corruption', 'run', 'rampant', 'florida']",10,68,negative,0.5764,"{np.str_('negative'): 0.5764, np.str_('neutral'): 0.227, np.str_('positive'): 0.1966}",labeled,negative,0.9202,"{'negative': 0.9202, 'neutral': 0.0718, 'positive': 0.008}"
716,The policiez of Harris have lives improved genuinely in Florida. Keep it #ModiForIndia,2024-04-17,user_803,Florida,Harris,BJP,Synthetic,positive,policiez harris life improved genuinely florida keep,"['policiez', 'harris', 'life', 'improved', 'genuinely', 'florida', 'keep']",7,52,positive,0.806,"{np.str_('negative'): 0.1208, np.str_('neutral'): 0.0732, np.str_('positive'): 0.806}",labeled,positive,0.8474,"{'positive': 0.8474, 'neutral': 0.1421, 'negative': 0.0105}"
717,to be Proud a AAP Our values align with national progress. #HopeAndChange,2024-10-06,user_105,Maharashtra,Rahul Gandhi,AAP,Synthetic,positive,proud AAP value align national progress,"['proud', 'AAP', 'value', 'align', 'national', 'progress']",6,39,positive,0.8818,"{np.str_('negative'): 0.0574, np.str_('neutral'): 0.0608, np.str_('positive'): 0.8818}",labeled,positive,0.9255,"{'positive': 0.9255, 'neutral': 0.0687, 'negative': 0.0058}"
718,The lies told by Harris during the election are now crystal clear. Disgraceful. #Exposed,2024-07-05,user_217,Florida,Harris,LibDems,Synthetic,negative,lie told harris election crystal clear disgraceful,"['lie', 'told', 'harris', 'election', 'crystal', 'clear', 'disgraceful']",7,50,negative,0.8151,"{np.str_('negative'): 0.8151, np.str_('neutral'): 0.1043, np.str_('positive'): 0.0806}",labeled,negative,0.8737,"{'negative': 0.8737, 'neutral': 0.1162, 'positive': 0.0102}"
719,official Democrats has been in power for years and Maharashtra is still #EndThis shambles. in,2024-05-30,user_578,Maharashtra,DeSantis,Democrats,Synthetic,negative,official Democrats power year maharashtra still shamble,"['official', 'Democrats', 'power', 'year', 'maharashtra', 'still', 'shamble']",7,55,negative,0.8225,"{np.str_('negative'): 0.8225, np.str_('neutral'): 0.0875, np.str_('positive'): 0.09}",labeled,neutral,0.6535,"{'neutral': 0.6535, 'negative': 0.2906, 'positive': 0.0559}"
720,The new TMC policy is a breath of fresh air for the industry. #NewsUpdate,2024-07-20,user_205,Delhi,Sunak,TMC,Synthetic,positive,new tmc policy breath fresh air industry,"['new', 'tmc', 'policy', 'breath', 'fresh', 'air', 'industry']",7,40,neutral,0.4779,"{np.str_('negative'): 0.1817, np.str_('neutral'): 0.4779, np.str_('positive'): 0.3404}",labeled,neutral,0.7289,"{'neutral': 0.7289, 'positive': 0.2322, 'negative': 0.039}"
721,today Mamata Banerjee secured a historic trade deal today. This will create millions of jobs! #USPolitics,2024-11-06,user_492,Texas,Mamata Banerjee,BJP,Synthetic,positive,today Mamata secured historic trade deal today create million job,"['today', 'Mamata', 'secured', 'historic', 'trade', 'deal', 'today', 'create', 'million', 'job']",10,65,positive,0.4586,"{np.str_('negative'): 0.1475, np.str_('neutral'): 0.3939, np.str_('positive'): 0.4586}",labeled,positive,0.9265,"{'positive': 0.9265, 'neutral': 0.0703, 'negative': 0.0032}"
722,statement The new Conservatives bill has some good points but also many flaws. A mixed bag for Maharashtra.,2024-11-26,user_643,Maharashtra,Rahul Gandhi,Conservatives,Synthetic,neutral,statement new conservative bill good point but also many flaw mixed bag maharashtra,"['statement', 'new', 'conservative', 'bill', 'good', 'point', 'but', 'also', 'many', 'flaw', 'mixed', 'bag', 'maharashtra']",13,83,neutral,0.8958,"{np.str_('negative'): 0.0442, np.str_('neutral'): 0.8958, np.str_('positive'): 0.06}",labeled,neutral,0.5638,"{'neutral': 0.5638, 'negative': 0.2925, 'positive': 0.1437}"
723,government AAP released its new policy framework for the upcoming term. #NewsUpdate,2024-07-09,user_248,Sydney,Modi,AAP,Synthetic,neutral,government AAP released new policy framework upcoming term,"['government', 'AAP', 'released', 'new', 'policy', 'framework', 'upcoming', 'term']",8,58,neutral,0.7604,"{np.str_('negative'): 0.0869, np.str_('neutral'): 0.7604, np.str_('positive'): 0.1527}",labeled,neutral,0.6859,"{'neutral': 0.6859, 'positive': 0.308, 'negative': 0.006}"
724,Macron has completely failed the working class. Another broken promise. #Election2024,2024-04-29,user_675,Berlin,Macron,INC (Congress),Synthetic,negative,Macron completely failed working class another broken promise,"['Macron', 'completely', 'failed', 'working', 'class', 'another', 'broken', 'promise']",8,61,negative,0.549,"{np.str_('negative'): 0.549, np.str_('neutral'): 0.1559, np.str_('positive'): 0.2951}",labeled,negative,0.8922,"{'negative': 0.8922, 'neutral': 0.0934, 'positive': 0.0144}"
725,"While Trump claims success, situation in Florida remains complicated. #BreakingNews",2024-12-09,user_176,Florida,Trump,AAP,Synthetic,neutral,trump claim success situation florida remains complicated,"['trump', 'claim', 'success', 'situation', 'florida', 'remains', 'complicated']",7,57,neutral,0.8647,"{np.str_('negative'): 0.0807, np.str_('neutral'): 0.8647, np.str_('positive'): 0.0546}",labeled,neutral,0.4936,"{'neutral': 0.4936, 'negative': 0.4904, 'positive': 0.016}"
726,government The AAP new bill has some good points also many flaws. A mixed bag for Delhi.,2024-10-29,user_492,Delhi,Mamata Banerjee,AAP,Synthetic,neutral,government AAP new bill good point also many flaw mixed bag delhi,"['government', 'AAP', 'new', 'bill', 'good', 'point', 'also', 'many', 'flaw', 'mixed', 'bag', 'delhi']",12,65,neutral,0.9035,"{np.str_('negative'): 0.052, np.str_('neutral'): 0.9035, np.str_('positive'): 0.0445}",labeled,neutral,0.457,"{'neutral': 0.457, 'positive': 0.4522, 'negative': 0.0909}"
727,DeSantis held a press conference today addressing the ongoing budget negotiations. #Election2024,2024-09-27,user_140,Florida,DeSantis,Democrats,Synthetic,neutral,DeSantis held press conference today addressing ongoing budget negotiation,"['DeSantis', 'held', 'press', 'conference', 'today', 'addressing', 'ongoing', 'budget', 'negotiation']",9,74,neutral,0.8865,"{np.str_('negative'): 0.0601, np.str_('neutral'): 0.8865, np.str_('positive'): 0.0534}",labeled,neutral,0.9511,"{'neutral': 0.9511, 'positive': 0.0419, 'negative': 0.007}"
728,today Excellent initiative by Modi to support rural development. #UnitedWeStand,2024-10-11,user_893,Berlin,Modi,Democrats,Synthetic,positive,today excellent initiative modi support rural development,"['today', 'excellent', 'initiative', 'modi', 'support', 'rural', 'development']",7,57,positive,0.7025,"{np.str_('negative'): 0.0861, np.str_('neutral'): 0.2115, np.str_('positive'): 0.7025}",labeled,positive,0.9627,"{'positive': 0.9627, 'neutral': 0.0298, 'negative': 0.0075}"
729,Record GDP growth under TMC leadership. The economy is thriving! #PeaceAndProsperity,2024-07-10,user_732,Sydney,Modi,TMC,Synthetic,positive,record gdp growth tmc leadership economy thriving,"['record', 'gdp', 'growth', 'tmc', 'leadership', 'economy', 'thriving']",7,49,positive,0.6561,"{np.str_('negative'): 0.1761, np.str_('neutral'): 0.1678, np.str_('positive'): 0.6561}",labeled,positive,0.9422,"{'positive': 0.9422, 'neutral': 0.0542, 'negative': 0.0036}"
730,Trump held a press conference today addressing the ongoing budget negotiations. #Election2024,2024-10-02,user_105,California,Trump,Democrats,Synthetic,neutral,trump held press conference today addressing ongoing budget negotiation,"['trump', 'held', 'press', 'conference', 'today', 'addressing', 'ongoing', 'budget', 'negotiation']",9,71,neutral,0.8704,"{np.str_('negative'): 0.0734, np.str_('neutral'): 0.8704, np.str_('positive'): 0.0562}",labeled,neutral,0.9212,"{'neutral': 0.9212, 'positive': 0.0725, 'negative': 0.0063}"
731,Can't believe Democrats raised while again taxes corruption runs rampant in Florida. #NeverAgain,2024-03-28,user_241,Florida,Sunak,Democrats,Synthetic,negative,cant believe Democrats raised tax corruption run rampant florida,"['cant', 'believe', 'Democrats', 'raised', 'tax', 'corruption', 'run', 'rampant', 'florida']",9,64,negative,0.655,"{np.str_('negative'): 0.655, np.str_('neutral'): 0.1929, np.str_('positive'): 0.1521}",labeled,negative,0.94,"{'negative': 0.94, 'neutral': 0.0533, 'positive': 0.0067}"
732,Voters in Berlin will head to the polls next week as Mamata Banerjee campaigns. #USPolitics,2024-08-16,user_784,Berlin,Mamata Banerjee,TMC,Synthetic,neutral,voter berlin head poll next week Mamata campaign,"['voter', 'berlin', 'head', 'poll', 'next', 'week', 'Mamata', 'campaign']",8,48,neutral,0.8964,"{np.str_('negative'): 0.0672, np.str_('neutral'): 0.8964, np.str_('positive'): 0.0364}",labeled,neutral,0.9502,"{'neutral': 0.9502, 'positive': 0.0326, 'negative': 0.0172}"
733,"While Trump claims success, the situation in California remains complicated. #PolicyDebate",2024-05-15,user_884,California,Trump,LibDems,Synthetic,neutral,trump claim success situation california remains complicated,"['trump', 'claim', 'success', 'situation', 'california', 'remains', 'complicated']",7,60,neutral,0.879,"{np.str_('negative'): 0.0759, np.str_('neutral'): 0.879, np.str_('positive'): 0.0451}",labeled,neutral,0.5946,"{'neutral': 0.5946, 'negative': 0.3831, 'positive': 0.0223}"
734,"statement Finally, 4 leader like Obam4 who understands teh needs of teh youth. #IndiaFirst",2024-01-07,user_786,Maharashtra,Obama,Republicans,Synthetic,positive,statement finally leader like obam4 understands teh need teh youth,"['statement', 'finally', 'leader', 'like', 'obam4', 'understands', 'teh', 'need', 'teh', 'youth']",10,66,positive,0.8974,"{np.str_('negative'): 0.0575, np.str_('neutral'): 0.0451, np.str_('positive'): 0.8974}",labeled,neutral,0.5056,"{'neutral': 0.5056, 'positive': 0.4484, 'negative': 0.046}"
735,Inflation is through the roof under TMC's mismanagement. Families are suffering. #USPolitics,2024-09-15,user_208,Delhi,DeSantis,TMC,Synthetic,negative,inflation roof tmcs mismanagement family suffering,"['inflation', 'roof', 'tmcs', 'mismanagement', 'family', 'suffering']",6,50,neutral,0.42,"{np.str_('negative'): 0.2843, np.str_('neutral'): 0.42, np.str_('positive'): 0.2957}",labeled,negative,0.8929,"{'negative': 0.8929, 'neutral': 0.1004, 'positive': 0.0067}"
736,today Survey shows mixed public opinion on Conservatives's latest immigration policy. #PolicyDebate,2024-12-17,user_414,Maharashtra,Harris,Conservatives,Synthetic,neutral,today survey show mixed public opinion conservativess latest immigration policy,"['today', 'survey', 'show', 'mixed', 'public', 'opinion', 'conservativess', 'latest', 'immigration', 'policy']",10,79,neutral,0.8307,"{np.str_('negative'): 0.1122, np.str_('neutral'): 0.8307, np.str_('positive'): 0.0571}",labeled,neutral,0.7954,"{'neutral': 0.7954, 'negative': 0.1837, 'positive': 0.0209}"
737,policy Republicans is tearing this country apart with its divisive rhetoric. #NeverAgain,2024-09-28,user_563,Texas,Trudeau,Republicans,Synthetic,negative,policy Republicans tearing country apart divisive rhetoric,"['policy', 'Republicans', 'tearing', 'country', 'apart', 'divisive', 'rhetoric']",7,58,negative,0.8476,"{np.str_('negative'): 0.8476, np.str_('neutral'): 0.07, np.str_('positive'): 0.0824}",labeled,negative,0.8918,"{'negative': 0.8918, 'neutral': 0.1009, 'positive': 0.0073}"
738,"Finally, a leader like Modi who understands the needs of the youth. #ModiForIndia",2024-08-13,user_379,Berlin,Modi,BJP,Synthetic,positive,finally leader like modi understands need youth,"['finally', 'leader', 'like', 'modi', 'understands', 'need', 'youth']",7,47,positive,0.9414,"{np.str_('negative'): 0.0335, np.str_('neutral'): 0.0252, np.str_('positive'): 0.9414}",labeled,positive,0.7351,"{'positive': 0.7351, 'neutral': 0.2496, 'negative': 0.0153}"
739,The poor get Republicans's poorer under watch. Trickle-down economics is a lie! #BreakingNews,2024-12-14,user_151,Sydney,Modi,Republicans,Synthetic,negative,poor get republicanss poorer watch trickledown economics lie,"['poor', 'get', 'republicanss', 'poorer', 'watch', 'trickledown', 'economics', 'lie']",8,60,negative,0.9579,"{np.str_('negative'): 0.9579, np.str_('neutral'): 0.0138, np.str_('positive'): 0.0284}",labeled,negative,0.677,"{'negative': 0.677, 'neutral': 0.2863, 'positive': 0.0367}"
740,news Yogi Adityanath sold out to corporate interests. The common man means nothing to them. #NeverAgain,2024-07-26,user_501,Berlin,Yogi Adityanath,Conservatives,Synthetic,negative,news Yogi sold corporate interest common man mean nothing,"['news', 'Yogi', 'sold', 'corporate', 'interest', 'common', 'man', 'mean', 'nothing']",9,57,neutral,0.4131,"{np.str_('negative'): 0.3594, np.str_('neutral'): 0.4131, np.str_('positive'): 0.2275}",labeled,negative,0.6164,"{'negative': 0.6164, 'neutral': 0.3557, 'positive': 0.0279}"
741,news Republicans committee to healthcare spending over the next quarter. #IndiaNews,2024-01-02,user_196,California,Rahul Gandhi,Republicans,Synthetic,neutral,news Republicans committee healthcare spending next quarter,"['news', 'Republicans', 'committee', 'healthcare', 'spending', 'next', 'quarter']",7,59,neutral,0.7232,"{np.str_('negative'): 0.1623, np.str_('neutral'): 0.7232, np.str_('positive'): 0.1146}",labeled,neutral,0.9137,"{'neutral': 0.9137, 'positive': 0.0597, 'negative': 0.0266}"
742,LibDems committee to review healthcare spending over the next quarter. #IndiaNews,2024-06-19,user_566,Gujarat,Harris,LibDems,Synthetic,neutral,libdems committee review healthcare spending next quarter,"['libdems', 'committee', 'review', 'healthcare', 'spending', 'next', 'quarter']",7,57,neutral,0.7927,"{np.str_('negative'): 0.117, np.str_('neutral'): 0.7927, np.str_('positive'): 0.0903}",labeled,neutral,0.9104,"{'neutral': 0.9104, 'positive': 0.0582, 'negative': 0.0315}"
743,How many more scandals Harris is before held responsible? Enough is enough! #Election2024,2024-10-25,user_101,Gujarat,Harris,Democrats,Synthetic,negative,many scandal harris held responsible enough enough,"['many', 'scandal', 'harris', 'held', 'responsible', 'enough', 'enough']",7,50,negative,0.7742,"{np.str_('negative'): 0.7742, np.str_('neutral'): 0.1353, np.str_('positive'): 0.0904}",labeled,neutral,0.6514,"{'neutral': 0.6514, 'negative': 0.236, 'positive': 0.1126}"
744,Conservatives released its new policy framework for the upcoming term. #Election2024,2024-03-26,user_873,Gujarat,Arvind Kejriwal,Conservatives,Synthetic,neutral,conservative released new policy framework upcoming term,"['conservative', 'released', 'new', 'policy', 'framework', 'upcoming', 'term']",7,56,neutral,0.7869,"{np.str_('negative'): 0.0664, np.str_('neutral'): 0.7869, np.str_('positive'): 0.1467}",labeled,neutral,0.8663,"{'neutral': 0.8663, 'positive': 0.1221, 'negative': 0.0116}"
745,statement Incredible infrastructure development happening under Harris's watch in Berlin. #Election2024,2024-08-22,user_113,Berlin,Harris,Republicans,Synthetic,positive,statement incredible infrastructure development happening harris watch berlin,"['statement', 'incredible', 'infrastructure', 'development', 'happening', 'harris', 'watch', 'berlin']",8,77,positive,0.4431,"{np.str_('negative'): 0.3324, np.str_('neutral'): 0.2245, np.str_('positive'): 0.4431}",labeled,positive,0.952,"{'positive': 0.952, 'neutral': 0.045, 'negative': 0.0029}"
746,The new INC (Congress) bill has some good points but also many flaws. A mixed bag for Florida.,2024-12-17,user_631,Florida,Trudeau,INC (Congress),Synthetic,neutral,new inc congress bill good point but also many flaw mixed bag florida,"['new', 'inc', 'congress', 'bill', 'good', 'point', 'but', 'also', 'many', 'flaw', 'mixed', 'bag', 'florida']",13,69,neutral,0.9188,"{np.str_('negative'): 0.0356, np.str_('neutral'): 0.9188, np.str_('positive'): 0.0455}",labeled,neutral,0.4882,"{'neutral': 0.4882, 'negative': 0.4192, 'positive': 0.0927}"
747,Survey shows mixed public opinion on Democrats's immigration policy. #Breakin'Newz,2024-07-03,user_311,Texas,Sunak,Democrats,Synthetic,neutral,survey show mixed public opinion democratss immigration policy newz,"['survey', 'show', 'mixed', 'public', 'opinion', 'democratss', 'immigration', 'policy', 'newz']",9,67,neutral,0.8847,"{np.str_('negative'): 0.0631, np.str_('neutral'): 0.8847, np.str_('positive'): 0.0521}",labeled,neutral,0.7895,"{'neutral': 0.7895, 'negative': 0.1835, 'positive': 0.0269}"
748,The poor get poorer under Republicans's watch. Trickle-down economics is a lie! #NeverAgain,2024-09-26,user_279,California,Sunak,Republicans,Synthetic,negative,poor get poorer republicanss watch trickledown economics lie,"['poor', 'get', 'poorer', 'republicanss', 'watch', 'trickledown', 'economics', 'lie']",8,60,negative,0.9579,"{np.str_('negative'): 0.9579, np.str_('neutral'): 0.0138, np.str_('positive'): 0.0284}",labeled,negative,0.7237,"{'negative': 0.7237, 'neutral': 0.2502, 'positive': 0.0261}"
749,news The poor get poorer under INC (Congress)'s watch. Trickle-down economics is a lie! #VoterRights,2024-11-09,user_225,Maharashtra,Obama,INC (Congress),Synthetic,negative,news poor get poorer inc congress watch trickledown economics lie,"['news', 'poor', 'get', 'poorer', 'inc', 'congress', 'watch', 'trickledown', 'economics', 'lie']",10,65,negative,0.9373,"{np.str_('negative'): 0.9373, np.str_('neutral'): 0.023, np.str_('positive'): 0.0397}",labeled,negative,0.8039,"{'negative': 0.8039, 'neutral': 0.1792, 'positive': 0.0169}"
750,Rahul Gandhi is the worst thing to happen to Maharashtra in decades. Step down NOW. #NeverAgain,2024-05-28,user_738,Maharashtra,Rahul Gandhi,TMC,Synthetic,negative,RahulGandhi worst thing happen maharashtra decade step,"['RahulGandhi', 'worst', 'thing', 'happen', 'maharashtra', 'decade', 'step']",7,54,negative,0.5412,"{np.str_('negative'): 0.5412, np.str_('neutral'): 0.2293, np.str_('positive'): 0.2295}",labeled,negative,0.9224,"{'negative': 0.9224, 'neutral': 0.0684, 'positive': 0.0092}"
751,statement Extremely disappointed with Amit lack Shah's action on climate change. #Accountability,2024-08-08,user_460,Florida,Amit Shah,Labour,Synthetic,negative,statement extremely disappointed amit lack shah action climate change,"['statement', 'extremely', 'disappointed', 'amit', 'lack', 'shah', 'action', 'climate', 'change']",9,69,negative,0.7535,"{np.str_('negative'): 0.7535, np.str_('neutral'): 0.1045, np.str_('positive'): 0.142}",labeled,negative,0.8895,"{'negative': 0.8895, 'neutral': 0.0989, 'positive': 0.0116}"
752,The new Democrats bill has some good points but also many flaws. A mixed bag for Sydney.,2024-03-20,user_188,Sydney,Yogi Adityanath,Democrats,Synthetic,neutral,new Democrats bill good point but also many flaw mixed bag sydney,"['new', 'Democrats', 'bill', 'good', 'point', 'but', 'also', 'many', 'flaw', 'mixed', 'bag', 'sydney']",12,65,neutral,0.9248,"{np.str_('negative'): 0.0362, np.str_('neutral'): 0.9248, np.str_('positive'): 0.039}",labeled,neutral,0.5119,"{'neutral': 0.5119, 'negative': 0.3091, 'positive': 0.1791}"
753,official Inflation is through roof under BJP'z mismanagement. Families are suffering. #BreakingNews,2024-08-04,user_508,Texas,Sunak,BJP,Synthetic,negative,official inflation roof bjpz mismanagement family suffering,"['official', 'inflation', 'roof', 'bjpz', 'mismanagement', 'family', 'suffering']",7,59,negative,0.3619,"{np.str_('negative'): 0.3619, np.str_('neutral'): 0.3602, np.str_('positive'): 0.2779}",labeled,negative,0.8387,"{'negative': 0.8387, 'neutral': 0.1527, 'positive': 0.0087}"
754,Trump is the worst thing to happen to Florida in decades. Step down NOW. #Scam,2024-04-12,user_356,Florida,Trump,BJP,Synthetic,negative,trump worst thing happen florida decade step,"['trump', 'worst', 'thing', 'happen', 'florida', 'decade', 'step']",7,44,negative,0.6605,"{np.str_('negative'): 0.6605, np.str_('neutral'): 0.1739, np.str_('positive'): 0.1655}",labeled,negative,0.9372,"{'negative': 0.9372, 'neutral': 0.0546, 'positive': 0.0082}"
755,The new AAP bill has some good points but also many flaws. A mixed bag for California.,2024-03-11,user_639,California,Harris,AAP,Synthetic,neutral,new AAP bill good point but also many flaw mixed bag california,"['new', 'AAP', 'bill', 'good', 'point', 'but', 'also', 'many', 'flaw', 'mixed', 'bag', 'california']",12,63,neutral,0.9249,"{np.str_('negative'): 0.0393, np.str_('neutral'): 0.9249, np.str_('positive'): 0.0358}",labeled,neutral,0.5406,"{'neutral': 0.5406, 'negative': 0.2981, 'positive': 0.1614}"
756,news Arvind Kejriwal met with world leaders at teh G20 summit in Maharashtra. #USPolitics,2025-01-27,user_531,Maharashtra,Arvind Kejriwal,INC (Congress),Synthetic,neutral,news arvind Kejriwal met world leader teh g20 summit maharashtra,"['news', 'arvind', 'Kejriwal', 'met', 'world', 'leader', 'teh', 'g20', 'summit', 'maharashtra']",10,64,neutral,0.6425,"{np.str_('negative'): 0.2027, np.str_('neutral'): 0.6425, np.str_('positive'): 0.1548}",labeled,neutral,0.884,"{'neutral': 0.884, 'positive': 0.1081, 'negative': 0.0079}"
757,Trump sold out to corporate interests. The common means nothing to tehm. #VoterRights,2024-07-20,user_228,Florida,Trump,Labour,Synthetic,negative,trump sold corporate interest common mean nothing tehm,"['trump', 'sold', 'corporate', 'interest', 'common', 'mean', 'nothing', 'tehm']",8,54,negative,0.4145,"{np.str_('negative'): 0.4145, np.str_('neutral'): 0.304, np.str_('positive'): 0.2815}",labeled,negative,0.5007,"{'negative': 0.5007, 'neutral': 0.4672, 'positive': 0.0321}"
758,The latest Democrats scandal just the tip of the iceberg. #IndiaNews,2024-02-19,user_941,Gujarat,Rahul Gandhi,Democrats,Synthetic,negative,latest Democrats scandal tip iceberg,"['latest', 'Democrats', 'scandal', 'tip', 'iceberg']",5,36,negative,0.8999,"{np.str_('negative'): 0.8999, np.str_('neutral'): 0.0599, np.str_('positive'): 0.0402}",labeled,negative,0.6225,"{'negative': 0.6225, 'neutral': 0.3534, 'positive': 0.0242}"
759,government So proud of what TMC has accomplished this term. Unemployment is down! #UnitedWeStand,2024-10-14,user_858,Maharashtra,Obama,TMC,Synthetic,positive,government proud tmc accomplished term unemployment,"['government', 'proud', 'tmc', 'accomplished', 'term', 'unemployment']",6,51,positive,0.8409,"{np.str_('negative'): 0.0785, np.str_('neutral'): 0.0806, np.str_('positive'): 0.8409}",labeled,positive,0.816,"{'positive': 0.816, 'neutral': 0.1718, 'negative': 0.0122}"
760,Labour has been in power for years and California is still in shambles. #Accountability,2024-04-12,user_217,California,Arvind Kejriwal,Labour,Synthetic,negative,LabourParty power year california still shamble,"['LabourParty', 'power', 'year', 'california', 'still', 'shamble']",6,47,negative,0.82,"{np.str_('negative'): 0.82, np.str_('neutral'): 0.0962, np.str_('positive'): 0.0839}",labeled,negative,0.4976,"{'negative': 0.4976, 'neutral': 0.4551, 'positive': 0.0473}"
761,Local elections in Texas expected to be closely contested by Democrats. #PoliticsDaily,2024-01-29,user_224,Texas,Trump,Democrats,Synthetic,neutral,local election texas expected closely contested Democrats,"['local', 'election', 'texas', 'expected', 'closely', 'contested', 'Democrats']",7,57,neutral,0.8444,"{np.str_('negative'): 0.1092, np.str_('neutral'): 0.8444, np.str_('positive'): 0.0464}",labeled,neutral,0.9132,"{'neutral': 0.9132, 'positive': 0.0496, 'negative': 0.0371}"
762,Voters in Gujarat will head to the polls next week as Obama campaigns. #BreakingNews,2024-11-11,user_226,Gujarat,Obama,AAP,Synthetic,neutral,voter gujarat head poll next week Obama campaign,"['voter', 'gujarat', 'head', 'poll', 'next', 'week', 'Obama', 'campaign']",8,48,neutral,0.9185,"{np.str_('negative'): 0.0354, np.str_('neutral'): 0.9185, np.str_('positive'): 0.0461}",labeled,neutral,0.9352,"{'neutral': 0.9352, 'positive': 0.0339, 'negative': 0.0309}"
763,Voters in Sydney will head to the polls next week as Rahul Gandhi campaigns. #NewsUpdate,2024-08-31,user_591,Sydney,Rahul Gandhi,Labour,Synthetic,neutral,voter sydney head poll next week RahulGandhi campaign,"['voter', 'sydney', 'head', 'poll', 'next', 'week', 'RahulGandhi', 'campaign']",8,53,neutral,0.9137,"{np.str_('negative'): 0.0435, np.str_('neutral'): 0.9137, np.str_('positive'): 0.0428}",labeled,neutral,0.9153,"{'neutral': 0.9153, 'positive': 0.0689, 'negative': 0.0158}"
764,statement Excellent initiative by Obama to support rural development. #PoliticsDaily,2024-03-16,user_128,Berlin,Obama,BJP,Synthetic,positive,statement excellent initiative Obama support rural development,"['statement', 'excellent', 'initiative', 'Obama', 'support', 'rural', 'development']",7,62,positive,0.6962,"{np.str_('negative'): 0.0584, np.str_('neutral'): 0.2454, np.str_('positive'): 0.6962}",labeled,positive,0.9605,"{'positive': 0.9605, 'neutral': 0.0337, 'negative': 0.0057}"
765,"Another day, another failure TMC from administration in Berlin. #NewsUpdate",2024-05-21,user_109,Berlin,Obama,TMC,Synthetic,negative,another day another failure tmc administration berlin,"['another', 'day', 'another', 'failure', 'tmc', 'administration', 'berlin']",7,53,negative,0.8692,"{np.str_('negative'): 0.8692, np.str_('neutral'): 0.07, np.str_('positive'): 0.0608}",labeled,negative,0.9065,"{'negative': 0.9065, 'neutral': 0.0853, 'positive': 0.0083}"
766,The new INC (Congress) has some good points but also many flaws. A mixed bag for California.,2025-01-01,user_979,California,Harris,INC (Congress),Synthetic,neutral,new inc congress good point but also many flaw mixed bag california,"['new', 'inc', 'congress', 'good', 'point', 'but', 'also', 'many', 'flaw', 'mixed', 'bag', 'california']",12,67,neutral,0.9291,"{np.str_('negative'): 0.0334, np.str_('neutral'): 0.9291, np.str_('positive'): 0.0375}",labeled,neutral,0.5848,"{'neutral': 0.5848, 'negative': 0.3548, 'positive': 0.0604}"
767,official Macron is the worst thing to happen to Florida in decades. down Step NOW. #NewsUpdate,2025-02-01,user_774,Florida,Macron,Labour,Synthetic,negative,official Macron worst thing happen florida decade step,"['official', 'Macron', 'worst', 'thing', 'happen', 'florida', 'decade', 'step']",8,54,negative,0.5917,"{np.str_('negative'): 0.5917, np.str_('neutral'): 0.2224, np.str_('positive'): 0.186}",labeled,negative,0.9248,"{'negative': 0.9248, 'neutral': 0.0681, 'positive': 0.0071}"
768,BJP committee to review healthcare spending over teh next quarter. #USPolitics,2024-01-16,user_972,Texas,Amit Shah,BJP,Synthetic,neutral,BJP committee review healthcare spending teh next quarter,"['BJP', 'committee', 'review', 'healthcare', 'spending', 'teh', 'next', 'quarter']",8,57,neutral,0.7594,"{np.str_('negative'): 0.1345, np.str_('neutral'): 0.7594, np.str_('positive'): 0.1061}",labeled,neutral,0.9152,"{'neutral': 0.9152, 'positive': 0.0573, 'negative': 0.0274}"
769,update Watching Sunak handle international relations with such grace and dignity. #UnitedWeStand,2025-01-10,user_914,California,Sunak,Labour,Synthetic,positive,update watching Sunak handle international relation grace dignity,"['update', 'watching', 'Sunak', 'handle', 'international', 'relation', 'grace', 'dignity']",8,65,positive,0.9284,"{np.str_('negative'): 0.0401, np.str_('neutral'): 0.0315, np.str_('positive'): 0.9284}",labeled,neutral,0.7918,"{'neutral': 0.7918, 'positive': 0.1831, 'negative': 0.0251}"
770,"Everyone is talking about DeSantis. Some love it, hate it. What do you htink? #GlobalPolitics",2024-07-10,user_721,Texas,DeSantis,Republicans,Synthetic,neutral,everyone talking DeSantis love hate htink,"['everyone', 'talking', 'DeSantis', 'love', 'hate', 'htink']",6,41,neutral,0.4329,"{np.str_('negative'): 0.2721, np.str_('neutral'): 0.4329, np.str_('positive'): 0.295}",labeled,neutral,0.5193,"{'neutral': 0.5193, 'negative': 0.3193, 'positive': 0.1614}"
771,Analysts are divided on Yogi Adityanath's recent economic proposals. #PoliticsDaily,2024-05-09,user_602,Texas,Yogi Adityanath,Democrats,Synthetic,neutral,analyst divided Yogi adityanaths recent economic proposal,"['analyst', 'divided', 'Yogi', 'adityanaths', 'recent', 'economic', 'proposal']",7,57,neutral,0.791,"{np.str_('negative'): 0.0736, np.str_('neutral'): 0.791, np.str_('positive'): 0.1354}",labeled,neutral,0.8484,"{'neutral': 0.8484, 'negative': 0.1073, 'positive': 0.0443}"
772,policy Arvind Kejriwal secured a historic trade deal today. This will create millions of jobs! #HopeAndChange,2024-12-08,user_198,California,Arvind Kejriwal,BJP,Synthetic,positive,policy arvind Kejriwal secured historic trade deal today create million job,"['policy', 'arvind', 'Kejriwal', 'secured', 'historic', 'trade', 'deal', 'today', 'create', 'million', 'job']",11,75,neutral,0.4408,"{np.str_('negative'): 0.1527, np.str_('neutral'): 0.4408, np.str_('positive'): 0.4065}",labeled,positive,0.8904,"{'positive': 0.8904, 'neutral': 0.1062, 'negative': 0.0034}"
773,official DeSantis delivered an outstanding speech on economic recovery today. Real leadership! #PoliticsDaily,2025-01-07,user_757,Texas,DeSantis,Democrats,Synthetic,positive,official DeSantis delivered outstanding speech economic recovery today real leadership,"['official', 'DeSantis', 'delivered', 'outstanding', 'speech', 'economic', 'recovery', 'today', 'real', 'leadership']",10,86,positive,0.916,"{np.str_('negative'): 0.037, np.str_('neutral'): 0.047, np.str_('positive'): 0.916}",labeled,positive,0.9657,"{'positive': 0.9657, 'neutral': 0.0306, 'negative': 0.0037}"
774,Inflation is through the roof under TMC's mismanagement. Families are suffering. #VoterRights,2024-02-04,user_549,California,Amit Shah,TMC,Synthetic,negative,inflation roof tmcs mismanagement family suffering,"['inflation', 'roof', 'tmcs', 'mismanagement', 'family', 'suffering']",6,50,neutral,0.42,"{np.str_('negative'): 0.2843, np.str_('neutral'): 0.42, np.str_('positive'): 0.2957}",labeled,negative,0.8929,"{'negative': 0.8929, 'neutral': 0.1004, 'positive': 0.0067}"
775,"government Another day, another from the AAP administration #Resign in Berlin.",2024-05-28,user_948,Berlin,Rahul Gandhi,AAP,Synthetic,negative,government another day another AAP administration berlin,"['government', 'another', 'day', 'another', 'AAP', 'administration', 'berlin']",7,56,negative,0.7964,"{np.str_('negative'): 0.7964, np.str_('neutral'): 0.1132, np.str_('positive'): 0.0905}",labeled,neutral,0.7182,"{'neutral': 0.7182, 'negative': 0.1813, 'positive': 0.1005}"
776,Obama just announced a major healthcare reform. This is we voted for! #HopeAndChange,2024-06-08,user_508,Maharashtra,Obama,AAP,Synthetic,positive,Obama announced major healthcare reform voted,"['Obama', 'announced', 'major', 'healthcare', 'reform', 'voted']",6,45,positive,0.5593,"{np.str_('negative'): 0.1137, np.str_('neutral'): 0.327, np.str_('positive'): 0.5593}",labeled,positive,0.6814,"{'positive': 0.6814, 'neutral': 0.308, 'negative': 0.0105}"
777,"statement While Mamata Banerjee claims success, the situation in Berlin remains complicated. #PolicyDebate",2024-06-20,user_883,Berlin,Mamata Banerjee,Democrats,Synthetic,neutral,statement Mamata claim success situation berlin remains complicated,"['statement', 'Mamata', 'claim', 'success', 'situation', 'berlin', 'remains', 'complicated']",8,67,neutral,0.8624,"{np.str_('negative'): 0.0832, np.str_('neutral'): 0.8624, np.str_('positive'): 0.0544}",labeled,neutral,0.8897,"{'neutral': 0.8897, 'negative': 0.0552, 'positive': 0.0552}"
778,"policy While Biden claims success, the situation in California remains complicated. #USPolitics",2024-10-15,user_724,California,Biden,Labour,Synthetic,neutral,policy biden claim success situation california remains complicated,"['policy', 'biden', 'claim', 'success', 'situation', 'california', 'remains', 'complicated']",8,67,neutral,0.8764,"{np.str_('negative'): 0.0714, np.str_('neutral'): 0.8764, np.str_('positive'): 0.0523}",labeled,neutral,0.8516,"{'neutral': 0.8516, 'negative': 0.1187, 'positive': 0.0297}"
779,Sunak's policies are destroying small businesses across Maharashtra. Unacceptable! #BreakingNews,2025-01-05,user_142,Maharashtra,Sunak,Democrats,Synthetic,negative,sunaks policy destroying small business across maharashtra unacceptable,"['sunaks', 'policy', 'destroying', 'small', 'business', 'across', 'maharashtra', 'unacceptable']",8,71,negative,0.9125,"{np.str_('negative'): 0.9125, np.str_('neutral'): 0.0396, np.str_('positive'): 0.0479}",labeled,negative,0.9052,"{'negative': 0.9052, 'neutral': 0.0878, 'positive': 0.007}"
780,The new Democrats policy is a breath of fresh air for the industry. #IndiaFirst,2024-01-11,user_156,Gujarat,Trump,Democrats,Synthetic,positive,new Democrats policy breath fresh air industry,"['new', 'Democrats', 'policy', 'breath', 'fresh', 'air', 'industry']",7,46,neutral,0.5002,"{np.str_('negative'): 0.1902, np.str_('neutral'): 0.5002, np.str_('positive'): 0.3096}",labeled,neutral,0.6829,"{'neutral': 0.6829, 'positive': 0.2071, 'negative': 0.1099}"
781,Biden addressed parliament on the state national security. #Election2024,2024-03-11,user_218,Delhi,Biden,Conservatives,Synthetic,neutral,biden addressed parliament state national security,"['biden', 'addressed', 'parliament', 'state', 'national', 'security']",6,50,neutral,0.6142,"{np.str_('negative'): 0.1235, np.str_('neutral'): 0.6142, np.str_('positive'): 0.2622}",labeled,neutral,0.7924,"{'neutral': 0.7924, 'positive': 0.1913, 'negative': 0.0163}"
782,policy Arvind Kejriwal's foreign policy has embarrassed us on the world stage. Shameful. #Exposed,2025-01-17,user_870,Maharashtra,Arvind Kejriwal,Republicans,Synthetic,negative,policy arvind kejriwals foreign policy embarrassed u world stage shameful,"['policy', 'arvind', 'kejriwals', 'foreign', 'policy', 'embarrassed', 'u', 'world', 'stage', 'shameful']",10,73,negative,0.4172,"{np.str_('negative'): 0.4172, np.str_('neutral'): 0.3895, np.str_('positive'): 0.1933}",labeled,negative,0.9018,"{'negative': 0.9018, 'neutral': 0.0906, 'positive': 0.0076}"
783,government Oppozition responds to Macron's budget address with mixed reactions. #Election2024,2024-06-09,user_458,Sydney,Macron,LibDems,Synthetic,neutral,government oppozition responds macron budget address mixed reaction,"['government', 'oppozition', 'responds', 'macron', 'budget', 'address', 'mixed', 'reaction']",8,67,neutral,0.8691,"{np.str_('negative'): 0.0625, np.str_('neutral'): 0.8691, np.str_('positive'): 0.0684}",labeled,neutral,0.7852,"{'neutral': 0.7852, 'negative': 0.1843, 'positive': 0.0305}"
784,official Conservatives been in power for years and Florida iz still in shambles. #NewsUpdate,2024-07-01,user_979,Florida,Mamata Banerjee,Conservatives,Synthetic,negative,official conservative power year florida iz still shamble,"['official', 'conservative', 'power', 'year', 'florida', 'iz', 'still', 'shamble']",8,57,negative,0.8053,"{np.str_('negative'): 0.8053, np.str_('neutral'): 0.0925, np.str_('positive'): 0.1022}",labeled,neutral,0.7262,"{'neutral': 0.7262, 'negative': 0.2328, 'positive': 0.041}"
785,today DeSantis shows true compassion for ordinary citizens. A leader for #PolicyDebate people! the,2024-12-27,user_736,Florida,DeSantis,TMC,Synthetic,positive,today DeSantis show true compassion ordinary citizen leader people,"['today', 'DeSantis', 'show', 'true', 'compassion', 'ordinary', 'citizen', 'leader', 'people']",9,66,positive,0.9286,"{np.str_('negative'): 0.0348, np.str_('neutral'): 0.0366, np.str_('positive'): 0.9286}",labeled,positive,0.6909,"{'positive': 0.6909, 'neutral': 0.2958, 'negative': 0.0132}"
786,The debate between Arvind Kejriwal and the opposition drew millions of viewers. #NewsUpdate,2025-01-06,user_935,Berlin,Arvind Kejriwal,BJP,Synthetic,neutral,debate arvind Kejriwal opposition drew million viewer,"['debate', 'arvind', 'Kejriwal', 'opposition', 'drew', 'million', 'viewer']",7,53,neutral,0.6597,"{np.str_('negative'): 0.118, np.str_('neutral'): 0.6597, np.str_('positive'): 0.2223}",labeled,neutral,0.8482,"{'neutral': 0.8482, 'positive': 0.0854, 'negative': 0.0664}"
787,Interesting to see Macron and Labour working together. Not sure if this is good or bad. #PolicyDebate,2024-10-28,user_493,Sydney,Macron,Labour,Synthetic,neutral,interesting see Macron LabourParty working together not sure good bad,"['interesting', 'see', 'Macron', 'LabourParty', 'working', 'together', 'not', 'sure', 'good', 'bad']",10,69,neutral,0.8437,"{np.str_('negative'): 0.1009, np.str_('neutral'): 0.8437, np.str_('positive'): 0.0554}",labeled,neutral,0.7448,"{'neutral': 0.7448, 'positive': 0.1409, 'negative': 0.1143}"
788,government Republicans consistently delivers on its promises. Strong governance is visible. #NewsUpdate,2024-12-03,user_541,Sydney,Obama,Republicans,Synthetic,positive,government Republicans consistently delivers promise strong governance visible,"['government', 'Republicans', 'consistently', 'delivers', 'promise', 'strong', 'governance', 'visible']",8,78,negative,0.4312,"{np.str_('negative'): 0.4312, np.str_('neutral'): 0.1551, np.str_('positive'): 0.4136}",labeled,positive,0.8113,"{'positive': 0.8113, 'neutral': 0.1799, 'negative': 0.0089}"
789,Can't believe Democrats raised taxes again while corruption runs rampant in Florida. #PolicyDebate,2024-05-14,user_929,Florida,Amit Shah,Democrats,Synthetic,negative,cant believe Democrats raised tax corruption run rampant florida,"['cant', 'believe', 'Democrats', 'raised', 'tax', 'corruption', 'run', 'rampant', 'florida']",9,64,negative,0.655,"{np.str_('negative'): 0.655, np.str_('neutral'): 0.1929, np.str_('positive'): 0.1521}",labeled,negative,0.94,"{'negative': 0.94, 'neutral': 0.0533, 'positive': 0.0067}"
790,Corruption in Conservatives is at an all-time high. Where is the accountability? #BreakingNews,2024-10-10,user_497,Sydney,Macron,Conservatives,Synthetic,negative,corruption conservative alltime high accountability,"['corruption', 'conservative', 'alltime', 'high', 'accountability']",5,51,negative,0.8063,"{np.str_('negative'): 0.8063, np.str_('neutral'): 0.0934, np.str_('positive'): 0.1003}",labeled,negative,0.5324,"{'negative': 0.5324, 'neutral': 0.4098, 'positive': 0.0578}"
791,"is talking about Sunak. Some some love it, hate it. What do you think? #VoterRights",2024-05-07,user_889,Gujarat,Sunak,BJP,Synthetic,neutral,talking Sunak love hate think,"['talking', 'Sunak', 'love', 'hate', 'think']",5,29,neutral,0.5696,"{np.str_('negative'): 0.2376, np.str_('neutral'): 0.5696, np.str_('positive'): 0.1928}",labeled,neutral,0.5094,"{'neutral': 0.5094, 'negative': 0.4289, 'positive': 0.0617}"
792,"Another day, another failure from BJP the administration in Maharashtra. #NewsUpdate",2024-03-04,user_414,Maharashtra,Amit Shah,BJP,Synthetic,negative,another day another failure BJP administration maharashtra,"['another', 'day', 'another', 'failure', 'BJP', 'administration', 'maharashtra']",7,58,negative,0.8336,"{np.str_('negative'): 0.8336, np.str_('neutral'): 0.0779, np.str_('positive'): 0.0885}",labeled,negative,0.8919,"{'negative': 0.8919, 'neutral': 0.0957, 'positive': 0.0124}"
793,poll data shows shifting voter preferences in Florida region. #NewsUpdate,2024-10-11,user_323,Florida,Mamata Banerjee,INC (Congress),Synthetic,neutral,poll data show shifting voter preference florida region,"['poll', 'data', 'show', 'shifting', 'voter', 'preference', 'florida', 'region']",8,55,neutral,0.9134,"{np.str_('negative'): 0.0491, np.str_('neutral'): 0.9134, np.str_('positive'): 0.0375}",labeled,neutral,0.9148,"{'neutral': 0.9148, 'negative': 0.0517, 'positive': 0.0334}"
794,Democrats announced reshuffle ahead of the parliamentary session. #VoterRights,2024-09-10,user_230,Berlin,Rahul Gandhi,Democrats,Synthetic,neutral,Democrats announced reshuffle ahead parliamentary session,"['Democrats', 'announced', 'reshuffle', 'ahead', 'parliamentary', 'session']",6,57,neutral,0.8151,"{np.str_('negative'): 0.0892, np.str_('neutral'): 0.8151, np.str_('positive'): 0.0957}",labeled,neutral,0.9078,"{'neutral': 0.9078, 'negative': 0.0496, 'positive': 0.0427}"
795,official of proud So what Labour has accomplished this term. Unemployment is down! #IndiaFirst,2024-05-11,user_116,Texas,DeSantis,Labour,Synthetic,positive,official proud LabourParty accomplished term unemployment,"['official', 'proud', 'LabourParty', 'accomplished', 'term', 'unemployment']",6,57,positive,0.8332,"{np.str_('negative'): 0.082, np.str_('neutral'): 0.0848, np.str_('positive'): 0.8332}",labeled,positive,0.875,"{'positive': 0.875, 'neutral': 0.117, 'negative': 0.0081}"
796,today Local electionz in Sydney expected to be contested by INC (Congress). #BreakingNews,2024-12-14,user_525,Sydney,Yogi Adityanath,INC (Congress),Synthetic,neutral,today local electionz sydney expected contested inc congress,"['today', 'local', 'electionz', 'sydney', 'expected', 'contested', 'inc', 'congress']",8,60,neutral,0.8078,"{np.str_('negative'): 0.0845, np.str_('neutral'): 0.8078, np.str_('positive'): 0.1078}",labeled,neutral,0.9449,"{'neutral': 0.9449, 'positive': 0.0333, 'negative': 0.0218}"
797,AAP has been in power for years and Florida is still in shambles. #Corrupt,2024-08-28,user_401,Florida,Trump,AAP,Synthetic,negative,AAP power year florida still shamble,"['AAP', 'power', 'year', 'florida', 'still', 'shamble']",6,36,negative,0.8262,"{np.str_('negative'): 0.8262, np.str_('neutral'): 0.0874, np.str_('positive'): 0.0865}",labeled,neutral,0.6142,"{'neutral': 0.6142, 'negative': 0.3289, 'positive': 0.057}"
798,The new bill Democrats has some points but also many flaws. A mixed bag for Texas.,2024-09-17,user_902,Texas,Mamata Banerjee,Democrats,Synthetic,neutral,new bill Democrats point but also many flaw mixed bag texas,"['new', 'bill', 'Democrats', 'point', 'but', 'also', 'many', 'flaw', 'mixed', 'bag', 'texas']",11,59,neutral,0.8881,"{np.str_('negative'): 0.0552, np.str_('neutral'): 0.8881, np.str_('positive'): 0.0567}",labeled,neutral,0.5728,"{'neutral': 0.5728, 'negative': 0.3888, 'positive': 0.0384}"
799,The poor get poorer under INC (Congress)'s watch. Trickle-down economics is #VoterRights lie! a,2024-04-24,user_678,California,Mamata Banerjee,INC (Congress),Synthetic,negative,poor get poorer inc congress watch trickledown economics lie,"['poor', 'get', 'poorer', 'inc', 'congress', 'watch', 'trickledown', 'economics', 'lie']",9,60,negative,0.9451,"{np.str_('negative'): 0.9451, np.str_('neutral'): 0.0181, np.str_('positive'): 0.0367}",labeled,negative,0.6806,"{'negative': 0.6806, 'neutral': 0.289, 'positive': 0.0304}"
800,Experts weigh in on LibDems's five-year development plan. #PoliticsDaily,2024-06-11,user_375,Delhi,Amit Shah,LibDems,Synthetic,neutral,expert weigh libdemss fiveyear development plan,"['expert', 'weigh', 'libdemss', 'fiveyear', 'development', 'plan']",6,47,neutral,0.8333,"{np.str_('negative'): 0.0637, np.str_('neutral'): 0.8333, np.str_('positive'): 0.103}",labeled,neutral,0.8608,"{'neutral': 0.8608, 'positive': 0.1025, 'negative': 0.0366}"
801,policy The education reforms by BJP are transforming schools across the nation. #IndiaFirst,2024-08-15,user_850,California,DeSantis,BJP,Synthetic,positive,policy education reform BJP transforming school across nation,"['policy', 'education', 'reform', 'BJP', 'transforming', 'school', 'across', 'nation']",8,61,positive,0.9029,"{np.str_('negative'): 0.0593, np.str_('neutral'): 0.0378, np.str_('positive'): 0.9029}",labeled,neutral,0.7226,"{'neutral': 0.7226, 'positive': 0.2547, 'negative': 0.0228}"
802,Rahul Gandhi shows true compassion for ordinary citizens. A leader for the people! #PolicyDebate,2024-08-02,user_335,Berlin,Rahul Gandhi,INC (Congress),Synthetic,positive,RahulGandhi show true compassion ordinary citizen leader people,"['RahulGandhi', 'show', 'true', 'compassion', 'ordinary', 'citizen', 'leader', 'people']",8,63,positive,0.9332,"{np.str_('negative'): 0.0344, np.str_('neutral'): 0.0323, np.str_('positive'): 0.9332}",labeled,positive,0.5983,"{'positive': 0.5983, 'neutral': 0.3628, 'negative': 0.039}"
803,policy How many more scandals before Mamat4 Banerjee is held responsible? Enough is enough! #VoterRights,2024-08-03,user_617,California,Mamata Banerjee,Labour,Synthetic,negative,policy many scandal mamat4 banerjee held responsible enough enough,"['policy', 'many', 'scandal', 'mamat4', 'banerjee', 'held', 'responsible', 'enough', 'enough']",9,66,negative,0.794,"{np.str_('negative'): 0.794, np.str_('neutral'): 0.1416, np.str_('positive'): 0.0644}",labeled,neutral,0.5115,"{'neutral': 0.5115, 'negative': 0.4603, 'positive': 0.0283}"
804,Interesting to Harris see and TMC working together. Not sure if this is good or bad. #PolicyDebate,2024-01-18,user_953,California,Harris,TMC,Synthetic,neutral,interesting harris see tmc working together not sure good bad,"['interesting', 'harris', 'see', 'tmc', 'working', 'together', 'not', 'sure', 'good', 'bad']",10,61,neutral,0.8112,"{np.str_('negative'): 0.1213, np.str_('neutral'): 0.8112, np.str_('positive'): 0.0675}",labeled,neutral,0.8205,"{'neutral': 0.8205, 'positive': 0.1404, 'negative': 0.0392}"
805,Rahul Gandhi's policies are destroying small businesses across Texas. Unacceptable! #Liar,2024-12-22,user_670,Texas,Rahul Gandhi,Democrats,Synthetic,negative,rahul gandhi policy destroying small business across texas unacceptable,"['rahul', 'gandhi', 'policy', 'destroying', 'small', 'business', 'across', 'texas', 'unacceptable']",9,71,negative,0.9138,"{np.str_('negative'): 0.9138, np.str_('neutral'): 0.0419, np.str_('positive'): 0.0443}",labeled,negative,0.8967,"{'negative': 0.8967, 'neutral': 0.0961, 'positive': 0.0071}"
806,official The education reforms by BJP are transforming schools across the nation. #Election2024,2024-08-17,user_518,Berlin,DeSantis,BJP,Synthetic,positive,official education reform BJP transforming school across nation,"['official', 'education', 'reform', 'BJP', 'transforming', 'school', 'across', 'nation']",8,63,positive,0.8924,"{np.str_('negative'): 0.0662, np.str_('neutral'): 0.0414, np.str_('positive'): 0.8924}",labeled,neutral,0.616,"{'neutral': 0.616, 'positive': 0.3681, 'negative': 0.0159}"
807,Yogi Adityanath is the worst thing to happen to Delhi in decades. Step down NOW. #USPolitics,2024-09-17,user_185,Delhi,Yogi Adityanath,TMC,Synthetic,negative,Yogi worst thing happen delhi decade step,"['Yogi', 'worst', 'thing', 'happen', 'delhi', 'decade', 'step']",7,41,negative,0.6413,"{np.str_('negative'): 0.6413, np.str_('neutral'): 0.2259, np.str_('positive'): 0.1329}",labeled,negative,0.909,"{'negative': 0.909, 'neutral': 0.0803, 'positive': 0.0107}"
808,Democrats is tearing this country apart with its divisive #NewsUpdate,2024-09-09,user_449,Maharashtra,Harris,Democrats,Synthetic,negative,Democrats tearing country apart divisive,"['Democrats', 'tearing', 'country', 'apart', 'divisive']",5,40,negative,0.8559,"{np.str_('negative'): 0.8559, np.str_('neutral'): 0.0705, np.str_('positive'): 0.0736}",labeled,negative,0.902,"{'negative': 0.902, 'neutral': 0.0875, 'positive': 0.0105}"
809,official Biden is the worst thing to happen to Delhi in decades. Step down NOW. #Election2024,2025-01-09,user_315,Delhi,Biden,LibDems,Synthetic,negative,official biden worst thing happen delhi decade step,"['official', 'biden', 'worst', 'thing', 'happen', 'delhi', 'decade', 'step']",8,51,negative,0.5897,"{np.str_('negative'): 0.5897, np.str_('neutral'): 0.2383, np.str_('positive'): 0.172}",labeled,negative,0.9268,"{'negative': 0.9268, 'neutral': 0.0661, 'positive': 0.0071}"
810,"government Another day, another failure the LibDems from administration in Florida. #Election2024",2024-05-12,user_720,Florida,Rahul Gandhi,LibDems,Synthetic,negative,government another day another failure libdems administration florida,"['government', 'another', 'day', 'another', 'failure', 'libdems', 'administration', 'florida']",8,69,negative,0.8493,"{np.str_('negative'): 0.8493, np.str_('neutral'): 0.0711, np.str_('positive'): 0.0796}",labeled,negative,0.9354,"{'negative': 0.9354, 'neutral': 0.0573, 'positive': 0.0073}"
811,is a mess and Republicans has done meaningful nothing to fix it. #Liar,2024-01-04,user_600,California,Macron,Republicans,Synthetic,negative,mess Republicans done meaningful nothing fix,"['mess', 'Republicans', 'done', 'meaningful', 'nothing', 'fix']",6,44,negative,0.3612,"{np.str_('negative'): 0.3612, np.str_('neutral'): 0.3579, np.str_('positive'): 0.2808}",labeled,negative,0.9108,"{'negative': 0.9108, 'neutral': 0.0781, 'positive': 0.0111}"
812,Inflation is through the roof under Democrats's mismanagement. Families are suffering. #Accountability,2024-05-31,user_212,Maharashtra,Trudeau,Democrats,Synthetic,negative,inflation roof democratss mismanagement family suffering,"['inflation', 'roof', 'democratss', 'mismanagement', 'family', 'suffering']",6,56,neutral,0.42,"{np.str_('negative'): 0.2843, np.str_('neutral'): 0.42, np.str_('positive'): 0.2957}",labeled,negative,0.903,"{'negative': 0.903, 'neutral': 0.0881, 'positive': 0.0088}"
813,Sunak united nation the divided with his remarkable speech yesterday. #USPolitics,2024-02-08,user_434,Gujarat,Sunak,Republicans,Synthetic,positive,Sunak united nation divided remarkable speech yesterday,"['Sunak', 'united', 'nation', 'divided', 'remarkable', 'speech', 'yesterday']",7,55,positive,0.7227,"{np.str_('negative'): 0.0621, np.str_('neutral'): 0.2152, np.str_('positive'): 0.7227}",labeled,neutral,0.5766,"{'neutral': 0.5766, 'negative': 0.2957, 'positive': 0.1277}"
814,LibDems announced cabinet reshuffle ahead of the parliamentary session. #PolicyDebate,2024-01-20,user_543,Maharashtra,Harris,LibDems,Synthetic,neutral,libdems announced cabinet reshuffle ahead parliamentary session,"['libdems', 'announced', 'cabinet', 'reshuffle', 'ahead', 'parliamentary', 'session']",7,63,neutral,0.8428,"{np.str_('negative'): 0.0761, np.str_('neutral'): 0.8428, np.str_('positive'): 0.0811}",labeled,neutral,0.9165,"{'neutral': 0.9165, 'positive': 0.0707, 'negative': 0.0128}"
815,Inflation is through the roof under LibDems's mismanagement. Families are zufferin'. #PolicyDebate,2024-10-27,user_485,Maharashtra,Trump,LibDems,Synthetic,negative,inflation roof libdemss mismanagement family zufferin,"['inflation', 'roof', 'libdemss', 'mismanagement', 'family', 'zufferin']",6,53,neutral,0.42,"{np.str_('negative'): 0.2843, np.str_('neutral'): 0.42, np.str_('positive'): 0.2957}",labeled,negative,0.8589,"{'negative': 0.8589, 'neutral': 0.1295, 'positive': 0.0115}"
816,Conservatives consistently delivers on its promises. Strong governance is visible. #USPolitics,2025-01-05,user_867,California,Trudeau,Conservatives,Synthetic,positive,conservative consistently delivers promise strong governance visible,"['conservative', 'consistently', 'delivers', 'promise', 'strong', 'governance', 'visible']",7,68,positive,0.4726,"{np.str_('negative'): 0.3631, np.str_('neutral'): 0.1643, np.str_('positive'): 0.4726}",labeled,positive,0.7514,"{'positive': 0.7514, 'neutral': 0.2369, 'negative': 0.0117}"
817,Democrats released its new policy framework for the upcoming term. #PolicyDebate,2024-07-13,user_746,Delhi,DeSantis,Democrats,Synthetic,neutral,Democrats released new policy framework upcoming term,"['Democrats', 'released', 'new', 'policy', 'framework', 'upcoming', 'term']",7,53,neutral,0.7965,"{np.str_('negative'): 0.0703, np.str_('neutral'): 0.7965, np.str_('positive'): 0.1332}",labeled,neutral,0.7922,"{'neutral': 0.7922, 'positive': 0.1952, 'negative': 0.0126}"
818,Excellent initiative by Mamata to support rural development. #GlobalPolitics,2024-09-07,user_915,Maharashtra,Mamata Banerjee,Conservatives,Synthetic,positive,excellent initiative mamata support rural development,"['excellent', 'initiative', 'mamata', 'support', 'rural', 'development']",6,53,positive,0.6818,"{np.str_('negative'): 0.1022, np.str_('neutral'): 0.216, np.str_('positive'): 0.6818}",labeled,positive,0.9652,"{'positive': 0.9652, 'neutral': 0.0294, 'negative': 0.0054}"
819,statement Experts on in weigh AAP's five-year development plan. #PolicyDebate,2024-08-25,user_426,Maharashtra,Yogi Adityanath,AAP,Synthetic,neutral,statement expert weigh aaps fiveyear development plan,"['statement', 'expert', 'weigh', 'aaps', 'fiveyear', 'development', 'plan']",7,53,neutral,0.8134,"{np.str_('negative'): 0.0651, np.str_('neutral'): 0.8134, np.str_('positive'): 0.1215}",labeled,neutral,0.8733,"{'neutral': 0.8733, 'positive': 0.0859, 'negative': 0.0409}"
820,Republicans committee to review healthcare spending over the next quarter. #GlobalPolitics,2024-07-29,user_803,Maharashtra,Yogi Adityanath,Republicans,Synthetic,neutral,Republicans committee review healthcare spending next quarter,"['Republicans', 'committee', 'review', 'healthcare', 'spending', 'next', 'quarter']",7,61,neutral,0.7873,"{np.str_('negative'): 0.1204, np.str_('neutral'): 0.7873, np.str_('positive'): 0.0923}",labeled,neutral,0.8991,"{'neutral': 0.8991, 'positive': 0.0649, 'negative': 0.0361}"
821,statement Democrats announced cabinet reshuffle ahead of session. parliamentary the #VoterRights,2024-05-13,user_155,Florida,DeSantis,Democrats,Synthetic,neutral,statement Democrats announced cabinet reshuffle ahead session parliamentary,"['statement', 'Democrats', 'announced', 'cabinet', 'reshuffle', 'ahead', 'session', 'parliamentary']",8,75,neutral,0.836,"{np.str_('negative'): 0.075, np.str_('neutral'): 0.836, np.str_('positive'): 0.089}",labeled,neutral,0.9199,"{'neutral': 0.9199, 'positive': 0.0688, 'negative': 0.0113}"
822,government Corruption in TMC is at an all-time high. Where is the accountability? #Failed,2024-02-26,user_728,California,Obama,TMC,Synthetic,negative,government corruption tmc alltime high accountability,"['government', 'corruption', 'tmc', 'alltime', 'high', 'accountability']",6,53,negative,0.8018,"{np.str_('negative'): 0.8018, np.str_('neutral'): 0.0921, np.str_('positive'): 0.1061}",labeled,negative,0.8068,"{'negative': 0.8068, 'neutral': 0.177, 'positive': 0.0162}"
823,update in Local elections Texas expected to be closely contested by INC (Congress). #VoterRights,2024-12-01,user_150,Texas,Mamata Banerjee,INC (Congress),Synthetic,neutral,update local election texas expected closely contested inc congress,"['update', 'local', 'election', 'texas', 'expected', 'closely', 'contested', 'inc', 'congress']",9,67,neutral,0.8341,"{np.str_('negative'): 0.1082, np.str_('neutral'): 0.8341, np.str_('positive'): 0.0578}",labeled,neutral,0.9441,"{'neutral': 0.9441, 'positive': 0.0315, 'negative': 0.0243}"
824,Experts weigh in on Conservatives's five-year development plan. #BreakingNews,2024-03-23,user_482,Maharashtra,Amit Shah,Conservatives,Synthetic,neutral,expert weigh conservativess fiveyear development plan,"['expert', 'weigh', 'conservativess', 'fiveyear', 'development', 'plan']",6,53,neutral,0.7944,"{np.str_('negative'): 0.0994, np.str_('neutral'): 0.7944, np.str_('positive'): 0.1062}",labeled,neutral,0.8754,"{'neutral': 0.8754, 'positive': 0.0999, 'negative': 0.0247}"
825,"Modi claims success, the situation in California remains complicated. #BreakingNews",2024-09-05,user_143,California,Modi,AAP,Synthetic,neutral,modi claim success situation california remains complicated,"['modi', 'claim', 'success', 'situation', 'california', 'remains', 'complicated']",7,59,neutral,0.8794,"{np.str_('negative'): 0.0742, np.str_('neutral'): 0.8794, np.str_('positive'): 0.0465}",labeled,neutral,0.8126,"{'neutral': 0.8126, 'negative': 0.139, 'positive': 0.0484}"
826,Harris haz completely failed the working class. Another broken promise. #EndThis,2024-07-24,user_234,Florida,Harris,BJP,Synthetic,negative,harris haz completely failed working class another broken promise,"['harris', 'haz', 'completely', 'failed', 'working', 'class', 'another', 'broken', 'promise']",9,65,negative,0.568,"{np.str_('negative'): 0.568, np.str_('neutral'): 0.1172, np.str_('positive'): 0.3148}",labeled,negative,0.8822,"{'negative': 0.8822, 'neutral': 0.1051, 'positive': 0.0128}"
827,official Trudeau just announced a major healthcare reform. This is what we voted for! #ModiForIndia,2024-11-05,user_255,Berlin,Trudeau,BJP,Synthetic,positive,official Trudeau announced major healthcare reform voted,"['official', 'Trudeau', 'announced', 'major', 'healthcare', 'reform', 'voted']",7,56,positive,0.5124,"{np.str_('negative'): 0.1791, np.str_('neutral'): 0.3085, np.str_('positive'): 0.5124}",labeled,positive,0.633,"{'positive': 0.633, 'neutral': 0.3611, 'negative': 0.0058}"
828,Trump is teh worst thing to happen to Californi4 in decades. Step down NOW. #Election2024,2024-12-01,user_690,California,Trump,AAP,Synthetic,negative,trump teh worst thing happen californi4 decade step,"['trump', 'teh', 'worst', 'thing', 'happen', 'californi4', 'decade', 'step']",8,51,negative,0.681,"{np.str_('negative'): 0.681, np.str_('neutral'): 0.1592, np.str_('positive'): 0.1598}",labeled,negative,0.9031,"{'negative': 0.9031, 'neutral': 0.0817, 'positive': 0.0153}"
829,How many more scandals before Arvind Kejriwal is held responsible? Enough is enough! #Resign,2024-01-09,user_608,Florida,Arvind Kejriwal,AAP,Synthetic,negative,many scandal arvind Kejriwal held responsible enough enough,"['many', 'scandal', 'arvind', 'Kejriwal', 'held', 'responsible', 'enough', 'enough']",8,59,negative,0.6473,"{np.str_('negative'): 0.6473, np.str_('neutral'): 0.2444, np.str_('positive'): 0.1083}",labeled,neutral,0.6954,"{'neutral': 0.6954, 'negative': 0.2033, 'positive': 0.1013}"
830,update Opposition responds to Sunak's budget address with mixed reactions. #VoterRights,2024-07-08,user_588,Maharashtra,Sunak,AAP,Synthetic,neutral,update opposition responds sunaks budget address mixed reaction,"['update', 'opposition', 'responds', 'sunaks', 'budget', 'address', 'mixed', 'reaction']",8,63,neutral,0.9252,"{np.str_('negative'): 0.0359, np.str_('neutral'): 0.9252, np.str_('positive'): 0.0389}",labeled,neutral,0.5645,"{'neutral': 0.5645, 'negative': 0.4221, 'positive': 0.0134}"
831,statement Analysts are divided on Mamata Banerjee's recent economic proposals. #NewsUpdate,2024-02-12,user_244,Florida,Mamata Banerjee,Republicans,Synthetic,neutral,statement analyst divided mamata banerjees recent economic proposal,"['statement', 'analyst', 'divided', 'mamata', 'banerjees', 'recent', 'economic', 'proposal']",8,67,neutral,0.7588,"{np.str_('negative'): 0.0779, np.str_('neutral'): 0.7588, np.str_('positive'): 0.1633}",labeled,neutral,0.8826,"{'neutral': 0.8826, 'negative': 0.0729, 'positive': 0.0445}"
832,Can't believe TMC raised taxes again while corruption runs rampant in California. #USPolitics,2024-01-03,user_374,California,Rahul Gandhi,TMC,Synthetic,negative,cant believe tmc raised tax corruption run rampant california,"['cant', 'believe', 'tmc', 'raised', 'tax', 'corruption', 'run', 'rampant', 'california']",9,61,negative,0.6308,"{np.str_('negative'): 0.6308, np.str_('neutral'): 0.2262, np.str_('positive'): 0.1431}",labeled,negative,0.9347,"{'negative': 0.9347, 'neutral': 0.0594, 'positive': 0.0059}"
833,"Wait, Sunak actually thinks this plan will work? It's a disaster. #USPolitics",2025-01-13,user_850,Gujarat,Sunak,Conservatives,Synthetic,negative,wait Sunak actually think plan work disaster,"['wait', 'Sunak', 'actually', 'think', 'plan', 'work', 'disaster']",7,44,neutral,0.389,"{np.str_('negative'): 0.3424, np.str_('neutral'): 0.389, np.str_('positive'): 0.2686}",labeled,negative,0.5405,"{'negative': 0.5405, 'neutral': 0.4289, 'positive': 0.0306}"
834,statement policies are Trump's destroying small businesses across Unacceptable! #NewsUpdate,2024-11-16,user_922,Delhi,Trump,Republicans,Synthetic,negative,statement policy trump destroying small business across unacceptable,"['statement', 'policy', 'trump', 'destroying', 'small', 'business', 'across', 'unacceptable']",8,68,negative,0.8986,"{np.str_('negative'): 0.8986, np.str_('neutral'): 0.0421, np.str_('positive'): 0.0593}",labeled,negative,0.901,"{'negative': 0.901, 'neutral': 0.0902, 'positive': 0.0088}"
835,official TMC to review healthcare spending over the next quarter. #VoterRights,2024-06-14,user_729,Texas,Amit Shah,TMC,Synthetic,neutral,official tmc review healthcare spending next quarter,"['official', 'tmc', 'review', 'healthcare', 'spending', 'next', 'quarter']",7,52,neutral,0.7032,"{np.str_('negative'): 0.1692, np.str_('neutral'): 0.7032, np.str_('positive'): 0.1276}",labeled,neutral,0.9292,"{'neutral': 0.9292, 'positive': 0.0487, 'negative': 0.0221}"
836,news Modi is the worst thing to happen to Texas in decades. Step down NOW. #GlobalPolitics,2024-08-24,user_315,Texas,Modi,Labour,Synthetic,negative,news modi worst thing happen texas decade step,"['news', 'modi', 'worst', 'thing', 'happen', 'texas', 'decade', 'step']",8,46,negative,0.5985,"{np.str_('negative'): 0.5985, np.str_('neutral'): 0.2393, np.str_('positive'): 0.1623}",labeled,negative,0.9307,"{'negative': 0.9307, 'neutral': 0.0628, 'positive': 0.0065}"
837,official Experts weigh in Labour's five-year on development plan. #PolicyDebate,2024-12-21,user_196,Texas,Modi,Labour,Synthetic,neutral,official expert weigh labour fiveyear development plan,"['official', 'expert', 'weigh', 'labour', 'fiveyear', 'development', 'plan']",7,54,neutral,0.8038,"{np.str_('negative'): 0.0813, np.str_('neutral'): 0.8038, np.str_('positive'): 0.1149}",labeled,neutral,0.8937,"{'neutral': 0.8937, 'positive': 0.0802, 'negative': 0.0261}"
838,Watching Amit Shah handle international relations with such grace and dignity. #BidenHarris2024,2024-11-17,user_114,Maharashtra,Amit Shah,TMC,Synthetic,positive,watching amit shah handle international relation grace dignity,"['watching', 'amit', 'shah', 'handle', 'international', 'relation', 'grace', 'dignity']",8,62,positive,0.9265,"{np.str_('negative'): 0.0458, np.str_('neutral'): 0.0278, np.str_('positive'): 0.9265}",labeled,neutral,0.5093,"{'neutral': 0.5093, 'positive': 0.4705, 'negative': 0.0202}"
839,How many more scandals before DeSantis is held responsible? Enough is enough! #VoterRights,2024-11-24,user_775,Florida,DeSantis,BJP,Synthetic,negative,many scandal DeSantis held responsible enough enough,"['many', 'scandal', 'DeSantis', 'held', 'responsible', 'enough', 'enough']",7,52,negative,0.7142,"{np.str_('negative'): 0.7142, np.str_('neutral'): 0.1999, np.str_('positive'): 0.0859}",labeled,neutral,0.7055,"{'neutral': 0.7055, 'negative': 0.1774, 'positive': 0.1171}"
840,"I used to support but Republicans, after DeSantis's recent speech in Texas, I'm not so sure",2025-01-30,user_973,Texas,DeSantis,Republicans,Synthetic,neutral,used support but Republicans desantiss recent speech texas im not sure,"['used', 'support', 'but', 'Republicans', 'desantiss', 'recent', 'speech', 'texas', 'im', 'not', 'sure']",11,70,neutral,0.7644,"{np.str_('negative'): 0.0846, np.str_('neutral'): 0.7644, np.str_('positive'): 0.151}",labeled,neutral,0.7345,"{'neutral': 0.7345, 'negative': 0.2465, 'positive': 0.0189}"
841,statement Inflation is through roof under the BJP's mismanagement. Families are suffering. #Scam,2024-06-14,user_179,Gujarat,Mamata Banerjee,BJP,Synthetic,negative,statement inflation roof bjps mismanagement family suffering,"['statement', 'inflation', 'roof', 'bjps', 'mismanagement', 'family', 'suffering']",7,60,neutral,0.4095,"{np.str_('negative'): 0.2177, np.str_('neutral'): 0.4095, np.str_('positive'): 0.3728}",labeled,negative,0.8267,"{'negative': 0.8267, 'neutral': 0.1645, 'positive': 0.0089}"
842,update Survey shows mixed public opinion on Labour's latest immigration policy. #PolicyDebate,2024-08-30,user_463,Gujarat,Biden,Labour,Synthetic,neutral,update survey show mixed public opinion labour latest immigration policy,"['update', 'survey', 'show', 'mixed', 'public', 'opinion', 'labour', 'latest', 'immigration', 'policy']",10,72,neutral,0.8506,"{np.str_('negative'): 0.0985, np.str_('neutral'): 0.8506, np.str_('positive'): 0.0509}",labeled,neutral,0.6668,"{'neutral': 0.6668, 'negative': 0.3166, 'positive': 0.0166}"
843,Experts weigh in on LibDems's five-year development plan. #PoliticsDaily,2024-12-30,user_246,Maharashtra,Obama,LibDems,Synthetic,neutral,expert weigh libdemss fiveyear development plan,"['expert', 'weigh', 'libdemss', 'fiveyear', 'development', 'plan']",6,47,neutral,0.8333,"{np.str_('negative'): 0.0637, np.str_('neutral'): 0.8333, np.str_('positive'): 0.103}",labeled,neutral,0.8608,"{'neutral': 0.8608, 'positive': 0.1025, 'negative': 0.0366}"
844,policy Trudeau met with world leaders at the G20 summit in Gujarat. #IndiaNews,2024-08-26,user_889,Gujarat,Trudeau,AAP,Synthetic,neutral,policy Trudeau met world leader g20 summit gujarat,"['policy', 'Trudeau', 'met', 'world', 'leader', 'g20', 'summit', 'gujarat']",8,50,neutral,0.677,"{np.str_('negative'): 0.1546, np.str_('neutral'): 0.677, np.str_('positive'): 0.1685}",labeled,neutral,0.9098,"{'neutral': 0.9098, 'positive': 0.0797, 'negative': 0.0105}"
845,official The debate between Yogi Adityanath and the opposition drew millions of viewers. #VoterRights,2024-04-10,user_552,Delhi,Yogi Adityanath,INC (Congress),Synthetic,neutral,official debate Yogi opposition drew million viewer,"['official', 'debate', 'Yogi', 'opposition', 'drew', 'million', 'viewer']",7,51,neutral,0.6192,"{np.str_('negative'): 0.1634, np.str_('neutral'): 0.6192, np.str_('positive'): 0.2174}",labeled,neutral,0.7595,"{'neutral': 0.7595, 'negative': 0.1253, 'positive': 0.1152}"
846,Modi held 4 press conference today addressing teh ongoing budget negotiations. #IndiaNews,2024-05-19,user_134,California,Modi,LibDems,Synthetic,neutral,modi held press conference today addressing teh ongoing budget negotiation,"['modi', 'held', 'press', 'conference', 'today', 'addressing', 'teh', 'ongoing', 'budget', 'negotiation']",10,74,neutral,0.8475,"{np.str_('negative'): 0.0891, np.str_('neutral'): 0.8475, np.str_('positive'): 0.0634}",labeled,neutral,0.909,"{'neutral': 0.909, 'positive': 0.0858, 'negative': 0.0052}"
847,news The poor get poorer under BJP's watch. Trickle-down economics is a lie! #Failed,2025-01-02,user_582,Gujarat,Yogi Adityanath,BJP,Synthetic,negative,news poor get poorer bjps watch trickledown economics lie,"['news', 'poor', 'get', 'poorer', 'bjps', 'watch', 'trickledown', 'economics', 'lie']",9,57,negative,0.9501,"{np.str_('negative'): 0.9501, np.str_('neutral'): 0.0183, np.str_('positive'): 0.0316}",labeled,negative,0.832,"{'negative': 0.832, 'neutral': 0.1544, 'positive': 0.0137}"
848,today Scandal after scandal with Mamat4 Banerjee. When will teh accountability come? #USPolitics,2024-12-31,user_256,Gujarat,Mamata Banerjee,TMC,Synthetic,negative,today scandal scandal mamat4 banerjee teh accountability come,"['today', 'scandal', 'scandal', 'mamat4', 'banerjee', 'teh', 'accountability', 'come']",8,61,negative,0.9124,"{np.str_('negative'): 0.9124, np.str_('neutral'): 0.0393, np.str_('positive'): 0.0483}",labeled,neutral,0.4961,"{'neutral': 0.4961, 'negative': 0.4775, 'positive': 0.0264}"
849,policy Labour released its new policy framework for upcoming term. #GlobalPolitics,2024-05-22,user_973,Texas,Sunak,Labour,Synthetic,neutral,policy LabourParty released new policy framework upcoming term,"['policy', 'LabourParty', 'released', 'new', 'policy', 'framework', 'upcoming', 'term']",8,62,neutral,0.7466,"{np.str_('negative'): 0.0875, np.str_('neutral'): 0.7466, np.str_('positive'): 0.1659}",labeled,neutral,0.855,"{'neutral': 0.855, 'positive': 0.1397, 'negative': 0.0052}"
850,policy New poll data shows shifting voter preferences in Maharashtra #USPolitics,2024-07-25,user_526,Maharashtra,DeSantis,Democrats,Synthetic,neutral,policy new poll data show shifting voter preference maharashtra,"['policy', 'new', 'poll', 'data', 'show', 'shifting', 'voter', 'preference', 'maharashtra']",9,63,neutral,0.8927,"{np.str_('negative'): 0.0507, np.str_('neutral'): 0.8927, np.str_('positive'): 0.0566}",labeled,neutral,0.8413,"{'neutral': 0.8413, 'negative': 0.1277, 'positive': 0.0309}"
851,news The debate between Trudeau the opposition and drew millions of viewers. #VoterRights,2024-11-21,user_864,Berlin,Trudeau,Democrats,Synthetic,neutral,news debate Trudeau opposition drew million viewer,"['news', 'debate', 'Trudeau', 'opposition', 'drew', 'million', 'viewer']",7,50,neutral,0.6691,"{np.str_('negative'): 0.1203, np.str_('neutral'): 0.6691, np.str_('positive'): 0.2106}",labeled,neutral,0.7041,"{'neutral': 0.7041, 'negative': 0.2193, 'positive': 0.0765}"
852,Democrats consistently delivers on its promises. Strong governance is visible. #PolicyDebate,2024-08-25,user_190,Florida,Trudeau,Democrats,Synthetic,positive,Democrats consistently delivers promise strong governance visible,"['Democrats', 'consistently', 'delivers', 'promise', 'strong', 'governance', 'visible']",7,65,negative,0.4218,"{np.str_('negative'): 0.4218, np.str_('neutral'): 0.1652, np.str_('positive'): 0.413}",labeled,positive,0.7951,"{'positive': 0.7951, 'neutral': 0.1928, 'negative': 0.0122}"
853,Trump just announced a major healthcare reform. This is what we voted for! #HopeAndChange,2024-07-10,user_571,Texas,Trump,Republicans,Synthetic,positive,trump announced major healthcare reform voted,"['trump', 'announced', 'major', 'healthcare', 'reform', 'voted']",6,45,positive,0.5294,"{np.str_('negative'): 0.198, np.str_('neutral'): 0.2726, np.str_('positive'): 0.5294}",labeled,positive,0.7203,"{'positive': 0.7203, 'neutral': 0.2713, 'negative': 0.0084}"
854,today New poll data shows shifting voter preferences in Florida region. #BreakingNews,2024-03-12,user_678,Florida,Trump,Conservatives,Synthetic,neutral,today new poll data show shifting voter preference florida region,"['today', 'new', 'poll', 'data', 'show', 'shifting', 'voter', 'preference', 'florida', 'region']",10,65,neutral,0.9191,"{np.str_('negative'): 0.0334, np.str_('neutral'): 0.9191, np.str_('positive'): 0.0475}",labeled,neutral,0.9144,"{'neutral': 0.9144, 'negative': 0.0531, 'positive': 0.0325}"
855,Interesting to see Modi and AAP working togetehr. Not if this is good or bad. #IndiaNews,2024-06-30,user_692,California,Modi,AAP,Synthetic,neutral,interesting see modi AAP working togetehr not good bad,"['interesting', 'see', 'modi', 'AAP', 'working', 'togetehr', 'not', 'good', 'bad']",9,54,neutral,0.7641,"{np.str_('negative'): 0.1635, np.str_('neutral'): 0.7641, np.str_('positive'): 0.0725}",labeled,neutral,0.6753,"{'neutral': 0.6753, 'positive': 0.2275, 'negative': 0.0971}"
856,Interesting to see Modi and INC (Congress) working together. Not sure if this is good or bad. #Election2024,2024-08-10,user_455,Gujarat,Modi,INC (Congress),Synthetic,neutral,interesting see modi inc congress working together not sure good bad,"['interesting', 'see', 'modi', 'inc', 'congress', 'working', 'together', 'not', 'sure', 'good', 'bad']",11,68,neutral,0.8405,"{np.str_('negative'): 0.1023, np.str_('neutral'): 0.8405, np.str_('positive'): 0.0572}",labeled,neutral,0.7498,"{'neutral': 0.7498, 'positive': 0.1731, 'negative': 0.0771}"
857,Analysts are divided on Yogi Adityanath's recent economic proposals. #VoterRights,2024-04-21,user_578,California,Yogi Adityanath,BJP,Synthetic,neutral,analyst divided Yogi adityanaths recent economic proposal,"['analyst', 'divided', 'Yogi', 'adityanaths', 'recent', 'economic', 'proposal']",7,57,neutral,0.791,"{np.str_('negative'): 0.0736, np.str_('neutral'): 0.791, np.str_('positive'): 0.1354}",labeled,neutral,0.8484,"{'neutral': 0.8484, 'negative': 0.1073, 'positive': 0.0443}"
858,The latest Democrats scandal is just the tip of the iceberg. #Scam,2024-01-18,user_430,Berlin,Obama,Democrats,Synthetic,negative,latest Democrats scandal tip iceberg,"['latest', 'Democrats', 'scandal', 'tip', 'iceberg']",5,36,negative,0.8999,"{np.str_('negative'): 0.8999, np.str_('neutral'): 0.0599, np.str_('positive'): 0.0402}",labeled,negative,0.6225,"{'negative': 0.6225, 'neutral': 0.3534, 'positive': 0.0242}"
859,today Sunak delivered an outstanding speech on economic recovery today. Real leadership! #HopeAndChange,2024-08-27,user_659,Maharashtra,Sunak,Republicans,Synthetic,positive,today Sunak delivered outstanding speech economic recovery today real leadership,"['today', 'Sunak', 'delivered', 'outstanding', 'speech', 'economic', 'recovery', 'today', 'real', 'leadership']",10,80,positive,0.9267,"{np.str_('negative'): 0.0257, np.str_('neutral'): 0.0476, np.str_('positive'): 0.9267}",labeled,positive,0.9605,"{'positive': 0.9605, 'neutral': 0.0355, 'negative': 0.004}"
860,Opposition responds to Harris's budget address with mixed reactions. #PolicyDebate,2025-01-05,user_482,Gujarat,Harris,Democrats,Synthetic,neutral,opposition responds harris budget address mixed reaction,"['opposition', 'responds', 'harris', 'budget', 'address', 'mixed', 'reaction']",7,56,neutral,0.908,"{np.str_('negative'): 0.0431, np.str_('neutral'): 0.908, np.str_('positive'): 0.0489}",labeled,neutral,0.7734,"{'neutral': 0.7734, 'negative': 0.2065, 'positive': 0.0201}"
861,Mamata Banerjee addressed parliament on the state of national security. #GlobalPolitics,2024-09-16,user_210,Gujarat,Mamata Banerjee,INC (Congress),Synthetic,neutral,Mamata addressed parliament state national security,"['Mamata', 'addressed', 'parliament', 'state', 'national', 'security']",6,51,neutral,0.6005,"{np.str_('negative'): 0.1564, np.str_('neutral'): 0.6005, np.str_('positive'): 0.2431}",labeled,neutral,0.8794,"{'neutral': 0.8794, 'positive': 0.1013, 'negative': 0.0193}"
862,"Another day, failure from the AAP administration in Florida. #NewsUpdate",2024-09-25,user_303,Florida,Rahul Gandhi,AAP,Synthetic,negative,another day failure AAP administration florida,"['another', 'day', 'failure', 'AAP', 'administration', 'florida']",6,46,negative,0.8599,"{np.str_('negative'): 0.8599, np.str_('neutral'): 0.0707, np.str_('positive'): 0.0694}",labeled,negative,0.9091,"{'negative': 0.9091, 'neutral': 0.0803, 'positive': 0.0106}"
863,Mamata addressed parliament on the state of national security. #USPolitics,2024-08-22,user_505,Texas,Mamata Banerjee,Labour,Synthetic,neutral,mamata addressed parliament state national security,"['mamata', 'addressed', 'parliament', 'state', 'national', 'security']",6,51,neutral,0.6005,"{np.str_('negative'): 0.1564, np.str_('neutral'): 0.6005, np.str_('positive'): 0.2431}",labeled,neutral,0.8718,"{'neutral': 0.8718, 'positive': 0.1127, 'negative': 0.0155}"
864,Interesting to see Harris and TMC working togehter. Not sure if this is good or bad. #BreakingNews,2025-01-05,user_350,Sydney,Harris,TMC,Synthetic,neutral,interesting see harris tmc working togehter not sure good bad,"['interesting', 'see', 'harris', 'tmc', 'working', 'togehter', 'not', 'sure', 'good', 'bad']",10,61,neutral,0.8112,"{np.str_('negative'): 0.1213, np.str_('neutral'): 0.8112, np.str_('positive'): 0.0675}",labeled,neutral,0.8315,"{'neutral': 0.8315, 'positive': 0.1179, 'negative': 0.0506}"
865,Harris delivered outstanding an speech on economic recovery today. Real leadership! #USPolitics,2024-12-27,user_348,Maharashtra,Harris,LibDems,Synthetic,positive,harris delivered outstanding speech economic recovery today real leadership,"['harris', 'delivered', 'outstanding', 'speech', 'economic', 'recovery', 'today', 'real', 'leadership']",9,75,positive,0.9368,"{np.str_('negative'): 0.03, np.str_('neutral'): 0.0333, np.str_('positive'): 0.9368}",labeled,positive,0.9665,"{'positive': 0.9665, 'neutral': 0.0291, 'negative': 0.0044}"
866,official Voters in Delhi will head to the polls next week as Macron #USPolitics,2024-08-05,user_711,Delhi,Macron,Republicans,Synthetic,neutral,official voter delhi head poll next week Macron,"['official', 'voter', 'delhi', 'head', 'poll', 'next', 'week', 'Macron']",8,47,neutral,0.8628,"{np.str_('negative'): 0.0847, np.str_('neutral'): 0.8628, np.str_('positive'): 0.0525}",labeled,neutral,0.9383,"{'neutral': 0.9383, 'positive': 0.049, 'negative': 0.0127}"
867,government Rahul Gandhi shows true compassion for ordinary citizens. A leader for the people! #USPolitics,2024-06-23,user_613,Berlin,Rahul Gandhi,LibDems,Synthetic,positive,government RahulGandhi show true compassion ordinary citizen leader people,"['government', 'RahulGandhi', 'show', 'true', 'compassion', 'ordinary', 'citizen', 'leader', 'people']",9,74,positive,0.9247,"{np.str_('negative'): 0.0411, np.str_('neutral'): 0.0342, np.str_('positive'): 0.9247}",labeled,neutral,0.4864,"{'neutral': 0.4864, 'positive': 0.4656, 'negative': 0.048}"
868,Trudeau's policies are small businesses destroying acrozz Delhi. Unacceptable! #EndThis,2024-05-25,user_418,Delhi,Trudeau,Democrats,Synthetic,negative,trudeaus policy small business destroying acrozz delhi unacceptable,"['trudeaus', 'policy', 'small', 'business', 'destroying', 'acrozz', 'delhi', 'unacceptable']",8,67,negative,0.9178,"{np.str_('negative'): 0.9178, np.str_('neutral'): 0.0424, np.str_('positive'): 0.0398}",labeled,negative,0.8787,"{'negative': 0.8787, 'neutral': 0.1144, 'positive': 0.007}"
869,TMC consistently delivers on its promises. governance Strong is visible. #Breakin'Newz,2024-07-26,user_922,Sydney,Rahul Gandhi,TMC,Synthetic,positive,tmc consistently delivers promise governance strong visible newz,"['tmc', 'consistently', 'delivers', 'promise', 'governance', 'strong', 'visible', 'newz']",8,64,positive,0.4461,"{np.str_('negative'): 0.3899, np.str_('neutral'): 0.1639, np.str_('positive'): 0.4461}",labeled,positive,0.8859,"{'positive': 0.8859, 'neutral': 0.1055, 'negative': 0.0086}"
870,Corruption in Democrats is at an all-time high. Where is the accountability? #Liar,2024-07-24,user_532,Texas,Macron,Democrats,Synthetic,negative,corruption Democrats alltime high accountability,"['corruption', 'Democrats', 'alltime', 'high', 'accountability']",5,48,negative,0.8359,"{np.str_('negative'): 0.8359, np.str_('neutral'): 0.0847, np.str_('positive'): 0.0794}",labeled,negative,0.5716,"{'negative': 0.5716, 'neutral': 0.3601, 'positive': 0.0683}"
871,How many more scandals before Macron is held responsible? Enough is enough!,2024-08-30,user_829,Florida,Macron,Democrats,Synthetic,negative,many scandal Macron held responsible enough enough,"['many', 'scandal', 'Macron', 'held', 'responsible', 'enough', 'enough']",7,50,negative,0.7275,"{np.str_('negative'): 0.7275, np.str_('neutral'): 0.1903, np.str_('positive'): 0.0822}",labeled,neutral,0.6357,"{'neutral': 0.6357, 'negative': 0.2415, 'positive': 0.1228}"
872,LibDems released its new policy framework for the upcoming term. #NewsUpdate,2024-06-21,user_824,Maharashtra,Modi,LibDems,Synthetic,neutral,libdems released new policy framework upcoming term,"['libdems', 'released', 'new', 'policy', 'framework', 'upcoming', 'term']",7,51,neutral,0.7894,"{np.str_('negative'): 0.0715, np.str_('neutral'): 0.7894, np.str_('positive'): 0.1391}",labeled,neutral,0.866,"{'neutral': 0.866, 'positive': 0.1241, 'negative': 0.0099}"
873,The new BJP policy is a breath of fresh air for the industry. #IndiaNewz,2024-11-02,user_802,California,Mamata Banerjee,BJP,Synthetic,positive,new BJP policy breath fresh air industry,"['new', 'BJP', 'policy', 'breath', 'fresh', 'air', 'industry']",7,40,neutral,0.475,"{np.str_('negative'): 0.1614, np.str_('neutral'): 0.475, np.str_('positive'): 0.3637}",labeled,neutral,0.5338,"{'neutral': 0.5338, 'positive': 0.4318, 'negative': 0.0344}"
874,policy The education reforms by are transforming schools across the nation. #PeaceAndProsperity,2024-06-01,user_751,Delhi,Modi,BJP,Synthetic,positive,policy education reform transforming school across nation,"['policy', 'education', 'reform', 'transforming', 'school', 'across', 'nation']",7,57,positive,0.9161,"{np.str_('negative'): 0.0519, np.str_('neutral'): 0.032, np.str_('positive'): 0.9161}",labeled,neutral,0.8614,"{'neutral': 0.8614, 'positive': 0.101, 'negative': 0.0377}"
875,Republicans committee to review healthcare spending over the next quarter. #Election2024,2024-03-15,user_748,Maharashtra,Biden,Republicans,Synthetic,neutral,Republicans committee review healthcare spending next quarter,"['Republicans', 'committee', 'review', 'healthcare', 'spending', 'next', 'quarter']",7,61,neutral,0.7873,"{np.str_('negative'): 0.1204, np.str_('neutral'): 0.7873, np.str_('positive'): 0.0923}",labeled,neutral,0.8991,"{'neutral': 0.8991, 'positive': 0.0649, 'negative': 0.0361}"
876,Analysts are divided on Arvind Kejriwal's recent economic proposals. #PolicyDebate,2024-09-25,user_682,Florida,Arvind Kejriwal,AAP,Synthetic,neutral,analyst divided arvind kejriwals recent economic proposal,"['analyst', 'divided', 'arvind', 'kejriwals', 'recent', 'economic', 'proposal']",7,57,neutral,0.7961,"{np.str_('negative'): 0.0669, np.str_('neutral'): 0.7961, np.str_('positive'): 0.137}",labeled,neutral,0.8635,"{'neutral': 0.8635, 'negative': 0.0966, 'positive': 0.0398}"
877,official The education reforms by Democrats are transforming schools across nation. the #PoliticsDaily,2024-08-04,user_510,Berlin,Arvind Kejriwal,Democrats,Synthetic,positive,official education reform Democrats transforming school across nation,"['official', 'education', 'reform', 'Democrats', 'transforming', 'school', 'across', 'nation']",8,69,positive,0.881,"{np.str_('negative'): 0.0756, np.str_('neutral'): 0.0434, np.str_('positive'): 0.881}",labeled,neutral,0.5392,"{'neutral': 0.5392, 'positive': 0.449, 'negative': 0.0118}"
878,"I used to support Labour, but after Biden's recent speech in Florida, I'm not so sure anymore.",2024-10-03,user_974,Florida,Biden,Labour,Synthetic,neutral,used support LabourParty but bidens recent speech florida im not sure anymore,"['used', 'support', 'LabourParty', 'but', 'bidens', 'recent', 'speech', 'florida', 'im', 'not', 'sure', 'anymore']",12,77,neutral,0.7465,"{np.str_('negative'): 0.0857, np.str_('neutral'): 0.7465, np.str_('positive'): 0.1678}",labeled,neutral,0.6578,"{'neutral': 0.6578, 'negative': 0.3197, 'positive': 0.0225}"
879,Macron shows true compassion for ordinary citizens. A leader for the people! #VoterRights,2024-05-21,user_613,Sydney,Macron,Conservatives,Synthetic,positive,Macron show true compassion ordinary citizen leader people,"['Macron', 'show', 'true', 'compassion', 'ordinary', 'citizen', 'leader', 'people']",8,58,positive,0.9245,"{np.str_('negative'): 0.04, np.str_('neutral'): 0.0355, np.str_('positive'): 0.9245}",labeled,positive,0.5673,"{'positive': 0.5673, 'neutral': 0.3823, 'negative': 0.0504}"
880,statement Scandal after scandal with Yogi Adityanath. will the When accountability come? #Accountability,2024-11-21,user_425,Delhi,Yogi Adityanath,Democrats,Synthetic,negative,statement scandal scandal Yogi accountability come,"['statement', 'scandal', 'scandal', 'Yogi', 'accountability', 'come']",6,50,negative,0.9147,"{np.str_('negative'): 0.9147, np.str_('neutral'): 0.0402, np.str_('positive'): 0.045}",labeled,neutral,0.5045,"{'neutral': 0.5045, 'negative': 0.4561, 'positive': 0.0394}"
881,statement Trump delivered an outstanding speech on economic recovery today. Real #Election2024 leadership!,2024-10-12,user_112,California,Trump,Conservatives,Synthetic,positive,statement trump delivered outstanding speech economic recovery today real leadership,"['statement', 'trump', 'delivered', 'outstanding', 'speech', 'economic', 'recovery', 'today', 'real', 'leadership']",10,84,positive,0.927,"{np.str_('negative'): 0.0333, np.str_('neutral'): 0.0397, np.str_('positive'): 0.927}",labeled,positive,0.9713,"{'positive': 0.9713, 'neutral': 0.0244, 'negative': 0.0043}"
882,update Modi shows true compassion for ordinary citizens. leader for A the people! #IndiaNews,2024-02-10,user_746,Maharashtra,Modi,INC (Congress),Synthetic,positive,update modi show true compassion ordinary citizen leader people,"['update', 'modi', 'show', 'true', 'compassion', 'ordinary', 'citizen', 'leader', 'people']",9,63,positive,0.9087,"{np.str_('negative'): 0.0528, np.str_('neutral'): 0.0384, np.str_('positive'): 0.9087}",labeled,positive,0.641,"{'positive': 0.641, 'neutral': 0.3387, 'negative': 0.0203}"
883,Arvind Kejriwal just announced a major healthcare reform. This is what we voted for! #BuildBackBetter,2024-08-27,user_130,Maharashtra,Arvind Kejriwal,LibDems,Synthetic,positive,arvind Kejriwal announced major healthcare reform voted,"['arvind', 'Kejriwal', 'announced', 'major', 'healthcare', 'reform', 'voted']",7,55,positive,0.4956,"{np.str_('negative'): 0.1673, np.str_('neutral'): 0.3371, np.str_('positive'): 0.4956}",labeled,positive,0.6647,"{'positive': 0.6647, 'neutral': 0.3316, 'negative': 0.0037}"
884,official Local elections in Maharashtra expected to be closely contested by Labour. #GlobalPolitics,2024-04-30,user_484,Maharashtra,Harris,Labour,Synthetic,neutral,official local election maharashtra expected closely contested LabourParty,"['official', 'local', 'election', 'maharashtra', 'expected', 'closely', 'contested', 'LabourParty']",8,74,neutral,0.7897,"{np.str_('negative'): 0.1439, np.str_('neutral'): 0.7897, np.str_('positive'): 0.0664}",labeled,neutral,0.9012,"{'neutral': 0.9012, 'positive': 0.0768, 'negative': 0.0221}"
885,"update While Amit Shah success, the claims situation in Delhi remains complicated. #PoliticsDaily",2024-07-24,user_663,Delhi,Amit Shah,Labour,Synthetic,neutral,update amit shah success claim situation delhi remains complicated,"['update', 'amit', 'shah', 'success', 'claim', 'situation', 'delhi', 'remains', 'complicated']",9,66,neutral,0.8472,"{np.str_('negative'): 0.0878, np.str_('neutral'): 0.8472, np.str_('positive'): 0.065}",labeled,neutral,0.8741,"{'neutral': 0.8741, 'negative': 0.0955, 'positive': 0.0304}"
886,Survey shows mixed public opinion on INC (Congress)'s latest immigration policy. #IndiaNews,2024-06-11,user_614,California,Rahul Gandhi,INC (Congress),Synthetic,neutral,survey show mixed public opinion inc congress latest immigration policy,"['survey', 'show', 'mixed', 'public', 'opinion', 'inc', 'congress', 'latest', 'immigration', 'policy']",10,71,neutral,0.86,"{np.str_('negative'): 0.0891, np.str_('neutral'): 0.86, np.str_('positive'): 0.0509}",labeled,neutral,0.8402,"{'neutral': 0.8402, 'negative': 0.1403, 'positive': 0.0195}"
887,"Under Amit Shah's leadership, crime rates in Delhi have dropped significantly. #NewsUpdate",2024-03-31,user_509,Delhi,Amit Shah,LibDems,Synthetic,positive,amit shah leadership crime rate delhi dropped significantly,"['amit', 'shah', 'leadership', 'crime', 'rate', 'delhi', 'dropped', 'significantly']",8,59,positive,0.5211,"{np.str_('negative'): 0.2396, np.str_('neutral'): 0.2393, np.str_('positive'): 0.5211}",labeled,neutral,0.4787,"{'neutral': 0.4787, 'negative': 0.3974, 'positive': 0.1238}"
888,Democrats is tearing this country apart with its divisive #Scam,2024-11-21,user_129,Maharashtra,Obama,Democrats,Synthetic,negative,Democrats tearing country apart divisive,"['Democrats', 'tearing', 'country', 'apart', 'divisive']",5,40,negative,0.8559,"{np.str_('negative'): 0.8559, np.str_('neutral'): 0.0705, np.str_('positive'): 0.0736}",labeled,negative,0.902,"{'negative': 0.902, 'neutral': 0.0875, 'positive': 0.0105}"
889,government The latest Conservatives scandal is just the tip of the iceberg. #Resign,2024-11-16,user_583,Texas,Mamata Banerjee,Conservatives,Synthetic,negative,government latest conservative scandal tip iceberg,"['government', 'latest', 'conservative', 'scandal', 'tip', 'iceberg']",6,50,negative,0.8796,"{np.str_('negative'): 0.8796, np.str_('neutral'): 0.0657, np.str_('positive'): 0.0548}",labeled,negative,0.745,"{'negative': 0.745, 'neutral': 0.238, 'positive': 0.0171}"
890,today Yogi Adityanath has completely failed the working class. Another broken promise. #NewsUpdate,2024-05-02,user_279,Maharashtra,Yogi Adityanath,Republicans,Synthetic,negative,today Yogi completely failed working class another broken promise,"['today', 'Yogi', 'completely', 'failed', 'working', 'class', 'another', 'broken', 'promise']",9,65,negative,0.5099,"{np.str_('negative'): 0.5099, np.str_('neutral'): 0.1585, np.str_('positive'): 0.3316}",labeled,negative,0.8987,"{'negative': 0.8987, 'neutral': 0.0908, 'positive': 0.0105}"
891,Maharashtra in Voters will head to the polls next week as Arvind Kejriwal campaigns. #IndiaNews,2024-03-31,user_572,Maharashtra,Arvind Kejriwal,Conservatives,Synthetic,neutral,maharashtra voter head poll next week arvind Kejriwal campaign,"['maharashtra', 'voter', 'head', 'poll', 'next', 'week', 'arvind', 'Kejriwal', 'campaign']",9,62,neutral,0.8883,"{np.str_('negative'): 0.0612, np.str_('neutral'): 0.8883, np.str_('positive'): 0.0505}",labeled,neutral,0.9308,"{'neutral': 0.9308, 'positive': 0.0586, 'negative': 0.0106}"
892,Scandal after scandal with Amit Shah. When will the accountability come? #EndThis,2024-09-23,user_581,Maharashtra,Amit Shah,Republicans,Synthetic,negative,scandal scandal amit shah accountability come,"['scandal', 'scandal', 'amit', 'shah', 'accountability', 'come']",6,45,negative,0.9111,"{np.str_('negative'): 0.9111, np.str_('neutral'): 0.0393, np.str_('positive'): 0.0497}",labeled,negative,0.6011,"{'negative': 0.6011, 'neutral': 0.3621, 'positive': 0.0368}"
893,Trudeau united the divided nation with his remarkable speech yesterday. #Democracy,2024-12-31,user_124,Berlin,Trudeau,AAP,Synthetic,positive,Trudeau united divided nation remarkable speech yesterday,"['Trudeau', 'united', 'divided', 'nation', 'remarkable', 'speech', 'yesterday']",7,57,positive,0.7012,"{np.str_('negative'): 0.0789, np.str_('neutral'): 0.22, np.str_('positive'): 0.7012}",labeled,neutral,0.5586,"{'neutral': 0.5586, 'negative': 0.3189, 'positive': 0.1225}"
894,TMC announced cabinet reshuffle ahead of hte parliamentary session. #GlobalPolitics,2024-11-28,user_550,Sydney,Arvind Kejriwal,TMC,Synthetic,neutral,tmc announced cabinet reshuffle ahead hte parliamentary session,"['tmc', 'announced', 'cabinet', 'reshuffle', 'ahead', 'hte', 'parliamentary', 'session']",8,63,neutral,0.8412,"{np.str_('negative'): 0.075, np.str_('neutral'): 0.8412, np.str_('positive'): 0.0838}",labeled,neutral,0.9388,"{'neutral': 0.9388, 'positive': 0.0442, 'negative': 0.017}"
895,Republicans's new budget plan is exactly what the middle class needs. Great work! #Democracy,2024-12-02,user_447,Berlin,Rahul Gandhi,Republicans,Synthetic,positive,republicanss new budget plan exactly middle class need great work,"['republicanss', 'new', 'budget', 'plan', 'exactly', 'middle', 'class', 'need', 'great', 'work']",10,65,positive,0.6041,"{np.str_('negative'): 0.1903, np.str_('neutral'): 0.2057, np.str_('positive'): 0.6041}",labeled,neutral,0.5384,"{'neutral': 0.5384, 'positive': 0.3555, 'negative': 0.1061}"
896,official Inflation is the through roof under Conservatives's mismanagement. Families are suffering. #Fraud,2024-08-18,user_816,Gujarat,Harris,Conservatives,Synthetic,negative,official inflation roof conservativess mismanagement family suffering,"['official', 'inflation', 'roof', 'conservativess', 'mismanagement', 'family', 'suffering']",7,69,negative,0.457,"{np.str_('negative'): 0.457, np.str_('neutral'): 0.3367, np.str_('positive'): 0.2064}",labeled,negative,0.7912,"{'negative': 0.7912, 'neutral': 0.1985, 'positive': 0.0104}"
897,BJP has been in power years and Sydney is still in shambles. #Liar,2025-01-01,user_262,Sydney,Obama,BJP,Synthetic,negative,BJP power year sydney still shamble,"['BJP', 'power', 'year', 'sydney', 'still', 'shamble']",6,35,negative,0.7768,"{np.str_('negative'): 0.7768, np.str_('neutral'): 0.1135, np.str_('positive'): 0.1097}",labeled,neutral,0.8292,"{'neutral': 0.8292, 'negative': 0.0998, 'positive': 0.071}"
898,update Proud to BJP a be supporter. Our values align with national progress. #PeaceAndProsperity,2024-06-04,user_251,Gujarat,Mamata Banerjee,BJP,Synthetic,positive,update proud BJP supporter value align national progress,"['update', 'proud', 'BJP', 'supporter', 'value', 'align', 'national', 'progress']",8,56,positive,0.9096,"{np.str_('negative'): 0.0458, np.str_('neutral'): 0.0445, np.str_('positive'): 0.9096}",labeled,positive,0.8389,"{'positive': 0.8389, 'neutral': 0.1522, 'negative': 0.0089}"
899,Mamata Banerjee's foreign policy has embarrassed us on the world stage. Shameful. #GlobalPolitics,2024-06-25,user_759,Florida,Mamata Banerjee,Democrats,Synthetic,negative,mamata banerjees foreign policy embarrassed u world stage shameful,"['mamata', 'banerjees', 'foreign', 'policy', 'embarrassed', 'u', 'world', 'stage', 'shameful']",9,66,negative,0.4875,"{np.str_('negative'): 0.4875, np.str_('neutral'): 0.3468, np.str_('positive'): 0.1657}",labeled,negative,0.9162,"{'negative': 0.9162, 'neutral': 0.0774, 'positive': 0.0064}"
900,The latest LibDems scandal is just the tip of the iceberg. #PoliticsDaily,2024-09-04,user_488,Maharashtra,Harris,LibDems,Synthetic,negative,latest libdems scandal tip iceberg,"['latest', 'libdems', 'scandal', 'tip', 'iceberg']",5,34,negative,0.8945,"{np.str_('negative'): 0.8945, np.str_('neutral'): 0.0622, np.str_('positive'): 0.0434}",labeled,negative,0.7513,"{'negative': 0.7513, 'neutral': 0.2349, 'positive': 0.0138}"
901,Interesting to and see Biden Republicans working together. Not sure if this is good or bad. #IndiaNews,2024-01-07,user_960,Maharashtra,Biden,Republicans,Synthetic,neutral,interesting see biden Republicans working together not sure good bad,"['interesting', 'see', 'biden', 'Republicans', 'working', 'together', 'not', 'sure', 'good', 'bad']",10,68,neutral,0.8366,"{np.str_('negative'): 0.1047, np.str_('neutral'): 0.8366, np.str_('positive'): 0.0587}",labeled,neutral,0.7773,"{'neutral': 0.7773, 'positive': 0.1289, 'negative': 0.0937}"
902,Sunak secured a historic trade deal today. This will create millions of jobs! #PoliticsDaily,2024-09-30,user_966,California,Sunak,LibDems,Synthetic,positive,Sunak secured historic trade deal today create million job,"['Sunak', 'secured', 'historic', 'trade', 'deal', 'today', 'create', 'million', 'job']",9,58,positive,0.4662,"{np.str_('negative'): 0.0889, np.str_('neutral'): 0.4449, np.str_('positive'): 0.4662}",labeled,positive,0.8437,"{'positive': 0.8437, 'neutral': 0.1495, 'negative': 0.0069}"
903,"I used to support LibDems, but after Sunak's recent speech in Berlin, I'm not so sure anymore.",2024-11-29,user_978,Berlin,Sunak,LibDems,Synthetic,neutral,used support libdems but sunaks recent speech berlin im not sure anymore,"['used', 'support', 'libdems', 'but', 'sunaks', 'recent', 'speech', 'berlin', 'im', 'not', 'sure', 'anymore']",12,72,neutral,0.7692,"{np.str_('negative'): 0.0924, np.str_('neutral'): 0.7692, np.str_('positive'): 0.1385}",labeled,neutral,0.6573,"{'neutral': 0.6573, 'negative': 0.3265, 'positive': 0.0162}"
904,Voters in Gujarat will head to the polls next week as DeSantis campaigns. #Election2024,2024-02-02,user_235,Gujarat,DeSantis,Conservatives,Synthetic,neutral,voter gujarat head poll next week DeSantis campaign,"['voter', 'gujarat', 'head', 'poll', 'next', 'week', 'DeSantis', 'campaign']",8,51,neutral,0.9099,"{np.str_('negative'): 0.0468, np.str_('neutral'): 0.9099, np.str_('positive'): 0.0433}",labeled,neutral,0.9459,"{'neutral': 0.9459, 'positive': 0.0422, 'negative': 0.0119}"
905,Amit Shah secured a historic trade deal today. This will create millions of jobs! #IndiaFirst,2024-11-20,user_174,Sydney,Amit Shah,BJP,Synthetic,positive,amit shah secured historic trade deal today create million job,"['amit', 'shah', 'secured', 'historic', 'trade', 'deal', 'today', 'create', 'million', 'job']",10,62,positive,0.4717,"{np.str_('negative'): 0.1438, np.str_('neutral'): 0.3845, np.str_('positive'): 0.4717}",labeled,positive,0.901,"{'positive': 0.901, 'neutral': 0.0939, 'negative': 0.0051}"
906,TMC is tearing this country apart with its divisive #Resign,2024-10-24,user_540,Berlin,DeSantis,TMC,Synthetic,negative,tmc tearing country apart divisive,"['tmc', 'tearing', 'country', 'apart', 'divisive']",5,34,negative,0.843,"{np.str_('negative'): 0.843, np.str_('neutral'): 0.0737, np.str_('positive'): 0.0833}",labeled,negative,0.907,"{'negative': 0.907, 'neutral': 0.086, 'positive': 0.007}"
907,Opposition responds to Trudeau's budget address with mixed reactions. #BreakingNews,2024-07-27,user_715,Gujarat,Trudeau,Republicans,Synthetic,neutral,opposition responds trudeaus budget address mixed reaction,"['opposition', 'responds', 'trudeaus', 'budget', 'address', 'mixed', 'reaction']",7,58,neutral,0.9405,"{np.str_('negative'): 0.0281, np.str_('neutral'): 0.9405, np.str_('positive'): 0.0314}",labeled,neutral,0.7634,"{'neutral': 0.7634, 'negative': 0.2162, 'positive': 0.0204}"
908,news Analysts are divided on Obama's recent economic proposals. #VoterRights,2024-05-20,user_794,Texas,Obama,TMC,Synthetic,neutral,news analyst divided obamas recent economic proposal,"['news', 'analyst', 'divided', 'obamas', 'recent', 'economic', 'proposal']",7,52,neutral,0.8081,"{np.str_('negative'): 0.0663, np.str_('neutral'): 0.8081, np.str_('positive'): 0.1256}",labeled,neutral,0.8118,"{'neutral': 0.8118, 'negative': 0.1488, 'positive': 0.0394}"
909,news Proud to be a LibDems supporter. Our values align with national progress. #UnitedWeStand,2024-03-24,user_283,Florida,Amit Shah,LibDems,Synthetic,positive,news proud libdems supporter value align national progress,"['news', 'proud', 'libdems', 'supporter', 'value', 'align', 'national', 'progress']",8,58,positive,0.8905,"{np.str_('negative'): 0.0559, np.str_('neutral'): 0.0536, np.str_('positive'): 0.8905}",labeled,positive,0.9104,"{'positive': 0.9104, 'neutral': 0.0832, 'negative': 0.0064}"
910,policy AAP released its new policy framework for the upcoming term. #PolicyDebate,2024-04-19,user_414,Florida,Trump,AAP,Synthetic,neutral,policy AAP released new policy framework upcoming term,"['policy', 'AAP', 'released', 'new', 'policy', 'framework', 'upcoming', 'term']",8,54,neutral,0.7609,"{np.str_('negative'): 0.0871, np.str_('neutral'): 0.7609, np.str_('positive'): 0.152}",labeled,neutral,0.772,"{'neutral': 0.772, 'positive': 0.222, 'negative': 0.006}"
911,update The latest BJP scandal just is the tip of the iceberg. #USPolitics,2024-03-28,user_972,Maharashtra,Amit Shah,BJP,Synthetic,negative,update latest BJP scandal tip iceberg,"['update', 'latest', 'BJP', 'scandal', 'tip', 'iceberg']",6,37,negative,0.8636,"{np.str_('negative'): 0.8636, np.str_('neutral'): 0.0762, np.str_('positive'): 0.0602}",labeled,neutral,0.5068,"{'neutral': 0.5068, 'negative': 0.4735, 'positive': 0.0197}"
912,"today While Harris claims success, the situation in Maharashtra remains complicated. #PolicyDebate",2024-06-04,user_479,Maharashtra,Harris,Labour,Synthetic,neutral,today harris claim success situation maharashtra remains complicated,"['today', 'harris', 'claim', 'success', 'situation', 'maharashtra', 'remains', 'complicated']",8,68,neutral,0.8376,"{np.str_('negative'): 0.0798, np.str_('neutral'): 0.8376, np.str_('positive'): 0.0825}",labeled,neutral,0.8124,"{'neutral': 0.8124, 'negative': 0.1492, 'positive': 0.0385}"
913,Harris shows true compassion for ordinary citizens. A leader for the people! #Election2024,2024-07-25,user_156,Maharashtra,Harris,BJP,Synthetic,positive,harris show true compassion ordinary citizen leader people,"['harris', 'show', 'true', 'compassion', 'ordinary', 'citizen', 'leader', 'people']",8,58,positive,0.9332,"{np.str_('negative'): 0.0393, np.str_('neutral'): 0.0275, np.str_('positive'): 0.9332}",labeled,neutral,0.5609,"{'neutral': 0.5609, 'positive': 0.3385, 'negative': 0.1005}"
914,update Rahul Gandhi met leaders world with at the G20 summit in Texas. #IndiaNews,2024-10-12,user_673,Texas,Rahul Gandhi,INC (Congress),Synthetic,neutral,update RahulGandhi met leader world g20 summit texas,"['update', 'RahulGandhi', 'met', 'leader', 'world', 'g20', 'summit', 'texas']",8,52,neutral,0.6737,"{np.str_('negative'): 0.1624, np.str_('neutral'): 0.6737, np.str_('positive'): 0.1639}",labeled,neutral,0.7745,"{'neutral': 0.7745, 'positive': 0.2194, 'negative': 0.0061}"
915,statement Local elections in California expected to be closely contested by Conservatives. #VoterRights,2024-10-30,user_581,California,Sunak,Conservatives,Synthetic,neutral,statement local election california expected closely contested conservative,"['statement', 'local', 'election', 'california', 'expected', 'closely', 'contested', 'conservative']",8,75,neutral,0.8408,"{np.str_('negative'): 0.1031, np.str_('neutral'): 0.8408, np.str_('positive'): 0.0561}",labeled,neutral,0.9206,"{'neutral': 0.9206, 'positive': 0.0497, 'negative': 0.0297}"
916,Biden sold out to corporate interests. The common man means nothing to them. #Fraud,2024-07-08,user_548,Gujarat,Biden,AAP,Synthetic,negative,biden sold corporate interest common man mean nothing,"['biden', 'sold', 'corporate', 'interest', 'common', 'man', 'mean', 'nothing']",8,53,neutral,0.3825,"{np.str_('negative'): 0.2687, np.str_('neutral'): 0.3825, np.str_('positive'): 0.3488}",labeled,negative,0.6664,"{'negative': 0.6664, 'neutral': 0.3074, 'positive': 0.0263}"
917,government Voters in Gujarat will head to the polls next week as Obama campaigns. #PoliticsDaily,2024-10-20,user_304,Gujarat,Obama,Republicans,Synthetic,neutral,government voter gujarat head poll next week Obama campaign,"['government', 'voter', 'gujarat', 'head', 'poll', 'next', 'week', 'Obama', 'campaign']",9,59,neutral,0.8976,"{np.str_('negative'): 0.0459, np.str_('neutral'): 0.8976, np.str_('positive'): 0.0565}",labeled,neutral,0.942,"{'neutral': 0.942, 'positive': 0.0327, 'negative': 0.0252}"
918,The debate between Amit Shah and the opposition drew millions of viewers. #USPolitics,2024-01-12,user_243,Gujarat,Amit Shah,Republicans,Synthetic,neutral,debate amit shah opposition drew million viewer,"['debate', 'amit', 'shah', 'opposition', 'drew', 'million', 'viewer']",7,47,neutral,0.5981,"{np.str_('negative'): 0.1318, np.str_('neutral'): 0.5981, np.str_('positive'): 0.2701}",labeled,neutral,0.8162,"{'neutral': 0.8162, 'positive': 0.1041, 'negative': 0.0797}"
919,statement New poll data shows shifting voter preferences in Maharashtra region. #USPolitics,2024-07-04,user_441,Maharashtra,Macron,Republicans,Synthetic,neutral,statement new poll data show shifting voter preference maharashtra region,"['statement', 'new', 'poll', 'data', 'show', 'shifting', 'voter', 'preference', 'maharashtra', 'region']",10,73,neutral,0.913,"{np.str_('negative'): 0.0383, np.str_('neutral'): 0.913, np.str_('positive'): 0.0487}",labeled,neutral,0.8806,"{'neutral': 0.8806, 'negative': 0.0816, 'positive': 0.0378}"
920,Local elections in Florid4 expected to be contested closely by BJP. #Election2024,2024-09-19,user_482,Florida,DeSantis,BJP,Synthetic,neutral,local election florid4 expected contested closely BJP,"['local', 'election', 'florid4', 'expected', 'contested', 'closely', 'BJP']",7,53,neutral,0.8564,"{np.str_('negative'): 0.0912, np.str_('neutral'): 0.8564, np.str_('positive'): 0.0523}",labeled,neutral,0.9072,"{'neutral': 0.9072, 'positive': 0.0683, 'negative': 0.0244}"
921,Experts weigh in on AAP's five-year development plan. #USPolitics,2024-10-16,user_194,Sydney,Biden,AAP,Synthetic,neutral,expert weigh aaps fiveyear development plan,"['expert', 'weigh', 'aaps', 'fiveyear', 'development', 'plan']",6,43,neutral,0.8333,"{np.str_('negative'): 0.0637, np.str_('neutral'): 0.8333, np.str_('positive'): 0.103}",labeled,neutral,0.8762,"{'neutral': 0.8762, 'positive': 0.0915, 'negative': 0.0323}"
922,Opposition responds to Amit Shah's budget address mixed reactions. #VoterRights,2025-01-27,user_800,Texas,Amit Shah,Republicans,Synthetic,neutral,opposition responds amit shah budget address mixed reaction,"['opposition', 'responds', 'amit', 'shah', 'budget', 'address', 'mixed', 'reaction']",8,59,neutral,0.9046,"{np.str_('negative'): 0.0434, np.str_('neutral'): 0.9046, np.str_('positive'): 0.052}",labeled,neutral,0.8032,"{'neutral': 0.8032, 'negative': 0.1692, 'positive': 0.0276}"
923,Rahul Gandhi met with world leaders at the G20 summit Gujarat. #NewsUpdate,2025-01-13,user_939,Gujarat,Rahul Gandhi,BJP,Synthetic,neutral,RahulGandhi met world leader g20 summit gujarat,"['RahulGandhi', 'met', 'world', 'leader', 'g20', 'summit', 'gujarat']",7,47,neutral,0.6868,"{np.str_('negative'): 0.1409, np.str_('neutral'): 0.6868, np.str_('positive'): 0.1722}",labeled,neutral,0.7307,"{'neutral': 0.7307, 'positive': 0.2603, 'negative': 0.009}"
924,"government While Rahul Gandhi claims success, the in Delhi situation remains complicated. #IndiaNews",2025-01-28,user_434,Delhi,Rahul Gandhi,Democrats,Synthetic,neutral,government RahulGandhi claim success delhi situation remains complicated,"['government', 'RahulGandhi', 'claim', 'success', 'delhi', 'situation', 'remains', 'complicated']",8,72,neutral,0.8656,"{np.str_('negative'): 0.0757, np.str_('neutral'): 0.8656, np.str_('positive'): 0.0588}",labeled,neutral,0.8099,"{'neutral': 0.8099, 'negative': 0.0988, 'positive': 0.0913}"
925,government Opposition responds to Amit Shah's budget address with mixed reactions. #USPolitics,2024-04-02,user_203,California,Amit Shah,TMC,Synthetic,neutral,government opposition responds amit shah budget address mixed reaction,"['government', 'opposition', 'responds', 'amit', 'shah', 'budget', 'address', 'mixed', 'reaction']",9,70,neutral,0.8832,"{np.str_('negative'): 0.0546, np.str_('neutral'): 0.8832, np.str_('positive'): 0.0623}",labeled,neutral,0.6255,"{'neutral': 0.6255, 'negative': 0.3553, 'positive': 0.0192}"
926,government LibDems has been in power for years and Sydney is still in shambles.,2024-03-24,user_534,Sydney,Biden,LibDems,Synthetic,negative,government libdems power year sydney still shamble,"['government', 'libdems', 'power', 'year', 'sydney', 'still', 'shamble']",7,50,negative,0.796,"{np.str_('negative'): 0.796, np.str_('neutral'): 0.103, np.str_('positive'): 0.101}",labeled,neutral,0.7967,"{'neutral': 0.7967, 'negative': 0.1167, 'positive': 0.0866}"
927,policy Obama's foreign policy has embarrassed us on stage. world the Shameful.,2024-07-23,user_303,California,Obama,Conservatives,Synthetic,negative,policy obamas foreign policy embarrassed u stage world shameful,"['policy', 'obamas', 'foreign', 'policy', 'embarrassed', 'u', 'stage', 'world', 'shameful']",9,63,negative,0.4311,"{np.str_('negative'): 0.4311, np.str_('neutral'): 0.3839, np.str_('positive'): 0.185}",labeled,negative,0.9115,"{'negative': 0.9115, 'neutral': 0.0815, 'positive': 0.007}"
928,government DeSantis's policies are destroying small businesses across Berlin. Unacceptable! #Scam,2024-09-07,user_858,Berlin,DeSantis,AAP,Synthetic,negative,government desantiss policy destroying small business across berlin unacceptable,"['government', 'desantiss', 'policy', 'destroying', 'small', 'business', 'across', 'berlin', 'unacceptable']",9,80,negative,0.9197,"{np.str_('negative'): 0.9197, np.str_('neutral'): 0.0388, np.str_('positive'): 0.0415}",labeled,negative,0.8901,"{'negative': 0.8901, 'neutral': 0.1033, 'positive': 0.0066}"
929,Survey shows mixed public opinion on INC (Congress)'s latest immigration policy. #BreakingNews,2024-07-13,user_922,Maharashtra,Mamata Banerjee,INC (Congress),Synthetic,neutral,survey show mixed public opinion inc congress latest immigration policy,"['survey', 'show', 'mixed', 'public', 'opinion', 'inc', 'congress', 'latest', 'immigration', 'policy']",10,71,neutral,0.86,"{np.str_('negative'): 0.0891, np.str_('neutral'): 0.86, np.str_('positive'): 0.0509}",labeled,neutral,0.8402,"{'neutral': 0.8402, 'negative': 0.1403, 'positive': 0.0195}"
930,Rahul Gandhi shows true compassion for ordinary citizens. A leader for the people! #PoliticsDaily,2024-12-25,user_186,Berlin,Rahul Gandhi,AAP,Synthetic,positive,RahulGandhi show true compassion ordinary citizen leader people,"['RahulGandhi', 'show', 'true', 'compassion', 'ordinary', 'citizen', 'leader', 'people']",8,63,positive,0.9332,"{np.str_('negative'): 0.0344, np.str_('neutral'): 0.0323, np.str_('positive'): 0.9332}",labeled,positive,0.5983,"{'positive': 0.5983, 'neutral': 0.3628, 'negative': 0.039}"
931,policy Yogi Adityanath delivered an outstanding speech on economic recovery today. Real leadership! #Democracy,2024-03-20,user_243,Gujarat,Yogi Adityanath,AAP,Synthetic,positive,policy Yogi delivered outstanding speech economic recovery today real leadership,"['policy', 'Yogi', 'delivered', 'outstanding', 'speech', 'economic', 'recovery', 'today', 'real', 'leadership']",10,80,positive,0.9207,"{np.str_('negative'): 0.037, np.str_('neutral'): 0.0423, np.str_('positive'): 0.9207}",labeled,positive,0.9741,"{'positive': 0.9741, 'neutral': 0.0223, 'negative': 0.0036}"
932,Sunak held a press conference today addressing the ongoing budget negotiations. #BreakingNews,2024-03-29,user_278,Sydney,Sunak,TMC,Synthetic,neutral,Sunak held press conference today addressing ongoing budget negotiation,"['Sunak', 'held', 'press', 'conference', 'today', 'addressing', 'ongoing', 'budget', 'negotiation']",9,71,neutral,0.8923,"{np.str_('negative'): 0.0505, np.str_('neutral'): 0.8923, np.str_('positive'): 0.0572}",labeled,neutral,0.9503,"{'neutral': 0.9503, 'positive': 0.0353, 'negative': 0.0144}"
933,Amit Shah shows compassion for ordinary citizens. A leader for the people! #UnitedWeStand,2024-05-15,user_736,Texas,Amit Shah,Labour,Synthetic,positive,amit shah show compassion ordinary citizen leader people,"['amit', 'shah', 'show', 'compassion', 'ordinary', 'citizen', 'leader', 'people']",8,56,positive,0.8963,"{np.str_('negative'): 0.0545, np.str_('neutral'): 0.0492, np.str_('positive'): 0.8963}",labeled,neutral,0.6064,"{'neutral': 0.6064, 'negative': 0.2384, 'positive': 0.1552}"
934,statement The education by Democrats are transforming schools across the nation. #MAGA,2025-01-04,user_637,Sydney,Modi,Democrats,Synthetic,positive,statement education Democrats transforming school across nation,"['statement', 'education', 'Democrats', 'transforming', 'school', 'across', 'nation']",7,63,positive,0.852,"{np.str_('negative'): 0.0841, np.str_('neutral'): 0.0639, np.str_('positive'): 0.852}",labeled,positive,0.6839,"{'positive': 0.6839, 'neutral': 0.3058, 'negative': 0.0103}"
935,Harris completely failed the working class. Another broken promise. #PoliticsDaily,2024-10-01,user_550,Berlin,Harris,Labour,Synthetic,negative,harris completely failed working class another broken promise,"['harris', 'completely', 'failed', 'working', 'class', 'another', 'broken', 'promise']",8,61,negative,0.568,"{np.str_('negative'): 0.568, np.str_('neutral'): 0.1172, np.str_('positive'): 0.3148}",labeled,negative,0.9049,"{'negative': 0.9049, 'neutral': 0.083, 'positive': 0.0121}"
936,"Everyone is talking about Harris. Some love it, some hate it. What do you think? #PolicyDebate",2024-12-08,user_833,Florida,Harris,Democrats,Synthetic,neutral,everyone talking harris love hate think,"['everyone', 'talking', 'harris', 'love', 'hate', 'think']",6,39,neutral,0.4063,"{np.str_('negative'): 0.3965, np.str_('neutral'): 0.4063, np.str_('positive'): 0.1972}",labeled,neutral,0.6638,"{'neutral': 0.6638, 'negative': 0.1956, 'positive': 0.1406}"
937,"Another day, another failure from the TMC administration Gujarat. #Exposed in",2024-11-10,user_207,Gujarat,Trump,TMC,Synthetic,negative,another day another failure tmc administration gujarat,"['another', 'day', 'another', 'failure', 'tmc', 'administration', 'gujarat']",7,54,negative,0.8303,"{np.str_('negative'): 0.8303, np.str_('neutral'): 0.081, np.str_('positive'): 0.0886}",labeled,negative,0.9204,"{'negative': 0.9204, 'neutral': 0.0717, 'positive': 0.008}"
938,Interesting to see DeSantis and Conservatives working together. Not sure if this is good or bad. #IndiaNews,2024-05-16,user_878,Florida,DeSantis,Conservatives,Synthetic,neutral,interesting see DeSantis conservative working together not sure good bad,"['interesting', 'see', 'DeSantis', 'conservative', 'working', 'together', 'not', 'sure', 'good', 'bad']",10,72,neutral,0.8516,"{np.str_('negative'): 0.0931, np.str_('neutral'): 0.8516, np.str_('positive'): 0.0553}",labeled,neutral,0.8273,"{'neutral': 0.8273, 'positive': 0.0938, 'negative': 0.0789}"
939,Analysts are divided on Harris's recent economic proposals. #NewsUpdate,2024-04-03,user_114,Delhi,Harris,INC (Congress),Synthetic,neutral,analyst divided harris recent economic proposal,"['analyst', 'divided', 'harris', 'recent', 'economic', 'proposal']",6,47,neutral,0.748,"{np.str_('negative'): 0.0796, np.str_('neutral'): 0.748, np.str_('positive'): 0.1724}",labeled,neutral,0.8839,"{'neutral': 0.8839, 'negative': 0.0784, 'positive': 0.0377}"
940,official The policies of Harris have genuinely improved lives in California. Keep it up! #NewsUpdate,2024-10-22,user_515,California,Harris,Democrats,Synthetic,positive,official policy harris genuinely improved life california keep,"['official', 'policy', 'harris', 'genuinely', 'improved', 'life', 'california', 'keep']",8,62,positive,0.7291,"{np.str_('negative'): 0.1721, np.str_('neutral'): 0.0987, np.str_('positive'): 0.7291}",labeled,positive,0.8791,"{'positive': 0.8791, 'neutral': 0.1092, 'negative': 0.0118}"
941,Local elections in Gujarat to be closely contested by Conservatives. #IndiaNews,2024-04-05,user_361,Gujarat,Arvind Kejriwal,Conservatives,Synthetic,neutral,local election gujarat closely contested conservative,"['local', 'election', 'gujarat', 'closely', 'contested', 'conservative']",6,53,neutral,0.7909,"{np.str_('negative'): 0.1317, np.str_('neutral'): 0.7909, np.str_('positive'): 0.0774}",labeled,neutral,0.9184,"{'neutral': 0.9184, 'positive': 0.0587, 'negative': 0.0229}"
942,The lies told by Modi during teh election are now crystal clear. Disgraceful. #Election2024,2024-10-05,user_229,Gujarat,Modi,TMC,Synthetic,negative,lie told modi teh election crystal clear disgraceful,"['lie', 'told', 'modi', 'teh', 'election', 'crystal', 'clear', 'disgraceful']",8,52,negative,0.8088,"{np.str_('negative'): 0.8088, np.str_('neutral'): 0.117, np.str_('positive'): 0.0741}",labeled,negative,0.8727,"{'negative': 0.8727, 'neutral': 0.1189, 'positive': 0.0084}"
943,New poll dat4 shows preferences voter shifting in Gujarat region. #PoliticsDaily,2024-09-15,user_286,Gujarat,Trump,Conservatives,Synthetic,neutral,new poll dat4 show preference voter shifting gujarat region,"['new', 'poll', 'dat4', 'show', 'preference', 'voter', 'shifting', 'gujarat', 'region']",9,59,neutral,0.9159,"{np.str_('negative'): 0.0357, np.str_('neutral'): 0.9159, np.str_('positive'): 0.0484}",labeled,neutral,0.8935,"{'neutral': 0.8935, 'negative': 0.0569, 'positive': 0.0496}"
944,Voters in California will head to the polls next week as Gandhi campaigns. #BreakingNews,2024-09-28,user_637,California,Rahul Gandhi,LibDems,Synthetic,neutral,voter california head poll next week gandhi campaign,"['voter', 'california', 'head', 'poll', 'next', 'week', 'gandhi', 'campaign']",8,52,neutral,0.9315,"{np.str_('negative'): 0.0411, np.str_('neutral'): 0.9315, np.str_('positive'): 0.0274}",labeled,neutral,0.9306,"{'neutral': 0.9306, 'positive': 0.0503, 'negative': 0.0191}"
945,"official Wait, Biden actually thinks this plan will work? It's a disaster. #EndThis",2024-11-20,user_979,Maharashtra,Biden,LibDems,Synthetic,negative,official wait biden actually think plan work disaster,"['official', 'wait', 'biden', 'actually', 'think', 'plan', 'work', 'disaster']",8,53,negative,0.4339,"{np.str_('negative'): 0.4339, np.str_('neutral'): 0.3233, np.str_('positive'): 0.2428}",labeled,negative,0.7125,"{'negative': 0.7125, 'neutral': 0.2577, 'positive': 0.0298}"
946,"Finally, a leader like Mamata Banerjee who understands the needs of the youth. #BreakingNews",2024-09-24,user_531,Texas,Mamata Banerjee,Conservatives,Synthetic,positive,finally leader like Mamata understands need youth,"['finally', 'leader', 'like', 'Mamata', 'understands', 'need', 'youth']",7,49,positive,0.9431,"{np.str_('negative'): 0.0328, np.str_('neutral'): 0.0241, np.str_('positive'): 0.9431}",labeled,positive,0.6678,"{'positive': 0.6678, 'neutral': 0.314, 'negative': 0.0182}"
947,Interesting to see Arvind Kejriwal and TMC working togetehr. Not sure if this is good or bad. #IndiaNews,2025-01-21,user_520,Maharashtra,Arvind Kejriwal,TMC,Synthetic,neutral,interesting see arvind Kejriwal tmc working togetehr not sure good bad,"['interesting', 'see', 'arvind', 'Kejriwal', 'tmc', 'working', 'togetehr', 'not', 'sure', 'good', 'bad']",11,70,neutral,0.8366,"{np.str_('negative'): 0.1028, np.str_('neutral'): 0.8366, np.str_('positive'): 0.0606}",labeled,neutral,0.8268,"{'neutral': 0.8268, 'positive': 0.1292, 'negative': 0.0441}"
948,update The policies of Harris have genuinely lives in Gujarat. Keep it up! #IndiaFirst,2024-04-25,user_382,Gujarat,Harris,Labour,Synthetic,positive,update policy harris genuinely life gujarat keep,"['update', 'policy', 'harris', 'genuinely', 'life', 'gujarat', 'keep']",7,48,positive,0.6918,"{np.str_('negative'): 0.1822, np.str_('neutral'): 0.126, np.str_('positive'): 0.6918}",labeled,neutral,0.8643,"{'neutral': 0.8643, 'positive': 0.0766, 'negative': 0.0591}"
949,"While Harriz claims success, the situation in Berlin remains complicated. #NewsUpdate",2025-01-30,user_743,Berlin,Harris,AAP,Synthetic,neutral,harriz claim success situation berlin remains complicated,"['harriz', 'claim', 'success', 'situation', 'berlin', 'remains', 'complicated']",7,57,neutral,0.9025,"{np.str_('negative'): 0.0607, np.str_('neutral'): 0.9025, np.str_('positive'): 0.0368}",labeled,neutral,0.8845,"{'neutral': 0.8845, 'negative': 0.0712, 'positive': 0.0443}"
950,Mamat4 Banerjee addressed parliament on state of national security. #PolicyDebate,2024-05-10,user_215,California,Mamata Banerjee,TMC,Synthetic,neutral,mamat4 banerjee addressed parliament state national security,"['mamat4', 'banerjee', 'addressed', 'parliament', 'state', 'national', 'security']",7,60,neutral,0.6749,"{np.str_('negative'): 0.1045, np.str_('neutral'): 0.6749, np.str_('positive'): 0.2206}",labeled,neutral,0.8998,"{'neutral': 0.8998, 'positive': 0.0728, 'negative': 0.0274}"
951,Local elections in Delhi expected to be closely contested by TMC. #NewsUpdate,2024-02-22,user_190,Delhi,Yogi Adityanath,TMC,Synthetic,neutral,local election delhi expected closely contested tmc,"['local', 'election', 'delhi', 'expected', 'closely', 'contested', 'tmc']",7,51,neutral,0.8414,"{np.str_('negative'): 0.112, np.str_('neutral'): 0.8414, np.str_('positive'): 0.0466}",labeled,neutral,0.918,"{'neutral': 0.918, 'negative': 0.0421, 'positive': 0.04}"
952,"official Everyone is talking about Sunak. Some love it, some hate it. What do you think? #GlobalPolitics",2024-05-08,user_755,California,Sunak,INC (Congress),Synthetic,neutral,official everyone talking Sunak love hate think,"['official', 'everyone', 'talking', 'Sunak', 'love', 'hate', 'think']",7,47,neutral,0.5171,"{np.str_('negative'): 0.2807, np.str_('neutral'): 0.5171, np.str_('positive'): 0.2022}",labeled,neutral,0.6081,"{'neutral': 0.6081, 'negative': 0.298, 'positive': 0.0939}"
953,The new INC (Congress) bill has some good points but also many flaws. A mixed bag for Delhi.,2024-02-23,user_899,Delhi,Amit Shah,INC (Congress),Synthetic,neutral,new inc congress bill good point but also many flaw mixed bag delhi,"['new', 'inc', 'congress', 'bill', 'good', 'point', 'but', 'also', 'many', 'flaw', 'mixed', 'bag', 'delhi']",13,67,neutral,0.9274,"{np.str_('negative'): 0.0347, np.str_('neutral'): 0.9274, np.str_('positive'): 0.038}",labeled,neutral,0.4746,"{'neutral': 0.4746, 'negative': 0.4432, 'positive': 0.0822}"
954,Local electionz in Delhi expected to be closely contested by TMC. #VoterRights,2024-02-20,user_689,Delhi,Trudeau,TMC,Synthetic,neutral,local electionz delhi expected closely contested tmc,"['local', 'electionz', 'delhi', 'expected', 'closely', 'contested', 'tmc']",7,52,neutral,0.8461,"{np.str_('negative'): 0.0936, np.str_('neutral'): 0.8461, np.str_('positive'): 0.0603}",labeled,neutral,0.907,"{'neutral': 0.907, 'negative': 0.0483, 'positive': 0.0447}"
955,official Trump's foreign policy has embarrassed us on teh world stage. Shameful. #VoterRights,2024-11-27,user_907,California,Trump,Republicans,Synthetic,negative,official trump foreign policy embarrassed u teh world stage shameful,"['official', 'trump', 'foreign', 'policy', 'embarrassed', 'u', 'teh', 'world', 'stage', 'shameful']",10,68,negative,0.5432,"{np.str_('negative'): 0.5432, np.str_('neutral'): 0.289, np.str_('positive'): 0.1678}",labeled,negative,0.9246,"{'negative': 0.9246, 'neutral': 0.0681, 'positive': 0.0073}"
956,Survey shows mixed public opinion on TMC's latest immigration #GlobalPolitics,2024-05-29,user_522,Sydney,Arvind Kejriwal,TMC,Synthetic,neutral,survey show mixed public opinion tmcs latest immigration,"['survey', 'show', 'mixed', 'public', 'opinion', 'tmcs', 'latest', 'immigration']",8,56,neutral,0.8869,"{np.str_('negative'): 0.0745, np.str_('neutral'): 0.8869, np.str_('positive'): 0.0386}",labeled,neutral,0.9225,"{'neutral': 0.9225, 'negative': 0.0574, 'positive': 0.02}"
957,statement Democrats consistently delivers on its promises. Strong governance is visible. #PoliticsDaily,2024-06-15,user_569,Gujarat,Macron,Democrats,Synthetic,positive,statement Democrats consistently delivers promise strong governance visible,"['statement', 'Democrats', 'consistently', 'delivers', 'promise', 'strong', 'governance', 'visible']",8,75,positive,0.4535,"{np.str_('negative'): 0.3566, np.str_('neutral'): 0.1898, np.str_('positive'): 0.4535}",labeled,positive,0.8314,"{'positive': 0.8314, 'neutral': 0.1606, 'negative': 0.008}"
958,Inflation is through the roof under BJP's mismanagement. Families are suffering. #PolicyDebate,2024-03-29,user_964,Texas,Sunak,BJP,Synthetic,negative,inflation roof bjps mismanagement family suffering,"['inflation', 'roof', 'bjps', 'mismanagement', 'family', 'suffering']",6,50,neutral,0.42,"{np.str_('negative'): 0.2843, np.str_('neutral'): 0.42, np.str_('positive'): 0.2957}",labeled,negative,0.8891,"{'negative': 0.8891, 'neutral': 0.1041, 'positive': 0.0068}"
959,Arvind Kejriwal's foreign policy has embarrassed us on the world stage. Shameful. #PolicyDebate,2025-01-04,user_192,Maharashtra,Arvind Kejriwal,Republicans,Synthetic,negative,arvind kejriwals foreign policy embarrassed u world stage shameful,"['arvind', 'kejriwals', 'foreign', 'policy', 'embarrassed', 'u', 'world', 'stage', 'shameful']",9,66,negative,0.4178,"{np.str_('negative'): 0.4178, np.str_('neutral'): 0.4109, np.str_('positive'): 0.1714}",labeled,negative,0.8967,"{'negative': 0.8967, 'neutral': 0.0946, 'positive': 0.0087}"
960,Local elections in Maharashtra expected to be closely contested by AAP. #PolicyDebate,2024-06-21,user_925,Maharashtra,Yogi Adityanath,AAP,Synthetic,neutral,local election maharashtra expected closely contested AAP,"['local', 'election', 'maharashtra', 'expected', 'closely', 'contested', 'AAP']",7,57,neutral,0.8247,"{np.str_('negative'): 0.1212, np.str_('neutral'): 0.8247, np.str_('positive'): 0.0541}",labeled,neutral,0.8831,"{'neutral': 0.8831, 'positive': 0.0863, 'negative': 0.0306}"
961,Voters in Texas will head to the polls next week as Arvind Kejriwal campaigns. #USPolitics,2024-10-02,user_282,Texas,Arvind Kejriwal,INC (Congress),Synthetic,neutral,voter texas head poll next week arvind Kejriwal campaign,"['voter', 'texas', 'head', 'poll', 'next', 'week', 'arvind', 'Kejriwal', 'campaign']",9,56,neutral,0.9018,"{np.str_('negative'): 0.0544, np.str_('neutral'): 0.9018, np.str_('positive'): 0.0437}",labeled,neutral,0.933,"{'neutral': 0.933, 'positive': 0.0555, 'negative': 0.0115}"
962,Rahul Gandhi's policies are destroying small businesses across California. Unacceptable! #Resign,2024-06-23,user_645,California,Rahul Gandhi,Republicans,Synthetic,negative,rahul gandhi policy destroying small business across california unacceptable,"['rahul', 'gandhi', 'policy', 'destroying', 'small', 'business', 'across', 'california', 'unacceptable']",9,76,negative,0.9167,"{np.str_('negative'): 0.9167, np.str_('neutral'): 0.043, np.str_('positive'): 0.0402}",labeled,negative,0.8977,"{'negative': 0.8977, 'neutral': 0.0953, 'positive': 0.007}"
963,Modi signs executive order; challenges legal anticipated from AAP. #GlobalPolitics,2024-03-20,user_783,Texas,Modi,AAP,Synthetic,neutral,modi sign executive order challenge legal anticipated AAP,"['modi', 'sign', 'executive', 'order', 'challenge', 'legal', 'anticipated', 'AAP']",8,57,neutral,0.7745,"{np.str_('negative'): 0.1322, np.str_('neutral'): 0.7745, np.str_('positive'): 0.0933}",labeled,neutral,0.857,"{'neutral': 0.857, 'positive': 0.0784, 'negative': 0.0647}"
964,news Interesting to see Democrats Obama and working together. Not if this is good or bad. #BreakingNews,2024-08-12,user_524,Gujarat,Obama,Democrats,Synthetic,neutral,news interesting see Democrats Obama working together not good bad,"['news', 'interesting', 'see', 'Democrats', 'Obama', 'working', 'together', 'not', 'good', 'bad']",10,66,neutral,0.813,"{np.str_('negative'): 0.1125, np.str_('neutral'): 0.813, np.str_('positive'): 0.0744}",labeled,positive,0.6922,"{'positive': 0.6922, 'neutral': 0.2894, 'negative': 0.0184}"
965,Amit Shah united the divided nation with his remarkable speech yesterday. #HopeAndChange,2025-01-17,user_367,California,Amit Shah,LibDems,Synthetic,positive,amit shah united divided nation remarkable speech yesterday,"['amit', 'shah', 'united', 'divided', 'nation', 'remarkable', 'speech', 'yesterday']",8,59,positive,0.7066,"{np.str_('negative'): 0.0937, np.str_('neutral'): 0.1997, np.str_('positive'): 0.7066}",labeled,neutral,0.5606,"{'neutral': 0.5606, 'positive': 0.3021, 'negative': 0.1373}"
966,Sunak united teh divided nation with his remarkable speech yesterday. #PoliticsDaily,2024-12-20,user_237,Florida,Sunak,INC (Congress),Synthetic,positive,Sunak united teh divided nation remarkable speech yesterday,"['Sunak', 'united', 'teh', 'divided', 'nation', 'remarkable', 'speech', 'yesterday']",8,59,positive,0.6822,"{np.str_('negative'): 0.0884, np.str_('neutral'): 0.2295, np.str_('positive'): 0.6822}",labeled,neutral,0.6706,"{'neutral': 0.6706, 'negative': 0.1745, 'positive': 0.1549}"
967,today Watching Modi handle international relations with such grace and dignity. #GlobalPolitics,2024-11-26,user_667,Texas,Modi,Conservatives,Synthetic,positive,today watching modi handle international relation grace dignity,"['today', 'watching', 'modi', 'handle', 'international', 'relation', 'grace', 'dignity']",8,63,positive,0.9308,"{np.str_('negative'): 0.0423, np.str_('neutral'): 0.027, np.str_('positive'): 0.9308}",labeled,positive,0.5777,"{'positive': 0.5777, 'neutral': 0.4122, 'negative': 0.0101}"
968,government Conservatives announced cabinet reshuffle ahead of teh parliamentary session. #Election2024,2024-08-17,user_672,Gujarat,Trudeau,Conservatives,Synthetic,neutral,government conservative announced cabinet reshuffle ahead teh parliamentary session,"['government', 'conservative', 'announced', 'cabinet', 'reshuffle', 'ahead', 'teh', 'parliamentary', 'session']",9,83,neutral,0.7899,"{np.str_('negative'): 0.1053, np.str_('neutral'): 0.7899, np.str_('positive'): 0.1048}",labeled,neutral,0.9349,"{'neutral': 0.9349, 'positive': 0.0491, 'negative': 0.016}"
969,Extremely disappointed with Yogi Adityanath's action of lack on climate change. #Liar,2024-09-08,user_541,Maharashtra,Yogi Adityanath,Democrats,Synthetic,negative,extremely disappointed Yogi adityanaths action lack climate change,"['extremely', 'disappointed', 'Yogi', 'adityanaths', 'action', 'lack', 'climate', 'change']",8,66,negative,0.8457,"{np.str_('negative'): 0.8457, np.str_('neutral'): 0.075, np.str_('positive'): 0.0794}",labeled,negative,0.9117,"{'negative': 0.9117, 'neutral': 0.0788, 'positive': 0.0095}"
970,update Interesting to see Sunak and Labour working together. Not sure if this is good or bad. #PolicyDebate,2024-07-27,user_247,Delhi,Sunak,Labour,Synthetic,neutral,update interesting see Sunak LabourParty working together not sure good bad,"['update', 'interesting', 'see', 'Sunak', 'LabourParty', 'working', 'together', 'not', 'sure', 'good', 'bad']",11,75,neutral,0.8358,"{np.str_('negative'): 0.0948, np.str_('neutral'): 0.8358, np.str_('positive'): 0.0694}",labeled,neutral,0.6461,"{'neutral': 0.6461, 'positive': 0.2986, 'negative': 0.0553}"
971,Macron delivered an outstanding speech on economic recovery today. Real leadership! #BidenHarris2024,2025-01-08,user_265,Maharashtra,Macron,LibDems,Synthetic,positive,Macron delivered outstanding speech economic recovery today real leadership,"['Macron', 'delivered', 'outstanding', 'speech', 'economic', 'recovery', 'today', 'real', 'leadership']",9,75,positive,0.9277,"{np.str_('negative'): 0.0304, np.str_('neutral'): 0.0419, np.str_('positive'): 0.9277}",labeled,positive,0.9713,"{'positive': 0.9713, 'neutral': 0.0241, 'negative': 0.0046}"
972,The policies of Sunak have genuinely improved in lives California. Keep it up! #HopeAndChange,2024-07-17,user_924,California,Sunak,Conservatives,Synthetic,positive,policy Sunak genuinely improved life california keep,"['policy', 'Sunak', 'genuinely', 'improved', 'life', 'california', 'keep']",7,52,positive,0.7686,"{np.str_('negative'): 0.1127, np.str_('neutral'): 0.1187, np.str_('positive'): 0.7686}",labeled,positive,0.7291,"{'positive': 0.7291, 'neutral': 0.2498, 'negative': 0.0211}"
973,Voters in Gujarat will the head to polls next week as Rahul Gandhi campaigns. #USPolitics,2024-07-24,user_305,Gujarat,Rahul Gandhi,AAP,Synthetic,neutral,voter gujarat head poll next week RahulGandhi campaign,"['voter', 'gujarat', 'head', 'poll', 'next', 'week', 'RahulGandhi', 'campaign']",8,54,neutral,0.906,"{np.str_('negative'): 0.0451, np.str_('neutral'): 0.906, np.str_('positive'): 0.0489}",labeled,neutral,0.9165,"{'neutral': 0.9165, 'positive': 0.064, 'negative': 0.0195}"
974,The new INC (Congress) bill has some good points but also many flaws. A mixed bag for Berlin.,2024-07-10,user_197,Berlin,DeSantis,INC (Congress),Synthetic,neutral,new inc congress bill good point but also many flaw mixed bag berlin,"['new', 'inc', 'congress', 'bill', 'good', 'point', 'but', 'also', 'many', 'flaw', 'mixed', 'bag', 'berlin']",13,68,neutral,0.9234,"{np.str_('negative'): 0.038, np.str_('neutral'): 0.9234, np.str_('positive'): 0.0387}",labeled,neutral,0.5478,"{'neutral': 0.5478, 'negative': 0.3526, 'positive': 0.0996}"
975,Harris has completely failed the working class. Another broken #Election2024,2024-04-06,user_751,Sydney,Harris,Democrats,Synthetic,negative,harris completely failed working class another broken,"['harris', 'completely', 'failed', 'working', 'class', 'another', 'broken']",7,53,negative,0.5599,"{np.str_('negative'): 0.5599, np.str_('neutral'): 0.2016, np.str_('positive'): 0.2385}",labeled,negative,0.9035,"{'negative': 0.9035, 'neutral': 0.086, 'positive': 0.0105}"
976,"Wait, Mamata Banerjee actually thinks this plan will work? It's disaster. #Exposed",2024-08-13,user_823,Texas,Mamata Banerjee,TMC,Synthetic,negative,wait Mamata actually think plan work disaster,"['wait', 'Mamata', 'actually', 'think', 'plan', 'work', 'disaster']",7,45,negative,0.4762,"{np.str_('negative'): 0.4762, np.str_('neutral'): 0.3082, np.str_('positive'): 0.2156}",labeled,negative,0.5171,"{'negative': 0.5171, 'neutral': 0.4529, 'positive': 0.03}"
977,Proud to be a Labour supporter. Our values align with national progress. #MAGA,2024-06-08,user_398,Texas,Trudeau,Labour,Synthetic,positive,proud LabourParty supporter value align national progress,"['proud', 'LabourParty', 'supporter', 'value', 'align', 'national', 'progress']",7,57,positive,0.9194,"{np.str_('negative'): 0.0417, np.str_('neutral'): 0.0389, np.str_('positive'): 0.9194}",labeled,positive,0.9082,"{'positive': 0.9082, 'neutral': 0.0858, 'negative': 0.006}"
978,"While success, Trump claims the situation in Texas remains complicated. #VoterRights",2024-12-03,user_661,Texas,Trump,INC (Congress),Synthetic,neutral,success trump claim situation texas remains complicated,"['success', 'trump', 'claim', 'situation', 'texas', 'remains', 'complicated']",7,55,neutral,0.8739,"{np.str_('negative'): 0.0762, np.str_('neutral'): 0.8739, np.str_('positive'): 0.0499}",labeled,neutral,0.7774,"{'neutral': 0.7774, 'negative': 0.2024, 'positive': 0.0202}"
979,statement The lies told during by Trudeau teh election are now crystal clear. Disgraceful. #PolicyDebate,2024-01-31,user_591,Gujarat,Trudeau,AAP,Synthetic,negative,statement lie told Trudeau teh election crystal clear disgraceful,"['statement', 'lie', 'told', 'Trudeau', 'teh', 'election', 'crystal', 'clear', 'disgraceful']",9,65,negative,0.7179,"{np.str_('negative'): 0.7179, np.str_('neutral'): 0.1709, np.str_('positive'): 0.1113}",labeled,negative,0.8468,"{'negative': 0.8468, 'neutral': 0.1416, 'positive': 0.0117}"
980,Corruption in Republicans is at an all-time high. Where is the accountability? #GlobalPolitics,2024-05-24,user_428,Berlin,Macron,Republicans,Synthetic,negative,corruption Republicans alltime high accountability,"['corruption', 'Republicans', 'alltime', 'high', 'accountability']",5,50,negative,0.8293,"{np.str_('negative'): 0.8293, np.str_('neutral'): 0.0842, np.str_('positive'): 0.0865}",labeled,negative,0.5121,"{'negative': 0.5121, 'neutral': 0.4197, 'positive': 0.0682}"
981,Incredible infrastructure development happening under Harris's watch in California. #BreakingNews,2024-09-04,user_724,California,Harris,TMC,Synthetic,positive,incredible infrastructure development happening harris watch california,"['incredible', 'infrastructure', 'development', 'happening', 'harris', 'watch', 'california']",7,71,positive,0.4275,"{np.str_('negative'): 0.3397, np.str_('neutral'): 0.2328, np.str_('positive'): 0.4275}",labeled,positive,0.9383,"{'positive': 0.9383, 'neutral': 0.0579, 'negative': 0.0038}"
982,policy Opposition responds to Rahul Gandhi's budget address with mixed reactions. #IndiaNews,2024-10-27,user_865,Gujarat,Rahul Gandhi,BJP,Synthetic,neutral,policy opposition responds rahul gandhi budget address mixed reaction,"['policy', 'opposition', 'responds', 'rahul', 'gandhi', 'budget', 'address', 'mixed', 'reaction']",9,69,neutral,0.9299,"{np.str_('negative'): 0.0338, np.str_('neutral'): 0.9299, np.str_('positive'): 0.0363}",labeled,neutral,0.7072,"{'neutral': 0.7072, 'negative': 0.2736, 'positive': 0.0192}"
983,news The education reforms by are transforming schools across teh nation. #BidenHarris2024,2024-12-16,user_994,Texas,Mamata Banerjee,LibDems,Synthetic,positive,news education reform transforming school across teh nation,"['news', 'education', 'reform', 'transforming', 'school', 'across', 'teh', 'nation']",8,59,positive,0.8714,"{np.str_('negative'): 0.0795, np.str_('neutral'): 0.0491, np.str_('positive'): 0.8714}",labeled,neutral,0.8292,"{'neutral': 0.8292, 'positive': 0.1577, 'negative': 0.0131}"
984,The latest LibDemz is just the tip of the iceberg. #PoliticsDaily,2024-02-07,user_831,Texas,Rahul Gandhi,LibDems,Synthetic,negative,latest libdemz tip iceberg,"['latest', 'libdemz', 'tip', 'iceberg']",4,26,negative,0.8021,"{np.str_('negative'): 0.8021, np.str_('neutral'): 0.1232, np.str_('positive'): 0.0747}",labeled,negative,0.5463,"{'negative': 0.5463, 'neutral': 0.428, 'positive': 0.0257}"
985,Local elections in California expected to closely contested be by TMC. #Election2024,2024-06-18,user_281,California,DeSantis,TMC,Synthetic,neutral,local election california expected closely contested tmc,"['local', 'election', 'california', 'expected', 'closely', 'contested', 'tmc']",7,56,neutral,0.8451,"{np.str_('negative'): 0.1087, np.str_('neutral'): 0.8451, np.str_('positive'): 0.0462}",labeled,neutral,0.9219,"{'neutral': 0.9219, 'negative': 0.0433, 'positive': 0.0348}"
986,Rahul Gandhi executive signs order; legal challenges anticipated from Conservatives. #GlobalPolitics,2024-12-29,user_984,Maharashtra,Rahul Gandhi,Conservatives,Synthetic,neutral,RahulGandhi executive sign order legal challenge anticipated conservative,"['RahulGandhi', 'executive', 'sign', 'order', 'legal', 'challenge', 'anticipated', 'conservative']",8,73,neutral,0.7902,"{np.str_('negative'): 0.103, np.str_('neutral'): 0.7902, np.str_('positive'): 0.1069}",labeled,neutral,0.8685,"{'neutral': 0.8685, 'positive': 0.1011, 'negative': 0.0305}"
987,government The new BJP bill has some good points but also many flaws. A mixed bag for California.,2024-09-06,user_359,California,Yogi Adityanath,BJP,Synthetic,neutral,government new BJP bill good point but also many flaw mixed bag california,"['government', 'new', 'BJP', 'bill', 'good', 'point', 'but', 'also', 'many', 'flaw', 'mixed', 'bag', 'california']",13,74,neutral,0.9021,"{np.str_('negative'): 0.048, np.str_('neutral'): 0.9021, np.str_('positive'): 0.0499}",labeled,neutral,0.5153,"{'neutral': 0.5153, 'negative': 0.3462, 'positive': 0.1385}"
988,today Can't believe Democrats taxes again raised while corruption runs rampant in Delhi.,2025-01-13,user_362,Delhi,Mamata Banerjee,Democrats,Synthetic,negative,today cant believe Democrats tax raised corruption run rampant delhi,"['today', 'cant', 'believe', 'Democrats', 'tax', 'raised', 'corruption', 'run', 'rampant', 'delhi']",10,68,negative,0.5687,"{np.str_('negative'): 0.5687, np.str_('neutral'): 0.2543, np.str_('positive'): 0.177}",labeled,negative,0.9315,"{'negative': 0.9315, 'neutral': 0.0611, 'positive': 0.0073}"
989,Experts weigh in on development AAP's five-year plan. #IndiaNews,2024-02-14,user_668,Florida,Yogi Adityanath,AAP,Synthetic,neutral,expert weigh development aaps fiveyear plan,"['expert', 'weigh', 'development', 'aaps', 'fiveyear', 'plan']",6,43,neutral,0.8333,"{np.str_('negative'): 0.0637, np.str_('neutral'): 0.8333, np.str_('positive'): 0.103}",labeled,neutral,0.8325,"{'neutral': 0.8325, 'positive': 0.1387, 'negative': 0.0288}"
990,statement TMC's new budget plan is exactly what the middle class needs. Great work! #GlobalPolitics,2025-01-25,user_810,California,Trudeau,TMC,Synthetic,positive,statement tmcs new budget plan exactly middle class need great work,"['statement', 'tmcs', 'new', 'budget', 'plan', 'exactly', 'middle', 'class', 'need', 'great', 'work']",11,67,positive,0.6161,"{np.str_('negative'): 0.1753, np.str_('neutral'): 0.2086, np.str_('positive'): 0.6161}",labeled,positive,0.4971,"{'positive': 0.4971, 'neutral': 0.4624, 'negative': 0.0405}"
991,How many more scandals before Macron is held responsible? is enough! #PoliticsDaily,2024-04-06,user_886,California,Macron,Republicans,Synthetic,negative,many scandal Macron held responsible enough,"['many', 'scandal', 'Macron', 'held', 'responsible', 'enough']",6,43,negative,0.7275,"{np.str_('negative'): 0.7275, np.str_('neutral'): 0.1903, np.str_('positive'): 0.0822}",labeled,neutral,0.6291,"{'neutral': 0.6291, 'negative': 0.2341, 'positive': 0.1368}"
992,government DeSantis delivered an outstanding speech on economic recovery today. Real leadership! #Progress,2024-01-29,user_500,Sydney,DeSantis,INC (Congress),Synthetic,positive,government DeSantis delivered outstanding speech economic recovery today real leadership,"['government', 'DeSantis', 'delivered', 'outstanding', 'speech', 'economic', 'recovery', 'today', 'real', 'leadership']",10,88,positive,0.9206,"{np.str_('negative'): 0.0354, np.str_('neutral'): 0.044, np.str_('positive'): 0.9206}",labeled,positive,0.9737,"{'positive': 0.9737, 'neutral': 0.0229, 'negative': 0.0035}"
993,The latest Labour zcandal just is the of the iceberg. #Resign,2024-03-23,user_246,Florida,Rahul Gandhi,Labour,Synthetic,negative,latest LabourParty zcandal iceberg,"['latest', 'LabourParty', 'zcandal', 'iceberg']",4,34,negative,0.6593,"{np.str_('negative'): 0.6593, np.str_('neutral'): 0.2177, np.str_('positive'): 0.1229}",labeled,neutral,0.5725,"{'neutral': 0.5725, 'negative': 0.3975, 'positive': 0.03}"
994,today The lies told by Amit Shah during the election are now crystal clear. Disgraceful. #Resign,2024-03-14,user_206,Sydney,Amit Shah,INC (Congress),Synthetic,negative,today lie told amit shah election crystal clear disgraceful,"['today', 'lie', 'told', 'amit', 'shah', 'election', 'crystal', 'clear', 'disgraceful']",9,59,negative,0.6987,"{np.str_('negative'): 0.6987, np.str_('neutral'): 0.1657, np.str_('positive'): 0.1357}",labeled,negative,0.8713,"{'negative': 0.8713, 'neutral': 0.1178, 'positive': 0.0109}"
995,"government Everyone is talking about Yogi Adityanath. Some love it, some hate it. What do you think? #Election2024",2024-01-19,user_677,Sydney,Yogi Adityanath,Conservatives,Synthetic,neutral,government everyone talking Yogi love hate think,"['government', 'everyone', 'talking', 'Yogi', 'love', 'hate', 'think']",7,48,neutral,0.4213,"{np.str_('negative'): 0.4159, np.str_('neutral'): 0.4213, np.str_('positive'): 0.1628}",labeled,neutral,0.5932,"{'neutral': 0.5932, 'negative': 0.2706, 'positive': 0.1361}"
996,Excellent initiative by Amit Shah to support rural development. #VoterRights,2024-12-15,user_602,Sydney,Amit Shah,Republicans,Synthetic,positive,excellent initiative amit shah support rural development,"['excellent', 'initiative', 'amit', 'shah', 'support', 'rural', 'development']",7,56,positive,0.6906,"{np.str_('negative'): 0.0945, np.str_('neutral'): 0.2149, np.str_('positive'): 0.6906}",labeled,positive,0.9499,"{'positive': 0.9499, 'neutral': 0.0431, 'negative': 0.0069}"
997,today BJP is tearing this country apart with its rhetoric. #USPolitics,2024-03-30,user_497,Maharashtra,Mamata Banerjee,BJP,Synthetic,negative,today BJP tearing country apart rhetoric,"['today', 'BJP', 'tearing', 'country', 'apart', 'rhetoric']",6,40,negative,0.654,"{np.str_('negative'): 0.654, np.str_('neutral'): 0.1531, np.str_('positive'): 0.1929}",labeled,negative,0.8397,"{'negative': 0.8397, 'neutral': 0.1458, 'positive': 0.0145}"
998,Obama has completely failed the working class. broken promise. #BreakingNews,2024-07-24,user_228,Maharashtra,Obama,Labour,Synthetic,negative,Obama completely failed working class broken promise,"['Obama', 'completely', 'failed', 'working', 'class', 'broken', 'promise']",7,52,negative,0.434,"{np.str_('negative'): 0.434, np.str_('neutral'): 0.1937, np.str_('positive'): 0.3723}",labeled,negative,0.8921,"{'negative': 0.8921, 'neutral': 0.0923, 'positive': 0.0155}"
999,"Everyone is talking about Trudeau. Some love it, some hate it. What do you think? #GlobalPolitics",2024-06-21,user_433,California,Trudeau,INC (Congress),Synthetic,neutral,everyone talking Trudeau love hate think,"['everyone', 'talking', 'Trudeau', 'love', 'hate', 'think']",6,40,neutral,0.5332,"{np.str_('negative'): 0.2969, np.str_('neutral'): 0.5332, np.str_('positive'): 0.1698}",labeled,neutral,0.5653,"{'neutral': 0.5653, 'negative': 0.296, 'positive': 0.1387}"
1000,AAP committee to healthcare review spending over the next quarter. #VoterRights,2024-07-05,user_574,Texas,Yogi Adityanath,AAP,Synthetic,neutral,AAP committee healthcare review spending next quarter,"['AAP', 'committee', 'healthcare', 'review', 'spending', 'next', 'quarter']",7,53,neutral,0.7977,"{np.str_('negative'): 0.1156, np.str_('neutral'): 0.7977, np.str_('positive'): 0.0866}",labeled,neutral,0.913,"{'neutral': 0.913, 'positive': 0.0617, 'negative': 0.0252}"
