id,text,timestamp,user,location,source,language,query,true_sentiment,politician,party,is_sarcastic,cleaned_text,tokens,token_count,char_count,ml_label,ml_confidence,ml_probs,split
1,its oscar nomination ,2024-11-13,unknown_user,,SST-2,en,sst2,positive,Unknown,Unknown,False,oscar nomination,"['oscar', 'nomination']",2,16,positive,0.4046,"{np.str_('negative'): 0.2554, np.str_('neutral'): 0.34, np.str_('positive'): 0.4046}",labeled
2,@user oohh may i know you something? are you a muslim or orientalist? you seem to hate islam,2024-11-07,unknown_user,,Twitter (tweet_eval),en,tweet_eval_sentiment,neutral,Unknown,Unknown,False,oohh may know something muslim orientalist seem hate islam,"['oohh', 'may', 'know', 'something', 'muslim', 'orientalist', 'seem', 'hate', 'islam']",9,58,neutral,0.4382,"{np.str_('negative'): 0.2333, np.str_('neutral'): 0.4382, np.str_('positive'): 0.3284}",labeled
3,Oh great\u002c weather warning for Tayside and I\u2019m going to Dundee tomorrow.  Hope I don\u2019t get stranded up there #help,2024-12-04,unknown_user,,Twitter (tweet_eval),en,tweet_eval_sentiment,positive,Unknown,Unknown,False,oh greatu002c weather warning tayside iu2019m going dundee tomorrow hope donu2019t get stranded,"['oh', 'greatu002c', 'weather', 'warning', 'tayside', 'iu2019m', 'going', 'dundee', 'tomorrow', 'hope', 'donu2019t', 'get', 'stranded']",13,95,positive,0.5253,"{np.str_('negative'): 0.2487, np.str_('neutral'): 0.226, np.str_('positive'): 0.5253}",labeled
4,"as teen movies go , "" orange county "" is a refreshing change",2024-10-15,unknown_user,,Rotten Tomatoes,en,rotten_tomatoes,positive,Unknown,Unknown,False,teen movie go orange county refreshing change,"['teen', 'movie', 'go', 'orange', 'county', 'refreshing', 'change']",7,45,negative,0.4265,"{np.str_('negative'): 0.4265, np.str_('neutral'): 0.2208, np.str_('positive'): 0.3526}",labeled
5,it almost feels as if the movie is more interested in entertaining itself than in amusing us .,2025-02-05,unknown_user,,Rotten Tomatoes,en,rotten_tomatoes,negative,Unknown,Unknown,False,almost feel movie interested entertaining amusing u,"['almost', 'feel', 'movie', 'interested', 'entertaining', 'amusing', 'u']",7,51,negative,0.4939,"{np.str_('negative'): 0.4939, np.str_('neutral'): 0.1688, np.str_('positive'): 0.3373}",labeled
6,See Win% on 1st Serve for Serena : Get more than the #usopen tennis score with #IBMSports.,2024-05-17,unknown_user,,Twitter (tweet_eval),en,tweet_eval_sentiment,positive,Unknown,Unknown,False,see win 1st serve serena get tennis score,"['see', 'win', '1st', 'serve', 'serena', 'get', 'tennis', 'score']",8,41,neutral,0.5033,"{np.str_('negative'): 0.1317, np.str_('neutral'): 0.5033, np.str_('positive'): 0.3651}",labeled
7,Islam in Bangladesh is like the multiple colors of a mirror under the sun  There is love in these images. A...,2024-10-27,unknown_user,,Twitter (tweet_eval),en,tweet_eval_sentiment,positive,Unknown,Unknown,False,islam bangladesh like multiple color mirror sun love image,"['islam', 'bangladesh', 'like', 'multiple', 'color', 'mirror', 'sun', 'love', 'image']",9,58,positive,0.4287,"{np.str_('negative'): 0.1858, np.str_('neutral'): 0.3855, np.str_('positive'): 0.4287}",labeled
8,"I'm sure deep in the recesses of Jack Blacks mind the character of Nacho Libre is absolutely hilarious but no it isn't. You can tell ol Jacks having a whale of a time hammin it up playing a smarmy, slimy Mexican friar with dreams of becoming a wrestler but this movie is a total m",2024-08-26,unknown_user,,IMDB,en,imdb,negative,Unknown,Unknown,False,im sure deep recess jack black mind character nacho libre absolutely hilarious but no isnt tell ol jack whale time hammin playing smarmy slimy mexican friar dream becoming wrestler but movie total,"['im', 'sure', 'deep', 'recess', 'jack', 'black', 'mind', 'character', 'nacho', 'libre', 'absolutely', 'hilarious', 'but', 'no', 'isnt', 'tell', 'ol', 'jack', 'whale', 'time', 'hammin', 'playing', 'smarmy', 'slimy', 'mexican', 'friar', 'dream', 'becoming', 'wrestler', 'but', 'movie', 'total']",32,196,positive,0.4384,"{np.str_('negative'): 0.3457, np.str_('neutral'): 0.2158, np.str_('positive'): 0.4384}",labeled
9,in its lack of poetic frissons ,2024-05-26,unknown_user,,SST-2,en,sst2,negative,Unknown,Unknown,False,lack poetic frisson,"['lack', 'poetic', 'frisson']",3,19,positive,0.4046,"{np.str_('negative'): 0.2554, np.str_('neutral'): 0.34, np.str_('positive'): 0.4046}",labeled
10,"add yet another hat to a talented head , clooney 's a good director . ",2024-02-24,unknown_user,,SST-2,en,sst2,positive,Unknown,Unknown,False,add yet another hat talented head clooney good director,"['add', 'yet', 'another', 'hat', 'talented', 'head', 'clooney', 'good', 'director']",9,55,positive,0.4611,"{np.str_('negative'): 0.2669, np.str_('neutral'): 0.2721, np.str_('positive'): 0.4611}",labeled
11,is its utter sincerity . ,2025-02-03,unknown_user,,SST-2,en,sst2,positive,Unknown,Unknown,False,utter sincerity,"['utter', 'sincerity']",2,15,positive,0.4046,"{np.str_('negative'): 0.2554, np.str_('neutral'): 0.34, np.str_('positive'): 0.4046}",labeled
12,"The 8th video about Planned Parenthood has come out.  In light of this, it's important to remember that for...",2025-04-14,unknown_user,,Twitter (tweet_eval),en,tweet_eval_sentiment,neutral,Unknown,Unknown,False,8th video planned parenthood come light important remember,"['8th', 'video', 'planned', 'parenthood', 'come', 'light', 'important', 'remember']",8,58,neutral,0.3803,"{np.str_('negative'): 0.2916, np.str_('neutral'): 0.3803, np.str_('positive'): 0.3281}",labeled
13,Rick Perry has stopped paying staff &amp; rumors of Rand Paul implosion are everywhere. Are these the 1st 2 out?,2024-03-16,unknown_user,,Twitter (tweet_eval),en,tweet_eval_sentiment,neutral,Unknown,Unknown,False,rick perry stopped paying staff amp rumor rand paul implosion everywhere 1st,"['rick', 'perry', 'stopped', 'paying', 'staff', 'amp', 'rumor', 'rand', 'paul', 'implosion', 'everywhere', '1st']",12,76,positive,0.4514,"{np.str_('negative'): 0.208, np.str_('neutral'): 0.3406, np.str_('positive'): 0.4514}",labeled
14,"Pope Francis USA tshirts on sale for $10 to Mr. Hylka-room 219 by Thursday 3pm. These will be worn 9/23, the day the pope arrives in the US.",2024-04-05,unknown_user,,Twitter (tweet_eval),en,tweet_eval_sentiment,positive,Unknown,Unknown,False,pope francis usa tshirts sale 10 mr hylkaroom 219 thursday 3pm worn 923 day pope arrives u,"['pope', 'francis', 'usa', 'tshirts', 'sale', '10', 'mr', 'hylkaroom', '219', 'thursday', '3pm', 'worn', '923', 'day', 'pope', 'arrives', 'u']",17,90,neutral,0.424,"{np.str_('negative'): 0.1637, np.str_('neutral'): 0.424, np.str_('positive'): 0.4123}",labeled
15,More about nothing X Wale Friday Night Lights X J.Cole The Movie X Gucci  The Lonny Breaux Collection X Frank Ocean   Is mixtapes you need,2024-11-04,unknown_user,,Twitter (tweet_eval),en,tweet_eval_sentiment,neutral,Unknown,Unknown,False,nothing wale friday night light jcole movie gucci lonny breaux collection frank ocean mixtapes need,"['nothing', 'wale', 'friday', 'night', 'light', 'jcole', 'movie', 'gucci', 'lonny', 'breaux', 'collection', 'frank', 'ocean', 'mixtapes', 'need']",15,99,positive,0.5259,"{np.str_('negative'): 0.1124, np.str_('neutral'): 0.3617, np.str_('positive'): 0.5259}",labeled
16,"sc2 is an autopilot hollywood concoction lacking in imagination and authentic christmas spirit , yet it's geared toward an audience full of masters of both .",2025-05-02,unknown_user,,Rotten Tomatoes,en,rotten_tomatoes,negative,Unknown,Unknown,False,sc2 autopilot hollywood concoction lacking imagination authentic christmas spirit yet geared toward audience full master,"['sc2', 'autopilot', 'hollywood', 'concoction', 'lacking', 'imagination', 'authentic', 'christmas', 'spirit', 'yet', 'geared', 'toward', 'audience', 'full', 'master']",15,120,negative,0.4225,"{np.str_('negative'): 0.4225, np.str_('neutral'): 0.2057, np.str_('positive'): 0.3718}",labeled
17,"If he looked any shade of brown skin he would have been. These ""Deplorables"" are really starting to come out ofthe…",2025-02-17,unknown_user,,Twitter (tweet_eval),en,tweet_eval_sentiment,negative,Unknown,Unknown,False,looked shade brown skin would deplorables really starting come ofthe…,"['looked', 'shade', 'brown', 'skin', 'would', 'deplorables', 'really', 'starting', 'come', 'ofthe…']",10,69,positive,0.4184,"{np.str_('negative'): 0.2742, np.str_('neutral'): 0.3075, np.str_('positive'): 0.4184}",labeled
18,#UNDP The DPRK is not here. Such traitorous actions cannot be tolerated. Praise to Kim Jong-un. #SydMUN16,2024-07-21,unknown_user,,Twitter (tweet_eval),en,tweet_eval_sentiment,negative,Unknown,Unknown,False,dprk not traitorous action not tolerated praise kim jongun,"['dprk', 'not', 'traitorous', 'action', 'not', 'tolerated', 'praise', 'kim', 'jongun']",9,58,neutral,0.4136,"{np.str_('negative'): 0.3814, np.str_('neutral'): 0.4136, np.str_('positive'): 0.2049}",labeled
19,1st movie of the night: The Vow,2024-10-09,unknown_user,,Twitter (tweet_eval),en,tweet_eval_sentiment,neutral,Unknown,Unknown,False,1st movie night vow,"['1st', 'movie', 'night', 'vow']",4,19,positive,0.5128,"{np.str_('negative'): 0.1587, np.str_('neutral'): 0.3285, np.str_('positive'): 0.5128}",labeled
20,Imagine going home before Sunday and missing Snoop Dogg hahahaha,2024-02-15,unknown_user,,Twitter (tweet_eval),en,tweet_eval_sentiment,positive,Unknown,Unknown,False,imagine going home sunday missing snoop dogg hahahaha,"['imagine', 'going', 'home', 'sunday', 'missing', 'snoop', 'dogg', 'hahahaha']",8,53,positive,0.4686,"{np.str_('negative'): 0.1571, np.str_('neutral'): 0.3743, np.str_('positive'): 0.4686}",labeled
21,@user DAVID BLAINE DOES MAGIC AT KANYE WEST. Kanye doesn't really have a *great* time.,2024-06-05,unknown_user,,Twitter (tweet_eval),en,tweet_eval_sentiment,neutral,Unknown,Unknown,False,david blaine magic kanye west kanye doesnt really great time,"['david', 'blaine', 'magic', 'kanye', 'west', 'kanye', 'doesnt', 'really', 'great', 'time']",10,60,positive,0.4666,"{np.str_('negative'): 0.2008, np.str_('neutral'): 0.3326, np.str_('positive'): 0.4666}",labeled
22,"Like Tarzan the Ape Man (1932), only more so. There's more of everything, more animals, more varied African tribes, and scenes in which the thought must be, if this was good with three or four lions, forty would be better. Tarzan wrestles with crocodilesthe the crocodile machine",2024-10-07,unknown_user,,IMDB,en,imdb,positive,Unknown,Unknown,False,like tarzan ape man 1932 there everything animal varied african tribe scene thought must good three four lion forty would better tarzan wrestle crocodilesthe crocodile machine,"['like', 'tarzan', 'ape', 'man', '1932', 'there', 'everything', 'animal', 'varied', 'african', 'tribe', 'scene', 'thought', 'must', 'good', 'three', 'four', 'lion', 'forty', 'would', 'better', 'tarzan', 'wrestle', 'crocodiles\x97the', 'crocodile', 'machine']",26,176,positive,0.5132,"{np.str_('negative'): 0.3175, np.str_('neutral'): 0.1693, np.str_('positive'): 0.5132}",labeled
23,@user reminds me day I was walked btw IBM bldgs in S.Fla Sun for health; hot; I past 2 guys digging a 4x8' cable trench 10' deep,2025-05-13,unknown_user,,Twitter (tweet_eval),en,tweet_eval_sentiment,neutral,Unknown,Unknown,False,reminds day walked btw ibm bldgs sfla sun health hot past guy digging 4x8 cable trench 10 deep,"['reminds', 'day', 'walked', 'btw', 'ibm', 'bldgs', 'sfla', 'sun', 'health', 'hot', 'past', 'guy', 'digging', '4x8', 'cable', 'trench', '10', 'deep']",18,94,neutral,0.5058,"{np.str_('negative'): 0.1227, np.str_('neutral'): 0.5058, np.str_('positive'): 0.3715}",labeled
24,"thanks to haynes' absolute control of the film's mood , and buoyed by three terrific performances , far from heaven actually pulls off this stylistic juggling act .",2024-01-16,unknown_user,,Rotten Tomatoes,en,rotten_tomatoes,positive,Unknown,Unknown,False,thanks haynes absolute control film mood buoyed three terrific performance far heaven actually pull stylistic juggling act,"['thanks', 'haynes', 'absolute', 'control', 'film', 'mood', 'buoyed', 'three', 'terrific', 'performance', 'far', 'heaven', 'actually', 'pull', 'stylistic', 'juggling', 'act']",17,122,positive,0.625,"{np.str_('negative'): 0.2737, np.str_('neutral'): 0.1012, np.str_('positive'): 0.625}",labeled
25,Last friday was a blast. I really missed mamox coz shes the only one who understands me when it comes to kpop. (we even sang 2pm's go crazy),2024-09-18,unknown_user,,Twitter (tweet_eval),en,tweet_eval_sentiment,positive,Unknown,Unknown,False,last friday blast really missed mamox coz shes one understands come kpop even sang 2pms go crazy,"['last', 'friday', 'blast', 'really', 'missed', 'mamox', 'coz', 'shes', 'one', 'understands', 'come', 'kpop', 'even', 'sang', '2pms', 'go', 'crazy']",17,96,positive,0.4411,"{np.str_('negative'): 0.1929, np.str_('neutral'): 0.366, np.str_('positive'): 0.4411}",labeled
26,Putting together a preview story for the CMU field hockey team. They're hosting Kent State Saturday with the MAC Championship on the line.,2024-04-03,unknown_user,,Twitter (tweet_eval),en,tweet_eval_sentiment,neutral,Unknown,Conservatives,False,putting together preview story cmu field hockey team theyre hosting kent state saturday mac championship line,"['putting', 'together', 'preview', 'story', 'cmu', 'field', 'hockey', 'team', 'theyre', 'hosting', 'kent', 'state', 'saturday', 'mac', 'championship', 'line']",16,109,positive,0.3617,"{np.str_('negative'): 0.3169, np.str_('neutral'): 0.3214, np.str_('positive'): 0.3617}",labeled
27,"""Cliff Avril on whether he would have been healthy to play on Sunday (Lions on bye): \""""""""I would have played.\""""""""""",2024-12-29,unknown_user,,Twitter (tweet_eval),en,tweet_eval_sentiment,neutral,Unknown,Unknown,False,cliff avril whether would healthy play sunday lion bye would played,"['cliff', 'avril', 'whether', 'would', 'healthy', 'play', 'sunday', 'lion', 'bye', 'would', 'played']",11,67,positive,0.4401,"{np.str_('negative'): 0.2214, np.str_('neutral'): 0.3385, np.str_('positive'): 0.4401}",labeled
28,This movie has everything typical horror movies lack. Although some things are far fetched we are dealing with quality snow man engineers. The only preview i can reveal is that i cant wait for Jackzilla. Dare i say oscar winner. This is a perfect date movie. I advise all men for ,2024-08-08,unknown_user,,IMDB,en,imdb,positive,Unknown,Unknown,False,movie everything typical horror movie lack although thing far fetched dealing quality snow man engineer preview reveal cant wait jackzilla dare say oscar winner perfect date movie advise men,"['movie', 'everything', 'typical', 'horror', 'movie', 'lack', 'although', 'thing', 'far', 'fetched', 'dealing', 'quality', 'snow', 'man', 'engineer', 'preview', 'reveal', 'cant', 'wait', 'jackzilla', 'dare', 'say', 'oscar', 'winner', 'perfect', 'date', 'movie', 'advise', 'men']",29,190,positive,0.4468,"{np.str_('negative'): 0.4463, np.str_('neutral'): 0.1069, np.str_('positive'): 0.4468}",labeled
29,Can\u2019t wait for ISS tomorrow.... Not but at least ill have Kenna with me,2024-01-27,unknown_user,,Twitter (tweet_eval),en,tweet_eval_sentiment,positive,Unknown,Unknown,False,canu2019t wait iss tomorrow not but least ill kenna,"['canu2019t', 'wait', 'iss', 'tomorrow', 'not', 'but', 'least', 'ill', 'kenna']",9,51,positive,0.5666,"{np.str_('negative'): 0.1962, np.str_('neutral'): 0.2372, np.str_('positive'): 0.5666}",labeled
30,@user Sumlin just mixing it up or is Murray the 2nd half an?,2024-04-05,unknown_user,,Twitter (tweet_eval),en,tweet_eval_sentiment,neutral,Unknown,Unknown,False,sumlin mixing murray 2nd half,"['sumlin', 'mixing', 'murray', '2nd', 'half']",5,29,neutral,0.4461,"{np.str_('negative'): 0.1849, np.str_('neutral'): 0.4461, np.str_('positive'): 0.3689}",labeled
31,I went to the Marijuana March\u002c but I do not remember what happened there.,2025-01-10,unknown_user,,Twitter (tweet_eval),en,tweet_eval_sentiment,neutral,Unknown,Unknown,False,went marijuana marchu002c but not remember happened,"['went', 'marijuana', 'marchu002c', 'but', 'not', 'remember', 'happened']",7,51,neutral,0.4904,"{np.str_('negative'): 0.2941, np.str_('neutral'): 0.4904, np.str_('positive'): 0.2155}",labeled
32,@user when will your 2013 dates at the MGM Grand will be released? I wanna meet you for my 30th birthday on March 10th! #Bucketlist,2025-03-22,unknown_user,,Twitter (tweet_eval),en,tweet_eval_sentiment,neutral,Unknown,Unknown,False,2013 date mgm grand released wan na meet 30th birthday march 10th,"['2013', 'date', 'mgm', 'grand', 'released', 'wan', 'na', 'meet', '30th', 'birthday', 'march', '10th']",12,65,neutral,0.4756,"{np.str_('negative'): 0.1293, np.str_('neutral'): 0.4756, np.str_('positive'): 0.3951}",labeled
33,@user @user Not a Fox fan but I respect MK. Good luck with your book dear!,2024-10-23,unknown_user,,Twitter (tweet_eval),en,tweet_eval_sentiment,positive,Unknown,Unknown,False,not fox fan but respect mk good luck book dear,"['not', 'fox', 'fan', 'but', 'respect', 'mk', 'good', 'luck', 'book', 'dear']",10,46,positive,0.5481,"{np.str_('negative'): 0.271, np.str_('neutral'): 0.1809, np.str_('positive'): 0.5481}",labeled
34,"@user Drain the swamp? Obamacare? Int allegiances? Interrogation? Climate change? Clinton being charged? Gigantic wall? Yeah, exactly.",2025-02-19,unknown_user,,Twitter (tweet_eval),en,tweet_eval_sentiment,negative,Obama,Unknown,False,drain swamp obamacare int allegiance interrogation climate change clinton charged gigantic wall yeah exactly,"['drain', 'swamp', 'obamacare', 'int', 'allegiance', 'interrogation', 'climate', 'change', 'clinton', 'charged', 'gigantic', 'wall', 'yeah', 'exactly']",14,108,neutral,0.4275,"{np.str_('negative'): 0.2946, np.str_('neutral'): 0.4275, np.str_('positive'): 0.2779}",labeled
35,"""Tomorrow, September 13th 8pm-midnight Cafe Asia , link to buy a ticket if you're interested will follow this tweet""",2024-04-06,unknown_user,,Twitter (tweet_eval),en,tweet_eval_sentiment,neutral,Unknown,Unknown,False,tomorrow september 13th 8pmmidnight cafe asia link buy ticket youre interested follow tweet,"['tomorrow', 'september', '13th', '8pmmidnight', 'cafe', 'asia', 'link', 'buy', 'ticket', 'youre', 'interested', 'follow', 'tweet']",13,91,neutral,0.497,"{np.str_('negative'): 0.1849, np.str_('neutral'): 0.497, np.str_('positive'): 0.3181}",labeled
36,"""4 Jan Cracking the case of Charles Dickens THE MYSTERY OF EDWIN DROOD and the madcap musical it inspired @user",2025-05-13,unknown_user,,Twitter (tweet_eval),en,tweet_eval_sentiment,neutral,Unknown,Unknown,False,jan cracking case charles dickens mystery edwin drood madcap musical inspired,"['jan', 'cracking', 'case', 'charles', 'dickens', 'mystery', 'edwin', 'drood', 'madcap', 'musical', 'inspired']",11,77,positive,0.4046,"{np.str_('negative'): 0.2554, np.str_('neutral'): 0.34, np.str_('positive'): 0.4046}",labeled
37,Just found out we have 91 Appointments n we are shooting for 120 on Monday - Huntsville\u002c AL are you ready for us?!?!  #NMAE @user,2025-02-23,unknown_user,,Twitter (tweet_eval),en,tweet_eval_sentiment,neutral,Unknown,Unknown,False,found 91 appointment shooting 120 monday huntsvilleu002c al ready u,"['found', '91', 'appointment', 'shooting', '120', 'monday', 'huntsvilleu002c', 'al', 'ready', 'u']",10,67,neutral,0.4056,"{np.str_('negative'): 0.22, np.str_('neutral'): 0.4056, np.str_('positive'): 0.3744}",labeled
38,"""29 March 1987 - Wrestlemania III-93,173 watch Hulk Hogan beat Andre the Giant.",2024-02-07,unknown_user,,Twitter (tweet_eval),en,tweet_eval_sentiment,positive,Unknown,Unknown,False,29 march 1987 wrestlemania iii93173 watch hulk hogan beat andre giant,"['29', 'march', '1987', 'wrestlemania', 'iii93173', 'watch', 'hulk', 'hogan', 'beat', 'andre', 'giant']",11,69,neutral,0.4382,"{np.str_('negative'): 0.1599, np.str_('neutral'): 0.4382, np.str_('positive'): 0.4019}",labeled
39,Did you just tell me Lucas scott leaves in the 5th season of tree hill? #YOUJUSTRUINEDMYLIFE,2024-01-08,unknown_user,,Twitter (tweet_eval),en,tweet_eval_sentiment,negative,Unknown,Unknown,False,tell lucas scott leaf 5th season tree hill,"['tell', 'lucas', 'scott', 'leaf', '5th', 'season', 'tree', 'hill']",8,42,neutral,0.4864,"{np.str_('negative'): 0.2388, np.str_('neutral'): 0.4864, np.str_('positive'): 0.2748}",labeled
40,@user the 6th edition was great too! i traveled around 5 islands in Vanuatu & New Caledonia,2024-07-05,unknown_user,,Twitter (tweet_eval),en,tweet_eval_sentiment,positive,Unknown,Unknown,False,6th edition great traveled around island vanuatu new caledonia,"['6th', 'edition', 'great', 'traveled', 'around', 'island', 'vanuatu', 'new', 'caledonia']",9,62,positive,0.4962,"{np.str_('negative'): 0.1207, np.str_('neutral'): 0.3831, np.str_('positive'): 0.4962}",labeled
41,Is it fair to expect more from Christians at the work place? More on that this Sunday. #GospelAtWork,2025-01-25,unknown_user,,Twitter (tweet_eval),en,tweet_eval_sentiment,neutral,Unknown,Unknown,False,fair expect christian work place sunday,"['fair', 'expect', 'christian', 'work', 'place', 'sunday']",6,39,neutral,0.423,"{np.str_('negative'): 0.2076, np.str_('neutral'): 0.423, np.str_('positive'): 0.3694}",labeled
42,"""Baha , as if I'm singing in front of people at Bluesfest tomorrow ! Everyone is going to be so great! #sinkingin #feelingsick""",2024-09-28,unknown_user,,Twitter (tweet_eval),en,tweet_eval_sentiment,positive,Unknown,Unknown,False,baha im singing front people bluesfest tomorrow everyone going great,"['baha', 'im', 'singing', 'front', 'people', 'bluesfest', 'tomorrow', 'everyone', 'going', 'great']",10,68,positive,0.6535,"{np.str_('negative'): 0.171, np.str_('neutral'): 0.1755, np.str_('positive'): 0.6535}",labeled
43,Happy to know that Delhi Police had found today the missing girl from India gate on 28 sept 2014,2024-04-06,unknown_user,,Twitter (tweet_eval),en,tweet_eval_sentiment,positive,Unknown,Unknown,False,happy know delhi police found today missing girl india gate 28 sept 2014,"['happy', 'know', 'delhi', 'police', 'found', 'today', 'missing', 'girl', 'india', 'gate', '28', 'sept', '2014']",13,72,positive,0.408,"{np.str_('negative'): 0.2402, np.str_('neutral'): 0.3518, np.str_('positive'): 0.408}",labeled
44,the guys still feels counterproductive ,2025-03-18,unknown_user,,SST-2,en,sst2,negative,Unknown,Unknown,False,guy still feel counterproductive,"['guy', 'still', 'feel', 'counterproductive']",4,32,neutral,0.3731,"{np.str_('negative'): 0.2661, np.str_('neutral'): 0.3731, np.str_('positive'): 0.3608}",labeled
45,trying to break your heart an attraction it desperately needed ,2024-07-17,unknown_user,,SST-2,en,sst2,positive,Unknown,Unknown,False,trying break heart attraction desperately needed,"['trying', 'break', 'heart', 'attraction', 'desperately', 'needed']",6,48,positive,0.4046,"{np.str_('negative'): 0.2554, np.str_('neutral'): 0.34, np.str_('positive'): 0.4046}",labeled
46,If this is the end for @user I once again have to commend @user for his emotional Gary Carter memorial show in February,2024-12-04,unknown_user,,Twitter (tweet_eval),en,tweet_eval_sentiment,neutral,Unknown,Unknown,False,end commend emotional gary carter memorial show february,"['end', 'commend', 'emotional', 'gary', 'carter', 'memorial', 'show', 'february']",8,56,positive,0.434,"{np.str_('negative'): 0.2745, np.str_('neutral'): 0.2915, np.str_('positive'): 0.434}",labeled
47,Love @user ! We need to see more of her on @user . Maybe replace @user ?,2025-03-13,unknown_user,,Twitter (tweet_eval),en,tweet_eval_sentiment,positive,Unknown,Unknown,False,love need see maybe replace,"['love', 'need', 'see', 'maybe', 'replace']",5,27,positive,0.5222,"{np.str_('negative'): 0.1304, np.str_('neutral'): 0.3474, np.str_('positive'): 0.5222}",labeled
48,"1st watched 8/26/2001 - 8 out of 10 (Dir-John Cassavetes): Well-done early independent film by Cassavetes introduced a style that was much different than what Hollywood shows it's audience. This movie also introduced some very taboo subjects, especially the actual racism that pro",2024-12-07,unknown_user,,IMDB,en,imdb,positive,Unknown,Unknown,False,1st watched 8262001 10 dirjohn cassavetes welldone early independent film cassavetes introduced style much different hollywood show audience movie also introduced taboo subject especially actual racism pro,"['1st', 'watched', '8262001', '10', 'dirjohn', 'cassavetes', 'welldone', 'early', 'independent', 'film', 'cassavetes', 'introduced', 'style', 'much', 'different', 'hollywood', 'show', 'audience', 'movie', 'also', 'introduced', 'taboo', 'subject', 'especially', 'actual', 'racism', 'pro']",27,205,positive,0.4867,"{np.str_('negative'): 0.3405, np.str_('neutral'): 0.1728, np.str_('positive'): 0.4867}",labeled
49,@user were on just before yee at Castlepalooza next Sat. Deezer stage though. Buzztown! There's a good crew about that day,2024-07-23,unknown_user,,Twitter (tweet_eval),en,tweet_eval_sentiment,positive,Unknown,Unknown,False,yee castlepalooza next sat deezer stage though buzztown there good crew day,"['yee', 'castlepalooza', 'next', 'sat', 'deezer', 'stage', 'though', 'buzztown', 'there', 'good', 'crew', 'day']",12,75,positive,0.6071,"{np.str_('negative'): 0.1672, np.str_('neutral'): 0.2257, np.str_('positive'): 0.6071}",labeled
50,Toni Gonzaga will be in Legazpi on October 30. Huhuhuhu. I wanna cry i want to come but how? I dont have money. Waaaah @user,2024-05-17,unknown_user,,Twitter (tweet_eval),en,tweet_eval_sentiment,negative,Unknown,Unknown,False,toni gonzaga legazpi october 30 huhuhuhu wan na cry want come but dont money waaaah,"['toni', 'gonzaga', 'legazpi', 'october', '30', 'huhuhuhu', 'wan', 'na', 'cry', 'want', 'come', 'but', 'dont', 'money', 'waaaah']",15,83,negative,0.4028,"{np.str_('negative'): 0.4028, np.str_('neutral'): 0.2992, np.str_('positive'): 0.298}",labeled
51,@user @user may I please have the picture of the seatplan for The Vamps Concert please,2024-11-05,unknown_user,,Twitter (tweet_eval),en,tweet_eval_sentiment,neutral,Unknown,Unknown,False,may please picture seatplan vamp concert please,"['may', 'please', 'picture', 'seatplan', 'vamp', 'concert', 'please']",7,47,positive,0.4278,"{np.str_('negative'): 0.2548, np.str_('neutral'): 0.3174, np.str_('positive'): 0.4278}",labeled
52,"Microsoft brings Outlook to Apple Watch: Microsoft made a bigger push in the wearables market on Thursday, but...",2024-10-24,unknown_user,,Twitter (tweet_eval),en,tweet_eval_sentiment,neutral,Unknown,Unknown,False,microsoft brings outlook apple watch microsoft made bigger push wearable market thursday but,"['microsoft', 'brings', 'outlook', 'apple', 'watch', 'microsoft', 'made', 'bigger', 'push', 'wearable', 'market', 'thursday', 'but']",13,92,positive,0.4282,"{np.str_('negative'): 0.2212, np.str_('neutral'): 0.3506, np.str_('positive'): 0.4282}",labeled
53,Church blocks sexual contraception and education. Government blocks the Death Penalty. No wonder there's a population bubble.,2024-08-10,unknown_user,,Twitter (tweet_eval),en,tweet_eval_sentiment,negative,Unknown,Unknown,False,church block sexual contraception education government block death penalty no wonder there population bubble,"['church', 'block', 'sexual', 'contraception', 'education', 'government', 'block', 'death', 'penalty', 'no', 'wonder', 'there', 'population', 'bubble']",14,108,positive,0.4046,"{np.str_('negative'): 0.2554, np.str_('neutral'): 0.34, np.str_('positive'): 0.4046}",labeled
54,"this flick is fun , and host to some truly excellent sequences . ",2024-04-10,unknown_user,,SST-2,en,sst2,positive,Unknown,Unknown,False,flick fun host truly excellent sequence,"['flick', 'fun', 'host', 'truly', 'excellent', 'sequence']",6,39,positive,0.4046,"{np.str_('negative'): 0.2554, np.str_('neutral'): 0.34, np.str_('positive'): 0.4046}",labeled
55,samuel beckett applied to the iranian voting process .,2024-11-12,unknown_user,,Rotten Tomatoes,en,rotten_tomatoes,positive,Unknown,Unknown,False,samuel beckett applied iranian voting process,"['samuel', 'beckett', 'applied', 'iranian', 'voting', 'process']",6,45,positive,0.4046,"{np.str_('negative'): 0.2554, np.str_('neutral'): 0.34, np.str_('positive'): 0.4046}",labeled
56,#BeyDay fun fact: Beyonce swept the hair off the floor of her mother's salon for her 1st job. #HumbleBeginnings,2024-10-09,unknown_user,,Twitter (tweet_eval),en,tweet_eval_sentiment,positive,Unknown,Unknown,False,fun fact beyonce swept hair floor mother salon 1st job,"['fun', 'fact', 'beyonce', 'swept', 'hair', 'floor', 'mother', 'salon', '1st', 'job']",10,54,neutral,0.4312,"{np.str_('negative'): 0.2349, np.str_('neutral'): 0.4312, np.str_('positive'): 0.3339}",labeled
57,"#NationalFastFoodDay Should we be promoting a industry that has led to obesity,high cholesterol?#letsmakeamericaskinnyagain  @user",2025-05-05,unknown_user,,Twitter (tweet_eval),en,tweet_eval_sentiment,negative,Unknown,Unknown,False,promoting industry led obesityhigh cholesterol,"['promoting', 'industry', 'led', 'obesityhigh', 'cholesterol']",5,46,positive,0.4046,"{np.str_('negative'): 0.2554, np.str_('neutral'): 0.34, np.str_('positive'): 0.4046}",labeled
58,At the 10th Annual Cloud Expo @user,2024-04-02,unknown_user,,Twitter (tweet_eval),en,tweet_eval_sentiment,neutral,Unknown,Unknown,False,10th annual cloud expo,"['10th', 'annual', 'cloud', 'expo']",4,22,positive,0.4046,"{np.str_('negative'): 0.2554, np.str_('neutral'): 0.34, np.str_('positive'): 0.4046}",labeled
59,"After ""Central City"" loses its mob boss to murder, partner-in-crime Robert Armstrong (as ""Doc"" Rogers) decides to take drastic measures To preserve criminal continuity, he recruits the dead mobster's milquetoast son, Richard Cromwell (as Edward ""Baby Face"" Morgan), to run the fam",2024-01-17,unknown_user,,IMDB,en,imdb,negative,Unknown,Unknown,False,central city loses mob bos murder partnerincrime robert armstrong doc rogers decides take drastic measure preserve criminal continuity recruit dead mobster milquetoast son richard cromwell edward baby face morgan run fam,"['central', 'city', 'loses', 'mob', 'bos', 'murder', 'partnerincrime', 'robert', 'armstrong', 'doc', 'rogers', 'decides', 'take', 'drastic', 'measure', 'preserve', 'criminal', 'continuity', 'recruit', 'dead', 'mobster', 'milquetoast', 'son', 'richard', 'cromwell', 'edward', 'baby', 'face', 'morgan', 'run', 'fam']",31,220,negative,0.3516,"{np.str_('negative'): 0.3516, np.str_('neutral'): 0.3482, np.str_('positive'): 0.3003}",labeled
60,The Accounting Career Fair is this Friday! Be sure to engage with us by using #kubusfair--you might win an iPad mini!,2024-09-29,unknown_user,,Twitter (tweet_eval),en,tweet_eval_sentiment,neutral,Unknown,Unknown,False,accounting career fair friday sure engage u using might win ipad mini,"['accounting', 'career', 'fair', 'friday', 'sure', 'engage', 'u', 'using', 'might', 'win', 'ipad', 'mini']",12,69,neutral,0.4734,"{np.str_('negative'): 0.1032, np.str_('neutral'): 0.4734, np.str_('positive'): 0.4233}",labeled
61,would like to get to milan for the world tour appearance of  maestro Zubin Mehta in may,2024-06-24,unknown_user,,Twitter (tweet_eval),en,tweet_eval_sentiment,neutral,Unknown,Unknown,False,would like get milan world tour appearance maestro zubin mehta may,"['would', 'like', 'get', 'milan', 'world', 'tour', 'appearance', 'maestro', 'zubin', 'mehta', 'may']",11,66,neutral,0.501,"{np.str_('negative'): 0.2204, np.str_('neutral'): 0.501, np.str_('positive'): 0.2786}",labeled
62,Dean Ambrose and Roman Regins might have found their 3rd partner because he is going to want payback #Raw,2025-03-31,unknown_user,,Twitter (tweet_eval),en,tweet_eval_sentiment,neutral,Unknown,Unknown,False,dean ambrose roman regins might found 3rd partner going want payback,"['dean', 'ambrose', 'roman', 'regins', 'might', 'found', '3rd', 'partner', 'going', 'want', 'payback']",11,68,neutral,0.3961,"{np.str_('negative'): 0.3004, np.str_('neutral'): 0.3961, np.str_('positive'): 0.3035}",labeled
63,i miss you like the moon misses the sun at twilight,2024-10-30,unknown_user,,Twitter (tweet_eval),en,tweet_eval_sentiment,positive,Unknown,Unknown,False,miss like moon miss sun twilight,"['miss', 'like', 'moon', 'miss', 'sun', 'twilight']",6,32,positive,0.503,"{np.str_('negative'): 0.2474, np.str_('neutral'): 0.2496, np.str_('positive'): 0.503}",labeled
64,Nebraska doesn't land Gesell...a Top 100 guy in your state and you don't get him.  C'mon #Nebrasketball,2024-12-04,unknown_user,,Twitter (tweet_eval),en,tweet_eval_sentiment,negative,Unknown,Unknown,False,nebraska doesnt land gesella top 100 guy state dont get cmon,"['nebraska', 'doesnt', 'land', 'gesella', 'top', '100', 'guy', 'state', 'dont', 'get', 'cmon']",11,60,neutral,0.4311,"{np.str_('negative'): 0.251, np.str_('neutral'): 0.4311, np.str_('positive'): 0.3179}",labeled
65,a movie with a real anarchic flair .,2024-09-15,unknown_user,,Rotten Tomatoes,en,rotten_tomatoes,positive,Unknown,Unknown,False,movie real anarchic flair,"['movie', 'real', 'anarchic', 'flair']",4,25,negative,0.4383,"{np.str_('negative'): 0.4383, np.str_('neutral'): 0.1326, np.str_('positive'): 0.4291}",labeled
66,"""If you hate Kanye West, just listen to Runaway. It may change your perspective on his personality.""",2024-08-21,unknown_user,,Twitter (tweet_eval),en,tweet_eval_sentiment,positive,Unknown,Unknown,False,hate kanye west listen runaway may change perspective personality,"['hate', 'kanye', 'west', 'listen', 'runaway', 'may', 'change', 'perspective', 'personality']",9,65,neutral,0.399,"{np.str_('negative'): 0.2891, np.str_('neutral'): 0.399, np.str_('positive'): 0.312}",labeled
67,"passion , lip-synching , tragedy , and lots of really really high notes . for me , this opera isn't a favorite , so it's a long time before the fat lady sings .",2024-12-15,unknown_user,,Rotten Tomatoes,en,rotten_tomatoes,negative,Unknown,Unknown,False,passion lipsynching tragedy lot really really high note opera isnt favorite long time fat lady sings,"['passion', 'lipsynching', 'tragedy', 'lot', 'really', 'really', 'high', 'note', 'opera', 'isnt', 'favorite', 'long', 'time', 'fat', 'lady', 'sings']",16,100,positive,0.3903,"{np.str_('negative'): 0.248, np.str_('neutral'): 0.3617, np.str_('positive'): 0.3903}",labeled
68,Friday Night Lights with Mitt! #tcot #tlot #bcot #ccot #gop #nra #ocra #sgp #teaparty #twisters #breitbart #Israel,2024-07-02,unknown_user,,Twitter (tweet_eval),en,tweet_eval_sentiment,neutral,Unknown,Republicans,False,friday night light mitt,"['friday', 'night', 'light', 'mitt']",4,23,neutral,0.5173,"{np.str_('negative'): 0.0647, np.str_('neutral'): 0.5173, np.str_('positive'): 0.4181}",labeled
69,"""May I know @user How you can be so sure that Yakub is Innocent? Any Proof?""",2024-05-05,unknown_user,,Twitter (tweet_eval),en,tweet_eval_sentiment,neutral,Unknown,Unknown,False,may know sure yakub innocent proof,"['may', 'know', 'sure', 'yakub', 'innocent', 'proof']",6,34,positive,0.4171,"{np.str_('negative'): 0.1852, np.str_('neutral'): 0.3977, np.str_('positive'): 0.4171}",labeled
70,It's Prince George's 2nd birthday! With the following hashtag you can congratulate the little Prince. We wish His...,2024-02-07,unknown_user,,Twitter (tweet_eval),en,tweet_eval_sentiment,positive,Unknown,Unknown,False,prince george 2nd birthday following hashtag congratulate little prince wish,"['prince', 'george', '2nd', 'birthday', 'following', 'hashtag', 'congratulate', 'little', 'prince', 'wish']",10,76,positive,0.4133,"{np.str_('negative'): 0.2056, np.str_('neutral'): 0.381, np.str_('positive'): 0.4133}",labeled
71,sungkyunkwan scandal on ABS-CBN.. i just finished the series yesterday..:))))) i may sound like a spoiler now <evil laugh>,2024-02-04,unknown_user,,Twitter (tweet_eval),en,tweet_eval_sentiment,neutral,Unknown,Unknown,False,sungkyunkwan scandal abscbn finished series yesterday may sound like spoiler,"['sungkyunkwan', 'scandal', 'abscbn', 'finished', 'series', 'yesterday', 'may', 'sound', 'like', 'spoiler']",10,76,neutral,0.3648,"{np.str_('negative'): 0.3238, np.str_('neutral'): 0.3648, np.str_('positive'): 0.3114}",labeled
72,THE EVIL THAT MEN DO by IRON MAIDEN was no.5 in the UK charts on 20 August 1988,2025-03-16,unknown_user,,Twitter (tweet_eval),en,tweet_eval_sentiment,neutral,Unknown,Unknown,False,evil men iron maiden no5 uk chart 20 august 1988,"['evil', 'men', 'iron', 'maiden', 'no5', 'uk', 'chart', '20', 'august', '1988']",10,48,positive,0.4046,"{np.str_('negative'): 0.2554, np.str_('neutral'): 0.34, np.str_('positive'): 0.4046}",labeled
73,I am in line to meet E L James! Guess I should start on #fiftyshades for the 4th time! @user #FiftyShadesOfGrey,2025-01-31,unknown_user,,Twitter (tweet_eval),en,tweet_eval_sentiment,neutral,Unknown,Unknown,False,line meet james guess start 4th time,"['line', 'meet', 'james', 'guess', 'start', '4th', 'time']",7,36,neutral,0.4747,"{np.str_('negative'): 0.2275, np.str_('neutral'): 0.4747, np.str_('positive'): 0.2978}",labeled
74,"@user Tonight at @user Tomorrow we'll start there and bus to Toyota at 2, or you can meet us at Toyota from 4-7""",2025-03-04,unknown_user,,Twitter (tweet_eval),en,tweet_eval_sentiment,neutral,Unknown,Unknown,False,tonight tomorrow well start bus toyota meet u toyota 47,"['tonight', 'tomorrow', 'well', 'start', 'bus', 'toyota', 'meet', 'u', 'toyota', '47']",10,55,neutral,0.4543,"{np.str_('negative'): 0.1332, np.str_('neutral'): 0.4543, np.str_('positive'): 0.4125}",labeled
75,@user it's girls night ! We Go out somewhere to sat and then moomba ! Are you like jealous ?,2024-04-07,unknown_user,,Twitter (tweet_eval),en,tweet_eval_sentiment,neutral,Unknown,Unknown,False,girl night go somewhere sat moomba like jealous,"['girl', 'night', 'go', 'somewhere', 'sat', 'moomba', 'like', 'jealous']",8,47,neutral,0.465,"{np.str_('negative'): 0.1955, np.str_('neutral'): 0.465, np.str_('positive'): 0.3395}",labeled
76,Floyd Mayweather confirmed September 12 will be his last fight and he's happy to go out 48-0,2024-02-05,unknown_user,,Twitter (tweet_eval),en,tweet_eval_sentiment,neutral,Unknown,Unknown,False,floyd mayweather confirmed september 12 last fight he happy go 480,"['floyd', 'mayweather', 'confirmed', 'september', '12', 'last', 'fight', 'he', 'happy', 'go', '480']",11,66,positive,0.4436,"{np.str_('negative'): 0.1528, np.str_('neutral'): 0.4035, np.str_('positive'): 0.4436}",labeled
77,"""In 4th Form our English teacher made us study Kane and Abel by Jeffrey Archer. Scarred for life. From the shitty writing, not the sex scenes""",2025-01-07,unknown_user,,Twitter (tweet_eval),en,tweet_eval_sentiment,negative,Unknown,Unknown,False,4th form english teacher made u study kane abel jeffrey archer scarred life shitty writing not sex scene,"['4th', 'form', 'english', 'teacher', 'made', 'u', 'study', 'kane', 'abel', 'jeffrey', 'archer', 'scarred', 'life', 'shitty', 'writing', 'not', 'sex', 'scene']",18,104,positive,0.3859,"{np.str_('negative'): 0.3313, np.str_('neutral'): 0.2828, np.str_('positive'): 0.3859}",labeled
78,"1. Shes a model not a comedian 2. It was political agenda at a music award 3.Melania is the cheap shot, ridicule Tr…",2024-10-31,unknown_user,,Twitter (tweet_eval),en,tweet_eval_sentiment,negative,Unknown,Unknown,False,shes model not comedian political agenda music award 3melania cheap shot ridicule tr…,"['shes', 'model', 'not', 'comedian', 'political', 'agenda', 'music', 'award', '3melania', 'cheap', 'shot', 'ridicule', 'tr…']",13,85,positive,0.4129,"{np.str_('negative'): 0.3526, np.str_('neutral'): 0.2345, np.str_('positive'): 0.4129}",labeled
79,@user - Martin Bryant's weapons & ammo' were all legally obtained. PM Howard gave us strong gun control laws #Nationals trash them,2025-01-11,unknown_user,,Twitter (tweet_eval),en,tweet_eval_sentiment,negative,Unknown,Unknown,False,martin bryants weapon ammo legally obtained pm howard gave u strong gun control law trash,"['martin', 'bryants', 'weapon', 'ammo', 'legally', 'obtained', 'pm', 'howard', 'gave', 'u', 'strong', 'gun', 'control', 'law', 'trash']",15,89,positive,0.4046,"{np.str_('negative'): 0.2554, np.str_('neutral'): 0.34, np.str_('positive'): 0.4046}",labeled
80,"I was reticent to see this flick before reading the external reviews and user comments posted here. Why? Firstly because Mick Malloy's humour can (in my humble opinion) be pretty crass and over the top, evidenced by his ill fated shemozzle of a television show some years back. An",2024-05-25,unknown_user,,IMDB,en,imdb,positive,Unknown,Unknown,False,reticent see flick reading external review user comment posted firstly mick malloys humour humble opinion pretty crass top evidenced ill fated shemozzle television show year back,"['reticent', 'see', 'flick', 'reading', 'external', 'review', 'user', 'comment', 'posted', 'firstly', 'mick', 'malloys', 'humour', 'humble', 'opinion', 'pretty', 'crass', 'top', 'evidenced', 'ill', 'fated', 'shemozzle', 'television', 'show', 'year', 'back']",26,178,positive,0.4673,"{np.str_('negative'): 0.2426, np.str_('neutral'): 0.29, np.str_('positive'): 0.4673}",labeled
81,I should dress up as randy Orton tomorrow bc he's basically a super hero,2024-04-13,unknown_user,,Twitter (tweet_eval),en,tweet_eval_sentiment,positive,Unknown,Unknown,False,dress randy orton tomorrow bc he basically super hero,"['dress', 'randy', 'orton', 'tomorrow', 'bc', 'he', 'basically', 'super', 'hero']",9,53,positive,0.4691,"{np.str_('negative'): 0.1414, np.str_('neutral'): 0.3895, np.str_('positive'): 0.4691}",labeled
82,Marine Le Pen storms into the lead in French election polls | World | News | Daily Express...crows the Express.,2024-10-08,unknown_user,,Twitter (tweet_eval),en,tweet_eval_sentiment,neutral,Unknown,Unknown,False,marine le pen storm lead french election poll world news daily expresscrows express,"['marine', 'le', 'pen', 'storm', 'lead', 'french', 'election', 'poll', 'world', 'news', 'daily', 'expresscrows', 'express']",13,83,positive,0.3805,"{np.str_('negative'): 0.2547, np.str_('neutral'): 0.3648, np.str_('positive'): 0.3805}",labeled
83,"@user see the attacks on iran by christofascist zionist cabal. Primarily for oil, 2nd, for hegemony. groups get scared. they see libya""",2025-03-24,unknown_user,,Twitter (tweet_eval),en,tweet_eval_sentiment,negative,Unknown,Unknown,False,see attack iran christofascist zionist cabal primarily oil 2nd hegemony group get scared see libya,"['see', 'attack', 'iran', 'christofascist', 'zionist', 'cabal', 'primarily', 'oil', '2nd', 'hegemony', 'group', 'get', 'scared', 'see', 'libya']",15,98,neutral,0.3916,"{np.str_('negative'): 0.2274, np.str_('neutral'): 0.3916, np.str_('positive'): 0.381}",labeled
84,"just had a bad dream about digi mon and you were in it, you left me in ASDA car park alone too (digi was where pets at home is) @user",2024-09-02,unknown_user,,Twitter (tweet_eval),en,tweet_eval_sentiment,neutral,Unknown,Unknown,False,bad dream digi mon left asda car park alone digi pet home,"['bad', 'dream', 'digi', 'mon', 'left', 'asda', 'car', 'park', 'alone', 'digi', 'pet', 'home']",12,57,positive,0.3611,"{np.str_('negative'): 0.3607, np.str_('neutral'): 0.2781, np.str_('positive'): 0.3611}",labeled
85,"@user @user Both young, talented with potential. Kane's 1st season was ace, struggled since. Martial still raw.risks in both""",2025-02-25,unknown_user,,Twitter (tweet_eval),en,tweet_eval_sentiment,neutral,Unknown,Unknown,False,young talented potential kanes 1st season ace struggled since martial still rawrisks,"['young', 'talented', 'potential', 'kanes', '1st', 'season', 'ace', 'struggled', 'since', 'martial', 'still', 'rawrisks']",12,84,neutral,0.4868,"{np.str_('negative'): 0.163, np.str_('neutral'): 0.4868, np.str_('positive'): 0.3502}",labeled
86,The Raiders need to represent tonight!,2024-07-25,unknown_user,,Twitter (tweet_eval),en,tweet_eval_sentiment,positive,Unknown,Unknown,False,raider need represent tonight,"['raider', 'need', 'represent', 'tonight']",4,29,positive,0.4352,"{np.str_('negative'): 0.1401, np.str_('neutral'): 0.4248, np.str_('positive'): 0.4352}",labeled
87,I just found out Sharknado 3 comes out tomorrow night. I'm beyond excited,2025-03-22,unknown_user,,Twitter (tweet_eval),en,tweet_eval_sentiment,positive,Unknown,Unknown,False,found sharknado come tomorrow night im beyond excited,"['found', 'sharknado', 'come', 'tomorrow', 'night', 'im', 'beyond', 'excited']",8,53,positive,0.6164,"{np.str_('negative'): 0.0997, np.str_('neutral'): 0.2839, np.str_('positive'): 0.6164}",labeled
88,"""Spent the majority of my day riding Boris Bikes, playing a crazy game of frizbi and just general lobstering in the sun :) #Summer2012""",2025-02-05,unknown_user,,Twitter (tweet_eval),en,tweet_eval_sentiment,positive,Unknown,Unknown,False,spent majority day riding boris bike playing crazy game frizbi general lobstering sun,"['spent', 'majority', 'day', 'riding', 'boris', 'bike', 'playing', 'crazy', 'game', 'frizbi', 'general', 'lobstering', 'sun']",13,85,neutral,0.5095,"{np.str_('negative'): 0.1262, np.str_('neutral'): 0.5095, np.str_('positive'): 0.3643}",labeled
89,Monday Night Football #TeamTexans all day & tomorrow... #MNS,2024-04-14,unknown_user,,Twitter (tweet_eval),en,tweet_eval_sentiment,neutral,Unknown,Unknown,False,monday night football day tomorrow,"['monday', 'night', 'football', 'day', 'tomorrow']",5,34,neutral,0.5009,"{np.str_('negative'): 0.0979, np.str_('neutral'): 0.5009, np.str_('positive'): 0.4012}",labeled
90,Biggest problem with UFC is that Dana White seems to feed sheep to lions for ticket sales. It's not exactly fixed but it may as well be.,2024-11-09,unknown_user,,Twitter (tweet_eval),en,tweet_eval_sentiment,negative,Unknown,Unknown,False,biggest problem ufc dana white seems feed sheep lion ticket sale not exactly fixed but may well,"['biggest', 'problem', 'ufc', 'dana', 'white', 'seems', 'feed', 'sheep', 'lion', 'ticket', 'sale', 'not', 'exactly', 'fixed', 'but', 'may', 'well']",17,95,neutral,0.5102,"{np.str_('negative'): 0.2262, np.str_('neutral'): 0.5102, np.str_('positive'): 0.2636}",labeled
91,"@user ""Speak American"" that may just sum up how stupid Sarah Palin is. I thought they spoke English in the US or a bastersised version.",2024-06-14,unknown_user,,Twitter (tweet_eval),en,tweet_eval_sentiment,negative,Unknown,Unknown,False,speak american may sum stupid sarah palin thought spoke english u bastersised version,"['speak', 'american', 'may', 'sum', 'stupid', 'sarah', 'palin', 'thought', 'spoke', 'english', 'u', 'bastersised', 'version']",13,85,positive,0.3708,"{np.str_('negative'): 0.2652, np.str_('neutral'): 0.364, np.str_('positive'): 0.3708}",labeled
92,Andrew Luck is going to be on the September 10th cover of the Rolling Stone. That's badass.,2024-01-26,unknown_user,,Twitter (tweet_eval),en,tweet_eval_sentiment,positive,Unknown,Unknown,False,andrew luck going september 10th cover rolling stone thats badass,"['andrew', 'luck', 'going', 'september', '10th', 'cover', 'rolling', 'stone', 'thats', 'badass']",10,65,positive,0.4982,"{np.str_('negative'): 0.1909, np.str_('neutral'): 0.3109, np.str_('positive'): 0.4982}",labeled
93,Sunday is Pride Day! Come tomorrow to @user to see Pride Parade and enjoy the day with exciting entertainment!,2024-05-04,unknown_user,,Twitter (tweet_eval),en,tweet_eval_sentiment,positive,Unknown,Unknown,False,sunday pride day come tomorrow see pride parade enjoy day exciting entertainment,"['sunday', 'pride', 'day', 'come', 'tomorrow', 'see', 'pride', 'parade', 'enjoy', 'day', 'exciting', 'entertainment']",12,80,positive,0.6135,"{np.str_('negative'): 0.1147, np.str_('neutral'): 0.2718, np.str_('positive'): 0.6135}",labeled
94,"""Super Eagles' Head Coach, Sunday Oliseh has made some adjustments to the group of home -based professionals as...",2025-04-10,unknown_user,,Twitter (tweet_eval),en,tweet_eval_sentiment,neutral,Unknown,Unknown,False,super eagle head coach sunday oliseh made adjustment group home based professional,"['super', 'eagle', 'head', 'coach', 'sunday', 'oliseh', 'made', 'adjustment', 'group', 'home', 'based', 'professional']",12,82,neutral,0.5209,"{np.str_('negative'): 0.1513, np.str_('neutral'): 0.5209, np.str_('positive'): 0.3278}",labeled
95,"""FEC Holds Valedictory Session For Maku, 6 Other Ministers: The Federal Executive Council (FEC) on Wednesday he...",2024-01-01,unknown_user,,Twitter (tweet_eval),en,tweet_eval_sentiment,neutral,Unknown,Conservatives,False,fec hold valedictory session maku minister federal executive council fec wednesday,"['fec', 'hold', 'valedictory', 'session', 'maku', 'minister', 'federal', 'executive', 'council', 'fec', 'wednesday']",11,82,neutral,0.4651,"{np.str_('negative'): 0.173, np.str_('neutral'): 0.4651, np.str_('positive'): 0.3619}",labeled
96,"one of those films where the characters inhabit that special annex of hell where adults behave like kids , children behave like adults and everyone screams at the top of their lungs no matter what the situation .",2024-06-27,unknown_user,,Rotten Tomatoes,en,rotten_tomatoes,negative,Unknown,Unknown,False,one film character inhabit special annex hell adult behave like kid child behave like adult everyone scream top lung no matter situation,"['one', 'film', 'character', 'inhabit', 'special', 'annex', 'hell', 'adult', 'behave', 'like', 'kid', 'child', 'behave', 'like', 'adult', 'everyone', 'scream', 'top', 'lung', 'no', 'matter', 'situation']",22,136,negative,0.5004,"{np.str_('negative'): 0.5004, np.str_('neutral'): 0.1376, np.str_('positive'): 0.362}",labeled
97,June 23rd ladies free till 11!! Thas all you need to know! Don't miss this one! Heat wave vol1 will be previ,2024-12-06,unknown_user,,Twitter (tweet_eval),en,tweet_eval_sentiment,positive,Unknown,Unknown,False,june 23rd lady free till 11 thas need know dont miss one heat wave vol1 previ,"['june', '23rd', 'lady', 'free', 'till', '11', 'thas', 'need', 'know', 'dont', 'miss', 'one', 'heat', 'wave', 'vol1', 'previ']",16,77,positive,0.4624,"{np.str_('negative'): 0.2785, np.str_('neutral'): 0.2591, np.str_('positive'): 0.4624}",labeled
98,"""As liberals raised fears about hacked voting machines..""Months after the donald did.#AuditTheVotehttps://t.co/p2eyQyFpQL via @user",2025-01-18,unknown_user,,Twitter (tweet_eval),en,tweet_eval_sentiment,negative,Unknown,Liberal,False,liberal raised fear hacked voting machinesmonths donald via,"['liberal', 'raised', 'fear', 'hacked', 'voting', 'machinesmonths', 'donald', 'via']",8,59,positive,0.4046,"{np.str_('negative'): 0.2554, np.str_('neutral'): 0.34, np.str_('positive'): 0.4046}",labeled
99,Michael  Just heard Green Day's 'Time of our life' for the 1st time since leaving florida and i burst into tears. I miss...  Penderg,2024-01-03,unknown_user,,Twitter (tweet_eval),en,tweet_eval_sentiment,negative,Unknown,Unknown,False,michael heard green day time life 1st time since leaving florida burst tear miss penderg,"['michael', 'heard', 'green', 'day', 'time', 'life', '1st', 'time', 'since', 'leaving', 'florida', 'burst', 'tear', 'miss', 'penderg']",15,88,positive,0.5313,"{np.str_('negative'): 0.2534, np.str_('neutral'): 0.2153, np.str_('positive'): 0.5313}",labeled
100,Omg! I wish this was myself. I'm going to digi fest tomorrow..but don't have vip.,2024-12-29,unknown_user,,Twitter (tweet_eval),en,tweet_eval_sentiment,positive,Unknown,Unknown,False,omg wish im going digi fest tomorrowbut dont vip,"['omg', 'wish', 'im', 'going', 'digi', 'fest', 'tomorrowbut', 'dont', 'vip']",9,48,positive,0.3901,"{np.str_('negative'): 0.3025, np.str_('neutral'): 0.3074, np.str_('positive'): 0.3901}",labeled
101,"even as i valiantly struggled to remain interested , or at least conscious , i could feel my eyelids . . . getting . . . very . . . heavy . . .",2024-08-25,unknown_user,,Rotten Tomatoes,en,rotten_tomatoes,negative,Unknown,Unknown,False,even valiantly struggled remain interested least conscious could feel eyelid getting heavy,"['even', 'valiantly', 'struggled', 'remain', 'interested', 'least', 'conscious', 'could', 'feel', 'eyelid', 'getting', 'heavy']",12,90,negative,0.4231,"{np.str_('negative'): 0.4231, np.str_('neutral'): 0.2538, np.str_('positive'): 0.3231}",labeled
102,"""Yoga, the sunrise and a nice long run easy Sunday morning""",2024-12-23,unknown_user,,Twitter (tweet_eval),en,tweet_eval_sentiment,positive,Unknown,Unknown,False,yoga sunrise nice long run easy sunday morning,"['yoga', 'sunrise', 'nice', 'long', 'run', 'easy', 'sunday', 'morning']",8,46,positive,0.5098,"{np.str_('negative'): 0.1796, np.str_('neutral'): 0.3106, np.str_('positive'): 0.5098}",labeled
103,"the screenplay by james eric , james horton and director peter o'fallon . . . is so pat it makes your teeth hurt .",2024-07-18,unknown_user,,Rotten Tomatoes,en,rotten_tomatoes,negative,Unknown,Unknown,False,screenplay james eric james horton director peter ofallon pat make teeth hurt,"['screenplay', 'james', 'eric', 'james', 'horton', 'director', 'peter', 'ofallon', 'pat', 'make', 'teeth', 'hurt']",12,77,positive,0.4664,"{np.str_('negative'): 0.2908, np.str_('neutral'): 0.2427, np.str_('positive'): 0.4664}",labeled
104,"@user On Model 3 delivery... One man's opinion, but yikes.",2024-01-06,unknown_user,,Twitter (tweet_eval),en,tweet_eval_sentiment,neutral,Unknown,Unknown,False,model delivery one man opinion but yikes,"['model', 'delivery', 'one', 'man', 'opinion', 'but', 'yikes']",7,40,positive,0.4873,"{np.str_('negative'): 0.2738, np.str_('neutral'): 0.2388, np.str_('positive'): 0.4873}",labeled
105,@user You played a Janet Jackson joint around 2am on Thursday NIght/Friday morning. No verses. Almost just an instrumental loop.,2024-09-27,unknown_user,,Twitter (tweet_eval),en,tweet_eval_sentiment,positive,Unknown,Unknown,False,played janet jackson joint around 2am thursday nightfriday morning no verse almost instrumental loop,"['played', 'janet', 'jackson', 'joint', 'around', '2am', 'thursday', 'nightfriday', 'morning', 'no', 'verse', 'almost', 'instrumental', 'loop']",14,100,positive,0.5218,"{np.str_('negative'): 0.1644, np.str_('neutral'): 0.3138, np.str_('positive'): 0.5218}",labeled
106,@user I may have mentioned that I had just came back from Jurassic World and was sleepy when TLing. I can't recall my thoughts.,2024-08-08,unknown_user,,Twitter (tweet_eval),en,tweet_eval_sentiment,neutral,Unknown,Unknown,False,may mentioned came back jurassic world sleepy tling cant recall thought,"['may', 'mentioned', 'came', 'back', 'jurassic', 'world', 'sleepy', 'tling', 'cant', 'recall', 'thought']",11,71,positive,0.3914,"{np.str_('negative'): 0.2545, np.str_('neutral'): 0.3541, np.str_('positive'): 0.3914}",labeled
107,"The weakest of the 'old' crew Star Trek films, this film suffers from an awful script and obvious budget constraints, particularly in the mishandled finale. The bones of a good movie are here, and the directing from Shatner is not as bad as is commonly made out, but the character",2024-09-13,unknown_user,,IMDB,en,imdb,negative,Unknown,Unknown,False,weakest old crew star trek film film suffers awful script obvious budget constraint particularly mishandled finale bone good movie directing shatner not bad commonly made but character,"['weakest', 'old', 'crew', 'star', 'trek', 'film', 'film', 'suffers', 'awful', 'script', 'obvious', 'budget', 'constraint', 'particularly', 'mishandled', 'finale', 'bone', 'good', 'movie', 'directing', 'shatner', 'not', 'bad', 'commonly', 'made', 'but', 'character']",27,184,negative,0.4622,"{np.str_('negative'): 0.4622, np.str_('neutral'): 0.0793, np.str_('positive'): 0.4585}",labeled
108,flawless ,2024-10-23,unknown_user,,SST-2,en,sst2,positive,Unknown,Unknown,False,flawless,['flawless'],1,8,positive,0.4046,"{np.str_('negative'): 0.2554, np.str_('neutral'): 0.34, np.str_('positive'): 0.4046}",labeled
109,Got a PandoMonthly ticket to hear a fireside chat w/ Reid Hoffman Thursday in SF. I\u2019ll report on it or hopefully a buddy can fill in for me.,2024-04-12,unknown_user,,Twitter (tweet_eval),en,tweet_eval_sentiment,neutral,Unknown,Unknown,False,got pandomonthly ticket hear fireside chat reid hoffman thursday sf iu2019ll report hopefully buddy fill,"['got', 'pandomonthly', 'ticket', 'hear', 'fireside', 'chat', 'reid', 'hoffman', 'thursday', 'sf', 'iu2019ll', 'report', 'hopefully', 'buddy', 'fill']",15,104,neutral,0.494,"{np.str_('negative'): 0.1504, np.str_('neutral'): 0.494, np.str_('positive'): 0.3556}",labeled
110,C'mon... It's pretty hard to form the Harper govt without Harper!!! Wait... maybe they have another Harper...,2024-11-14,unknown_user,,Twitter (tweet_eval),en,tweet_eval_sentiment,positive,Unknown,Unknown,False,cmon pretty hard form harper govt without harper wait maybe another harper,"['cmon', 'pretty', 'hard', 'form', 'harper', 'govt', 'without', 'harper', 'wait', 'maybe', 'another', 'harper']",12,74,positive,0.5015,"{np.str_('negative'): 0.2671, np.str_('neutral'): 0.2314, np.str_('positive'): 0.5015}",labeled
111,"the most brilliant and brutal uk crime film since jack carter went back to newcastle , the first half of gangster no. 1 drips with style and , at times , blood . ",2025-05-07,unknown_user,,SST-2,en,sst2,positive,Unknown,Unknown,False,brilliant brutal uk crime film since jack carter went back newcastle first half gangster no drip style time blood,"['brilliant', 'brutal', 'uk', 'crime', 'film', 'since', 'jack', 'carter', 'went', 'back', 'newcastle', 'first', 'half', 'gangster', 'no', 'drip', 'style', 'time', 'blood']",19,113,negative,0.3677,"{np.str_('negative'): 0.3677, np.str_('neutral'): 0.2868, np.str_('positive'): 0.3455}",labeled
112,This picture sums it all up!  I am headed on my 2nd earned trip with Younique in just a few days. I got my...,2024-09-12,unknown_user,,Twitter (tweet_eval),en,tweet_eval_sentiment,positive,Unknown,Unknown,False,picture sum headed 2nd earned trip younique day got,"['picture', 'sum', 'headed', '2nd', 'earned', 'trip', 'younique', 'day', 'got']",9,51,neutral,0.4248,"{np.str_('negative'): 0.1705, np.str_('neutral'): 0.4248, np.str_('positive'): 0.4047}",labeled
113,all mood and no movie .,2025-02-08,unknown_user,,Rotten Tomatoes,en,rotten_tomatoes,negative,Unknown,Unknown,False,mood no movie,"['mood', 'no', 'movie']",3,13,negative,0.4383,"{np.str_('negative'): 0.4383, np.str_('neutral'): 0.1326, np.str_('positive'): 0.4291}",labeled
114,"samira makhmalbaf as a very distinctive sensibility , working to develop her own film language with conspicuous success ",2025-03-16,unknown_user,,SST-2,en,sst2,positive,Unknown,Unknown,False,samira makhmalbaf distinctive sensibility working develop film language conspicuous success,"['samira', 'makhmalbaf', 'distinctive', 'sensibility', 'working', 'develop', 'film', 'language', 'conspicuous', 'success']",10,91,positive,0.5315,"{np.str_('negative'): 0.3576, np.str_('neutral'): 0.1109, np.str_('positive'): 0.5315}",labeled
115,"An absolute classic of 80's scare flix. This one isn't like any other as it pits pint-size, wild-eyed, psychotic youngsters with an urge to kill against all the grown-ups in town. Bud from JUST ONE OF THE GUYS (80's gold again) plays one of the killer-kids and he's paired up with",2024-04-27,unknown_user,,IMDB,en,imdb,positive,Unknown,Unknown,False,absolute classic 80 scare flix one isnt like pit pintsize wildeyed psychotic youngster urge kill against grownup town bud one guy 80 gold play one killerkids he paired,"['absolute', 'classic', '80', 'scare', 'flix', 'one', 'isnt', 'like', 'pit', 'pintsize', 'wildeyed', 'psychotic', 'youngster', 'urge', 'kill', 'against', 'grownup', 'town', 'bud', 'one', 'guy', '80', 'gold', 'play', 'one', 'killerkids', 'he', 'paired']",28,167,positive,0.4774,"{np.str_('negative'): 0.2015, np.str_('neutral'): 0.3211, np.str_('positive'): 0.4774}",labeled
116,David Price is gonna be hellafun every 5th day.,2024-06-10,unknown_user,,Twitter (tweet_eval),en,tweet_eval_sentiment,positive,Unknown,Unknown,False,david price gon na hellafun every 5th day,"['david', 'price', 'gon', 'na', 'hellafun', 'every', '5th', 'day']",8,41,positive,0.5409,"{np.str_('negative'): 0.1416, np.str_('neutral'): 0.3176, np.str_('positive'): 0.5409}",labeled
117,"@user don't know if you saw, but Simmons and Jalen's nba preview is out tomorrow. Which means Simmons is back!""",2024-01-04,unknown_user,,Twitter (tweet_eval),en,tweet_eval_sentiment,positive,Unknown,Unknown,False,dont know saw but simmons jalens nba preview tomorrow mean simmons back,"['dont', 'know', 'saw', 'but', 'simmons', 'jalens', 'nba', 'preview', 'tomorrow', 'mean', 'simmons', 'back']",12,71,neutral,0.3975,"{np.str_('negative'): 0.2811, np.str_('neutral'): 0.3975, np.str_('positive'): 0.3214}",labeled
118,"1) may be wrong, but if I read it right, Bernie Sanders majored in Political Science and then went straight to a life of running for office",2025-04-05,unknown_user,,Twitter (tweet_eval),en,tweet_eval_sentiment,neutral,Unknown,Unknown,False,may wrong but read right bernie sander majored political science went straight life running office,"['may', 'wrong', 'but', 'read', 'right', 'bernie', 'sander', 'majored', 'political', 'science', 'went', 'straight', 'life', 'running', 'office']",15,98,neutral,0.4406,"{np.str_('negative'): 0.2643, np.str_('neutral'): 0.4406, np.str_('positive'): 0.295}",labeled
119,"""If Rousey's fighting in Oz, that mean I can be out &amp; about on a 'pretty nice little Saturday' of errands as white brahs Twitter slobber?""",2024-03-12,unknown_user,,Twitter (tweet_eval),en,tweet_eval_sentiment,neutral,Unknown,Unknown,False,rouseys fighting oz mean amp pretty nice little saturday errand white brahs twitter slobber,"['rouseys', 'fighting', 'oz', 'mean', 'amp', 'pretty', 'nice', 'little', 'saturday', 'errand', 'white', 'brahs', 'twitter', 'slobber']",14,91,neutral,0.3852,"{np.str_('negative'): 0.2969, np.str_('neutral'): 0.3852, np.str_('positive'): 0.3179}",labeled
120,Qatar should receive the same help from Hezbollah that Israel got from Qatar in last Gaza war.,2024-02-24,unknown_user,,Twitter (tweet_eval),en,tweet_eval_sentiment,neutral,Unknown,Unknown,False,qatar receive help hezbollah israel got qatar last gaza war,"['qatar', 'receive', 'help', 'hezbollah', 'israel', 'got', 'qatar', 'last', 'gaza', 'war']",10,59,neutral,0.4722,"{np.str_('negative'): 0.203, np.str_('neutral'): 0.4722, np.str_('positive'): 0.3248}",labeled
121,Kirk\u2019s Bike Shop: Support the businesses you love and Shop Small this November 24th.,2024-07-15,unknown_user,,Twitter (tweet_eval),en,tweet_eval_sentiment,neutral,Unknown,Unknown,False,kirku2019s bike shop support business love shop small november 24th,"['kirku2019s', 'bike', 'shop', 'support', 'business', 'love', 'shop', 'small', 'november', '24th']",10,67,positive,0.5191,"{np.str_('negative'): 0.1598, np.str_('neutral'): 0.3211, np.str_('positive'): 0.5191}",labeled
122,Check Out Charlie Rose with Adel al-Jubeir; Bill Carter (March 5\u002c 2002): Adel al-Jubeir\u002c adviser to the Crown Pr...,2024-10-07,unknown_user,,Twitter (tweet_eval),en,tweet_eval_sentiment,neutral,Unknown,Unknown,False,check charlie rose adel aljubeir bill carter march 5u002c 2002 adel aljubeiru002c adviser crown pr,"['check', 'charlie', 'rose', 'adel', 'aljubeir', 'bill', 'carter', 'march', '5u002c', '2002', 'adel', 'aljubeiru002c', 'adviser', 'crown', 'pr']",15,98,neutral,0.4911,"{np.str_('negative'): 0.1676, np.str_('neutral'): 0.4911, np.str_('positive'): 0.3413}",labeled
123,Friday's Top 10: Gerald Green rises above the everyone in Friday's Top 10.,2025-02-26,unknown_user,,Twitter (tweet_eval),en,tweet_eval_sentiment,neutral,Unknown,Unknown,False,friday top 10 gerald green rise everyone friday top 10,"['friday', 'top', '10', 'gerald', 'green', 'rise', 'everyone', 'friday', 'top', '10']",10,54,neutral,0.5121,"{np.str_('negative'): 0.1282, np.str_('neutral'): 0.5121, np.str_('positive'): 0.3596}",labeled
124,Kim Kardashian's 'Kimoji' app broke the App Store: Kim launched Kimoji's Monday -- Kim-themed emojis -- and the response was crazy.,2025-01-02,unknown_user,,Twitter (tweet_eval),en,tweet_eval_sentiment,positive,Unknown,Unknown,False,kim kardashians kimoji app broke app store kim launched kimojis monday kimthemed emojis response crazy,"['kim', 'kardashians', 'kimoji', 'app', 'broke', 'app', 'store', 'kim', 'launched', 'kimojis', 'monday', 'kimthemed', 'emojis', 'response', 'crazy']",15,102,neutral,0.4379,"{np.str_('negative'): 0.3145, np.str_('neutral'): 0.4379, np.str_('positive'): 0.2475}",labeled
125,Majority of Australians know technique as #Fracking ABC anti-renewables Chris_Mahlsman editorialized #CSG as cover #ClimateCriminal #Spin,2024-01-06,unknown_user,,Twitter (tweet_eval),en,tweet_eval_sentiment,neutral,Unknown,Unknown,False,majority australian know technique abc antirenewables chrismahlsman editorialized cover,"['majority', 'australian', 'know', 'technique', 'abc', 'antirenewables', 'chrismahlsman', 'editorialized', 'cover']",9,87,neutral,0.4382,"{np.str_('negative'): 0.2333, np.str_('neutral'): 0.4382, np.str_('positive'): 0.3284}",labeled
126,Everyone desperate to see Paper Towns tomorrow - seen it!!! So good tho hope you all enjoy it if you haven't seen it already it's amazing,2025-01-24,unknown_user,,Twitter (tweet_eval),en,tweet_eval_sentiment,positive,Unknown,Unknown,False,everyone desperate see paper town tomorrow seen good tho hope enjoy havent seen already amazing,"['everyone', 'desperate', 'see', 'paper', 'town', 'tomorrow', 'seen', 'good', 'tho', 'hope', 'enjoy', 'havent', 'seen', 'already', 'amazing']",15,95,positive,0.6679,"{np.str_('negative'): 0.2014, np.str_('neutral'): 0.1307, np.str_('positive'): 0.6679}",labeled
127,Jennifer Lawrence waxed lyrical about Amy Schumer's physique on Monday to chat show hos...,2024-04-14,unknown_user,,Twitter (tweet_eval),en,tweet_eval_sentiment,neutral,Unknown,Unknown,False,jennifer lawrence waxed lyrical amy schumers physique monday chat show ho,"['jennifer', 'lawrence', 'waxed', 'lyrical', 'amy', 'schumers', 'physique', 'monday', 'chat', 'show', 'ho']",11,73,neutral,0.493,"{np.str_('negative'): 0.2872, np.str_('neutral'): 0.493, np.str_('positive'): 0.2197}",labeled
128,"one of those pictures whose promising , if rather precious , premise is undercut by amateurish execution .",2024-05-17,unknown_user,,Rotten Tomatoes,en,rotten_tomatoes,negative,Unknown,Unknown,False,one picture whose promising rather precious premise undercut amateurish execution,"['one', 'picture', 'whose', 'promising', 'rather', 'precious', 'premise', 'undercut', 'amateurish', 'execution']",10,81,positive,0.4046,"{np.str_('negative'): 0.2554, np.str_('neutral'): 0.34, np.str_('positive'): 0.4046}",labeled
129,Arianators please help me. I\u2019m a girl who\u2019s body is very sore and just asking for Ariana & Jennette\u2019s goodluck for tomorrow. PLEASE :(,2024-04-10,unknown_user,,Twitter (tweet_eval),en,tweet_eval_sentiment,negative,Unknown,Unknown,False,arianators please help iu2019m girl whou2019s body sore asking ariana jennetteu2019s goodluck tomorrow please,"['arianators', 'please', 'help', 'iu2019m', 'girl', 'whou2019s', 'body', 'sore', 'asking', 'ariana', 'jennetteu2019s', 'goodluck', 'tomorrow', 'please']",14,109,neutral,0.3783,"{np.str_('negative'): 0.2771, np.str_('neutral'): 0.3783, np.str_('positive'): 0.3447}",labeled
130,Europe AA prices may firm on Asian supply\u002c but not in Q4 - buyers: LONDON (ICIS)--Buyers in the European acrylat...,2024-08-26,unknown_user,,Twitter (tweet_eval),en,tweet_eval_sentiment,neutral,Unknown,Unknown,False,europe aa price may firm asian supplyu002c but not q4 buyer london icisbuyers european acrylat,"['europe', 'aa', 'price', 'may', 'firm', 'asian', 'supplyu002c', 'but', 'not', 'q4', 'buyer', 'london', 'icisbuyers', 'european', 'acrylat']",15,94,positive,0.4046,"{np.str_('negative'): 0.2554, np.str_('neutral'): 0.34, np.str_('positive'): 0.4046}",labeled
131,a sobering and powerful documentary about the most severe kind of personal loss : rejection by one's mother .,2024-09-03,unknown_user,,Rotten Tomatoes,en,rotten_tomatoes,positive,Unknown,Unknown,False,sobering powerful documentary severe kind personal loss rejection one mother,"['sobering', 'powerful', 'documentary', 'severe', 'kind', 'personal', 'loss', 'rejection', 'one', 'mother']",10,76,positive,0.4983,"{np.str_('negative'): 0.2626, np.str_('neutral'): 0.2391, np.str_('positive'): 0.4983}",labeled
132,"comedian , like its subjects , delivers the goods and audiences will have a fun , no-frills ride .",2024-09-10,unknown_user,,Rotten Tomatoes,en,rotten_tomatoes,positive,Unknown,Unknown,False,comedian like subject delivers good audience fun nofrills ride,"['comedian', 'like', 'subject', 'delivers', 'good', 'audience', 'fun', 'nofrills', 'ride']",9,62,positive,0.4693,"{np.str_('negative'): 0.37, np.str_('neutral'): 0.1608, np.str_('positive'): 0.4693}",labeled
133,Catch up on the top 5 business articles from 11/23 #uber #airbnb $URBN #urbanoutfitters $CTRP,2025-05-11,unknown_user,,Twitter (tweet_eval),en,tweet_eval_sentiment,neutral,Unknown,Unknown,False,catch top business article 1123 urbn ctrp,"['catch', 'top', 'business', 'article', '1123', 'urbn', 'ctrp']",7,41,positive,0.4046,"{np.str_('negative'): 0.2554, np.str_('neutral'): 0.34, np.str_('positive'): 0.4046}",labeled
134,Kugan Cassius interviewing Ricky Burns on his Dec 15th fight! Is Rick the only World Champ still working part time?!..,2024-03-09,unknown_user,,Twitter (tweet_eval),en,tweet_eval_sentiment,neutral,Unknown,Unknown,False,kugan cassius interviewing ricky burn dec 15th fight rick world champ still working part time,"['kugan', 'cassius', 'interviewing', 'ricky', 'burn', 'dec', '15th', 'fight', 'rick', 'world', 'champ', 'still', 'working', 'part', 'time']",15,93,neutral,0.4001,"{np.str_('negative'): 0.2256, np.str_('neutral'): 0.4001, np.str_('positive'): 0.3743}",labeled
135,Reckless Moron. 😡🌪🇺🇸#trumptransitionteam #notmypresident #fucktrump #jewishresistance…,2024-03-24,unknown_user,,Twitter (tweet_eval),en,tweet_eval_sentiment,negative,Trump,Unknown,False,reckless moron enragedface tornado unitedstates,"['reckless', 'moron', 'enragedface', 'tornado', 'unitedstates']",5,47,positive,0.4046,"{np.str_('negative'): 0.2554, np.str_('neutral'): 0.34, np.str_('positive'): 0.4046}",labeled
136,candid camera on methamphetamines .,2024-12-06,unknown_user,,Rotten Tomatoes,en,rotten_tomatoes,positive,Unknown,Unknown,False,candid camera methamphetamine,"['candid', 'camera', 'methamphetamine']",3,29,positive,0.4046,"{np.str_('negative'): 0.2554, np.str_('neutral'): 0.34, np.str_('positive'): 0.4046}",labeled
137,What will see tomorrow?? Mad face?? Bitter face?? Screw you people.. We've paid to see his happy smile!!,2025-01-27,unknown_user,,Twitter (tweet_eval),en,tweet_eval_sentiment,negative,Unknown,Unknown,False,see tomorrow mad face bitter face screw people weve paid see happy smile,"['see', 'tomorrow', 'mad', 'face', 'bitter', 'face', 'screw', 'people', 'weve', 'paid', 'see', 'happy', 'smile']",13,72,positive,0.4124,"{np.str_('negative'): 0.2856, np.str_('neutral'): 0.3021, np.str_('positive'): 0.4124}",labeled
138,"Jerry Garcia / Grateful Dead -  CNN report from the evening of August 9, 1995 I was watching",2025-01-01,unknown_user,,Twitter (tweet_eval),en,tweet_eval_sentiment,neutral,Unknown,Unknown,False,jerry garcia grateful dead cnn report evening august 1995 watching,"['jerry', 'garcia', 'grateful', 'dead', 'cnn', 'report', 'evening', 'august', '1995', 'watching']",10,66,positive,0.438,"{np.str_('negative'): 0.1702, np.str_('neutral'): 0.3917, np.str_('positive'): 0.438}",labeled
139,Love that James Bond montage at the end of Super Sunday by Sky,2024-07-03,unknown_user,,Twitter (tweet_eval),en,tweet_eval_sentiment,positive,Unknown,Unknown,False,love james bond montage end super sunday sky,"['love', 'james', 'bond', 'montage', 'end', 'super', 'sunday', 'sky']",8,44,positive,0.4899,"{np.str_('negative'): 0.1715, np.str_('neutral'): 0.3386, np.str_('positive'): 0.4899}",labeled
140,"""Once again Dustin Johnson is leading early in the tourny, which means he has plenty of time to screw it up on ether Saturday or Sunday""",2024-01-03,unknown_user,,Twitter (tweet_eval),en,tweet_eval_sentiment,negative,Boris Johnson,Unknown,False,dustin johnson leading early tourny mean plenty time screw ether saturday sunday,"['dustin', 'johnson', 'leading', 'early', 'tourny', 'mean', 'plenty', 'time', 'screw', 'ether', 'saturday', 'sunday']",12,80,neutral,0.4089,"{np.str_('negative'): 0.2457, np.str_('neutral'): 0.4089, np.str_('positive'): 0.3455}",labeled
141,World Bank  approves US$50 million for  improving compliance with industrial wastewater treatment regulations in Vietnam - Oct 25th,2024-01-07,unknown_user,,Twitter (tweet_eval),en,tweet_eval_sentiment,positive,Unknown,Unknown,False,world bank approves us50 million improving compliance industrial wastewater treatment regulation vietnam oct 25th,"['world', 'bank', 'approves', 'us50', 'million', 'improving', 'compliance', 'industrial', 'wastewater', 'treatment', 'regulation', 'vietnam', 'oct', '25th']",14,113,positive,0.4232,"{np.str_('negative'): 0.2429, np.str_('neutral'): 0.3339, np.str_('positive'): 0.4232}",labeled
142,@user I saw the drummer from Frankie and the Heartstrings in town on Saturday.,2024-12-25,unknown_user,,Twitter (tweet_eval),en,tweet_eval_sentiment,neutral,Unknown,Unknown,False,saw drummer frankie heartstrings town saturday,"['saw', 'drummer', 'frankie', 'heartstrings', 'town', 'saturday']",6,46,positive,0.5734,"{np.str_('negative'): 0.1874, np.str_('neutral'): 0.2392, np.str_('positive'): 0.5734}",labeled
143,Super Eagles play Tanzania today.   Most Nigerians are just waiting for them to lose so they lambast Sunday oliseh and the whole of NFF.,2024-01-19,unknown_user,,Twitter (tweet_eval),en,tweet_eval_sentiment,neutral,Unknown,Unknown,False,super eagle play tanzania today nigerian waiting lose lambast sunday oliseh whole nff,"['super', 'eagle', 'play', 'tanzania', 'today', 'nigerian', 'waiting', 'lose', 'lambast', 'sunday', 'oliseh', 'whole', 'nff']",13,85,positive,0.4805,"{np.str_('negative'): 0.165, np.str_('neutral'): 0.3545, np.str_('positive'): 0.4805}",labeled
144,"""On Monday my next blog post """"Smells like team spirit"""" will go live. Will it reach Nirvana? :)""",2025-05-08,unknown_user,,Twitter (tweet_eval),en,tweet_eval_sentiment,positive,Unknown,Unknown,False,monday next blog post smell like team spirit go live reach nirvana,"['monday', 'next', 'blog', 'post', 'smell', 'like', 'team', 'spirit', 'go', 'live', 'reach', 'nirvana']",12,66,positive,0.3841,"{np.str_('negative'): 0.3287, np.str_('neutral'): 0.2872, np.str_('positive'): 0.3841}",labeled
145,Maybe Chanel's finest moment #BlackFriday #screamQueens,2024-10-21,unknown_user,,Twitter (tweet_eval),en,tweet_eval_sentiment,positive,Unknown,Unknown,False,maybe chanels finest moment,"['maybe', 'chanels', 'finest', 'moment']",4,27,positive,0.4046,"{np.str_('negative'): 0.2554, np.str_('neutral'): 0.34, np.str_('positive'): 0.4046}",labeled
146,"@user I met you in LAX in august I've been trying to get a follow from you since I met u, follow me pls?",2024-08-20,unknown_user,,Twitter (tweet_eval),en,tweet_eval_sentiment,positive,Unknown,Unknown,False,met lax august ive trying get follow since met follow pls,"['met', 'lax', 'august', 'ive', 'trying', 'get', 'follow', 'since', 'met', 'follow', 'pls']",11,57,positive,0.4046,"{np.str_('negative'): 0.2554, np.str_('neutral'): 0.34, np.str_('positive'): 0.4046}",labeled
147,@user Now we want Dunkin' Donuts for breakfast. We may just have to get those tomorrow morning. Thanks for the (unintentional) suggestion!,2024-07-01,unknown_user,,Twitter (tweet_eval),en,tweet_eval_sentiment,positive,Unknown,Unknown,False,want dunkin donut breakfast may get tomorrow morning thanks unintentional suggestion,"['want', 'dunkin', 'donut', 'breakfast', 'may', 'get', 'tomorrow', 'morning', 'thanks', 'unintentional', 'suggestion']",11,84,positive,0.4992,"{np.str_('negative'): 0.1656, np.str_('neutral'): 0.3352, np.str_('positive'): 0.4992}",labeled
148,"the narrator and the other characters try to convince us that acting transfigures esther , but she's never seen speaking on stage ; one feels cheated , and esther seems to remain an unchanged dullard .",2025-01-14,unknown_user,,Rotten Tomatoes,en,rotten_tomatoes,negative,Unknown,Unknown,False,narrator character try convince u acting transfigures esther but shes never seen speaking stage one feel cheated esther seems remain unchanged dullard,"['narrator', 'character', 'try', 'convince', 'u', 'acting', 'transfigures', 'esther', 'but', 'shes', 'never', 'seen', 'speaking', 'stage', 'one', 'feel', 'cheated', 'esther', 'seems', 'remain', 'unchanged', 'dullard']",22,150,negative,0.5642,"{np.str_('negative'): 0.5642, np.str_('neutral'): 0.1318, np.str_('positive'): 0.3039}",labeled
149,saw the potential success inherent in the mixture of bullock bubble and hugh goo ,2024-04-24,unknown_user,,SST-2,en,sst2,positive,Unknown,Unknown,False,saw potential success inherent mixture bullock bubble hugh goo,"['saw', 'potential', 'success', 'inherent', 'mixture', 'bullock', 'bubble', 'hugh', 'goo']",9,62,positive,0.4883,"{np.str_('negative'): 0.2652, np.str_('neutral'): 0.2465, np.str_('positive'): 0.4883}",labeled
150,"Going to bed, can't wait to see for myself the ""anti-hetero male campaign"" that Magic Mike XXL is apparently leading tomorrow.  Goodnight!",2025-04-11,unknown_user,,Twitter (tweet_eval),en,tweet_eval_sentiment,positive,Unknown,Unknown,False,going bed cant wait see antihetero male campaign magic mike xxl apparently leading tomorrow goodnight,"['going', 'bed', 'cant', 'wait', 'see', 'antihetero', 'male', 'campaign', 'magic', 'mike', 'xxl', 'apparently', 'leading', 'tomorrow', 'goodnight']",15,101,positive,0.5407,"{np.str_('negative'): 0.2159, np.str_('neutral'): 0.2434, np.str_('positive'): 0.5407}",labeled
151,"""John Danks retires the Royals lineup in order in the 3rd, 4th and 5th innings. White Sox still leading 6-0, top of 6.""",2025-02-18,unknown_user,,Twitter (tweet_eval),en,tweet_eval_sentiment,neutral,Unknown,Unknown,False,john danks retires royal lineup order 3rd 4th 5th inning white sox still leading 60 top,"['john', 'danks', 'retires', 'royal', 'lineup', 'order', '3rd', '4th', '5th', 'inning', 'white', 'sox', 'still', 'leading', '60', 'top']",16,87,neutral,0.5583,"{np.str_('negative'): 0.2472, np.str_('neutral'): 0.5583, np.str_('positive'): 0.1946}",labeled
152,"Originally aired as an ABC Movie of the Week. This involves two young innocent female college students who are railroaded into a prison camp in a little Southern town. They aren't allowed phone calls and nobody knows they're there. What follows is rape, torture, beatings, humilia",2024-02-06,unknown_user,,IMDB,en,imdb,negative,Unknown,Unknown,False,originally aired abc movie week involves two young innocent female college student railroaded prison camp little southern town arent allowed phone call nobody know theyre follows rape torture beating humilia,"['originally', 'aired', 'abc', 'movie', 'week', 'involves', 'two', 'young', 'innocent', 'female', 'college', 'student', 'railroaded', 'prison', 'camp', 'little', 'southern', 'town', 'arent', 'allowed', 'phone', 'call', 'nobody', 'know', 'theyre', 'follows', 'rape', 'torture', 'beating', 'humilia']",30,207,positive,0.4263,"{np.str_('negative'): 0.3836, np.str_('neutral'): 0.19, np.str_('positive'): 0.4263}",labeled
153,"Although this show has been off the air since 1973, after viewing a DVD set I borrowed at our library, I felt compelled to say a bit about it.<br /><br />I can remember when it was the only color show on television in the 1960s, and sometimes there would be a little ""Sunday Night",2024-08-11,unknown_user,,IMDB,en,imdb,positive,Unknown,Unknown,False,although show air since 1973 viewing dvd set borrowed library felt compelled say bit remember color show television 1960s sometimes would little sunday night,"['although', 'show', 'air', 'since', '1973', 'viewing', 'dvd', 'set', 'borrowed', 'library', 'felt', 'compelled', 'say', 'bit', 'remember', 'color', 'show', 'television', '1960s', 'sometimes', 'would', 'little', 'sunday', 'night']",24,157,neutral,0.4234,"{np.str_('negative'): 0.2223, np.str_('neutral'): 0.4234, np.str_('positive'): 0.3543}",labeled
154,"This thing works on all levels -- it's intense as a thriller, full of Lars von Trier homages, but also very much its own film -- and it does have a message: happiness comes from within, best personified in the wounded soldier who practically (and, believe it or not, humorously) d",2024-07-04,unknown_user,,IMDB,en,imdb,positive,Unknown,Unknown,False,thing work level intense thriller full lars von trier homage but also much film message happiness come within best personified wounded soldier practically believe not humorously,"['thing', 'work', 'level', 'intense', 'thriller', 'full', 'lars', 'von', 'trier', 'homage', 'but', 'also', 'much', 'film', 'message', 'happiness', 'come', 'within', 'best', 'personified', 'wounded', 'soldier', 'practically', 'believe', 'not', 'humorously']",26,177,positive,0.6435,"{np.str_('negative'): 0.225, np.str_('neutral'): 0.1315, np.str_('positive'): 0.6435}",labeled
155,You can tell I'm off my meds by the fact that I'm sat in the dark listening to David Bowie,2024-04-01,unknown_user,,Twitter (tweet_eval),en,tweet_eval_sentiment,negative,Unknown,Unknown,False,tell im med fact im sat dark listening david bowie,"['tell', 'im', 'med', 'fact', 'im', 'sat', 'dark', 'listening', 'david', 'bowie']",10,50,positive,0.3925,"{np.str_('negative'): 0.2402, np.str_('neutral'): 0.3673, np.str_('positive'): 0.3925}",labeled
156,@user I admire the relationship U have with your family.  Lol iron man\u2019s a pretty suitable costume. Good Luck Monday Go Saints!,2024-11-15,unknown_user,,Twitter (tweet_eval),en,tweet_eval_sentiment,positive,Unknown,Unknown,False,admire relationship family lol iron manu2019s pretty suitable costume good luck monday go saint,"['admire', 'relationship', 'family', 'lol', 'iron', 'manu2019s', 'pretty', 'suitable', 'costume', 'good', 'luck', 'monday', 'go', 'saint']",14,95,positive,0.3897,"{np.str_('negative'): 0.2655, np.str_('neutral'): 0.3448, np.str_('positive'): 0.3897}",labeled
157,"boldly engineering a collision between tawdry b-movie flamboyance and grandiose spiritual anomie , rose's film , true to its source material , provides a tenacious demonstration of death as the great equalizer .",2024-02-23,unknown_user,,Rotten Tomatoes,en,rotten_tomatoes,positive,Unknown,Unknown,False,boldly engineering collision tawdry bmovie flamboyance grandiose spiritual anomie rose film true source material provides tenacious demonstration death great equalizer,"['boldly', 'engineering', 'collision', 'tawdry', 'bmovie', 'flamboyance', 'grandiose', 'spiritual', 'anomie', 'rose', 'film', 'true', 'source', 'material', 'provides', 'tenacious', 'demonstration', 'death', 'great', 'equalizer']",20,167,positive,0.7111,"{np.str_('negative'): 0.1872, np.str_('neutral'): 0.1017, np.str_('positive'): 0.7111}",labeled
158,"Hello. I am Paul Raddick, a.k.a. Panic Attack of WTAF, Channel 29 in Philadelphia. Let me tell you about this god awful movie that powered on Adam Sandler's film career but was digitized after a short time.<br /><br />Going Overboard is about an aspiring comedian played by Sandle",2024-11-04,unknown_user,,IMDB,en,imdb,negative,Unknown,Unknown,False,hello paul raddick aka panic attack wtaf channel 29 philadelphia let tell god awful movie powered adam sandlers film career but digitized short time going overboard aspiring comedian played sandle,"['hello', 'paul', 'raddick', 'aka', 'panic', 'attack', 'wtaf', 'channel', '29', 'philadelphia', 'let', 'tell', 'god', 'awful', 'movie', 'powered', 'adam', 'sandlers', 'film', 'career', 'but', 'digitized', 'short', 'time', 'going', 'overboard', 'aspiring', 'comedian', 'played', 'sandle']",30,196,positive,0.4452,"{np.str_('negative'): 0.4184, np.str_('neutral'): 0.1364, np.str_('positive'): 0.4452}",labeled
159,"is no solace here , no entertainment value , merely a fierce lesson in where filmmaking can take us ",2024-07-18,unknown_user,,SST-2,en,sst2,negative,Unknown,Unknown,False,no solace no entertainment value merely fierce lesson filmmaking take u,"['no', 'solace', 'no', 'entertainment', 'value', 'merely', 'fierce', 'lesson', 'filmmaking', 'take', 'u']",11,71,positive,0.4046,"{np.str_('negative'): 0.2554, np.str_('neutral'): 0.34, np.str_('positive'): 0.4046}",labeled
160,"""Deep Learning Students worth 5 million to 10 million""- Wall Street Journal #goals",2024-10-14,unknown_user,,Twitter (tweet_eval),en,tweet_eval_sentiment,neutral,Unknown,Unknown,False,deep learning student worth million 10 million wall street journal,"['deep', 'learning', 'student', 'worth', 'million', '10', 'million', 'wall', 'street', 'journal']",10,66,neutral,0.44,"{np.str_('negative'): 0.23, np.str_('neutral'): 0.44, np.str_('positive'): 0.3299}",labeled
161,zhang . . . has done an amazing job of getting realistic performances from his mainly nonprofessional cast .,2024-04-18,unknown_user,,Rotten Tomatoes,en,rotten_tomatoes,positive,Unknown,Unknown,False,zhang done amazing job getting realistic performance mainly nonprofessional cast,"['zhang', 'done', 'amazing', 'job', 'getting', 'realistic', 'performance', 'mainly', 'nonprofessional', 'cast']",10,80,positive,0.5924,"{np.str_('negative'): 0.2283, np.str_('neutral'): 0.1793, np.str_('positive'): 0.5924}",labeled
162,@user I know it's so good! There's a marathon on comedy central. And yeah that really blows. Do you work tomorrow?,2024-02-27,unknown_user,,Twitter (tweet_eval),en,tweet_eval_sentiment,positive,Unknown,Unknown,False,know good there marathon comedy central yeah really blow work tomorrow,"['know', 'good', 'there', 'marathon', 'comedy', 'central', 'yeah', 'really', 'blow', 'work', 'tomorrow']",11,70,positive,0.5161,"{np.str_('negative'): 0.2328, np.str_('neutral'): 0.2511, np.str_('positive'): 0.5161}",labeled
163,"The acting was horrible. The special effects, while exceptional, dominated the movie. The writing was pathetic, and the dialogue was unbelievable. And the silly little love story between Liv Tyler and Ben Affleck was out of place.<br /><br />But the worst offense of ""Armageddon"" ",2025-01-09,unknown_user,,IMDB,en,imdb,negative,Unknown,Conservatives,False,acting horrible special effect exceptional dominated movie writing pathetic dialogue unbelievable silly little love story liv tyler ben affleck place but worst offense armageddon,"['acting', 'horrible', 'special', 'effect', 'exceptional', 'dominated', 'movie', 'writing', 'pathetic', 'dialogue', 'unbelievable', 'silly', 'little', 'love', 'story', 'liv', 'tyler', 'ben', 'affleck', 'place', 'but', 'worst', 'offense', 'armageddon']",24,178,positive,0.4273,"{np.str_('negative'): 0.3539, np.str_('neutral'): 0.2188, np.str_('positive'): 0.4273}",labeled
164,"""So Watchman is an earlier draft of Mockingbird?? People have been had in getting excited for this. C'mon public, you're better than this.""",2025-04-28,unknown_user,,Twitter (tweet_eval),en,tweet_eval_sentiment,negative,Unknown,Unknown,False,watchman earlier draft mockingbird people getting excited cmon public youre better,"['watchman', 'earlier', 'draft', 'mockingbird', 'people', 'getting', 'excited', 'cmon', 'public', 'youre', 'better']",11,82,positive,0.4634,"{np.str_('negative'): 0.3294, np.str_('neutral'): 0.2073, np.str_('positive'): 0.4634}",labeled
165,the fact that so many will vote for a socialist fake liar for President is very very frightening and may bring America to ruin!,2024-04-08,unknown_user,,Twitter (tweet_eval),en,tweet_eval_sentiment,negative,Unknown,Unknown,False,fact many vote socialist fake liar president frightening may bring america ruin,"['fact', 'many', 'vote', 'socialist', 'fake', 'liar', 'president', 'frightening', 'may', 'bring', 'america', 'ruin']",12,79,neutral,0.4723,"{np.str_('negative'): 0.3203, np.str_('neutral'): 0.4723, np.str_('positive'): 0.2074}",labeled
166,"""Also, Paper Towns was AMAZING. (@AnselElgort making an appearance was the cherry on top &amp; I may or may not have freaked in the theater)""",2024-09-04,unknown_user,,Twitter (tweet_eval),en,tweet_eval_sentiment,positive,Unknown,Unknown,False,also paper town amazing making appearance cherry top amp may may not freaked theater,"['also', 'paper', 'town', 'amazing', 'making', 'appearance', 'cherry', 'top', 'amp', 'may', 'may', 'not', 'freaked', 'theater']",14,84,positive,0.622,"{np.str_('negative'): 0.1613, np.str_('neutral'): 0.2166, np.str_('positive'): 0.622}",labeled
167,the ending feels at odds with the rest of the film .,2025-04-29,unknown_user,,Rotten Tomatoes,en,rotten_tomatoes,positive,Unknown,Unknown,False,ending feel odds rest film,"['ending', 'feel', 'odds', 'rest', 'film']",5,26,negative,0.4522,"{np.str_('negative'): 0.4522, np.str_('neutral'): 0.1411, np.str_('positive'): 0.4067}",labeled
168,The Wednesday iPad edition is out now - including Tom Segal\u2019s Pricewise advice and brilliant previews for Juddmonte International day,2024-01-12,unknown_user,,Twitter (tweet_eval),en,tweet_eval_sentiment,positive,Unknown,Unknown,False,wednesday ipad edition including tom segalu2019s pricewise advice brilliant preview juddmonte international day,"['wednesday', 'ipad', 'edition', 'including', 'tom', 'segalu2019s', 'pricewise', 'advice', 'brilliant', 'preview', 'juddmonte', 'international', 'day']",13,111,positive,0.445,"{np.str_('negative'): 0.149, np.str_('neutral'): 0.4059, np.str_('positive'): 0.445}",labeled
169,"""Later today: Cowboys and Aliens, good food, My Chemical Romance and Blink 182 show with @user and her friends. Jazzed 2 teh max!""",2024-11-23,unknown_user,,Twitter (tweet_eval),en,tweet_eval_sentiment,positive,Unknown,Unknown,False,later today cowboy alien good food chemical romance blink 182 show friend jazzed teh max,"['later', 'today', 'cowboy', 'alien', 'good', 'food', 'chemical', 'romance', 'blink', '182', 'show', 'friend', 'jazzed', 'teh', 'max']",15,88,positive,0.6411,"{np.str_('negative'): 0.1801, np.str_('neutral'): 0.1788, np.str_('positive'): 0.6411}",labeled
170,"This was intolerable. (SPOILER #1) Protagonists avoid the pointless disclosure of agonizing truths to their loved ones, lest they surrender said status and assume the roles of Antagonists. (SPOILER #2) The writers would have us believe that the exposure of multiple transgressions",2024-09-06,unknown_user,,IMDB,en,imdb,negative,Unknown,Unknown,False,intolerable spoiler protagonist avoid pointless disclosure agonizing truth loved one lest surrender said status assume role antagonist spoiler writer would u believe exposure multiple transgression,"['intolerable', 'spoiler', 'protagonist', 'avoid', 'pointless', 'disclosure', 'agonizing', 'truth', 'loved', 'one', 'lest', 'surrender', 'said', 'status', 'assume', 'role', 'antagonist', 'spoiler', 'writer', 'would', 'u', 'believe', 'exposure', 'multiple', 'transgression']",25,197,neutral,0.5348,"{np.str_('negative'): 0.271, np.str_('neutral'): 0.5348, np.str_('positive'): 0.1942}",labeled
171,Today's Tesla cars will become tomorrow's self-driving cars (CNET Update) #windowsphone,2024-01-03,unknown_user,,Twitter (tweet_eval),en,tweet_eval_sentiment,positive,Unknown,Unknown,False,today tesla car become tomorrow selfdriving car cnet update,"['today', 'tesla', 'car', 'become', 'tomorrow', 'selfdriving', 'car', 'cnet', 'update']",9,59,positive,0.556,"{np.str_('negative'): 0.1336, np.str_('neutral'): 0.3104, np.str_('positive'): 0.556}",labeled
172,"Victor Sjostrom, who is the grandfather of Swedish cinema, directed this stark, existentialist film about atonement, betrayal, death, forgiveness, guilt, redemption, and the bleakest moments of the human condition. He stars as David Holm, a no good-nick who responds to a moment o",2024-03-28,unknown_user,,IMDB,en,imdb,positive,Unknown,Unknown,False,victor sjostrom grandfather swedish cinema directed stark existentialist film atonement betrayal death forgiveness guilt redemption bleakest moment human condition star david holm no goodnick responds moment,"['victor', 'sjostrom', 'grandfather', 'swedish', 'cinema', 'directed', 'stark', 'existentialist', 'film', 'atonement', 'betrayal', 'death', 'forgiveness', 'guilt', 'redemption', 'bleakest', 'moment', 'human', 'condition', 'star', 'david', 'holm', 'no', 'goodnick', 'responds', 'moment']",26,207,positive,0.4933,"{np.str_('negative'): 0.2925, np.str_('neutral'): 0.2141, np.str_('positive'): 0.4933}",labeled
173,"Whoever gave this movie rave reviews needs to see more movies.<br /><br />A loser takes his camera and photographs his mental family. The movie is filled with idiots and includes live ""teabagging"". That should sum it all up for you.<br /><br />Do not waste your time. You may want",2024-05-13,unknown_user,,IMDB,en,imdb,negative,Unknown,Unknown,False,whoever gave movie rave review need see movie loser take camera photograph mental family movie filled idiot includes live teabagging sum not waste time may want,"['whoever', 'gave', 'movie', 'rave', 'review', 'need', 'see', 'movie', 'loser', 'take', 'camera', 'photograph', 'mental', 'family', 'movie', 'filled', 'idiot', 'includes', 'live', 'teabagging', 'sum', 'not', 'waste', 'time', 'may', 'want']",26,160,positive,0.4595,"{np.str_('negative'): 0.3677, np.str_('neutral'): 0.1727, np.str_('positive'): 0.4595}",labeled
174,Match my grind 😏,2024-08-15,unknown_user,,Twitter (tweet_eval),en,tweet_eval_sentiment,neutral,Unknown,Unknown,False,match grind smirkingface,"['match', 'grind', 'smirkingface']",3,24,positive,0.4046,"{np.str_('negative'): 0.2554, np.str_('neutral'): 0.34, np.str_('positive'): 0.4046}",labeled
175,🎶 Browse this site for more information on Dallas 3D Printing. This...,2025-04-17,unknown_user,,Twitter (tweet_eval),en,tweet_eval_sentiment,positive,Unknown,Unknown,False,musicalnotes browse site information dallas 3d printing,"['musicalnotes', 'browse', 'site', 'information', 'dallas', '3d', 'printing']",7,55,positive,0.4046,"{np.str_('negative'): 0.2554, np.str_('neutral'): 0.34, np.str_('positive'): 0.4046}",labeled
176,"in all , an interesting look at the life of the campaign-trail press , especially ones that do n't really care for the candidate ",2024-07-08,unknown_user,,SST-2,en,sst2,positive,Unknown,Unknown,False,interesting look life campaigntrail press especially one nt really care candidate,"['interesting', 'look', 'life', 'campaigntrail', 'press', 'especially', 'one', 'nt', 'really', 'care', 'candidate']",11,81,positive,0.4216,"{np.str_('negative'): 0.3419, np.str_('neutral'): 0.2365, np.str_('positive'): 0.4216}",labeled
177,Trump Supporters Protest CNN in Los Angeles via @user,2024-04-29,unknown_user,,Twitter (tweet_eval),en,tweet_eval_sentiment,neutral,Trump,Unknown,False,trump supporter protest cnn los angeles via,"['trump', 'supporter', 'protest', 'cnn', 'los', 'angeles', 'via']",7,43,negative,0.3978,"{np.str_('negative'): 0.3978, np.str_('neutral'): 0.3072, np.str_('positive'): 0.295}",labeled
178,@user aww!! Thank U too!! <13  Have a Nice Swift Day you too!! :) and good luck for tomorrow!! I hope you have a wonderfull Day! :),2024-11-29,unknown_user,,Twitter (tweet_eval),en,tweet_eval_sentiment,positive,Unknown,Unknown,False,aww thank 13 nice swift day good luck tomorrow hope wonderfull day,"['aww', 'thank', '13', 'nice', 'swift', 'day', 'good', 'luck', 'tomorrow', 'hope', 'wonderfull', 'day']",12,66,positive,0.6846,"{np.str_('negative'): 0.1396, np.str_('neutral'): 0.1757, np.str_('positive'): 0.6846}",labeled
179,"a heartbreakingly thoughtful minor classic , the work of a genuine and singular artist .",2024-07-25,unknown_user,,Rotten Tomatoes,en,rotten_tomatoes,positive,Unknown,Unknown,False,heartbreakingly thoughtful minor classic work genuine singular artist,"['heartbreakingly', 'thoughtful', 'minor', 'classic', 'work', 'genuine', 'singular', 'artist']",8,69,positive,0.3789,"{np.str_('negative'): 0.258, np.str_('neutral'): 0.3631, np.str_('positive'): 0.3789}",labeled
180,Haggins flipped by Hoya linebacker\u002c but he gets the 1st down!  1st and goal at the 5!,2024-12-14,unknown_user,,Twitter (tweet_eval),en,tweet_eval_sentiment,neutral,Unknown,Unknown,False,haggins flipped hoya linebackeru002c but get 1st 1st goal,"['haggins', 'flipped', 'hoya', 'linebackeru002c', 'but', 'get', '1st', '1st', 'goal']",9,57,positive,0.4223,"{np.str_('negative'): 0.1754, np.str_('neutral'): 0.4023, np.str_('positive'): 0.4223}",labeled
181,#Aleppo : Despite Russian airstrikes the Regime has failed to advance and the Opposition have killed 250 militiamen in the last 48 hours.,2024-03-13,unknown_user,,Twitter (tweet_eval),en,tweet_eval_sentiment,neutral,Unknown,Unknown,False,despite russian airstrikes regime failed advance opposition killed 250 militiaman last 48 hour,"['despite', 'russian', 'airstrikes', 'regime', 'failed', 'advance', 'opposition', 'killed', '250', 'militiaman', 'last', '48', 'hour']",13,94,negative,0.3916,"{np.str_('negative'): 0.3916, np.str_('neutral'): 0.3093, np.str_('positive'): 0.2991}",labeled
182,Good morning Auburn Family! Today feels like a good day to beat Nick Saban and Bama at...everything! #thatincludesbeingbetterchristians,2025-01-19,unknown_user,,Twitter (tweet_eval),en,tweet_eval_sentiment,positive,Unknown,Unknown,False,good morning auburn family today feel like good day beat nick saban bama ateverything,"['good', 'morning', 'auburn', 'family', 'today', 'feel', 'like', 'good', 'day', 'beat', 'nick', 'saban', 'bama', 'ateverything']",14,85,positive,0.6219,"{np.str_('negative'): 0.1742, np.str_('neutral'): 0.2039, np.str_('positive'): 0.6219}",labeled
183,it's August 22nd and Frank Ocean's album has still not dropped.,2024-09-12,unknown_user,,Twitter (tweet_eval),en,tweet_eval_sentiment,negative,Unknown,Unknown,False,august 22nd frank ocean album still not dropped,"['august', '22nd', 'frank', 'ocean', 'album', 'still', 'not', 'dropped']",8,47,positive,0.4046,"{np.str_('negative'): 0.2554, np.str_('neutral'): 0.34, np.str_('positive'): 0.4046}",labeled
184,David Price has a lead in the 6th so basically this game is over,2024-03-26,unknown_user,,Twitter (tweet_eval),en,tweet_eval_sentiment,neutral,Unknown,Unknown,False,david price lead 6th basically game,"['david', 'price', 'lead', '6th', 'basically', 'game']",6,35,neutral,0.5022,"{np.str_('negative'): 0.1275, np.str_('neutral'): 0.5022, np.str_('positive'): 0.3703}",labeled
185,#teens with fat pussys zac efron and vanessa have sex,2024-09-12,unknown_user,,Twitter (tweet_eval),en,tweet_eval_sentiment,negative,Unknown,Unknown,False,fat pussy zac efron vanessa sex,"['fat', 'pussy', 'zac', 'efron', 'vanessa', 'sex']",6,31,positive,0.4046,"{np.str_('negative'): 0.2554, np.str_('neutral'): 0.34, np.str_('positive'): 0.4046}",labeled
186,"When I first saw this film in the 1980's, I was in my middle teenage years and somewhat reluctant to see this since I considered myself grown up and out of the ""Sesame Street/Muppets"" age. I honestly don't remember if I liked it at the time or not. However, somewhere in college I",2025-03-23,unknown_user,,IMDB,en,imdb,positive,Unknown,Unknown,False,first saw film 1980s middle teenage year somewhat reluctant see since considered grown sesame streetmuppets age honestly dont remember liked time not however somewhere college,"['first', 'saw', 'film', '1980s', 'middle', 'teenage', 'year', 'somewhat', 'reluctant', 'see', 'since', 'considered', 'grown', 'sesame', 'streetmuppets', 'age', 'honestly', 'dont', 'remember', 'liked', 'time', 'not', 'however', 'somewhere', 'college']",25,175,negative,0.5178,"{np.str_('negative'): 0.5178, np.str_('neutral'): 0.1713, np.str_('positive'): 0.3109}",labeled
187,you'll end up moved .,2024-11-18,unknown_user,,Rotten Tomatoes,en,rotten_tomatoes,positive,Unknown,Unknown,False,youll end moved,"['youll', 'end', 'moved']",3,15,positive,0.434,"{np.str_('negative'): 0.2745, np.str_('neutral'): 0.2915, np.str_('positive'): 0.434}",labeled
188,the only thing scary about feardotcom is that the filmmakers and studio are brazen enough to attempt to pass this stinker off as a scary movie .,2024-10-29,unknown_user,,Rotten Tomatoes,en,rotten_tomatoes,negative,Unknown,Unknown,False,thing scary feardotcom filmmaker studio brazen enough attempt pas stinker scary movie,"['thing', 'scary', 'feardotcom', 'filmmaker', 'studio', 'brazen', 'enough', 'attempt', 'pas', 'stinker', 'scary', 'movie']",12,85,positive,0.4595,"{np.str_('negative'): 0.4179, np.str_('neutral'): 0.1226, np.str_('positive'): 0.4595}",labeled
189,@user @user Now that's awesome. Have his autograph but that's as close as I ever got to meeting him Lol. Did meet Bob Dylan tho!,2024-06-24,unknown_user,,Twitter (tweet_eval),en,tweet_eval_sentiment,positive,Unknown,Unknown,False,thats awesome autograph but thats close ever got meeting lol meet bob dylan tho,"['thats', 'awesome', 'autograph', 'but', 'thats', 'close', 'ever', 'got', 'meeting', 'lol', 'meet', 'bob', 'dylan', 'tho']",14,79,positive,0.4511,"{np.str_('negative'): 0.2262, np.str_('neutral'): 0.3227, np.str_('positive'): 0.4511}",labeled
190,"well , jason's gone to manhattan and hell , i guess a space station in the year 2455 can be crossed off the list of ideas for the inevitable future sequels ( hey , don't shoot the messenger ) .",2024-12-30,unknown_user,,Rotten Tomatoes,en,rotten_tomatoes,negative,Unknown,Unknown,False,well jason gone manhattan hell guess space station year 2455 crossed list idea inevitable future sequel hey dont shoot messenger,"['well', 'jason', 'gone', 'manhattan', 'hell', 'guess', 'space', 'station', 'year', '2455', 'crossed', 'list', 'idea', 'inevitable', 'future', 'sequel', 'hey', 'dont', 'shoot', 'messenger']",20,128,neutral,0.5588,"{np.str_('negative'): 0.2839, np.str_('neutral'): 0.5588, np.str_('positive'): 0.1573}",labeled
191,@user I may have over did the score but I still think Alabama is gunna win,2024-08-30,unknown_user,,Twitter (tweet_eval),en,tweet_eval_sentiment,neutral,Unknown,Unknown,False,may score but still think alabama gunna win,"['may', 'score', 'but', 'still', 'think', 'alabama', 'gunna', 'win']",8,43,neutral,0.5293,"{np.str_('negative'): 0.1255, np.str_('neutral'): 0.5293, np.str_('positive'): 0.3452}",labeled
192,#HeadiesAll of you famzing live at the #Headies and dnt knw where Eko Hotel n suite dey..May ur twitter connection be bad.#GodPunishU,2025-02-07,unknown_user,,Twitter (tweet_eval),en,tweet_eval_sentiment,negative,Unknown,Unknown,False,famzing live dnt knw eko hotel suite deymay ur twitter connection bad,"['famzing', 'live', 'dnt', 'knw', 'eko', 'hotel', 'suite', 'deymay', 'ur', 'twitter', 'connection', 'bad']",12,69,positive,0.4592,"{np.str_('negative'): 0.3453, np.str_('neutral'): 0.1954, np.str_('positive'): 0.4592}",labeled
193,"""I got Reggie Wayne in the 4th, then worked it and got Miles Austin in the 5th @user",2025-05-12,unknown_user,,Twitter (tweet_eval),en,tweet_eval_sentiment,neutral,Unknown,Unknown,False,got reggie wayne 4th worked got mile austin 5th,"['got', 'reggie', 'wayne', '4th', 'worked', 'got', 'mile', 'austin', '5th']",9,47,neutral,0.5244,"{np.str_('negative'): 0.1796, np.str_('neutral'): 0.5244, np.str_('positive'): 0.296}",labeled
194,"""It's September 8th and Frank Ocean still ain't released an album, thought Abel bought you time? Nah.""",2025-02-22,unknown_user,,Twitter (tweet_eval),en,tweet_eval_sentiment,neutral,Unknown,Unknown,False,september 8th frank ocean still aint released album thought abel bought time nah,"['september', '8th', 'frank', 'ocean', 'still', 'aint', 'released', 'album', 'thought', 'abel', 'bought', 'time', 'nah']",13,80,neutral,0.4349,"{np.str_('negative'): 0.2305, np.str_('neutral'): 0.4349, np.str_('positive'): 0.3345}",labeled
195,SAD asks Rahul Gandhi what action he has taken against Congress leaders for  Nov 10 congregation#Pb  @user  @user,2024-09-28,unknown_user,,Twitter (tweet_eval),en,tweet_eval_sentiment,neutral,Rahul Gandhi,INC (Congress),False,sad asks RahulGandhi action taken against congress leader nov 10 congregation,"['sad', 'asks', 'RahulGandhi', 'action', 'taken', 'against', 'congress', 'leader', 'nov', '10', 'congregation']",11,77,neutral,0.6046,"{np.str_('negative'): 0.221, np.str_('neutral'): 0.6046, np.str_('positive'): 0.1744}",labeled
196,"@user The massacre on March 11 in Karm al-Zaitoun was similar: 25 children killed with knives, 20 women:",2025-02-02,unknown_user,,Twitter (tweet_eval),en,tweet_eval_sentiment,negative,Unknown,Unknown,False,massacre march 11 karm alzaitoun similar 25 child killed knife 20 woman,"['massacre', 'march', '11', 'karm', 'alzaitoun', 'similar', '25', 'child', 'killed', 'knife', '20', 'woman']",12,71,positive,0.3774,"{np.str_('negative'): 0.273, np.str_('neutral'): 0.3495, np.str_('positive'): 0.3774}",labeled
197,Help your support for Uber in Maryland #Uber,2024-04-03,unknown_user,,Twitter (tweet_eval),en,tweet_eval_sentiment,neutral,Unknown,Unknown,False,help support uber maryland,"['help', 'support', 'uber', 'maryland']",4,26,positive,0.4046,"{np.str_('negative'): 0.2554, np.str_('neutral'): 0.34, np.str_('positive'): 0.4046}",labeled
198,a charmer from belgium .,2024-10-11,unknown_user,,Rotten Tomatoes,en,rotten_tomatoes,positive,Unknown,Unknown,False,charmer belgium,"['charmer', 'belgium']",2,15,positive,0.4046,"{np.str_('negative'): 0.2554, np.str_('neutral'): 0.34, np.str_('positive'): 0.4046}",labeled
199,@user oh man I had the same feeling Sunday when my Packers hung on to beat the Dolphins LOL,2025-04-18,unknown_user,,Twitter (tweet_eval),en,tweet_eval_sentiment,neutral,Unknown,Unknown,False,oh man feeling sunday packer hung beat dolphin lol,"['oh', 'man', 'feeling', 'sunday', 'packer', 'hung', 'beat', 'dolphin', 'lol']",9,50,positive,0.5372,"{np.str_('negative'): 0.2197, np.str_('neutral'): 0.2431, np.str_('positive'): 0.5372}",labeled
200,"though an important political documentary , this does not really make the case the kissinger should be tried as a war criminal .",2025-02-09,unknown_user,,Rotten Tomatoes,en,rotten_tomatoes,positive,Unknown,Unknown,False,though important political documentary not really make case kissinger tried war criminal,"['though', 'important', 'political', 'documentary', 'not', 'really', 'make', 'case', 'kissinger', 'tried', 'war', 'criminal']",12,88,positive,0.4183,"{np.str_('negative'): 0.2669, np.str_('neutral'): 0.3148, np.str_('positive'): 0.4183}",labeled
201,What? The Jaguars may trade to get Tim Tebow from the Jets? God is Good\u002c teams still want him. #TestifyhisGreatness,2024-03-19,unknown_user,,Twitter (tweet_eval),en,tweet_eval_sentiment,positive,Unknown,Unknown,False,jaguar may trade get tim tebow jet god goodu002c team still want,"['jaguar', 'may', 'trade', 'get', 'tim', 'tebow', 'jet', 'god', 'goodu002c', 'team', 'still', 'want']",12,64,positive,0.4525,"{np.str_('negative'): 0.2871, np.str_('neutral'): 0.2604, np.str_('positive'): 0.4525}",labeled
202,"[screenwriter] pimental took the farrelly brothers comedy and feminized it , but it is a rather poor imitation .",2024-09-07,unknown_user,,Rotten Tomatoes,en,rotten_tomatoes,negative,Unknown,Unknown,False,screenwriter pimental took farrelly brother comedy feminized but rather poor imitation,"['screenwriter', 'pimental', 'took', 'farrelly', 'brother', 'comedy', 'feminized', 'but', 'rather', 'poor', 'imitation']",11,86,positive,0.5395,"{np.str_('negative'): 0.2714, np.str_('neutral'): 0.1892, np.str_('positive'): 0.5395}",labeled
203,abrupt ,2024-02-20,unknown_user,,SST-2,en,sst2,negative,Unknown,Unknown,False,abrupt,['abrupt'],1,6,positive,0.4046,"{np.str_('negative'): 0.2554, np.str_('neutral'): 0.34, np.str_('positive'): 0.4046}",labeled
204,@user sure? Magneto McKellen is leading out the Pride parade in town on Saturday,2025-05-12,unknown_user,,Twitter (tweet_eval),en,tweet_eval_sentiment,positive,Unknown,Unknown,False,sure magneto mckellen leading pride parade town saturday,"['sure', 'magneto', 'mckellen', 'leading', 'pride', 'parade', 'town', 'saturday']",8,56,positive,0.5497,"{np.str_('negative'): 0.178, np.str_('neutral'): 0.2724, np.str_('positive'): 0.5497}",labeled
205,"""http://t.co/N0ynB9vr, Tudou merger may be in jeopardy, report says, Bloomberg notes: See the rest of the story he...",2024-08-16,unknown_user,,Twitter (tweet_eval),en,tweet_eval_sentiment,negative,Unknown,Conservatives,False,tudou merger may jeopardy report say bloomberg note see rest story,"['tudou', 'merger', 'may', 'jeopardy', 'report', 'say', 'bloomberg', 'note', 'see', 'rest', 'story']",11,66,negative,0.4241,"{np.str_('negative'): 0.4241, np.str_('neutral'): 0.3394, np.str_('positive'): 0.2366}",labeled
206,"""Practicing for my show tomorrow night. You should come, it's FREE!  @ The Lair",2024-11-13,unknown_user,,Twitter (tweet_eval),en,tweet_eval_sentiment,positive,Unknown,Unknown,False,practicing show tomorrow night come free lair,"['practicing', 'show', 'tomorrow', 'night', 'come', 'free', 'lair']",7,45,positive,0.6078,"{np.str_('negative'): 0.1218, np.str_('neutral'): 0.2704, np.str_('positive'): 0.6078}",labeled
207,I\u2019m just looking forward to the Knicks verse Nets game on Thursday! Carmelo Anthony verse Deron Williams my two favorite players!,2025-02-08,unknown_user,,Twitter (tweet_eval),en,tweet_eval_sentiment,positive,Unknown,Unknown,False,iu2019m looking forward knicks verse net game thursday carmelo anthony verse deron williams two favorite player,"['iu2019m', 'looking', 'forward', 'knicks', 'verse', 'net', 'game', 'thursday', 'carmelo', 'anthony', 'verse', 'deron', 'williams', 'two', 'favorite', 'player']",16,111,positive,0.5244,"{np.str_('negative'): 0.1526, np.str_('neutral'): 0.323, np.str_('positive'): 0.5244}",labeled
208,Because the night belongs to lovers -> Nuit blanche :0) #video #art #love,2024-05-29,unknown_user,,Twitter (tweet_eval),en,tweet_eval_sentiment,positive,Unknown,Unknown,False,night belongs lover nuit blanche,"['night', 'belongs', 'lover', 'nuit', 'blanche']",5,32,neutral,0.5059,"{np.str_('negative'): 0.0755, np.str_('neutral'): 0.5059, np.str_('positive'): 0.4187}",labeled
209,GIRLS GONE WILD will be filming LIVE @ Stoneys THIS SATURDAY!!! #BACP 10-2am $10 at the door!,2025-01-28,unknown_user,,Twitter (tweet_eval),en,tweet_eval_sentiment,neutral,Unknown,Unknown,False,girl gone wild filming live stoneys saturday 102am 10 door,"['girl', 'gone', 'wild', 'filming', 'live', 'stoneys', 'saturday', '102am', '10', 'door']",10,58,positive,0.3832,"{np.str_('negative'): 0.2792, np.str_('neutral'): 0.3375, np.str_('positive'): 0.3832}",labeled
210,I'm going to be so emo tomorrow at the concert bc the best buy theater is so special bc thats where i first saw shawn headline a show ever,2024-09-27,unknown_user,,Twitter (tweet_eval),en,tweet_eval_sentiment,positive,Unknown,Unknown,False,im going emo tomorrow concert bc best buy theater special bc thats first saw shawn headline show ever,"['im', 'going', 'emo', 'tomorrow', 'concert', 'bc', 'best', 'buy', 'theater', 'special', 'bc', 'thats', 'first', 'saw', 'shawn', 'headline', 'show', 'ever']",18,101,positive,0.5635,"{np.str_('negative'): 0.1751, np.str_('neutral'): 0.2613, np.str_('positive'): 0.5635}",labeled
211,"@user Harry Potter, Percy Jackson, Thursday Next, Game of Thrones, or Pillars of the Earth are mine. #SS15",2024-03-25,unknown_user,,Twitter (tweet_eval),en,tweet_eval_sentiment,positive,Unknown,Unknown,False,harry potter percy jackson thursday next game throne pillar earth mine,"['harry', 'potter', 'percy', 'jackson', 'thursday', 'next', 'game', 'throne', 'pillar', 'earth', 'mine']",11,70,neutral,0.5084,"{np.str_('negative'): 0.1381, np.str_('neutral'): 0.5084, np.str_('positive'): 0.3536}",labeled
212,Omg! I just want to run my fingers thru Michael Easton's gorgeous hair! Watching Friday's #GH.,2024-09-29,unknown_user,,Twitter (tweet_eval),en,tweet_eval_sentiment,positive,Unknown,Unknown,False,omg want run finger thru michael eastons gorgeous hair watching friday,"['omg', 'want', 'run', 'finger', 'thru', 'michael', 'eastons', 'gorgeous', 'hair', 'watching', 'friday']",11,70,positive,0.4313,"{np.str_('negative'): 0.2223, np.str_('neutral'): 0.3464, np.str_('positive'): 0.4313}",labeled
213,#Trump Gorges On Himself During Thanksgiving Feast @user,2025-04-28,unknown_user,,Twitter (tweet_eval),en,tweet_eval_sentiment,neutral,Trump,Unknown,False,gorge thanksgiving feast,"['gorge', 'thanksgiving', 'feast']",3,24,positive,0.4046,"{np.str_('negative'): 0.2554, np.str_('neutral'): 0.34, np.str_('positive'): 0.4046}",labeled
214,Rio Ferdinand thinks Manchester United may have signed the next David Beckham:,2025-02-27,unknown_user,,Twitter (tweet_eval),en,tweet_eval_sentiment,positive,Unknown,Unknown,False,rio ferdinand think manchester united may signed next david beckham,"['rio', 'ferdinand', 'think', 'manchester', 'united', 'may', 'signed', 'next', 'david', 'beckham']",10,67,positive,0.439,"{np.str_('negative'): 0.1391, np.str_('neutral'): 0.4218, np.str_('positive'): 0.439}",labeled
215,"Hello, BTLs.  Every single one of you consumes BBC content even indirectly.  Stop whining.",2024-03-12,unknown_user,,Twitter (tweet_eval),en,tweet_eval_sentiment,negative,Unknown,Unknown,False,hello btls every single one consumes bbc content even indirectly stop whining,"['hello', 'btls', 'every', 'single', 'one', 'consumes', 'bbc', 'content', 'even', 'indirectly', 'stop', 'whining']",12,77,positive,0.4046,"{np.str_('negative'): 0.2554, np.str_('neutral'): 0.34, np.str_('positive'): 0.4046}",labeled
216,"@user Those are some big words, I'm hyped. I'm getting it tomorrow, Amazon Prime is a beautiful thing.",2024-10-15,unknown_user,,Twitter (tweet_eval),en,tweet_eval_sentiment,positive,Unknown,Unknown,False,big word im hyped im getting tomorrow amazon prime beautiful thing,"['big', 'word', 'im', 'hyped', 'im', 'getting', 'tomorrow', 'amazon', 'prime', 'beautiful', 'thing']",11,66,positive,0.5781,"{np.str_('negative'): 0.199, np.str_('neutral'): 0.2229, np.str_('positive'): 0.5781}",labeled
217,Nuno Espirito Santo has been a nice surprise. Valencia currently 2nd in La Liga. Beat Atletico Madrid on the weekend.,2024-10-17,unknown_user,,Twitter (tweet_eval),en,tweet_eval_sentiment,positive,Unknown,Unknown,False,nuno espirito santo nice surprise valencia currently 2nd la liga beat atletico madrid weekend,"['nuno', 'espirito', 'santo', 'nice', 'surprise', 'valencia', 'currently', '2nd', 'la', 'liga', 'beat', 'atletico', 'madrid', 'weekend']",14,93,positive,0.5714,"{np.str_('negative'): 0.164, np.str_('neutral'): 0.2647, np.str_('positive'): 0.5714}",labeled
218,@user all I'm thinking about is how zayn left on March 25TH rip,2024-05-25,unknown_user,,Twitter (tweet_eval),en,tweet_eval_sentiment,neutral,Unknown,Unknown,False,im thinking zayn left march 25th rip,"['im', 'thinking', 'zayn', 'left', 'march', '25th', 'rip']",7,36,neutral,0.4309,"{np.str_('negative'): 0.1747, np.str_('neutral'): 0.4309, np.str_('positive'): 0.3943}",labeled
219,"""It's Friday, Friday Gotta get down on Friday Everybody's lookin' forward to the weekend, weekend -. Rebecca Black""",2024-11-21,unknown_user,,Twitter (tweet_eval),en,tweet_eval_sentiment,positive,Unknown,Unknown,False,friday friday got ta get friday everybodys lookin forward weekend weekend rebecca black,"['friday', 'friday', 'got', 'ta', 'get', 'friday', 'everybodys', 'lookin', 'forward', 'weekend', 'weekend', 'rebecca', 'black']",13,87,positive,0.5592,"{np.str_('negative'): 0.1133, np.str_('neutral'): 0.3274, np.str_('positive'): 0.5592}",labeled
220,got one floor ticket for Kenny Chesney and Jason Aldean tomorrow night for 100$ who's coming with me?,2025-01-06,unknown_user,,Twitter (tweet_eval),en,tweet_eval_sentiment,neutral,Unknown,Unknown,False,got one floor ticket kenny chesney jason aldean tomorrow night 100 who coming,"['got', 'one', 'floor', 'ticket', 'kenny', 'chesney', 'jason', 'aldean', 'tomorrow', 'night', '100', 'who', 'coming']",13,77,neutral,0.6483,"{np.str_('negative'): 0.0919, np.str_('neutral'): 0.6483, np.str_('positive'): 0.2598}",labeled
221,"the reason to see "" sade "" lay with the chemistry and complex relationship between the marquis ( auteil ) and emilie ( le besco ) .",2024-06-27,unknown_user,,Rotten Tomatoes,en,rotten_tomatoes,positive,Unknown,Unknown,False,reason see sade lay chemistry complex relationship marquis auteil emilie le besco,"['reason', 'see', 'sade', 'lay', 'chemistry', 'complex', 'relationship', 'marquis', 'auteil', 'emilie', 'le', 'besco']",12,81,positive,0.4046,"{np.str_('negative'): 0.2554, np.str_('neutral'): 0.34, np.str_('positive'): 0.4046}",labeled
222,Photos: A Thanksgiving protest against Dakota Access pipeline - The Boston Globe,2024-09-02,unknown_user,,Twitter (tweet_eval),en,tweet_eval_sentiment,neutral,Unknown,Unknown,False,photo thanksgiving protest against dakota access pipeline boston globe,"['photo', 'thanksgiving', 'protest', 'against', 'dakota', 'access', 'pipeline', 'boston', 'globe']",9,70,positive,0.4046,"{np.str_('negative'): 0.2554, np.str_('neutral'): 0.34, np.str_('positive'): 0.4046}",labeled
223,If they did can I take a guess and say Grayson Allen?,2025-04-15,unknown_user,,Twitter (tweet_eval),en,tweet_eval_sentiment,neutral,Unknown,Unknown,False,take guess say grayson allen,"['take', 'guess', 'say', 'grayson', 'allen']",5,28,neutral,0.4878,"{np.str_('negative'): 0.2953, np.str_('neutral'): 0.4878, np.str_('positive'): 0.2169}",labeled
224,Just posted a new episode of #StraightTalk with @user Tipp FM on Podomatic:,2024-05-19,unknown_user,,Twitter (tweet_eval),en,tweet_eval_sentiment,neutral,Unknown,Unknown,False,posted new episode tipp fm podomatic,"['posted', 'new', 'episode', 'tipp', 'fm', 'podomatic']",6,36,neutral,0.5889,"{np.str_('negative'): 0.1286, np.str_('neutral'): 0.5889, np.str_('positive'): 0.2825}",labeled
225,"disney aficionados will notice distinct parallels between this story and the 1971 musical "" bedknobs and broomsticks , "" which also dealt with british children rediscovering the power of fantasy during wartime .",2024-07-06,unknown_user,,Rotten Tomatoes,en,rotten_tomatoes,positive,Unknown,Conservatives,False,disney aficionado notice distinct parallel story 1971 musical bedknobs broomstick also dealt british child rediscovering power fantasy wartime,"['disney', 'aficionado', 'notice', 'distinct', 'parallel', 'story', '1971', 'musical', 'bedknobs', 'broomstick', 'also', 'dealt', 'british', 'child', 'rediscovering', 'power', 'fantasy', 'wartime']",18,142,negative,0.4631,"{np.str_('negative'): 0.4631, np.str_('neutral'): 0.2414, np.str_('positive'): 0.2955}",labeled
226,it's fascinating to see how bettany and mcdowell play off each other .,2024-06-29,unknown_user,,Rotten Tomatoes,en,rotten_tomatoes,positive,Unknown,Unknown,False,fascinating see bettany mcdowell play,"['fascinating', 'see', 'bettany', 'mcdowell', 'play']",5,37,positive,0.4122,"{np.str_('negative'): 0.311, np.str_('neutral'): 0.2768, np.str_('positive'): 0.4122}",labeled
227,Bill Cosby Live at the Winspear Opera House on June 9th! #billcosby,2024-02-09,unknown_user,,Twitter (tweet_eval),en,tweet_eval_sentiment,neutral,Unknown,Unknown,False,bill cosby live winspear opera house june 9th,"['bill', 'cosby', 'live', 'winspear', 'opera', 'house', 'june', '9th']",8,45,positive,0.5389,"{np.str_('negative'): 0.2737, np.str_('neutral'): 0.1875, np.str_('positive'): 0.5389}",labeled
228,@user Curtis is going down as the 2nd best Mets FA signing(Beltran #1),2024-04-17,unknown_user,,Twitter (tweet_eval),en,tweet_eval_sentiment,positive,Unknown,Unknown,False,curtis going 2nd best mets fa signingbeltran,"['curtis', 'going', '2nd', 'best', 'mets', 'fa', 'signingbeltran']",7,44,positive,0.5699,"{np.str_('negative'): 0.1475, np.str_('neutral'): 0.2826, np.str_('positive'): 0.5699}",labeled
229,New changes to @user Service Agreement may mean less privacy. Learn some of the changes to Windows 10 on our Facebook or Google+,2024-12-21,unknown_user,,Twitter (tweet_eval),en,tweet_eval_sentiment,neutral,Unknown,Unknown,False,new change service agreement may mean less privacy learn change window 10 facebook google,"['new', 'change', 'service', 'agreement', 'may', 'mean', 'less', 'privacy', 'learn', 'change', 'window', '10', 'facebook', 'google']",14,89,neutral,0.5503,"{np.str_('negative'): 0.2189, np.str_('neutral'): 0.5503, np.str_('positive'): 0.2308}",labeled
230,"""Rebecca Black's """"""""Friday"""""""" is still at the top of my playlist. #coolkid""",2024-02-25,unknown_user,,Twitter (tweet_eval),en,tweet_eval_sentiment,positive,Unknown,Unknown,False,rebecca black friday still top playlist,"['rebecca', 'black', 'friday', 'still', 'top', 'playlist']",6,39,neutral,0.4603,"{np.str_('negative'): 0.1069, np.str_('neutral'): 0.4603, np.str_('positive'): 0.4327}",labeled
231,briana's mum said that briana is 34 weeks pregnant which falls around the 30th of april and louis is in london by then,2024-09-22,unknown_user,,Twitter (tweet_eval),en,tweet_eval_sentiment,neutral,Unknown,Unknown,False,brianas mum said briana 34 week pregnant fall around 30th april louis london,"['brianas', 'mum', 'said', 'briana', '34', 'week', 'pregnant', 'fall', 'around', '30th', 'april', 'louis', 'london']",13,76,neutral,0.5348,"{np.str_('negative'): 0.271, np.str_('neutral'): 0.5348, np.str_('positive'): 0.1942}",labeled
232,@user Morning Huda. Happy Friday.wishing everyone a great weekend. Could you play wrecking ball for Eric Church. Thanks.,2025-02-24,unknown_user,,Twitter (tweet_eval),en,tweet_eval_sentiment,positive,Unknown,Unknown,False,morning huda happy fridaywishing everyone great weekend could play wrecking ball eric church thanks,"['morning', 'huda', 'happy', 'fridaywishing', 'everyone', 'great', 'weekend', 'could', 'play', 'wrecking', 'ball', 'eric', 'church', 'thanks']",14,99,positive,0.7026,"{np.str_('negative'): 0.1507, np.str_('neutral'): 0.1468, np.str_('positive'): 0.7026}",labeled
233,"""On Wall Street, bulls are upbeat at the conclusion of a volatile week. Housing Starts +6.3%. #Marketsong: """"""""Friday On My Mind"""""""" by Easybeats""",2025-04-20,unknown_user,,Twitter (tweet_eval),en,tweet_eval_sentiment,positive,Unknown,Unknown,False,wall street bull upbeat conclusion volatile week housing start 63 friday mind easybeats,"['wall', 'street', 'bull', 'upbeat', 'conclusion', 'volatile', 'week', 'housing', 'start', '63', 'friday', 'mind', 'easybeats']",13,87,neutral,0.4138,"{np.str_('negative'): 0.2048, np.str_('neutral'): 0.4138, np.str_('positive'): 0.3815}",labeled
235,"Pickin' on the Grateful Dead: A Tribute by Pickin' On (CD, May-1997, CMH) NEW",2024-11-23,unknown_user,,Twitter (tweet_eval),en,tweet_eval_sentiment,neutral,Unknown,Unknown,False,pickin grateful dead tribute pickin cd may1997 cmh new,"['pickin', 'grateful', 'dead', 'tribute', 'pickin', 'cd', 'may1997', 'cmh', 'new']",9,54,neutral,0.5889,"{np.str_('negative'): 0.1286, np.str_('neutral'): 0.5889, np.str_('positive'): 0.2825}",labeled
236,"@user @user @user @user  Appears Jill Stein, Hillary Clinton and George Soros work…",2024-05-08,unknown_user,,Twitter (tweet_eval),en,tweet_eval_sentiment,neutral,Unknown,Unknown,False,appears jill stein hillary clinton george soros work…,"['appears', 'jill', 'stein', 'hillary', 'clinton', 'george', 'soros', 'work…']",8,53,neutral,0.4399,"{np.str_('negative'): 0.2429, np.str_('neutral'): 0.4399, np.str_('positive'): 0.3172}",labeled
237,Gucci multitude libido self-command december appear the twain thine module an in earnings as far as approving ...,2024-07-22,unknown_user,,Twitter (tweet_eval),en,tweet_eval_sentiment,neutral,Unknown,Unknown,False,gucci multitude libido selfcommand december appear twain thine module earnings far approving,"['gucci', 'multitude', 'libido', 'selfcommand', 'december', 'appear', 'twain', 'thine', 'module', 'earnings', 'far', 'approving']",12,92,positive,0.4046,"{np.str_('negative'): 0.2554, np.str_('neutral'): 0.34, np.str_('positive'): 0.4046}",labeled
238,Some concept art done by the late Ralph McQuarrie. May the force be with you.,2024-09-19,unknown_user,,Twitter (tweet_eval),en,tweet_eval_sentiment,positive,Unknown,Unknown,False,concept art done late ralph mcquarrie may force,"['concept', 'art', 'done', 'late', 'ralph', 'mcquarrie', 'may', 'force']",8,47,positive,0.4046,"{np.str_('negative'): 0.2554, np.str_('neutral'): 0.34, np.str_('positive'): 0.4046}",labeled
239,University of Western Australia fear that the recent illegal action tests of ICC may be based on unreliable evidence.,2024-01-19,unknown_user,,Twitter (tweet_eval),en,tweet_eval_sentiment,neutral,Unknown,Unknown,False,university western australia fear recent illegal action test icc may based unreliable evidence,"['university', 'western', 'australia', 'fear', 'recent', 'illegal', 'action', 'test', 'icc', 'may', 'based', 'unreliable', 'evidence']",13,94,neutral,0.4064,"{np.str_('negative'): 0.3852, np.str_('neutral'): 0.4064, np.str_('positive'): 0.2084}",labeled
240,"a scary , action-packed chiller ",2024-07-14,unknown_user,,SST-2,en,sst2,positive,Unknown,Unknown,False,scary actionpacked chiller,"['scary', 'actionpacked', 'chiller']",3,26,positive,0.4046,"{np.str_('negative'): 0.2554, np.str_('neutral'): 0.34, np.str_('positive'): 0.4046}",labeled
241,"this rather superficial arthouse middle-brow film knows how to please a crowd , and that's about all it does well .",2024-05-11,unknown_user,,Rotten Tomatoes,en,rotten_tomatoes,negative,Unknown,Unknown,False,rather superficial arthouse middlebrow film know please crowd thats well,"['rather', 'superficial', 'arthouse', 'middlebrow', 'film', 'know', 'please', 'crowd', 'thats', 'well']",10,72,positive,0.4958,"{np.str_('negative'): 0.3203, np.str_('neutral'): 0.1839, np.str_('positive'): 0.4958}",labeled
242,"without a doubt, one of the most racially prejudiced films i've ever seen, with the prejudice being levelled against Hayden Panettiere as she has to move into a tough inner city school. She is constantly called ""white girl"" and other slurs based on her colour. Firstly would this ",2024-06-30,unknown_user,,IMDB,en,imdb,negative,Unknown,Unknown,False,without doubt one racially prejudiced film ive ever seen prejudice levelled against hayden panettiere move tough inner city school constantly called white girl slur based colour firstly would,"['without', 'doubt', 'one', 'racially', 'prejudiced', 'film', 'ive', 'ever', 'seen', 'prejudice', 'levelled', 'against', 'hayden', 'panettiere', 'move', 'tough', 'inner', 'city', 'school', 'constantly', 'called', 'white', 'girl', 'slur', 'based', 'colour', 'firstly', 'would']",28,191,negative,0.5645,"{np.str_('negative'): 0.5645, np.str_('neutral'): 0.1805, np.str_('positive'): 0.255}",labeled
243,"""31 games played with Inter and I sit in 5th, 4 points behind city rivals Milan in my final CL spot. 2nd to last game I face them """"away""""...""",2024-03-23,unknown_user,,Twitter (tweet_eval),en,tweet_eval_sentiment,neutral,Unknown,Unknown,False,31 game played inter sit 5th point behind city rival milan final cl spot 2nd last game face away,"['31', 'game', 'played', 'inter', 'sit', '5th', 'point', 'behind', 'city', 'rival', 'milan', 'final', 'cl', 'spot', '2nd', 'last', 'game', 'face', 'away']",19,96,neutral,0.6474,"{np.str_('negative'): 0.1429, np.str_('neutral'): 0.6474, np.str_('positive'): 0.2096}",labeled
244,Carly Fiorina on the Rise After Thursday Night's Debate - She &amp; Trump are like oil and water.,2025-03-18,unknown_user,,Twitter (tweet_eval),en,tweet_eval_sentiment,positive,Trump,Unknown,False,carly fiorina rise thursday night debate amp trump like oil water,"['carly', 'fiorina', 'rise', 'thursday', 'night', 'debate', 'amp', 'trump', 'like', 'oil', 'water']",11,65,positive,0.4162,"{np.str_('negative'): 0.1972, np.str_('neutral'): 0.3866, np.str_('positive'): 0.4162}",labeled
245,Come play the @user 15th Ball Challenge and you could score a Nokia tablet! #15thShot #yougotthis,2024-05-06,unknown_user,,Twitter (tweet_eval),en,tweet_eval_sentiment,positive,Unknown,Unknown,False,come play 15th ball challenge could score nokia tablet,"['come', 'play', '15th', 'ball', 'challenge', 'could', 'score', 'nokia', 'tablet']",9,54,positive,0.5308,"{np.str_('negative'): 0.2555, np.str_('neutral'): 0.2137, np.str_('positive'): 0.5308}",labeled
246,"Don't wait for the herd to act against vaccines because the herd takes their orders from government, newspapers,...",2024-11-10,unknown_user,,Twitter (tweet_eval),en,tweet_eval_sentiment,negative,Unknown,Unknown,False,dont wait herd act against vaccine herd take order government newspaper,"['dont', 'wait', 'herd', 'act', 'against', 'vaccine', 'herd', 'take', 'order', 'government', 'newspaper']",11,71,positive,0.3806,"{np.str_('negative'): 0.3679, np.str_('neutral'): 0.2515, np.str_('positive'): 0.3806}",labeled
247,"@user I am in favor of Marine Le Pen for France, i love how leftists always project baselessly. I am not in favor of crooked clinton",2024-10-07,unknown_user,,Twitter (tweet_eval),en,tweet_eval_sentiment,neutral,Unknown,Unknown,False,favor marine le pen france love leftist always project baselessly not favor crooked clinton,"['favor', 'marine', 'le', 'pen', 'france', 'love', 'leftist', 'always', 'project', 'baselessly', 'not', 'favor', 'crooked', 'clinton']",14,91,neutral,0.4192,"{np.str_('negative'): 0.182, np.str_('neutral'): 0.4192, np.str_('positive'): 0.3988}",labeled
248,@user Hey Girl\u002c Excited to see the New Jersey Shore tomorrow! :),2024-02-01,unknown_user,,Twitter (tweet_eval),en,tweet_eval_sentiment,positive,Unknown,Unknown,False,hey girlu002c excited see new jersey shore tomorrow,"['hey', 'girlu002c', 'excited', 'see', 'new', 'jersey', 'shore', 'tomorrow']",8,51,positive,0.4595,"{np.str_('negative'): 0.1227, np.str_('neutral'): 0.4178, np.str_('positive'): 0.4595}",labeled
249,Staying positive today with the talented George Harrison. Bad day? The sun always rises the next#herecomesthesun,2024-10-14,unknown_user,,Twitter (tweet_eval),en,tweet_eval_sentiment,positive,Harris,Unknown,False,staying positive today talented george harrison bad day sun always rise next,"['staying', 'positive', 'today', 'talented', 'george', 'harrison', 'bad', 'day', 'sun', 'always', 'rise', 'next']",12,76,positive,0.4722,"{np.str_('negative'): 0.1978, np.str_('neutral'): 0.33, np.str_('positive'): 0.4722}",labeled
250,@user Franko's RBI single in the top of the 1st gives Gray a 1-0 heading to the bottom. Atta way!,2024-07-09,unknown_user,,Twitter (tweet_eval),en,tweet_eval_sentiment,positive,Unknown,Unknown,False,frankos rbi single top 1st give gray 10 heading bottom atta way,"['frankos', 'rbi', 'single', 'top', '1st', 'give', 'gray', '10', 'heading', 'bottom', 'atta', 'way']",12,63,positive,0.3956,"{np.str_('negative'): 0.2279, np.str_('neutral'): 0.3765, np.str_('positive'): 0.3956}",labeled
251,@user @user More good news may O and Carter can have a beer summit in the Gaza strip,2025-04-08,unknown_user,,Twitter (tweet_eval),en,tweet_eval_sentiment,positive,Unknown,Unknown,False,good news may carter beer summit gaza strip,"['good', 'news', 'may', 'carter', 'beer', 'summit', 'gaza', 'strip']",8,43,positive,0.5008,"{np.str_('negative'): 0.2495, np.str_('neutral'): 0.2496, np.str_('positive'): 0.5008}",labeled
252,@user but wrong on gay gene.  However bad fatherly figure or lack there of may be the issue and vice a versa for a lesbian,2024-03-05,unknown_user,,Twitter (tweet_eval),en,tweet_eval_sentiment,negative,Unknown,Unknown,False,but wrong gay gene however bad fatherly figure lack may issue vice versa lesbian,"['but', 'wrong', 'gay', 'gene', 'however', 'bad', 'fatherly', 'figure', 'lack', 'may', 'issue', 'vice', 'versa', 'lesbian']",14,80,positive,0.3611,"{np.str_('negative'): 0.3607, np.str_('neutral'): 0.2781, np.str_('positive'): 0.3611}",labeled
253,Going to go watch the 36 Saints movie on my tv.  Night! Cya tomorrow. Oh I watched Big Brother. LOL!,2024-06-24,unknown_user,,Twitter (tweet_eval),en,tweet_eval_sentiment,positive,Unknown,Unknown,False,going go watch 36 saint movie tv night cya tomorrow oh watched big brother lol,"['going', 'go', 'watch', '36', 'saint', 'movie', 'tv', 'night', 'cya', 'tomorrow', 'oh', 'watched', 'big', 'brother', 'lol']",15,78,positive,0.5923,"{np.str_('negative'): 0.2063, np.str_('neutral'): 0.2013, np.str_('positive'): 0.5923}",labeled
254,Mort Zuckerman\u002c WSJDon\u2019t be fooled by the headline unemployment number of 8.1% announced on Friday. The reason the number dropped to 8.1%...,2024-07-04,unknown_user,,Twitter (tweet_eval),en,tweet_eval_sentiment,neutral,Unknown,Unknown,False,mort zuckermanu002c wsjdonu2019t fooled headline unemployment number 81 announced friday reason number dropped 81,"['mort', 'zuckermanu002c', 'wsjdonu2019t', 'fooled', 'headline', 'unemployment', 'number', '81', 'announced', 'friday', 'reason', 'number', 'dropped', '81']",14,113,neutral,0.438,"{np.str_('negative'): 0.1297, np.str_('neutral'): 0.438, np.str_('positive'): 0.4323}",labeled
255,"the documentary does little , apart from raising the topic , to further stoke the conversation .",2025-01-31,unknown_user,,Rotten Tomatoes,en,rotten_tomatoes,negative,Unknown,Unknown,False,documentary little apart raising topic stoke conversation,"['documentary', 'little', 'apart', 'raising', 'topic', 'stoke', 'conversation']",7,57,positive,0.4139,"{np.str_('negative'): 0.301, np.str_('neutral'): 0.2852, np.str_('positive'): 0.4139}",labeled
256,Copper river salmon season is just days away from starting...Call us on May 17th for pricing,2025-04-18,unknown_user,,Twitter (tweet_eval),en,tweet_eval_sentiment,neutral,Unknown,Unknown,False,copper river salmon season day away startingcall u may 17th pricing,"['copper', 'river', 'salmon', 'season', 'day', 'away', 'startingcall', 'u', 'may', '17th', 'pricing']",11,67,positive,0.4281,"{np.str_('negative'): 0.1873, np.str_('neutral'): 0.3846, np.str_('positive'): 0.4281}",labeled
257,2 Episodes of Westworld down. 8 to go.,2024-07-25,unknown_user,,Twitter (tweet_eval),en,tweet_eval_sentiment,positive,Unknown,Unknown,False,episode westworld go,"['episode', 'westworld', 'go']",3,20,positive,0.4046,"{np.str_('negative'): 0.2554, np.str_('neutral'): 0.34, np.str_('positive'): 0.4046}",labeled
258,Mets 3B David Wright crushed the ball deep to left on the third pitch of his 1st at-bat,2024-04-16,unknown_user,,Twitter (tweet_eval),en,tweet_eval_sentiment,positive,Unknown,Unknown,False,mets 3b david wright crushed ball deep left third pitch 1st atbat,"['mets', '3b', 'david', 'wright', 'crushed', 'ball', 'deep', 'left', 'third', 'pitch', '1st', 'atbat']",12,65,positive,0.516,"{np.str_('negative'): 0.1613, np.str_('neutral'): 0.3228, np.str_('positive'): 0.516}",labeled
259,"Of the three remakes of this plot, I like them all, I have all three on VHS and in addition have a copy of this one on DVD. There is just enough variation in the scripts to make all three entertaining and re-watchable. In addition has any other film been remade three times with s",2025-03-06,unknown_user,,IMDB,en,imdb,positive,Unknown,Unknown,False,three remake plot like three vhs addition copy one dvd enough variation script make three entertaining rewatchable addition film remade three time,"['three', 'remake', 'plot', 'like', 'three', 'vhs', 'addition', 'copy', 'one', 'dvd', 'enough', 'variation', 'script', 'make', 'three', 'entertaining', 'rewatchable', 'addition', 'film', 'remade', 'three', 'time']",22,146,positive,0.5675,"{np.str_('negative'): 0.2835, np.str_('neutral'): 0.149, np.str_('positive'): 0.5675}",labeled
260,Tina Fey and Amy Poehler will host the Golden Globe Awards: In what may be the smartest thing the Hollywood Fore...,2024-09-16,unknown_user,,Twitter (tweet_eval),en,tweet_eval_sentiment,positive,Unknown,Unknown,False,tina fey amy poehler host golden globe award may smartest thing hollywood fore,"['tina', 'fey', 'amy', 'poehler', 'host', 'golden', 'globe', 'award', 'may', 'smartest', 'thing', 'hollywood', 'fore']",13,78,positive,0.4685,"{np.str_('negative'): 0.3603, np.str_('neutral'): 0.1712, np.str_('positive'): 0.4685}",labeled
261,Saw Margaret Cho tonight at Leicester Square Theatre. Brilliant woman\u002c intuitive\u002c insightful\u002c sexy. She\u2019s here til 31st u must go!!,2024-11-10,unknown_user,,Twitter (tweet_eval),en,tweet_eval_sentiment,positive,Unknown,Unknown,False,saw margaret cho tonight leicester square theatre brilliant womanu002c intuitiveu002c insightfulu002c sexy sheu2019s til 31st must go,"['saw', 'margaret', 'cho', 'tonight', 'leicester', 'square', 'theatre', 'brilliant', 'womanu002c', 'intuitiveu002c', 'insightfulu002c', 'sexy', 'sheu2019s', 'til', '31st', 'must', 'go']",17,133,positive,0.4723,"{np.str_('negative'): 0.2098, np.str_('neutral'): 0.3179, np.str_('positive'): 0.4723}",labeled
262,"""15-30 on Murray's serve, but the Scot more up than down finally and grabs the hold of serve with a couple of aces.  Andy up 4-3* 3rd set.""",2024-06-09,unknown_user,,Twitter (tweet_eval),en,tweet_eval_sentiment,positive,Unknown,Unknown,False,1530 murray serve but scot finally grab hold serve couple ace andy 43 3rd set,"['1530', 'murray', 'serve', 'but', 'scot', 'finally', 'grab', 'hold', 'serve', 'couple', 'ace', 'andy', '43', '3rd', 'set']",15,77,neutral,0.3969,"{np.str_('negative'): 0.2826, np.str_('neutral'): 0.3969, np.str_('positive'): 0.3205}",labeled
263,Win @user tickets right now for their impressive 3D-enhanced performance at the Kirby Center this Tuesday:,2025-04-27,unknown_user,,Twitter (tweet_eval),en,tweet_eval_sentiment,positive,Unknown,Unknown,False,win ticket right impressive 3denhanced performance kirby center tuesday,"['win', 'ticket', 'right', 'impressive', '3denhanced', 'performance', 'kirby', 'center', 'tuesday']",9,71,positive,0.5504,"{np.str_('negative'): 0.1544, np.str_('neutral'): 0.2952, np.str_('positive'): 0.5504}",labeled
264,I wanted to read the other comments before leaving my review and the majority definately rules: This movie is aweful! From the acting to the non-realistic animation to the countless errors. I was actually hoping that the flaps would have been extended by a stretch of the imaginat,2025-04-09,unknown_user,,IMDB,en,imdb,negative,Unknown,Unknown,False,wanted read comment leaving review majority definately rule movie aweful acting nonrealistic animation countless error actually hoping flap would extended stretch imaginat,"['wanted', 'read', 'comment', 'leaving', 'review', 'majority', 'definately', 'rule', 'movie', 'aweful', 'acting', 'nonrealistic', 'animation', 'countless', 'error', 'actually', 'hoping', 'flap', 'would', 'extended', 'stretch', 'imaginat']",22,171,negative,0.4383,"{np.str_('negative'): 0.4383, np.str_('neutral'): 0.1326, np.str_('positive'): 0.4291}",labeled
265,I think that this film has become an important record of the most horrifying aspect of the East German regime - the imprisonment of its people by what the regime called its anti-fascist protective wall. It is a document of desperation and courage not to be missed. I would however,2024-04-14,unknown_user,,IMDB,en,imdb,positive,Unknown,Unknown,False,think film become important record horrifying aspect east german regime imprisonment people regime called antifascist protective wall document desperation courage not missed would however,"['think', 'film', 'become', 'important', 'record', 'horrifying', 'aspect', 'east', 'german', 'regime', 'imprisonment', 'people', 'regime', 'called', 'antifascist', 'protective', 'wall', 'document', 'desperation', 'courage', 'not', 'missed', 'would', 'however']",24,187,positive,0.4596,"{np.str_('negative'): 0.3784, np.str_('neutral'): 0.162, np.str_('positive'): 0.4596}",labeled
266,Had a great conversation with a guy at 16th & Mission after he gave me his last book for World Book Day. It was nifty\u002c dude!,2024-02-06,unknown_user,,Twitter (tweet_eval),en,tweet_eval_sentiment,positive,Unknown,Unknown,False,great conversation guy 16th mission gave last book world book day niftyu002c dude,"['great', 'conversation', 'guy', '16th', 'mission', 'gave', 'last', 'book', 'world', 'book', 'day', 'niftyu002c', 'dude']",13,81,positive,0.5809,"{np.str_('negative'): 0.126, np.str_('neutral'): 0.2931, np.str_('positive'): 0.5809}",labeled
267,Courageous & compelling story telling of terrible trap for civilians #Mosul #Mosuloffensive @user,2025-03-09,unknown_user,,Twitter (tweet_eval),en,tweet_eval_sentiment,neutral,Unknown,Conservatives,False,courageous compelling story telling terrible trap civilian,"['courageous', 'compelling', 'story', 'telling', 'terrible', 'trap', 'civilian']",7,58,negative,0.3996,"{np.str_('negative'): 0.3996, np.str_('neutral'): 0.336, np.str_('positive'): 0.2643}",labeled
268,I had to march to get MLK day as a recognized holiday in Greenville\u002c mind you I 16yrs old when I did it!,2024-11-29,unknown_user,,Twitter (tweet_eval),en,tweet_eval_sentiment,neutral,Unknown,Unknown,False,march get mlk day recognized holiday greenvilleu002c mind 16yrs old,"['march', 'get', 'mlk', 'day', 'recognized', 'holiday', 'greenvilleu002c', 'mind', '16yrs', 'old']",10,67,positive,0.4356,"{np.str_('negative'): 0.1497, np.str_('neutral'): 0.4147, np.str_('positive'): 0.4356}",labeled
269,"@user I must say your book nearly made me cry, because i paid money for it, haa haa just kiddin. What you want to be when grow up?",2025-03-05,unknown_user,,Twitter (tweet_eval),en,tweet_eval_sentiment,neutral,Unknown,Unknown,False,must say book nearly made cry paid money haa haa kiddin want grow,"['must', 'say', 'book', 'nearly', 'made', 'cry', 'paid', 'money', 'haa', 'haa', 'kiddin', 'want', 'grow']",13,65,negative,0.4276,"{np.str_('negative'): 0.4276, np.str_('neutral'): 0.3713, np.str_('positive'): 0.2011}",labeled
270,Today (July 28th \u201912) is Milk Chocolate Day. Bring it on. #milkchocolateday,2024-03-12,unknown_user,,Twitter (tweet_eval),en,tweet_eval_sentiment,positive,Unknown,Unknown,False,today july 28th u201912 milk chocolate day bring,"['today', 'july', '28th', 'u201912', 'milk', 'chocolate', 'day', 'bring']",8,48,positive,0.5682,"{np.str_('negative'): 0.1485, np.str_('neutral'): 0.2833, np.str_('positive'): 0.5682}",labeled
271,"David Cameron, Theresa May - you turn you back on this - you shame us all. Bri",2024-01-01,unknown_user,,Twitter (tweet_eval),en,tweet_eval_sentiment,negative,Unknown,Unknown,False,david cameron theresa may turn back shame u bri,"['david', 'cameron', 'theresa', 'may', 'turn', 'back', 'shame', 'u', 'bri']",9,47,positive,0.4722,"{np.str_('negative'): 0.1688, np.str_('neutral'): 0.359, np.str_('positive'): 0.4722}",labeled
272,"""oh, hi! just listening to sam smith's """"like i can"""" and weeping! happy wednesday!""",2024-10-29,unknown_user,,Twitter (tweet_eval),en,tweet_eval_sentiment,positive,Unknown,Unknown,False,oh hi listening sam smith like weeping happy wednesday,"['oh', 'hi', 'listening', 'sam', 'smith', 'like', 'weeping', 'happy', 'wednesday']",9,54,positive,0.4673,"{np.str_('negative'): 0.2532, np.str_('neutral'): 0.2795, np.str_('positive'): 0.4673}",labeled
273,cremaster 3 is at once a tough pill to swallow and a minor miracle of self-expression . ,2024-05-16,unknown_user,,SST-2,en,sst2,positive,Unknown,Unknown,False,cremaster tough pill swallow minor miracle selfexpression,"['cremaster', 'tough', 'pill', 'swallow', 'minor', 'miracle', 'selfexpression']",7,57,positive,0.4046,"{np.str_('negative'): 0.2554, np.str_('neutral'): 0.34, np.str_('positive'): 0.4046}",labeled
274,"OK let's get right to the point. We have five recent college grads (must have majored in the F word) going out on a weekend camping trip. They run into someone who is in need of help, but instead of trying to assist him, they decide to set him on fire instead. Nice bunch of peopl",2025-04-08,unknown_user,,IMDB,en,imdb,negative,Unknown,Unknown,False,ok let get right point five recent college grad must majored word going weekend camping trip run someone need help but instead trying assist decide set fire instead nice bunch peopl,"['ok', 'let', 'get', 'right', 'point', 'five', 'recent', 'college', 'grad', 'must', 'majored', 'word', 'going', 'weekend', 'camping', 'trip', 'run', 'someone', 'need', 'help', 'but', 'instead', 'trying', 'assist', 'decide', 'set', 'fire', 'instead', 'nice', 'bunch', 'peopl']",31,181,positive,0.4851,"{np.str_('negative'): 0.3095, np.str_('neutral'): 0.2055, np.str_('positive'): 0.4851}",labeled
275,@user may be worth you investigating what happened to the wwe wrestler recently as part of this programme! Seth Rollins is the guy...,2024-01-14,unknown_user,,Twitter (tweet_eval),en,tweet_eval_sentiment,neutral,Unknown,Unknown,False,may worth investigating happened wwe wrestler recently part programme seth rollins guy,"['may', 'worth', 'investigating', 'happened', 'wwe', 'wrestler', 'recently', 'part', 'programme', 'seth', 'rollins', 'guy']",12,86,neutral,0.4541,"{np.str_('negative'): 0.1601, np.str_('neutral'): 0.4541, np.str_('positive'): 0.3858}",labeled
276,"""But with poverty defenders, midfielders from Galatasaray and Olympiakos and a captain that works as cancer in your team, you may expect to""",2024-07-22,unknown_user,,Twitter (tweet_eval),en,tweet_eval_sentiment,negative,Unknown,Unknown,False,but poverty defender midfielders galatasaray olympiakos captain work cancer team may expect,"['but', 'poverty', 'defender', 'midfielders', 'galatasaray', 'olympiakos', 'captain', 'work', 'cancer', 'team', 'may', 'expect']",12,91,positive,0.4109,"{np.str_('negative'): 0.2626, np.str_('neutral'): 0.3265, np.str_('positive'): 0.4109}",labeled
277,I'll be live streaming the sad Giants fans via @user this Saturday night at MetLife after @user beats the Giants again. #JAXvsNYG,2024-04-21,unknown_user,,Twitter (tweet_eval),en,tweet_eval_sentiment,positive,Unknown,Unknown,False,ill live streaming sad giant fan via saturday night metlife beat giant,"['ill', 'live', 'streaming', 'sad', 'giant', 'fan', 'via', 'saturday', 'night', 'metlife', 'beat', 'giant']",12,70,positive,0.5785,"{np.str_('negative'): 0.1504, np.str_('neutral'): 0.2711, np.str_('positive'): 0.5785}",labeled
278,"whenever you think you've figured out late marriage , it throws you for a loop .",2025-05-09,unknown_user,,Rotten Tomatoes,en,rotten_tomatoes,positive,Unknown,Unknown,False,whenever think youve figured late marriage throw loop,"['whenever', 'think', 'youve', 'figured', 'late', 'marriage', 'throw', 'loop']",8,53,neutral,0.4455,"{np.str_('negative'): 0.1649, np.str_('neutral'): 0.4455, np.str_('positive'): 0.3896}",labeled
279,Shawn with little kids may just be the cutest thing on the face of this planet,2024-02-27,unknown_user,,Twitter (tweet_eval),en,tweet_eval_sentiment,positive,Unknown,Unknown,False,shawn little kid may cutest thing face planet,"['shawn', 'little', 'kid', 'may', 'cutest', 'thing', 'face', 'planet']",8,45,negative,0.3792,"{np.str_('negative'): 0.3792, np.str_('neutral'): 0.2626, np.str_('positive'): 0.3582}",labeled
280,"""In other news, had a great Saturday on the town with @user and my old uni friend at a David Bowie tribute orchestra :P""",2024-09-01,unknown_user,,Twitter (tweet_eval),en,tweet_eval_sentiment,positive,Unknown,Unknown,False,news great saturday town old uni friend david bowie tribute orchestra,"['news', 'great', 'saturday', 'town', 'old', 'uni', 'friend', 'david', 'bowie', 'tribute', 'orchestra']",11,69,positive,0.6139,"{np.str_('negative'): 0.1379, np.str_('neutral'): 0.2482, np.str_('positive'): 0.6139}",labeled
281,a solid film ... but more conscientious than it is truly stirring . ,2024-12-06,unknown_user,,SST-2,en,sst2,positive,Unknown,Unknown,False,solid film but conscientious truly stirring,"['solid', 'film', 'but', 'conscientious', 'truly', 'stirring']",6,43,positive,0.5315,"{np.str_('negative'): 0.3576, np.str_('neutral'): 0.1109, np.str_('positive'): 0.5315}",labeled
282,That Kris Bryant 9th inning home run was the turning point in the season.,2024-02-14,unknown_user,,Twitter (tweet_eval),en,tweet_eval_sentiment,positive,Unknown,Unknown,False,kris bryant 9th inning home run turning point season,"['kris', 'bryant', '9th', 'inning', 'home', 'run', 'turning', 'point', 'season']",9,52,neutral,0.3923,"{np.str_('negative'): 0.2745, np.str_('neutral'): 0.3923, np.str_('positive'): 0.3331}",labeled
283,"has enough wit , energy and geniality to please not only the fanatical adherents on either side , but also people who know nothing about the subject and think they're not interested .",2024-04-29,unknown_user,,Rotten Tomatoes,en,rotten_tomatoes,positive,Unknown,Unknown,False,enough wit energy geniality please not fanatical adherent either side but also people know nothing subject think theyre not interested,"['enough', 'wit', 'energy', 'geniality', 'please', 'not', 'fanatical', 'adherent', 'either', 'side', 'but', 'also', 'people', 'know', 'nothing', 'subject', 'think', 'theyre', 'not', 'interested']",20,134,positive,0.3861,"{np.str_('negative'): 0.304, np.str_('neutral'): 0.3099, np.str_('positive'): 0.3861}",labeled
284,The Anti-trump Riots Are A Smoke Screen The Real Goal – Eliminate The Electoral College:,2024-01-01,unknown_user,,Twitter (tweet_eval),en,tweet_eval_sentiment,negative,Trump,Unknown,False,antitrump riot smoke screen real goal eliminate electoral college,"['antitrump', 'riot', 'smoke', 'screen', 'real', 'goal', 'eliminate', 'electoral', 'college']",9,65,negative,0.4533,"{np.str_('negative'): 0.4533, np.str_('neutral'): 0.2253, np.str_('positive'): 0.3215}",labeled
285,@user @user i seized some in our neighborhood on EID's 2nd day but faced some anger frm their families' side :( so gave thm back,2025-01-09,unknown_user,,Twitter (tweet_eval),en,tweet_eval_sentiment,negative,Unknown,Unknown,False,seized neighborhood eids 2nd day but faced anger frm family side gave thm back,"['seized', 'neighborhood', 'eids', '2nd', 'day', 'but', 'faced', 'anger', 'frm', 'family', 'side', 'gave', 'thm', 'back']",14,78,positive,0.4176,"{np.str_('negative'): 0.1838, np.str_('neutral'): 0.3985, np.str_('positive'): 0.4176}",labeled
286,@user Same could be said about Marie Colvin. I may not liked him\u002c nor his employer but he never harmed anyone and he has family.,2024-04-29,unknown_user,,Twitter (tweet_eval),en,tweet_eval_sentiment,neutral,Unknown,Unknown,False,could said marie colvin may not liked himu002c nor employer but never harmed anyone family,"['could', 'said', 'marie', 'colvin', 'may', 'not', 'liked', 'himu002c', 'nor', 'employer', 'but', 'never', 'harmed', 'anyone', 'family']",15,90,neutral,0.5394,"{np.str_('negative'): 0.2425, np.str_('neutral'): 0.5394, np.str_('positive'): 0.2181}",labeled
287,"""tonight I dreamed of being in Orleans with the bus lines of Milan, and the IperCoop of Piazza Lodi instead of the Carrefour of Place d'Arc.""",2024-10-06,unknown_user,,Twitter (tweet_eval),en,tweet_eval_sentiment,neutral,Unknown,Unknown,False,tonight dreamed orleans bus line milan ipercoop piazza lodi instead carrefour place darc,"['tonight', 'dreamed', 'orleans', 'bus', 'line', 'milan', 'ipercoop', 'piazza', 'lodi', 'instead', 'carrefour', 'place', 'darc']",13,88,neutral,0.5912,"{np.str_('negative'): 0.1651, np.str_('neutral'): 0.5912, np.str_('positive'): 0.2437}",labeled
288,it's a perfect show of respect to just one of those underrated professionals who deserve but rarely receive it .,2025-03-04,unknown_user,,Rotten Tomatoes,en,rotten_tomatoes,positive,Unknown,Unknown,False,perfect show respect one underrated professional deserve but rarely receive,"['perfect', 'show', 'respect', 'one', 'underrated', 'professional', 'deserve', 'but', 'rarely', 'receive']",10,75,positive,0.4046,"{np.str_('negative'): 0.2554, np.str_('neutral'): 0.34, np.str_('positive'): 0.4046}",labeled
289,"""Cate Blanchett isn't a tall poppy, she's a redwood. Long may she continue to grow. #AACTAs""",2025-04-18,unknown_user,,Twitter (tweet_eval),en,tweet_eval_sentiment,positive,Unknown,Unknown,False,cate blanchett isnt tall poppy shes redwood long may continue grow,"['cate', 'blanchett', 'isnt', 'tall', 'poppy', 'shes', 'redwood', 'long', 'may', 'continue', 'grow']",11,66,positive,0.4217,"{np.str_('negative'): 0.196, np.str_('neutral'): 0.3823, np.str_('positive'): 0.4217}",labeled
290,interesting how the US will now see Latin America. The ice cream is really good and so is the health system. Get Cuba to run Obamacare.,2024-12-22,unknown_user,,Twitter (tweet_eval),en,tweet_eval_sentiment,neutral,Obama,Unknown,False,interesting u see latin america ice cream really good health system get cuba run obamacare,"['interesting', 'u', 'see', 'latin', 'america', 'ice', 'cream', 'really', 'good', 'health', 'system', 'get', 'cuba', 'run', 'obamacare']",15,90,positive,0.4366,"{np.str_('negative'): 0.3258, np.str_('neutral'): 0.2377, np.str_('positive'): 0.4366}",labeled
291,First time I've been called off in a while and couldn't ask for a better day to have off. Plus Jason Aldean is tomorrow!,2024-08-17,unknown_user,,Twitter (tweet_eval),en,tweet_eval_sentiment,positive,Unknown,Unknown,False,first time ive called couldnt ask better day plus jason aldean tomorrow,"['first', 'time', 'ive', 'called', 'couldnt', 'ask', 'better', 'day', 'plus', 'jason', 'aldean', 'tomorrow']",12,71,positive,0.4365,"{np.str_('negative'): 0.2529, np.str_('neutral'): 0.3106, np.str_('positive'): 0.4365}",labeled
292,(Part I) Dead Network Walking: Why Google+ May Be On its Way Out: Google is phasing out many of the capabiliti...,2024-08-31,unknown_user,,Twitter (tweet_eval),en,tweet_eval_sentiment,negative,Unknown,Unknown,False,part dead network walking google may way google phasing many capabiliti,"['part', 'dead', 'network', 'walking', 'google', 'may', 'way', 'google', 'phasing', 'many', 'capabiliti']",11,71,positive,0.4147,"{np.str_('negative'): 0.36, np.str_('neutral'): 0.2253, np.str_('positive'): 0.4147}",labeled
293,"""via GigaOM: Facebook may have solved mobile, but Google is still struggling with it",2024-12-01,unknown_user,,Twitter (tweet_eval),en,tweet_eval_sentiment,neutral,Unknown,Unknown,False,via gigaom facebook may solved mobile but google still struggling,"['via', 'gigaom', 'facebook', 'may', 'solved', 'mobile', 'but', 'google', 'still', 'struggling']",10,65,positive,0.4046,"{np.str_('negative'): 0.2554, np.str_('neutral'): 0.34, np.str_('positive'): 0.4046}",labeled
294,looking and stylish ,2024-08-25,unknown_user,,SST-2,en,sst2,positive,Unknown,Unknown,False,looking stylish,"['looking', 'stylish']",2,15,positive,0.4046,"{np.str_('negative'): 0.2554, np.str_('neutral'): 0.34, np.str_('positive'): 0.4046}",labeled
295,I'm only ok with 3rd floor playing Snoop Dogg this early because I'm still on a gangsta rap high after seeing Straight Outta Compton #dope,2024-04-10,unknown_user,,Twitter (tweet_eval),en,tweet_eval_sentiment,neutral,Unknown,Unknown,False,im ok 3rd floor playing snoop dogg early im still gangsta rap high seeing straight outta compton,"['im', 'ok', '3rd', 'floor', 'playing', 'snoop', 'dogg', 'early', 'im', 'still', 'gangsta', 'rap', 'high', 'seeing', 'straight', 'outta', 'compton']",17,96,neutral,0.433,"{np.str_('negative'): 0.2668, np.str_('neutral'): 0.433, np.str_('positive'): 0.3002}",labeled
296,"There's fake news, and then there's bulls**t news.",2024-01-21,unknown_user,,Twitter (tweet_eval),en,tweet_eval_sentiment,negative,Unknown,Unknown,False,there fake news there bullst news,"['there', 'fake', 'news', 'there', 'bullst', 'news']",6,33,neutral,0.3784,"{np.str_('negative'): 0.2652, np.str_('neutral'): 0.3784, np.str_('positive'): 0.3565}",labeled
297,"will undoubtedly play well in european markets , where mr . besson is a brand name , and in asia , where ms . shu is an institution , but american audiences will probably find it familiar and insufficiently cathartic .",2025-02-09,unknown_user,,Rotten Tomatoes,en,rotten_tomatoes,negative,Unknown,Unknown,False,undoubtedly play well european market mr besson brand name asia m shu institution but american audience probably find familiar insufficiently cathartic,"['undoubtedly', 'play', 'well', 'european', 'market', 'mr', 'besson', 'brand', 'name', 'asia', 'm', 'shu', 'institution', 'but', 'american', 'audience', 'probably', 'find', 'familiar', 'insufficiently', 'cathartic']",21,151,negative,0.4183,"{np.str_('negative'): 0.4183, np.str_('neutral'): 0.2016, np.str_('positive'): 0.3801}",labeled
298,"""'A Bee Gees tune was on the radio, the sun was out and the smell of bacon wafted through the air.' #guesthouse""",2025-03-31,unknown_user,,Twitter (tweet_eval),en,tweet_eval_sentiment,neutral,Unknown,Unknown,False,bee gee tune radio sun smell bacon wafted air,"['bee', 'gee', 'tune', 'radio', 'sun', 'smell', 'bacon', 'wafted', 'air']",9,45,neutral,0.446,"{np.str_('negative'): 0.1968, np.str_('neutral'): 0.446, np.str_('positive'): 0.3572}",labeled
299,it's a beautifully accomplished lyrical meditation on a bunch of despondent and vulnerable characters living in the renown chelsea hotel . . .,2024-12-23,unknown_user,,Rotten Tomatoes,en,rotten_tomatoes,positive,Unknown,Unknown,False,beautifully accomplished lyrical meditation bunch despondent vulnerable character living renown chelsea hotel,"['beautifully', 'accomplished', 'lyrical', 'meditation', 'bunch', 'despondent', 'vulnerable', 'character', 'living', 'renown', 'chelsea', 'hotel']",12,109,negative,0.4731,"{np.str_('negative'): 0.4731, np.str_('neutral'): 0.1705, np.str_('positive'): 0.3564}",labeled
300,Adamawa to pay prayer warriors N200m to pray against Boko Haram. At 1st I thought this was a joke. Now I know money's the root of all evils.,2024-10-03,unknown_user,,Twitter (tweet_eval),en,tweet_eval_sentiment,negative,Unknown,Unknown,False,adamawa pay prayer warrior n200m pray against boko haram 1st thought joke know money root evil,"['adamawa', 'pay', 'prayer', 'warrior', 'n200m', 'pray', 'against', 'boko', 'haram', '1st', 'thought', 'joke', 'know', 'money', 'root', 'evil']",16,94,neutral,0.4912,"{np.str_('negative'): 0.2944, np.str_('neutral'): 0.4912, np.str_('positive'): 0.2144}",labeled
301,#Thailand Washington - US President Barack Obama vowed Wednesday as he visited storm-ravaged New Jersey shore to...,2024-03-26,unknown_user,,Twitter (tweet_eval),en,tweet_eval_sentiment,neutral,Obama,Unknown,False,washington u president Obama vowed wednesday visited stormravaged new jersey shore,"['washington', 'u', 'president', 'Obama', 'vowed', 'wednesday', 'visited', 'stormravaged', 'new', 'jersey', 'shore']",11,82,neutral,0.6982,"{np.str_('negative'): 0.1449, np.str_('neutral'): 0.6982, np.str_('positive'): 0.1569}",labeled
302,"@user yeah honestly, going up to see my Gran plus my cousin got tickets for the edinburgh derby on Sunday. Yeah course you can""",2025-04-21,unknown_user,,Twitter (tweet_eval),en,tweet_eval_sentiment,positive,Unknown,Unknown,False,yeah honestly going see gran plus cousin got ticket edinburgh derby sunday yeah course,"['yeah', 'honestly', 'going', 'see', 'gran', 'plus', 'cousin', 'got', 'ticket', 'edinburgh', 'derby', 'sunday', 'yeah', 'course']",14,86,neutral,0.495,"{np.str_('negative'): 0.1331, np.str_('neutral'): 0.495, np.str_('positive'): 0.372}",labeled
303,I saw this movie as a very young girl (I'm 27 now) and it scared me witless for years. I had nightmares about every aspect of this film from the way it was drawn to the music to (obviously) the violence. My parents still argue about who allowed me to watch it and both of them say,2025-01-02,unknown_user,,IMDB,en,imdb,negative,Unknown,Unknown,False,saw movie young girl im 27 scared witless year nightmare every aspect film way drawn music obviously violence parent still argue allowed watch say,"['saw', 'movie', 'young', 'girl', 'im', '27', 'scared', 'witless', 'year', 'nightmare', 'every', 'aspect', 'film', 'way', 'drawn', 'music', 'obviously', 'violence', 'parent', 'still', 'argue', 'allowed', 'watch', 'say']",24,146,negative,0.4922,"{np.str_('negative'): 0.4922, np.str_('neutral'): 0.1396, np.str_('positive'): 0.3683}",labeled
304,Kris Bryant flies out to the warning track. Almost had his 4th hit of the night. #Cubs,2024-08-24,unknown_user,,Twitter (tweet_eval),en,tweet_eval_sentiment,neutral,Unknown,Unknown,False,kris bryant fly warning track almost 4th hit night,"['kris', 'bryant', 'fly', 'warning', 'track', 'almost', '4th', 'hit', 'night']",9,50,neutral,0.4982,"{np.str_('negative'): 0.108, np.str_('neutral'): 0.4982, np.str_('positive'): 0.3939}",labeled
305,I'm going to see the Foo Fighters tonight in Edinburgh! I expect to be 10% a better human being tomorrow morning!...,2025-03-12,unknown_user,,Twitter (tweet_eval),en,tweet_eval_sentiment,positive,Unknown,Unknown,False,im going see foo fighter tonight edinburgh expect 10 better human tomorrow morning,"['im', 'going', 'see', 'foo', 'fighter', 'tonight', 'edinburgh', 'expect', '10', 'better', 'human', 'tomorrow', 'morning']",13,82,positive,0.533,"{np.str_('negative'): 0.1356, np.str_('neutral'): 0.3314, np.str_('positive'): 0.533}",labeled
306,"Big rock candy mountain is amazing. i watched it when i was little, and still do to this day.(senior in high school). if i could imagine heaven, that is what it would look like. i wish i could live in big rock candy mountain where candy grows on trees. Zach Hyman is profs, and my",2025-03-28,unknown_user,,IMDB,en,imdb,positive,Unknown,Unknown,False,big rock candy mountain amazing watched little still daysenior high school could imagine heaven would look like wish could live big rock candy mountain candy grows tree zach hyman prof,"['big', 'rock', 'candy', 'mountain', 'amazing', 'watched', 'little', 'still', 'daysenior', 'high', 'school', 'could', 'imagine', 'heaven', 'would', 'look', 'like', 'wish', 'could', 'live', 'big', 'rock', 'candy', 'mountain', 'candy', 'grows', 'tree', 'zach', 'hyman', 'prof']",30,184,positive,0.6096,"{np.str_('negative'): 0.2226, np.str_('neutral'): 0.1678, np.str_('positive'): 0.6096}",labeled
307,... the kind of entertainment that parents love to have their kids see . ,2024-01-02,unknown_user,,SST-2,en,sst2,positive,Unknown,Unknown,False,kind entertainment parent love kid see,"['kind', 'entertainment', 'parent', 'love', 'kid', 'see']",6,38,positive,0.5061,"{np.str_('negative'): 0.2358, np.str_('neutral'): 0.2581, np.str_('positive'): 0.5061}",labeled
308,It would be poetic if Nintendo became a Sony 2nd Party Developer. It would also make choosing consoles every generation very easy,2024-07-21,unknown_user,,Twitter (tweet_eval),en,tweet_eval_sentiment,positive,Unknown,Unknown,False,would poetic nintendo became sony 2nd party developer would also make choosing console every generation easy,"['would', 'poetic', 'nintendo', 'became', 'sony', '2nd', 'party', 'developer', 'would', 'also', 'make', 'choosing', 'console', 'every', 'generation', 'easy']",16,108,positive,0.4809,"{np.str_('negative'): 0.2102, np.str_('neutral'): 0.309, np.str_('positive'): 0.4809}",labeled
309,TFI Friday is just Chris Evans having a mid life crisis live on TV,2024-10-13,unknown_user,,Twitter (tweet_eval),en,tweet_eval_sentiment,negative,Unknown,Unknown,False,tfi friday chris evans mid life crisis live tv,"['tfi', 'friday', 'chris', 'evans', 'mid', 'life', 'crisis', 'live', 'tv']",9,46,positive,0.4,"{np.str_('negative'): 0.3199, np.str_('neutral'): 0.2801, np.str_('positive'): 0.4}",labeled
310,@user you did an amazing job.....Can u fly to Indiana and sing to me for my birthday tomorrow,2024-11-19,unknown_user,,Twitter (tweet_eval),en,tweet_eval_sentiment,positive,Unknown,Unknown,False,amazing jobcan fly indiana sing birthday tomorrow,"['amazing', 'jobcan', 'fly', 'indiana', 'sing', 'birthday', 'tomorrow']",7,49,positive,0.576,"{np.str_('negative'): 0.1254, np.str_('neutral'): 0.2986, np.str_('positive'): 0.576}",labeled
311,@user @user no!  Some bad hombres doesn't excuse you from being a good person. If you need help...,2024-11-07,unknown_user,,Twitter (tweet_eval),en,tweet_eval_sentiment,neutral,Unknown,Unknown,False,no bad hombre doesnt excuse good person need help,"['no', 'bad', 'hombre', 'doesnt', 'excuse', 'good', 'person', 'need', 'help']",9,49,positive,0.5374,"{np.str_('negative'): 0.2336, np.str_('neutral'): 0.229, np.str_('positive'): 0.5374}",labeled
312,No. What sets you apart is that you're such hypocrites. Now allow a peaceful transition of power to #Trump. Typical…,2024-03-30,unknown_user,,Twitter (tweet_eval),en,tweet_eval_sentiment,negative,Trump,Unknown,False,no set apart youre hypocrite allow peaceful transition power typical…,"['no', 'set', 'apart', 'youre', 'hypocrite', 'allow', 'peaceful', 'transition', 'power', 'typical…']",10,69,positive,0.3756,"{np.str_('negative'): 0.3087, np.str_('neutral'): 0.3157, np.str_('positive'): 0.3756}",labeled
313,I'm supposed to see Frank Ocean tomorrow. Then he pulled another houdini and won't be going to FYF.,2025-04-16,unknown_user,,Twitter (tweet_eval),en,tweet_eval_sentiment,negative,Unknown,Unknown,False,im supposed see frank ocean tomorrow pulled another houdini wont going fyf,"['im', 'supposed', 'see', 'frank', 'ocean', 'tomorrow', 'pulled', 'another', 'houdini', 'wont', 'going', 'fyf']",12,74,positive,0.5466,"{np.str_('negative'): 0.1562, np.str_('neutral'): 0.2972, np.str_('positive'): 0.5466}",labeled
314,"@user Sorry to hear that, Naruto.  Hopefully things will turn around for you very soon.  And good luck with 1st semester!""",2024-01-15,unknown_user,,Twitter (tweet_eval),en,tweet_eval_sentiment,neutral,Unknown,Unknown,False,sorry hear naruto hopefully thing turn around soon good luck 1st semester,"['sorry', 'hear', 'naruto', 'hopefully', 'thing', 'turn', 'around', 'soon', 'good', 'luck', '1st', 'semester']",12,73,positive,0.5979,"{np.str_('negative'): 0.2206, np.str_('neutral'): 0.1815, np.str_('positive'): 0.5979}",labeled
315,"You want a movie that'll take you places? Well this is a good pick. If you were an adolescent in the era portrayed in this film--the hayday of Motown--or if you want to reach back and see what your parents made so much noise about, I suggest you pick up this flick and give it a w",2025-03-17,unknown_user,,IMDB,en,imdb,positive,Unknown,Unknown,False,want movie thatll take place well good pick adolescent era portrayed filmthe hayday motownor want reach back see parent made much noise suggest pick flick give,"['want', 'movie', 'thatll', 'take', 'place', 'well', 'good', 'pick', 'adolescent', 'era', 'portrayed', 'filmthe', 'hayday', 'motownor', 'want', 'reach', 'back', 'see', 'parent', 'made', 'much', 'noise', 'suggest', 'pick', 'flick', 'give']",26,159,positive,0.4237,"{np.str_('negative'): 0.3383, np.str_('neutral'): 0.238, np.str_('positive'): 0.4237}",labeled
316,pathetic junk ,2024-11-16,unknown_user,,SST-2,en,sst2,negative,Unknown,Unknown,False,pathetic junk,"['pathetic', 'junk']",2,13,positive,0.4046,"{np.str_('negative'): 0.2554, np.str_('neutral'): 0.34, np.str_('positive'): 0.4046}",labeled
317,.@pimping_is_easy @user @user #hamas is killing #Palestine. Here's the leader's son telling truth,2024-05-11,unknown_user,,Twitter (tweet_eval),en,tweet_eval_sentiment,negative,Unknown,Unknown,False,killing here leader son telling truth,"['killing', 'here', 'leader', 'son', 'telling', 'truth']",6,37,positive,0.4046,"{np.str_('negative'): 0.2554, np.str_('neutral'): 0.34, np.str_('positive'): 0.4046}",labeled
318,Netflix and Hulu stats - Seinfeld still killing it;,2025-04-07,unknown_user,,Twitter (tweet_eval),en,tweet_eval_sentiment,positive,Unknown,Unknown,False,netflix hulu stats seinfeld still killing,"['netflix', 'hulu', 'stats', 'seinfeld', 'still', 'killing']",6,41,positive,0.4046,"{np.str_('negative'): 0.2554, np.str_('neutral'): 0.34, np.str_('positive'): 0.4046}",labeled
319,"""Rahul Gandhi's inaugural address at the 31st Plenary Session of INTUC, today, at Talkatora Stadium. #RGwithWorkers",2024-01-28,unknown_user,,Twitter (tweet_eval),en,tweet_eval_sentiment,neutral,Rahul Gandhi,Unknown,False,rahul gandhi inaugural address 31st plenary session intuc today talkatora stadium,"['rahul', 'gandhi', 'inaugural', 'address', '31st', 'plenary', 'session', 'intuc', 'today', 'talkatora', 'stadium']",11,81,positive,0.5062,"{np.str_('negative'): 0.1806, np.str_('neutral'): 0.3133, np.str_('positive'): 0.5062}",labeled
320,"""\""""""""@ForeverJeTi: Tiffany will be one of the MCs along with CNBlue\u2019s Yonghwa and Beast\u2019s Gikwang for SBS KPOP Super Concert on November 10.\""""""""""",2024-12-09,unknown_user,,Twitter (tweet_eval),en,tweet_eval_sentiment,neutral,Unknown,Unknown,False,tiffany one mc along cnblueu2019s yonghwa beastu2019s gikwang sb kpop super concert november 10,"['tiffany', 'one', 'mc', 'along', 'cnblueu2019s', 'yonghwa', 'beastu2019s', 'gikwang', 'sb', 'kpop', 'super', 'concert', 'november', '10']",14,95,neutral,0.4422,"{np.str_('negative'): 0.1803, np.str_('neutral'): 0.4422, np.str_('positive'): 0.3775}",labeled
321,"@user haha! Seriously, though, it reminds me of the Seinfeld character Jimmy. ""Jimmy liked worship this Sunday.""  #chsocm",2024-04-21,unknown_user,,Twitter (tweet_eval),en,tweet_eval_sentiment,positive,Unknown,Unknown,False,haha seriously though reminds seinfeld character jimmy jimmy liked worship sunday,"['haha', 'seriously', 'though', 'reminds', 'seinfeld', 'character', 'jimmy', 'jimmy', 'liked', 'worship', 'sunday']",11,81,positive,0.4219,"{np.str_('negative'): 0.3285, np.str_('neutral'): 0.2496, np.str_('positive'): 0.4219}",labeled
322,"despite its raucous intent , xxx is as conventional as a nike ad and as rebellious as spring break .",2024-09-10,unknown_user,,Rotten Tomatoes,en,rotten_tomatoes,negative,Unknown,Unknown,False,despite raucous intent xxx conventional nike ad rebellious spring break,"['despite', 'raucous', 'intent', 'xxx', 'conventional', 'nike', 'ad', 'rebellious', 'spring', 'break']",10,71,negative,0.3916,"{np.str_('negative'): 0.3916, np.str_('neutral'): 0.3093, np.str_('positive'): 0.2991}",labeled
323,"@user It's against the Constitution to turn Christians into 2nd class citizens for disagreeing with homosexuality, like it or not""",2024-09-18,unknown_user,,Twitter (tweet_eval),en,tweet_eval_sentiment,negative,Unknown,Unknown,False,against constitution turn christian 2nd class citizen disagreeing homosexuality like not,"['against', 'constitution', 'turn', 'christian', '2nd', 'class', 'citizen', 'disagreeing', 'homosexuality', 'like', 'not']",11,88,positive,0.3829,"{np.str_('negative'): 0.3455, np.str_('neutral'): 0.2716, np.str_('positive'): 0.3829}",labeled
324,Fashion Star tomorrow.... Should be a fun long day,2024-06-21,unknown_user,,Twitter (tweet_eval),en,tweet_eval_sentiment,positive,Unknown,Unknown,False,fashion star tomorrow fun long day,"['fashion', 'star', 'tomorrow', 'fun', 'long', 'day']",6,34,positive,0.491,"{np.str_('negative'): 0.1773, np.str_('neutral'): 0.3317, np.str_('positive'): 0.491}",labeled
325,"""Greg Abbott/AG Ken Paxton cost taxpayers $741,000 in legal fees in gay marriage case. Can you say frivolous lawsuit?",2024-09-01,unknown_user,,Twitter (tweet_eval),en,tweet_eval_sentiment,negative,Unknown,Unknown,False,greg abbottag ken paxton cost taxpayer 741000 legal fee gay marriage case say frivolous lawsuit,"['greg', 'abbottag', 'ken', 'paxton', 'cost', 'taxpayer', '741000', 'legal', 'fee', 'gay', 'marriage', 'case', 'say', 'frivolous', 'lawsuit']",15,95,neutral,0.3553,"{np.str_('negative'): 0.344, np.str_('neutral'): 0.3553, np.str_('positive'): 0.3007}",labeled
326,the emotions are raw and will strike a nerve with anyone who 's ever had family trauma . ,2025-03-16,unknown_user,,SST-2,en,sst2,positive,Unknown,Unknown,False,emotion raw strike nerve anyone ever family trauma,"['emotion', 'raw', 'strike', 'nerve', 'anyone', 'ever', 'family', 'trauma']",8,50,neutral,0.4207,"{np.str_('negative'): 0.2264, np.str_('neutral'): 0.4207, np.str_('positive'): 0.3529}",labeled
327,#MuhammadAli Muhammad Ali VS Sonny Liston 1965 Signed Autographed Framed #Photo Steine #Legend #Boxer,2024-01-04,unknown_user,,Twitter (tweet_eval),en,tweet_eval_sentiment,neutral,Unknown,Unknown,False,muhammad ali v sonny liston 1965 signed autographed framed steine,"['muhammad', 'ali', 'v', 'sonny', 'liston', '1965', 'signed', 'autographed', 'framed', 'steine']",10,65,positive,0.4046,"{np.str_('negative'): 0.2554, np.str_('neutral'): 0.34, np.str_('positive'): 0.4046}",labeled
328,the film 's hero is a bore and his innocence soon becomes a questionable kind of inexcusable dumb innocence . ,2024-09-02,unknown_user,,SST-2,en,sst2,negative,Unknown,Unknown,False,film hero bore innocence soon becomes questionable kind inexcusable dumb innocence,"['film', 'hero', 'bore', 'innocence', 'soon', 'becomes', 'questionable', 'kind', 'inexcusable', 'dumb', 'innocence']",11,82,positive,0.5551,"{np.str_('negative'): 0.3145, np.str_('neutral'): 0.1304, np.str_('positive'): 0.5551}",labeled
329,"""Well, beautiful people the actual album in full glory will arrive today ready for tomorrow at the Horn! Thanks to @user you guys rock""",2025-04-15,unknown_user,,Twitter (tweet_eval),en,tweet_eval_sentiment,positive,Unknown,Unknown,False,well beautiful people actual album full glory arrive today ready tomorrow horn thanks guy rock,"['well', 'beautiful', 'people', 'actual', 'album', 'full', 'glory', 'arrive', 'today', 'ready', 'tomorrow', 'horn', 'thanks', 'guy', 'rock']",15,94,positive,0.5855,"{np.str_('negative'): 0.1462, np.str_('neutral'): 0.2684, np.str_('positive'): 0.5855}",labeled
330,Here Is Everything You Should Know About Melania Trumphttps://t.co/eH6V4gxcDF,2024-06-29,unknown_user,,Twitter (tweet_eval),en,tweet_eval_sentiment,positive,Trump,Unknown,False,everything know melania trump,"['everything', 'know', 'melania', 'trump']",4,29,neutral,0.3731,"{np.str_('negative'): 0.3456, np.str_('neutral'): 0.3731, np.str_('positive'): 0.2813}",labeled
331,"""Would the bigger story be 3rd straight major for @user or win by an am from Ireland, Paul Dunne, @user Hmmm""",2024-03-13,unknown_user,,Twitter (tweet_eval),en,tweet_eval_sentiment,neutral,Unknown,Conservatives,False,would bigger story 3rd straight major win ireland paul dunne hmmm,"['would', 'bigger', 'story', '3rd', 'straight', 'major', 'win', 'ireland', 'paul', 'dunne', 'hmmm']",11,65,neutral,0.5073,"{np.str_('negative'): 0.2608, np.str_('neutral'): 0.5073, np.str_('positive'): 0.2319}",labeled
332,"it has the air of a surprisingly juvenile lark , a pop-influenced prank whose charms are immediately apparent and wear thin with repetition .",2024-04-13,unknown_user,,Rotten Tomatoes,en,rotten_tomatoes,negative,Unknown,Unknown,False,air surprisingly juvenile lark popinfluenced prank whose charm immediately apparent wear thin repetition,"['air', 'surprisingly', 'juvenile', 'lark', 'popinfluenced', 'prank', 'whose', 'charm', 'immediately', 'apparent', 'wear', 'thin', 'repetition']",13,104,positive,0.4046,"{np.str_('negative'): 0.2554, np.str_('neutral'): 0.34, np.str_('positive'): 0.4046}",labeled
333,"""I had this written at like half 6 today and almost forgot to post it!   Featuring Wilco, Ant-Man, WHAS and more.""",2024-08-02,unknown_user,,Twitter (tweet_eval),en,tweet_eval_sentiment,neutral,Unknown,Unknown,False,written like half today almost forgot post featuring wilco antman whas,"['written', 'like', 'half', 'today', 'almost', 'forgot', 'post', 'featuring', 'wilco', 'antman', 'whas']",11,70,positive,0.4646,"{np.str_('negative'): 0.2243, np.str_('neutral'): 0.3112, np.str_('positive'): 0.4646}",labeled
334,Sampdoria-Milan: The Rossoneri squad: Here is the squad of Milan. AC Milan face U.C. Sampdoria on Thursday eve...,2025-02-07,unknown_user,,Twitter (tweet_eval),en,tweet_eval_sentiment,neutral,Unknown,Unknown,False,sampdoriamilan rossoneri squad squad milan ac milan face uc sampdoria thursday eve,"['sampdoriamilan', 'rossoneri', 'squad', 'squad', 'milan', 'ac', 'milan', 'face', 'uc', 'sampdoria', 'thursday', 'eve']",12,82,neutral,0.6181,"{np.str_('negative'): 0.1707, np.str_('neutral'): 0.6181, np.str_('positive'): 0.2112}",labeled
335,Can anyone take me home from the alonso game tomorrow,2025-01-31,unknown_user,,Twitter (tweet_eval),en,tweet_eval_sentiment,neutral,Unknown,Unknown,False,anyone take home alonso game tomorrow,"['anyone', 'take', 'home', 'alonso', 'game', 'tomorrow']",6,37,neutral,0.5134,"{np.str_('negative'): 0.1135, np.str_('neutral'): 0.5134, np.str_('positive'): 0.3731}",labeled
336,"""To compare, Anderson Silva also has won 8 bonuses and made $475,000. If Lytle gets a bonus tonight, the $65k would be his 2nd biggest one.""",2024-09-15,unknown_user,,Twitter (tweet_eval),en,tweet_eval_sentiment,neutral,Unknown,Unknown,False,compare anderson silva also won bonus made 475000 lytle get bonus tonight 65k would 2nd biggest one,"['compare', 'anderson', 'silva', 'also', 'won', 'bonus', 'made', '475000', 'lytle', 'get', 'bonus', 'tonight', '65k', 'would', '2nd', 'biggest', 'one']",17,99,neutral,0.4381,"{np.str_('negative'): 0.1792, np.str_('neutral'): 0.4381, np.str_('positive'): 0.3827}",labeled
337,"""Watching \""""Red Tails\"""" 4 the 1st time""",2024-09-09,unknown_user,,Twitter (tweet_eval),en,tweet_eval_sentiment,neutral,Unknown,Unknown,False,watching red tail 1st time,"['watching', 'red', 'tail', '1st', 'time']",5,26,neutral,0.406,"{np.str_('negative'): 0.1996, np.str_('neutral'): 0.406, np.str_('positive'): 0.3945}",labeled
338,Gucci - Sun Valley! #Zone6 what you know about that?,2024-07-26,unknown_user,,Twitter (tweet_eval),en,tweet_eval_sentiment,neutral,Unknown,Unknown,False,gucci sun valley know,"['gucci', 'sun', 'valley', 'know']",4,21,neutral,0.487,"{np.str_('negative'): 0.195, np.str_('neutral'): 0.487, np.str_('positive'): 0.318}",labeled
339,warm and exotic .,2024-03-23,unknown_user,,Rotten Tomatoes,en,rotten_tomatoes,positive,Unknown,Unknown,False,warm exotic,"['warm', 'exotic']",2,11,positive,0.4046,"{np.str_('negative'): 0.2554, np.str_('neutral'): 0.34, np.str_('positive'): 0.4046}",labeled
340,I need someone to come see Ed Sheeran with me this Saturday in Dallas,2025-01-19,unknown_user,,Twitter (tweet_eval),en,tweet_eval_sentiment,neutral,Unknown,Unknown,False,need someone come see ed sheeran saturday dallas,"['need', 'someone', 'come', 'see', 'ed', 'sheeran', 'saturday', 'dallas']",8,48,positive,0.5392,"{np.str_('negative'): 0.1496, np.str_('neutral'): 0.3112, np.str_('positive'): 0.5392}",labeled
341,"""Would never vote for Kane for president, mostly with Kim Kardashian as his wife. No way in hell is she going to be the 1st lady""",2025-05-12,unknown_user,,Twitter (tweet_eval),en,tweet_eval_sentiment,negative,Unknown,Unknown,False,would never vote kane president mostly kim kardashian wife no way hell going 1st lady,"['would', 'never', 'vote', 'kane', 'president', 'mostly', 'kim', 'kardashian', 'wife', 'no', 'way', 'hell', 'going', '1st', 'lady']",15,85,neutral,0.4112,"{np.str_('negative'): 0.3223, np.str_('neutral'): 0.4112, np.str_('positive'): 0.2666}",labeled
342,foster breathes life into a roll that could have otherwise been bland and run of the mill .,2024-06-18,unknown_user,,Rotten Tomatoes,en,rotten_tomatoes,positive,Unknown,Unknown,False,foster breathes life roll could otherwise bland run mill,"['foster', 'breathes', 'life', 'roll', 'could', 'otherwise', 'bland', 'run', 'mill']",9,56,positive,0.4025,"{np.str_('negative'): 0.3461, np.str_('neutral'): 0.2515, np.str_('positive'): 0.4025}",labeled
343,"@user @user I don't either. Complete mystery. Also, I may have just been chair dancing to Heartbreaker by Mariah Carey.",2025-01-17,unknown_user,,Twitter (tweet_eval),en,tweet_eval_sentiment,neutral,Unknown,Unknown,False,dont either complete mystery also may chair dancing heartbreaker mariah carey,"['dont', 'either', 'complete', 'mystery', 'also', 'may', 'chair', 'dancing', 'heartbreaker', 'mariah', 'carey']",11,77,negative,0.408,"{np.str_('negative'): 0.408, np.str_('neutral'): 0.3212, np.str_('positive'): 0.2709}",labeled
344,"like being trapped inside a huge video game , where exciting , inane images keep popping past your head and the same illogical things keep happening over and over again .",2024-04-27,unknown_user,,Rotten Tomatoes,en,rotten_tomatoes,negative,Unknown,Unknown,False,like trapped inside huge video game exciting inane image keep popping past head illogical thing keep happening,"['like', 'trapped', 'inside', 'huge', 'video', 'game', 'exciting', 'inane', 'image', 'keep', 'popping', 'past', 'head', 'illogical', 'thing', 'keep', 'happening']",17,110,neutral,0.4526,"{np.str_('negative'): 0.2354, np.str_('neutral'): 0.4526, np.str_('positive'): 0.312}",labeled
345,with such confidence ,2025-01-29,unknown_user,,SST-2,en,sst2,positive,Unknown,Unknown,False,confidence,['confidence'],1,10,positive,0.4046,"{np.str_('negative'): 0.2554, np.str_('neutral'): 0.34, np.str_('positive'): 0.4046}",labeled
346,"Following his 2nd round knock-out last night, we make Conor McGregor 4/7 to defeat Jose Aldo...http://t.co/1qZWXTAJ3Y",2024-12-03,unknown_user,,Twitter (tweet_eval),en,tweet_eval_sentiment,positive,Unknown,Unknown,False,following 2nd round knockout last night make conor mcgregor 47 defeat jose aldo,"['following', '2nd', 'round', 'knockout', 'last', 'night', 'make', 'conor', 'mcgregor', '47', 'defeat', 'jose', 'aldo']",13,79,positive,0.4873,"{np.str_('negative'): 0.1142, np.str_('neutral'): 0.3985, np.str_('positive'): 0.4873}",labeled
347,Awe @user is retiring. 1st pro tennis match I ever watched live was Andy vs Feliciano under the lights in Indian Wells! #goodtimes,2025-03-08,unknown_user,,Twitter (tweet_eval),en,tweet_eval_sentiment,positive,Unknown,Unknown,False,awe retiring 1st pro tennis match ever watched live andy v feliciano light indian well,"['awe', 'retiring', '1st', 'pro', 'tennis', 'match', 'ever', 'watched', 'live', 'andy', 'v', 'feliciano', 'light', 'indian', 'well']",15,86,positive,0.5867,"{np.str_('negative'): 0.207, np.str_('neutral'): 0.2062, np.str_('positive'): 0.5867}",labeled
348,"even with all those rough edges safely sanded down , the american insomnia is still pretty darned good .",2024-04-13,unknown_user,,Rotten Tomatoes,en,rotten_tomatoes,positive,Unknown,Unknown,False,even rough edge safely sanded american insomnia still pretty darned good,"['even', 'rough', 'edge', 'safely', 'sanded', 'american', 'insomnia', 'still', 'pretty', 'darned', 'good']",11,72,positive,0.6326,"{np.str_('negative'): 0.2113, np.str_('neutral'): 0.1561, np.str_('positive'): 0.6326}",labeled
349,keenest pleasures ,2025-01-26,unknown_user,,SST-2,en,sst2,positive,Unknown,Unknown,False,keenest pleasure,"['keenest', 'pleasure']",2,16,positive,0.4046,"{np.str_('negative'): 0.2554, np.str_('neutral'): 0.34, np.str_('positive'): 0.4046}",labeled
350,"the vitality of the actors keeps the intensity of the film high , even as the strafings blend together .",2025-02-17,unknown_user,,Rotten Tomatoes,en,rotten_tomatoes,positive,Unknown,Unknown,False,vitality actor keep intensity film high even strafings blend together,"['vitality', 'actor', 'keep', 'intensity', 'film', 'high', 'even', 'strafings', 'blend', 'together']",10,69,negative,0.41,"{np.str_('negative'): 0.41, np.str_('neutral'): 0.1843, np.str_('positive'): 0.4057}",labeled
351,"End (the myth of) rape culture.  Kurt Cobain may have written ""Rape Me"" as an anti-rape protest song, but...",2024-07-27,unknown_user,,Twitter (tweet_eval),en,tweet_eval_sentiment,neutral,Unknown,Unknown,False,end myth rape culture kurt cobain may written rape antirape protest song but,"['end', 'myth', 'rape', 'culture', 'kurt', 'cobain', 'may', 'written', 'rape', 'antirape', 'protest', 'song', 'but']",13,76,positive,0.4396,"{np.str_('negative'): 0.2541, np.str_('neutral'): 0.3063, np.str_('positive'): 0.4396}",labeled
352,@user Never trust Comey😡 if it wasn't for him we would have Hillary 😠 F Comey!! Get rid of him,2024-03-10,unknown_user,,Twitter (tweet_eval),en,tweet_eval_sentiment,negative,Unknown,Unknown,False,never trust comey enragedface wasnt would hillary angryface comey get rid,"['never', 'trust', 'comey', 'enragedface', 'wasnt', 'would', 'hillary', 'angryface', 'comey', 'get', 'rid']",11,73,positive,0.4046,"{np.str_('negative'): 0.2554, np.str_('neutral'): 0.34, np.str_('positive'): 0.4046}",labeled
353,If I rise tomorrow and there's no sign of 1) Zayn throwing a public tantrum or 2) Nicki taking over the world then I'm checking out of life,2024-01-24,unknown_user,,Twitter (tweet_eval),en,tweet_eval_sentiment,neutral,Unknown,Unknown,False,rise tomorrow there no sign zayn throwing public tantrum nicki taking world im checking life,"['rise', 'tomorrow', 'there', 'no', 'sign', 'zayn', 'throwing', 'public', 'tantrum', 'nicki', 'taking', 'world', 'im', 'checking', 'life']",15,92,positive,0.5188,"{np.str_('negative'): 0.2075, np.str_('neutral'): 0.2738, np.str_('positive'): 0.5188}",labeled
354,"a pathetic exploitation film that tries to seem sincere , and just seems worse for the effort .",2024-06-04,unknown_user,,Rotten Tomatoes,en,rotten_tomatoes,negative,Unknown,Unknown,False,pathetic exploitation film try seem sincere seems worse effort,"['pathetic', 'exploitation', 'film', 'try', 'seem', 'sincere', 'seems', 'worse', 'effort']",9,62,positive,0.5315,"{np.str_('negative'): 0.3576, np.str_('neutral'): 0.1109, np.str_('positive'): 0.5315}",labeled
355,@user fancy going to the leonard cohen concert with me n my madre november 9? It should be heavenly,2024-04-09,unknown_user,,Twitter (tweet_eval),en,tweet_eval_sentiment,positive,Unknown,Unknown,False,fancy going leonard cohen concert madre november heavenly,"['fancy', 'going', 'leonard', 'cohen', 'concert', 'madre', 'november', 'heavenly']",8,57,positive,0.4618,"{np.str_('negative'): 0.2294, np.str_('neutral'): 0.3088, np.str_('positive'): 0.4618}",labeled
356,@user @user @user answer to you question = Nazi,2024-07-20,unknown_user,,Twitter (tweet_eval),en,tweet_eval_sentiment,negative,Unknown,Unknown,False,answer question nazi,"['answer', 'question', 'nazi']",3,20,positive,0.4046,"{np.str_('negative'): 0.2554, np.str_('neutral'): 0.34, np.str_('positive'): 0.4046}",labeled
357,check your brain and your secret agent decoder ring at the door because you don't want to think too much about what's going on . the movie does has some entertainment value - how much depends on how well you like chris rock .,2024-01-07,unknown_user,,Rotten Tomatoes,en,rotten_tomatoes,negative,Unknown,Unknown,False,check brain secret agent decoder ring door dont want think much whats going movie entertainment value much depends well like chris rock,"['check', 'brain', 'secret', 'agent', 'decoder', 'ring', 'door', 'dont', 'want', 'think', 'much', 'whats', 'going', 'movie', 'entertainment', 'value', 'much', 'depends', 'well', 'like', 'chris', 'rock']",22,135,negative,0.3955,"{np.str_('negative'): 0.3955, np.str_('neutral'): 0.298, np.str_('positive'): 0.3065}",labeled
358,John cena and the primetime players vs the The new day members Big E and Kofi Kingston and Seth Rollins now on wwe monday night raw 9/7/2015,2025-02-07,unknown_user,,Twitter (tweet_eval),en,tweet_eval_sentiment,neutral,Unknown,Unknown,False,john cena primetime player v new day member big kofi kingston seth rollins wwe monday night raw 972015,"['john', 'cena', 'primetime', 'player', 'v', 'new', 'day', 'member', 'big', 'kofi', 'kingston', 'seth', 'rollins', 'wwe', 'monday', 'night', 'raw', '972015']",18,102,neutral,0.6089,"{np.str_('negative'): 0.1071, np.str_('neutral'): 0.6089, np.str_('positive'): 0.284}",labeled
359,"Don't build walls, divest from fossil fuels! Climate Change Will Stir ‘Unimaginable’ Refugee Crisis -https://t.co/dgfcOHjIRZ",2024-03-31,unknown_user,,Twitter (tweet_eval),en,tweet_eval_sentiment,negative,Unknown,Unknown,False,dont build wall divest fossil fuel climate change stir unimaginable refugee crisis,"['dont', 'build', 'wall', 'divest', 'fossil', 'fuel', 'climate', 'change', 'stir', 'unimaginable', 'refugee', 'crisis']",12,82,negative,0.3902,"{np.str_('negative'): 0.3902, np.str_('neutral'): 0.3489, np.str_('positive'): 0.2608}",labeled
360,A fine afternoon photographing the Pride parade on Saturday afternoon. #BeHappy #PrideGlasgow #Pride2015,2024-12-12,unknown_user,,Twitter (tweet_eval),en,tweet_eval_sentiment,positive,Unknown,Unknown,False,fine afternoon photographing pride parade saturday afternoon,"['fine', 'afternoon', 'photographing', 'pride', 'parade', 'saturday', 'afternoon']",7,60,positive,0.4428,"{np.str_('negative'): 0.2174, np.str_('neutral'): 0.3398, np.str_('positive'): 0.4428}",labeled
361,( the kid 's ) just too bratty for sympathy ,2024-11-15,unknown_user,,SST-2,en,sst2,negative,Unknown,Unknown,False,kid bratty sympathy,"['kid', 'bratty', 'sympathy']",3,19,positive,0.3734,"{np.str_('negative'): 0.3178, np.str_('neutral'): 0.3089, np.str_('positive'): 0.3734}",labeled
362,COP22 Marrakech: Women Rising for Climate Justice #EmilyArasim #UnitedNations,2024-02-08,unknown_user,,Twitter (tweet_eval),en,tweet_eval_sentiment,neutral,Unknown,Unknown,False,cop22 marrakech woman rising climate justice,"['cop22', 'marrakech', 'woman', 'rising', 'climate', 'justice']",6,44,positive,0.4046,"{np.str_('negative'): 0.2554, np.str_('neutral'): 0.34, np.str_('positive'): 0.4046}",labeled
363,"I may be biased, I am the author of the novel The Hungry Bachelors Club, self-published in 1994. The screenplay was written by my good friend and hungry bachelor, Fred Dresch, who was the inspiration for the character Marlon in the film. I couldn't be more pleased with the traile",2024-07-28,unknown_user,,IMDB,en,imdb,positive,Unknown,Unknown,False,may biased author novel hungry bachelor club selfpublished 1994 screenplay written good friend hungry bachelor fred dresch inspiration character marlon film couldnt pleased traile,"['may', 'biased', 'author', 'novel', 'hungry', 'bachelor', 'club', 'selfpublished', '1994', 'screenplay', 'written', 'good', 'friend', 'hungry', 'bachelor', 'fred', 'dresch', 'inspiration', 'character', 'marlon', 'film', 'couldnt', 'pleased', 'traile']",24,179,positive,0.5602,"{np.str_('negative'): 0.3569, np.str_('neutral'): 0.0829, np.str_('positive'): 0.5602}",labeled
364,'s just plain lurid ,2024-10-20,unknown_user,,SST-2,en,sst2,negative,Unknown,Unknown,False,plain lurid,"['plain', 'lurid']",2,11,positive,0.4046,"{np.str_('negative'): 0.2554, np.str_('neutral'): 0.34, np.str_('positive'): 0.4046}",labeled
365,"chicago offers much colorful eye candy , including the spectacle of gere in his dancing shoes , hoofing and crooning with the best of them .",2025-04-20,unknown_user,,Rotten Tomatoes,en,rotten_tomatoes,positive,Unknown,Unknown,False,chicago offer much colorful eye candy including spectacle gere dancing shoe hoofing crooning best,"['chicago', 'offer', 'much', 'colorful', 'eye', 'candy', 'including', 'spectacle', 'gere', 'dancing', 'shoe', 'hoofing', 'crooning', 'best']",14,97,positive,0.6426,"{np.str_('negative'): 0.1312, np.str_('neutral'): 0.2262, np.str_('positive'): 0.6426}",labeled
366,Not sure if it's 14 august or Eid ul fitar.,2024-06-20,unknown_user,,Twitter (tweet_eval),en,tweet_eval_sentiment,neutral,Unknown,Unknown,False,not sure 14 august eid ul fitar,"['not', 'sure', '14', 'august', 'eid', 'ul', 'fitar']",7,31,positive,0.4925,"{np.str_('negative'): 0.1774, np.str_('neutral'): 0.3301, np.str_('positive'): 0.4925}",labeled
367,"a full world has been presented onscreen , not some series of carefully structured plot points building to a pat resolution . ",2025-03-20,unknown_user,,SST-2,en,sst2,positive,Unknown,Unknown,False,full world presented onscreen not series carefully structured plot point building pat resolution,"['full', 'world', 'presented', 'onscreen', 'not', 'series', 'carefully', 'structured', 'plot', 'point', 'building', 'pat', 'resolution']",13,96,positive,0.4869,"{np.str_('negative'): 0.2386, np.str_('neutral'): 0.2746, np.str_('positive'): 0.4869}",labeled
368,@user and you think the sun shines of out Tony Blair's ass....you are no better than a paid shill,2024-08-25,unknown_user,,Twitter (tweet_eval),en,tweet_eval_sentiment,negative,Unknown,Unknown,False,think sun shine tony blair assyou no better paid shill,"['think', 'sun', 'shine', 'tony', 'blair', 'assyou', 'no', 'better', 'paid', 'shill']",10,54,positive,0.4158,"{np.str_('negative'): 0.1866, np.str_('neutral'): 0.3976, np.str_('positive'): 0.4158}",labeled
369,@user @user oh my god I'm obsessed. Soo upset they don't have the 4th season on Netflix though,2024-05-27,unknown_user,,Twitter (tweet_eval),en,tweet_eval_sentiment,positive,Unknown,Unknown,False,oh god im obsessed soo upset dont 4th season netflix though,"['oh', 'god', 'im', 'obsessed', 'soo', 'upset', 'dont', '4th', 'season', 'netflix', 'though']",11,59,positive,0.405,"{np.str_('negative'): 0.3183, np.str_('neutral'): 0.2767, np.str_('positive'): 0.405}",labeled
370,"@user @user Nazi philosophy defined: Breathtaking douchebag stuff. Also, a form of Socialism",2024-08-21,unknown_user,,Twitter (tweet_eval),en,tweet_eval_sentiment,negative,Unknown,Unknown,False,nazi philosophy defined breathtaking douchebag stuff also form socialism,"['nazi', 'philosophy', 'defined', 'breathtaking', 'douchebag', 'stuff', 'also', 'form', 'socialism']",9,72,positive,0.4046,"{np.str_('negative'): 0.2554, np.str_('neutral'): 0.34, np.str_('positive'): 0.4046}",labeled
371,an odd drama set in the world of lingerie models and bar dancers in the midwest that held my interest precisely because it did n't try to . ,2024-07-28,unknown_user,,SST-2,en,sst2,positive,Unknown,Unknown,False,odd drama set world lingerie model bar dancer midwest held interest precisely nt try,"['odd', 'drama', 'set', 'world', 'lingerie', 'model', 'bar', 'dancer', 'midwest', 'held', 'interest', 'precisely', 'nt', 'try']",14,84,positive,0.4194,"{np.str_('negative'): 0.2823, np.str_('neutral'): 0.2983, np.str_('positive'): 0.4194}",labeled
372,@user i'm going to try to wake up for Yoga on the Beach tomorrow ^^ It's later on Sundays so I might actually make it...,2024-07-02,unknown_user,,Twitter (tweet_eval),en,tweet_eval_sentiment,positive,Unknown,Unknown,False,im going try wake yoga beach tomorrow later sunday might actually make,"['im', 'going', 'try', 'wake', 'yoga', 'beach', 'tomorrow', 'later', 'sunday', 'might', 'actually', 'make']",12,70,positive,0.5878,"{np.str_('negative'): 0.1264, np.str_('neutral'): 0.2859, np.str_('positive'): 0.5878}",labeled
373,@user So...the party of the robots?,2024-02-21,unknown_user,,Twitter (tweet_eval),en,tweet_eval_sentiment,neutral,Unknown,Unknown,False,sothe party robot,"['sothe', 'party', 'robot']",3,17,positive,0.4046,"{np.str_('negative'): 0.2554, np.str_('neutral'): 0.34, np.str_('positive'): 0.4046}",labeled
374,"the movie occasionally threatens to become didactic , but it's too grounded in the reality of its characters to go over the edge . a touch of humor or an unexpected plot twist always pulls it back .",2024-08-10,unknown_user,,Rotten Tomatoes,en,rotten_tomatoes,positive,Unknown,Unknown,False,movie occasionally threatens become didactic but grounded reality character go edge touch humor unexpected plot twist always pull back,"['movie', 'occasionally', 'threatens', 'become', 'didactic', 'but', 'grounded', 'reality', 'character', 'go', 'edge', 'touch', 'humor', 'unexpected', 'plot', 'twist', 'always', 'pull', 'back']",19,134,positive,0.4664,"{np.str_('negative'): 0.4208, np.str_('neutral'): 0.1128, np.str_('positive'): 0.4664}",labeled
375,@user we'll see you on 2 May in Milan,2024-05-30,unknown_user,,Twitter (tweet_eval),en,tweet_eval_sentiment,neutral,Unknown,Unknown,False,well see may milan,"['well', 'see', 'may', 'milan']",4,18,neutral,0.6202,"{np.str_('negative'): 0.1689, np.str_('neutral'): 0.6202, np.str_('positive'): 0.2109}",labeled
376,Tennessee Tech\u2019s Steve Payne says Murray State does things the right way - Oct 24 @ 6:47 PM ET,2024-08-06,unknown_user,,Twitter (tweet_eval),en,tweet_eval_sentiment,positive,Unknown,Unknown,False,tennessee techu2019s steve payne say murray state thing right way oct 24 647 pm et,"['tennessee', 'techu2019s', 'steve', 'payne', 'say', 'murray', 'state', 'thing', 'right', 'way', 'oct', '24', '647', 'pm', 'et']",15,82,positive,0.4386,"{np.str_('negative'): 0.2997, np.str_('neutral'): 0.2618, np.str_('positive'): 0.4386}",labeled
377,"""Tribe Uses Homers to Set Sale; Indians 3, White Sox 2: The Indians beat Chris Sale and the White Sox, 3-2, Mon...",2024-08-26,unknown_user,,Twitter (tweet_eval),en,tweet_eval_sentiment,neutral,Unknown,Unknown,False,tribe us homer set sale indian white sox indian beat chris sale white sox 32 mon,"['tribe', 'us', 'homer', 'set', 'sale', 'indian', 'white', 'sox', 'indian', 'beat', 'chris', 'sale', 'white', 'sox', '32', 'mon']",16,80,neutral,0.5154,"{np.str_('negative'): 0.2563, np.str_('neutral'): 0.5154, np.str_('positive'): 0.2284}",labeled
378,@user I finally got moto g 3rd gen but its camera is not good as my Nokia lumia 720 is there something wrong in the unit which I got,2025-04-21,unknown_user,,Twitter (tweet_eval),en,tweet_eval_sentiment,neutral,Unknown,Unknown,False,finally got moto 3rd gen but camera not good nokia lumia 720 something wrong unit got,"['finally', 'got', 'moto', '3rd', 'gen', 'but', 'camera', 'not', 'good', 'nokia', 'lumia', '720', 'something', 'wrong', 'unit', 'got']",16,85,neutral,0.3931,"{np.str_('negative'): 0.2463, np.str_('neutral'): 0.3931, np.str_('positive'): 0.3606}",labeled
379,1st time to watch PBA. Best Seat on the House!! Thanx sahia! =) @ SMART Araneta Coliseum,2024-09-21,unknown_user,,Twitter (tweet_eval),en,tweet_eval_sentiment,positive,Unknown,Unknown,False,1st time watch pba best seat house thanx sahia smart araneta coliseum,"['1st', 'time', 'watch', 'pba', 'best', 'seat', 'house', 'thanx', 'sahia', 'smart', 'araneta', 'coliseum']",12,69,positive,0.5235,"{np.str_('negative'): 0.1784, np.str_('neutral'): 0.2981, np.str_('positive'): 0.5235}",labeled
380,@user @user @user Don:Please have the Conway girl send this to all the deplorables that voted for the 2016  scam,2024-10-18,unknown_user,,Twitter (tweet_eval),en,tweet_eval_sentiment,negative,Unknown,Unknown,False,donplease conway girl send deplorables voted 2016 scam,"['donplease', 'conway', 'girl', 'send', 'deplorables', 'voted', '2016', 'scam']",8,54,negative,0.3799,"{np.str_('negative'): 0.3799, np.str_('neutral'): 0.3658, np.str_('positive'): 0.2543}",labeled
381,@user perfect @user,2024-04-04,unknown_user,,Twitter (tweet_eval),en,tweet_eval_sentiment,neutral,Unknown,Unknown,False,perfect,['perfect'],1,7,positive,0.4046,"{np.str_('negative'): 0.2554, np.str_('neutral'): 0.34, np.str_('positive'): 0.4046}",labeled
382,"things really get weird , though not particularly scary : ",2025-02-25,unknown_user,,SST-2,en,sst2,negative,Unknown,Unknown,False,thing really get weird though not particularly scary,"['thing', 'really', 'get', 'weird', 'though', 'not', 'particularly', 'scary']",8,52,positive,0.3822,"{np.str_('negative'): 0.3487, np.str_('neutral'): 0.2691, np.str_('positive'): 0.3822}",labeled
383,"@user Yep, that's Putin's girl, same as Bernie and Trump puppets.",2025-02-10,unknown_user,,Twitter (tweet_eval),en,tweet_eval_sentiment,negative,Trump,Unknown,False,yep thats putin girl bernie trump puppet,"['yep', 'thats', 'putin', 'girl', 'bernie', 'trump', 'puppet']",7,40,negative,0.4362,"{np.str_('negative'): 0.4362, np.str_('neutral'): 0.2726, np.str_('positive'): 0.2912}",labeled
384,@user tweeting\u002c beats me to the punch. I\u2019m sure he aims to beat everybody else tomorrow night in NNS race #NASCAR,2024-11-02,unknown_user,,Twitter (tweet_eval),en,tweet_eval_sentiment,neutral,Unknown,Unknown,False,tweetingu002c beat punch iu2019m sure aim beat everybody else tomorrow night nns race,"['tweetingu002c', 'beat', 'punch', 'iu2019m', 'sure', 'aim', 'beat', 'everybody', 'else', 'tomorrow', 'night', 'nns', 'race']",13,85,positive,0.5127,"{np.str_('negative'): 0.0957, np.str_('neutral'): 0.3916, np.str_('positive'): 0.5127}",labeled
385,"All Cheney could say is that's it's Obama's fault...classic, as if Iran started its nuke program on Jan 1st 2009",2024-09-02,unknown_user,,Twitter (tweet_eval),en,tweet_eval_sentiment,negative,Obama,Unknown,False,cheney could say thats obamas faultclassic iran started nuke program jan 1st 2009,"['cheney', 'could', 'say', 'thats', 'obamas', 'faultclassic', 'iran', 'started', 'nuke', 'program', 'jan', '1st', '2009']",13,81,positive,0.4115,"{np.str_('negative'): 0.2741, np.str_('neutral'): 0.3144, np.str_('positive'): 0.4115}",labeled
386,Oh! So bummed @user has no rooms avail on the 16th! Where the heck am I supposed to stay when I see Madonna?,2024-10-01,unknown_user,,Twitter (tweet_eval),en,tweet_eval_sentiment,negative,Unknown,Unknown,False,oh bummed no room avail 16th heck supposed stay see madonna,"['oh', 'bummed', 'no', 'room', 'avail', '16th', 'heck', 'supposed', 'stay', 'see', 'madonna']",11,59,positive,0.4379,"{np.str_('negative'): 0.353, np.str_('neutral'): 0.2091, np.str_('positive'): 0.4379}",labeled
387,Clearly an attempt to scare people people into supporting more gun control,2024-03-19,unknown_user,,Twitter (tweet_eval),en,tweet_eval_sentiment,negative,Unknown,Unknown,False,clearly attempt scare people people supporting gun control,"['clearly', 'attempt', 'scare', 'people', 'people', 'supporting', 'gun', 'control']",8,58,positive,0.4376,"{np.str_('negative'): 0.3782, np.str_('neutral'): 0.1842, np.str_('positive'): 0.4376}",labeled
388,Sweet Sunday morning with the King...  Bob Marley #reggaemusic #emancipateyourself,2024-06-16,unknown_user,,Twitter (tweet_eval),en,tweet_eval_sentiment,positive,Unknown,Unknown,False,sweet sunday morning king bob marley,"['sweet', 'sunday', 'morning', 'king', 'bob', 'marley']",6,36,positive,0.5183,"{np.str_('negative'): 0.1441, np.str_('neutral'): 0.3376, np.str_('positive'): 0.5183}",labeled
389,National Ice Cream day on Sunday and now it's National Hot Dog Day? Is the calendar trying to kill me???,2024-01-08,unknown_user,,Twitter (tweet_eval),en,tweet_eval_sentiment,negative,Unknown,Unknown,False,national ice cream day sunday national hot dog day calendar trying kill,"['national', 'ice', 'cream', 'day', 'sunday', 'national', 'hot', 'dog', 'day', 'calendar', 'trying', 'kill']",12,71,positive,0.4646,"{np.str_('negative'): 0.2746, np.str_('neutral'): 0.2607, np.str_('positive'): 0.4646}",labeled
390,We may as well be part of China the day Kanye West gets to the White House.,2024-05-16,unknown_user,,Twitter (tweet_eval),en,tweet_eval_sentiment,negative,Unknown,Unknown,False,may well part china day kanye west get white house,"['may', 'well', 'part', 'china', 'day', 'kanye', 'west', 'get', 'white', 'house']",10,50,neutral,0.4423,"{np.str_('negative'): 0.2337, np.str_('neutral'): 0.4423, np.str_('positive'): 0.324}",labeled
391,"""School starts on monday, I want to crai.""",2024-05-25,unknown_user,,Twitter (tweet_eval),en,tweet_eval_sentiment,negative,Unknown,Unknown,False,school start monday want crai,"['school', 'start', 'monday', 'want', 'crai']",5,29,neutral,0.4428,"{np.str_('negative'): 0.3346, np.str_('neutral'): 0.4428, np.str_('positive'): 0.2226}",labeled
392,"""Do you own a Nissan Titan in Mesa, Jim Click wants to be your one stop  automotive destination. Visit us at",2024-10-09,unknown_user,,Twitter (tweet_eval),en,tweet_eval_sentiment,neutral,Unknown,Unknown,False,nissan titan mesa jim click want one stop automotive destination visit u,"['nissan', 'titan', 'mesa', 'jim', 'click', 'want', 'one', 'stop', 'automotive', 'destination', 'visit', 'u']",12,72,neutral,0.3938,"{np.str_('negative'): 0.2761, np.str_('neutral'): 0.3938, np.str_('positive'): 0.3301}",labeled
393,Glad tomorrow is my last day at the Skate Center . Working one day a week is a joke ! Lol . #GottaFindANewJob,2025-01-13,unknown_user,,Twitter (tweet_eval),en,tweet_eval_sentiment,positive,Unknown,Unknown,False,glad tomorrow last day skate center working one day week joke lol,"['glad', 'tomorrow', 'last', 'day', 'skate', 'center', 'working', 'one', 'day', 'week', 'joke', 'lol']",12,65,positive,0.5691,"{np.str_('negative'): 0.1525, np.str_('neutral'): 0.2783, np.str_('positive'): 0.5691}",labeled
394,Baron Corbin might actually have the 2nd best job in the world next to Brock Lesnar   Arrive Squash/Get Paid Leave Repeat,2025-04-12,unknown_user,,Twitter (tweet_eval),en,tweet_eval_sentiment,positive,Unknown,Unknown,False,baron corbin might actually 2nd best job world next brock lesnar arrive squashget paid leave repeat,"['baron', 'corbin', 'might', 'actually', '2nd', 'best', 'job', 'world', 'next', 'brock', 'lesnar', 'arrive', 'squashget', 'paid', 'leave', 'repeat']",16,99,positive,0.5387,"{np.str_('negative'): 0.1644, np.str_('neutral'): 0.2969, np.str_('positive'): 0.5387}",labeled
395,kinnear gives a tremendous performance .,2024-12-22,unknown_user,,Rotten Tomatoes,en,rotten_tomatoes,positive,Unknown,Unknown,False,kinnear give tremendous performance,"['kinnear', 'give', 'tremendous', 'performance']",4,35,positive,0.5932,"{np.str_('negative'): 0.2273, np.str_('neutral'): 0.1795, np.str_('positive'): 0.5932}",labeled
396,"""Still have 2 x Foo Fighters tickets for sale for tomorrow at the Milton Keynes bowl @ 4pm.  Unable to go, message me for details.""",2024-11-22,unknown_user,,Twitter (tweet_eval),en,tweet_eval_sentiment,neutral,Unknown,Unknown,False,still foo fighter ticket sale tomorrow milton keynes bowl 4pm unable go message detail,"['still', 'foo', 'fighter', 'ticket', 'sale', 'tomorrow', 'milton', 'keynes', 'bowl', '4pm', 'unable', 'go', 'message', 'detail']",14,86,neutral,0.435,"{np.str_('negative'): 0.1632, np.str_('neutral'): 0.435, np.str_('positive'): 0.4017}",labeled
397,"""HEROES! Well, almost. These four lucky residents scored gigs in 'Ant-Man.' Check out the story tomorrow!",2025-04-10,unknown_user,,Twitter (tweet_eval),en,tweet_eval_sentiment,positive,Unknown,Conservatives,False,hero well almost four lucky resident scored gig antman check story tomorrow,"['hero', 'well', 'almost', 'four', 'lucky', 'resident', 'scored', 'gig', 'antman', 'check', 'story', 'tomorrow']",12,75,neutral,0.3613,"{np.str_('negative'): 0.2796, np.str_('neutral'): 0.3613, np.str_('positive'): 0.3591}",labeled
398,Only reason im excited for tomorrow is the AC/DC concert,2025-05-04,unknown_user,,Twitter (tweet_eval),en,tweet_eval_sentiment,positive,Unknown,Unknown,False,reason im excited tomorrow acdc concert,"['reason', 'im', 'excited', 'tomorrow', 'acdc', 'concert']",6,39,positive,0.5612,"{np.str_('negative'): 0.1725, np.str_('neutral'): 0.2663, np.str_('positive'): 0.5612}",labeled
399,"@user Deeply inspired by David Bowie - ashes to ashes and pink floyd, set the controls for the heart of the sun = depressing game""",2024-10-28,unknown_user,,Twitter (tweet_eval),en,tweet_eval_sentiment,negative,Unknown,Unknown,False,deeply inspired david bowie ash ash pink floyd set control heart sun depressing game,"['deeply', 'inspired', 'david', 'bowie', 'ash', 'ash', 'pink', 'floyd', 'set', 'control', 'heart', 'sun', 'depressing', 'game']",14,84,neutral,0.479,"{np.str_('negative'): 0.1551, np.str_('neutral'): 0.479, np.str_('positive'): 0.3659}",labeled
400,an estrogen opera so intensely feminine that it serves as the antidote ( and cannier doppelganger ) to diesel's xxx flex-a-thon .,2024-02-06,unknown_user,,Rotten Tomatoes,en,rotten_tomatoes,positive,Unknown,Unknown,False,estrogen opera intensely feminine serf antidote cannier doppelganger diesel xxx flexathon,"['estrogen', 'opera', 'intensely', 'feminine', 'serf', 'antidote', 'cannier', 'doppelganger', 'diesel', 'xxx', 'flexathon']",11,89,positive,0.4046,"{np.str_('negative'): 0.2554, np.str_('neutral'): 0.34, np.str_('positive'): 0.4046}",labeled
401,"@user ""As conservatives, we also care about your sexuality though"".",2024-07-22,unknown_user,,Twitter (tweet_eval),en,tweet_eval_sentiment,negative,Unknown,Conservatives,False,conservative also care sexuality though,"['conservative', 'also', 'care', 'sexuality', 'though']",5,39,positive,0.4046,"{np.str_('negative'): 0.2554, np.str_('neutral'): 0.34, np.str_('positive'): 0.4046}",labeled
402,"""Can't wait for tomorrow's headline: """"Nicki beats the hell out of Miley at VMA after party""""""",2024-02-24,unknown_user,,Twitter (tweet_eval),en,tweet_eval_sentiment,positive,Unknown,Unknown,False,cant wait tomorrow headline nicki beat hell miley vma party,"['cant', 'wait', 'tomorrow', 'headline', 'nicki', 'beat', 'hell', 'miley', 'vma', 'party']",10,59,positive,0.5787,"{np.str_('negative'): 0.1501, np.str_('neutral'): 0.2712, np.str_('positive'): 0.5787}",labeled
403,directed the film from the back of a taxicab ,2024-06-01,unknown_user,,SST-2,en,sst2,negative,Unknown,Unknown,False,directed film back taxicab,"['directed', 'film', 'back', 'taxicab']",4,26,positive,0.5315,"{np.str_('negative'): 0.3576, np.str_('neutral'): 0.1109, np.str_('positive'): 0.5315}",labeled
404,"@user u 2 missed it. statement was plotted to take attention away from UK national Rahul Gandhi. 2ndly, such BS ll hit fan in Apr.""",2024-11-21,unknown_user,,Twitter (tweet_eval),en,tweet_eval_sentiment,negative,Rahul Gandhi,INC (Congress),False,missed statement plotted take attention away uk national RahulGandhi 2ndly b hit fan apr,"['missed', 'statement', 'plotted', 'take', 'attention', 'away', 'uk', 'national', 'RahulGandhi', '2ndly', 'b', 'hit', 'fan', 'apr']",14,88,positive,0.3882,"{np.str_('negative'): 0.3721, np.str_('neutral'): 0.2396, np.str_('positive'): 0.3882}",labeled
405,Tomorrow is National Ice Cream Day! Here's every place you can get free ice cream:,2024-02-15,unknown_user,,Twitter (tweet_eval),en,tweet_eval_sentiment,positive,Unknown,Unknown,False,tomorrow national ice cream day here every place get free ice cream,"['tomorrow', 'national', 'ice', 'cream', 'day', 'here', 'every', 'place', 'get', 'free', 'ice', 'cream']",12,67,positive,0.4695,"{np.str_('negative'): 0.2821, np.str_('neutral'): 0.2485, np.str_('positive'): 0.4695}",labeled
406,Nice video of latest tests @user for self-driving cars. Easy ride 🚗,2025-01-16,unknown_user,,Twitter (tweet_eval),en,tweet_eval_sentiment,positive,Unknown,Unknown,False,nice video latest test selfdriving car easy ride automobile,"['nice', 'video', 'latest', 'test', 'selfdriving', 'car', 'easy', 'ride', 'automobile']",9,59,positive,0.4325,"{np.str_('negative'): 0.2449, np.str_('neutral'): 0.3226, np.str_('positive'): 0.4325}",labeled
407,I could listen to the black Friday songs Kendrick and cole dropped all day man fr,2024-03-21,unknown_user,,Twitter (tweet_eval),en,tweet_eval_sentiment,positive,Unknown,Unknown,False,could listen black friday song kendrick cole dropped day man fr,"['could', 'listen', 'black', 'friday', 'song', 'kendrick', 'cole', 'dropped', 'day', 'man', 'fr']",11,63,positive,0.5192,"{np.str_('negative'): 0.1365, np.str_('neutral'): 0.3443, np.str_('positive'): 0.5192}",labeled
408,Why the Electoral College must choose Clinton. #faithlesselectors #hamiltonelectors #ElectoralCollege #StillWithHer,2025-03-31,unknown_user,,Twitter (tweet_eval),en,tweet_eval_sentiment,positive,Unknown,Unknown,False,electoral college must choose clinton,"['electoral', 'college', 'must', 'choose', 'clinton']",5,37,negative,0.3782,"{np.str_('negative'): 0.3782, np.str_('neutral'): 0.3256, np.str_('positive'): 0.2962}",labeled
409,Foo Fighters and The Vamps on the same list?!! thats why i love New Music Friday playlist on Spotify @user,2024-12-20,unknown_user,,Twitter (tweet_eval),en,tweet_eval_sentiment,positive,Unknown,Unknown,False,foo fighter vamp list thats love new music friday playlist spotify,"['foo', 'fighter', 'vamp', 'list', 'thats', 'love', 'new', 'music', 'friday', 'playlist', 'spotify']",11,66,positive,0.4555,"{np.str_('negative'): 0.1458, np.str_('neutral'): 0.3986, np.str_('positive'): 0.4555}",labeled
410,@user You lied your way through the entire campaign. not going to believe u now. Hiring racists and and white supremacists. SAD,2024-12-22,unknown_user,,Twitter (tweet_eval),en,tweet_eval_sentiment,negative,Unknown,Unknown,False,lied way entire campaign not going believe hiring racist white supremacist sad,"['lied', 'way', 'entire', 'campaign', 'not', 'going', 'believe', 'hiring', 'racist', 'white', 'supremacist', 'sad']",12,78,neutral,0.3348,"{np.str_('negative'): 0.3324, np.str_('neutral'): 0.3348, np.str_('positive'): 0.3328}",labeled
411,Jim Murphy as a conflict resolution adviser? the most inspired choice since Tony Blair became a peace envoy :-/,2024-12-13,unknown_user,,Twitter (tweet_eval),en,tweet_eval_sentiment,neutral,Unknown,Unknown,False,jim murphy conflict resolution adviser inspired choice since tony blair became peace envoy,"['jim', 'murphy', 'conflict', 'resolution', 'adviser', 'inspired', 'choice', 'since', 'tony', 'blair', 'became', 'peace', 'envoy']",13,90,positive,0.4046,"{np.str_('negative'): 0.2554, np.str_('neutral'): 0.34, np.str_('positive'): 0.4046}",labeled
412,@user Mr. Arici didn't even pretend to donate to charity while paying to undermine our country with a dictator?,2024-09-27,unknown_user,,Twitter (tweet_eval),en,tweet_eval_sentiment,neutral,Unknown,Unknown,False,mr arici didnt even pretend donate charity paying undermine country dictator,"['mr', 'arici', 'didnt', 'even', 'pretend', 'donate', 'charity', 'paying', 'undermine', 'country', 'dictator']",11,76,neutral,0.4797,"{np.str_('negative'): 0.294, np.str_('neutral'): 0.4797, np.str_('positive'): 0.2262}",labeled
413,@user I guess the world's super power putting a brutal economic embargo didn't hurt Cuba at all,2025-04-11,unknown_user,,Twitter (tweet_eval),en,tweet_eval_sentiment,neutral,Unknown,Unknown,False,guess world super power putting brutal economic embargo didnt hurt cuba,"['guess', 'world', 'super', 'power', 'putting', 'brutal', 'economic', 'embargo', 'didnt', 'hurt', 'cuba']",11,71,neutral,0.5464,"{np.str_('negative'): 0.2251, np.str_('neutral'): 0.5464, np.str_('positive'): 0.2285}",labeled
414,"""Carly Fiorina: 'Game On': Carly Fiorina explained on Fox News Sunday this morning that the presidential """"race ...",2024-11-24,unknown_user,,Twitter (tweet_eval),en,tweet_eval_sentiment,neutral,Unknown,Unknown,False,carly fiorina game carly fiorina explained fox news sunday morning presidential race,"['carly', 'fiorina', 'game', 'carly', 'fiorina', 'explained', 'fox', 'news', 'sunday', 'morning', 'presidential', 'race']",12,84,neutral,0.4719,"{np.str_('negative'): 0.1375, np.str_('neutral'): 0.4719, np.str_('positive'): 0.3905}",labeled
415,@user Your mail monday with Fps Russia was such a tease lol,2024-08-10,unknown_user,,Twitter (tweet_eval),en,tweet_eval_sentiment,negative,Unknown,Unknown,False,mail monday fps russia tease lol,"['mail', 'monday', 'fps', 'russia', 'tease', 'lol']",6,32,neutral,0.4118,"{np.str_('negative'): 0.2958, np.str_('neutral'): 0.4118, np.str_('positive'): 0.2924}",labeled
416,"""this Monday 21st of December, 7:30 PM in Jerusalem, the (unofficial) embassy of Iran will be opened by a group of...",2024-01-31,unknown_user,,Twitter (tweet_eval),en,tweet_eval_sentiment,neutral,Unknown,Unknown,False,monday 21st december 730 pm jerusalem unofficial embassy iran opened group,"['monday', '21st', 'december', '730', 'pm', 'jerusalem', 'unofficial', 'embassy', 'iran', 'opened', 'group']",11,74,neutral,0.493,"{np.str_('negative'): 0.2872, np.str_('neutral'): 0.493, np.str_('positive'): 0.2197}",labeled
417,"""90% of Muslims may be good individually. But, in a mob, 95%of Muslims are just fanatic idiots.",2024-05-10,unknown_user,,Twitter (tweet_eval),en,tweet_eval_sentiment,negative,Unknown,Unknown,False,90 muslim may good individually but mob 95of muslim fanatic idiot,"['90', 'muslim', 'may', 'good', 'individually', 'but', 'mob', '95of', 'muslim', 'fanatic', 'idiot']",11,65,positive,0.6326,"{np.str_('negative'): 0.2113, np.str_('neutral'): 0.1561, np.str_('positive'): 0.6326}",labeled
418,"""This Sunday join us for \""""""""Living in the Valley.\""""""""",2025-01-02,unknown_user,,Twitter (tweet_eval),en,tweet_eval_sentiment,neutral,Unknown,Unknown,False,sunday join u living valley,"['sunday', 'join', 'u', 'living', 'valley']",5,27,positive,0.4318,"{np.str_('negative'): 0.1532, np.str_('neutral'): 0.415, np.str_('positive'): 0.4318}",labeled
419,"""Finally sat and watched it. David Bowie's #Blackstar is PERFECT. More of this, less of everything else.""",2025-01-06,unknown_user,,Twitter (tweet_eval),en,tweet_eval_sentiment,positive,Unknown,Unknown,False,finally sat watched david bowie perfect less everything else,"['finally', 'sat', 'watched', 'david', 'bowie', 'perfect', 'less', 'everything', 'else']",9,60,positive,0.5279,"{np.str_('negative'): 0.1708, np.str_('neutral'): 0.3014, np.str_('positive'): 0.5279}",labeled
420,Brook Lopez gets a short shot +1\u002c #brooklynnets lead 71-56 w/ 4:20 to play in the 3rd quarter. #hellobrooklyn,2024-11-16,unknown_user,,Twitter (tweet_eval),en,tweet_eval_sentiment,neutral,Unknown,Unknown,False,brook lopez get short shot 1u002c lead 7156 420 play 3rd quarter,"['brook', 'lopez', 'get', 'short', 'shot', '1u002c', 'lead', '7156', '420', 'play', '3rd', 'quarter']",12,64,negative,0.362,"{np.str_('negative'): 0.362, np.str_('neutral'): 0.3284, np.str_('positive'): 0.3096}",labeled
421,Made a 96 on that paper that was due the Monday after Thanksgiving break!,2024-07-05,unknown_user,,Twitter (tweet_eval),en,tweet_eval_sentiment,neutral,Unknown,Unknown,False,made 96 paper due monday thanksgiving break,"['made', '96', 'paper', 'due', 'monday', 'thanksgiving', 'break']",7,43,neutral,0.421,"{np.str_('negative'): 0.2287, np.str_('neutral'): 0.421, np.str_('positive'): 0.3503}",labeled
422,Isn't Japan's debt large too: The Mainichi answers common questions readers may have about Japan's large debts...,2025-01-25,unknown_user,,Twitter (tweet_eval),en,tweet_eval_sentiment,negative,Unknown,Unknown,False,isnt japan debt large mainichi answer common question reader may japan large debt,"['isnt', 'japan', 'debt', 'large', 'mainichi', 'answer', 'common', 'question', 'reader', 'may', 'japan', 'large', 'debt']",13,81,positive,0.4046,"{np.str_('negative'): 0.2554, np.str_('neutral'): 0.34, np.str_('positive'): 0.4046}",labeled
423,"""My verdict on Paper Towns: solid 8/10. Very nice, simply done. May have fallen in love with Nat Wolff's acting more than humanly possible.""",2024-09-03,unknown_user,,Twitter (tweet_eval),en,tweet_eval_sentiment,positive,Unknown,Unknown,False,verdict paper town solid 810 nice simply done may fallen love nat wolff acting humanly possible,"['verdict', 'paper', 'town', 'solid', '810', 'nice', 'simply', 'done', 'may', 'fallen', 'love', 'nat', 'wolff', 'acting', 'humanly', 'possible']",16,95,positive,0.6304,"{np.str_('negative'): 0.1289, np.str_('neutral'): 0.2407, np.str_('positive'): 0.6304}",labeled
424,"""Kanye West is wrong. It may be more pleasant to think that success is binary, but it's definitely not.""",2024-05-23,unknown_user,,Twitter (tweet_eval),en,tweet_eval_sentiment,negative,Unknown,Unknown,False,kanye west wrong may pleasant think success binary but definitely not,"['kanye', 'west', 'wrong', 'may', 'pleasant', 'think', 'success', 'binary', 'but', 'definitely', 'not']",11,69,neutral,0.4492,"{np.str_('negative'): 0.1897, np.str_('neutral'): 0.4492, np.str_('positive'): 0.361}",labeled
425,"quirky , charming and ",2024-10-15,unknown_user,,SST-2,en,sst2,positive,Unknown,Unknown,False,quirky charming,"['quirky', 'charming']",2,15,positive,0.4046,"{np.str_('negative'): 0.2554, np.str_('neutral'): 0.34, np.str_('positive'): 0.4046}",labeled
426,what more can be expected from a college comedy that's target audience hasn't graduated from junior high school ?,2025-03-16,unknown_user,,Rotten Tomatoes,en,rotten_tomatoes,negative,Unknown,Unknown,False,expected college comedy thats target audience hasnt graduated junior high school,"['expected', 'college', 'comedy', 'thats', 'target', 'audience', 'hasnt', 'graduated', 'junior', 'high', 'school']",11,80,negative,0.4692,"{np.str_('negative'): 0.4692, np.str_('neutral'): 0.173, np.str_('positive'): 0.3578}",labeled
427,"@user go to sleep you have school tomorrow""",2025-05-12,unknown_user,,Twitter (tweet_eval),en,tweet_eval_sentiment,neutral,Unknown,Unknown,False,go sleep school tomorrow,"['go', 'sleep', 'school', 'tomorrow']",4,24,positive,0.3746,"{np.str_('negative'): 0.2617, np.str_('neutral'): 0.3638, np.str_('positive'): 0.3746}",labeled
428,Tonight - we test one of our Nuit Blanche projects! Nuit Blanche is coming up! What are we doing you ask?,2025-05-01,unknown_user,,Twitter (tweet_eval),en,tweet_eval_sentiment,neutral,Unknown,Unknown,False,tonight test one nuit blanche project nuit blanche coming ask,"['tonight', 'test', 'one', 'nuit', 'blanche', 'project', 'nuit', 'blanche', 'coming', 'ask']",10,61,neutral,0.4543,"{np.str_('negative'): 0.182, np.str_('neutral'): 0.4543, np.str_('positive'): 0.3637}",labeled
429,"with a story inspired by the tumultuous surroundings of los angeles , where feelings of marginalization loom for every dreamer with a burst bubble , the dogwalker has a few characters and ideas , but it never manages to put them on the same path .",2024-06-27,unknown_user,,Rotten Tomatoes,en,rotten_tomatoes,negative,Unknown,Conservatives,False,story inspired tumultuous surroundings los angeles feeling marginalization loom every dreamer burst bubble dogwalker character idea but never manages put path,"['story', 'inspired', 'tumultuous', 'surroundings', 'los', 'angeles', 'feeling', 'marginalization', 'loom', 'every', 'dreamer', 'burst', 'bubble', 'dogwalker', 'character', 'idea', 'but', 'never', 'manages', 'put', 'path']",21,158,negative,0.5307,"{np.str_('negative'): 0.5307, np.str_('neutral'): 0.2008, np.str_('positive'): 0.2685}",labeled
430,I get it now he told @user  tomorrow so she wouldn't come. Dang nobody likes Calle.,2024-12-05,unknown_user,,Twitter (tweet_eval),en,tweet_eval_sentiment,negative,Unknown,Unknown,False,get told tomorrow wouldnt come dang nobody like calle,"['get', 'told', 'tomorrow', 'wouldnt', 'come', 'dang', 'nobody', 'like', 'calle']",9,53,positive,0.5337,"{np.str_('negative'): 0.1979, np.str_('neutral'): 0.2684, np.str_('positive'): 0.5337}",labeled
431,Voter registration is on-going. Tweet @user for directions to where you can register in your constituency#NiShowPower,2024-01-09,unknown_user,,Twitter (tweet_eval),en,tweet_eval_sentiment,neutral,Unknown,Unknown,False,voter registration ongoing tweet direction register constituency,"['voter', 'registration', 'ongoing', 'tweet', 'direction', 'register', 'constituency']",7,64,positive,0.4046,"{np.str_('negative'): 0.2554, np.str_('neutral'): 0.34, np.str_('positive'): 0.4046}",labeled
432,"it's more enjoyable than i expected , though , and that's because the laughs come from fairly basic comedic constructs . cinematic pratfalls given a working over . the cast is spot on and the mood is laid back .",2024-02-19,unknown_user,,Rotten Tomatoes,en,rotten_tomatoes,positive,Unknown,Unknown,False,enjoyable expected though thats laugh come fairly basic comedic construct cinematic pratfall given working cast spot mood laid back,"['enjoyable', 'expected', 'though', 'thats', 'laugh', 'come', 'fairly', 'basic', 'comedic', 'construct', 'cinematic', 'pratfall', 'given', 'working', 'cast', 'spot', 'mood', 'laid', 'back']",19,131,positive,0.5506,"{np.str_('negative'): 0.2432, np.str_('neutral'): 0.2062, np.str_('positive'): 0.5506}",labeled
433,POWERFUL #AUDIO #TEACHINGS = #ConservativeReview #MarkLevin #CommonCore #Immigration #Conservatism #DanielHorowitz,2024-01-01,unknown_user,,Twitter (tweet_eval),en,tweet_eval_sentiment,neutral,Unknown,Conservatives,False,powerful,['powerful'],1,8,positive,0.4046,"{np.str_('negative'): 0.2554, np.str_('neutral'): 0.34, np.str_('positive'): 0.4046}",labeled
434,The Anti-Trump Riots are a Smokescreen to Abolish the Electoral college:,2024-02-06,unknown_user,,Twitter (tweet_eval),en,tweet_eval_sentiment,negative,Trump,Unknown,False,antitrump riot smokescreen abolish electoral college,"['antitrump', 'riot', 'smokescreen', 'abolish', 'electoral', 'college']",6,52,negative,0.4533,"{np.str_('negative'): 0.4533, np.str_('neutral'): 0.2253, np.str_('positive'): 0.3215}",labeled
435,#Yanukovych seems much more willing to take questions from the media than @user often is! #UkrAine,2025-02-03,unknown_user,,Twitter (tweet_eval),en,tweet_eval_sentiment,neutral,Unknown,Unknown,False,seems much willing take question medium often,"['seems', 'much', 'willing', 'take', 'question', 'medium', 'often']",7,45,positive,0.4046,"{np.str_('negative'): 0.2554, np.str_('neutral'): 0.34, np.str_('positive'): 0.4046}",labeled
436,Pumpkin spice flavor is already back at dunkin and I don't know how to feel because it's still august,2024-10-02,unknown_user,,Twitter (tweet_eval),en,tweet_eval_sentiment,positive,Unknown,Unknown,False,pumpkin spice flavor already back dunkin dont know feel still august,"['pumpkin', 'spice', 'flavor', 'already', 'back', 'dunkin', 'dont', 'know', 'feel', 'still', 'august']",11,68,negative,0.4246,"{np.str_('negative'): 0.4246, np.str_('neutral'): 0.3201, np.str_('positive'): 0.2552}",labeled
437,LOL --> China Censors ‘Kim Fatty the Third’ From Search Results After North... by #prchovanec via @user,2025-03-04,unknown_user,,Twitter (tweet_eval),en,tweet_eval_sentiment,neutral,Unknown,Unknown,False,lol china censor kim fatty third search result north via,"['lol', 'china', 'censor', 'kim', 'fatty', 'third', 'search', 'result', 'north', 'via']",10,56,positive,0.3486,"{np.str_('negative'): 0.304, np.str_('neutral'): 0.3473, np.str_('positive'): 0.3486}",labeled
438,Not bashing on Calibraska because I liked it but true because so many girls are not here for the music.,2024-06-02,unknown_user,,Twitter (tweet_eval),en,tweet_eval_sentiment,positive,Unknown,Unknown,False,not bashing calibraska liked but true many girl not music,"['not', 'bashing', 'calibraska', 'liked', 'but', 'true', 'many', 'girl', 'not', 'music']",10,57,positive,0.396,"{np.str_('negative'): 0.3387, np.str_('neutral'): 0.2653, np.str_('positive'): 0.396}",labeled
439,Lin picks up a loose ball and just trucks Stuckey. Unfortunately\u002c that\u2019s not allowed\u002c to bench with 4th foul as Pistons reclaim lead\u002c 67-65.,2025-01-23,unknown_user,,Twitter (tweet_eval),en,tweet_eval_sentiment,negative,Unknown,Unknown,False,lin pick loose ball truck stuckey unfortunatelyu002c thatu2019s not allowedu002c bench 4th foul piston reclaim leadu002c 6765,"['lin', 'pick', 'loose', 'ball', 'truck', 'stuckey', 'unfortunatelyu002c', 'thatu2019s', 'not', 'allowedu002c', 'bench', '4th', 'foul', 'piston', 'reclaim', 'leadu002c', '6765']",17,125,positive,0.4533,"{np.str_('negative'): 0.2291, np.str_('neutral'): 0.3177, np.str_('positive'): 0.4533}",labeled
440,the ups and downs of friendships ,2025-04-30,unknown_user,,SST-2,en,sst2,positive,Unknown,Unknown,False,ups down friendship,"['ups', 'down', 'friendship']",3,19,positive,0.4046,"{np.str_('negative'): 0.2554, np.str_('neutral'): 0.34, np.str_('positive'): 0.4046}",labeled
441,"NBC should be ashamed. I wouldn't allow my children to see this. I definitely would tell my church to stay away. This movie is proof as to why NBC has always been a 3rd rate network The producers, actors, and writers should get on their knees and beg God's forgiveness for making ",2024-10-10,unknown_user,,IMDB,en,imdb,negative,Unknown,Unknown,False,nbc ashamed wouldnt allow child see definitely would tell church stay away movie proof nbc always 3rd rate network producer actor writer get knee beg god forgiveness making,"['nbc', 'ashamed', 'wouldnt', 'allow', 'child', 'see', 'definitely', 'would', 'tell', 'church', 'stay', 'away', 'movie', 'proof', 'nbc', 'always', '3rd', 'rate', 'network', 'producer', 'actor', 'writer', 'get', 'knee', 'beg', 'god', 'forgiveness', 'making']",28,172,negative,0.539,"{np.str_('negative'): 0.539, np.str_('neutral'): 0.1519, np.str_('positive'): 0.3091}",labeled
442,Kind of a throwback to Eid when the sun and I guess wind was in our faces,2025-04-11,unknown_user,,Twitter (tweet_eval),en,tweet_eval_sentiment,neutral,Unknown,Unknown,False,kind throwback eid sun guess wind face,"['kind', 'throwback', 'eid', 'sun', 'guess', 'wind', 'face']",7,38,neutral,0.4676,"{np.str_('negative'): 0.2516, np.str_('neutral'): 0.4676, np.str_('positive'): 0.2808}",labeled
443,"Coming from Kiarostami, this art-house visual and sound exposition is a surprise. For a director known for his narratives and keen observation of humans, especially children, this excursion into minimalist cinematography begs for questions: Why did he do it? Was it to keep him bu",2025-03-11,unknown_user,,IMDB,en,imdb,negative,Unknown,Unknown,False,coming kiarostami arthouse visual sound exposition surprise director known narrative keen observation human especially child excursion minimalist cinematography begs question keep bu,"['coming', 'kiarostami', 'arthouse', 'visual', 'sound', 'exposition', 'surprise', 'director', 'known', 'narrative', 'keen', 'observation', 'human', 'especially', 'child', 'excursion', 'minimalist', 'cinematography', 'begs', 'question', 'keep', 'bu']",22,182,negative,0.3645,"{np.str_('negative'): 0.3645, np.str_('neutral'): 0.2841, np.str_('positive'): 0.3514}",labeled
444,Temple\u002c Drexel\u002c Penn\u002c NY SD\u002c state of NJ - closed for Monday and Tuesday. Philly SD? Still thinking about it. #thatmakessense #noitdoesnt,2024-03-08,unknown_user,,Twitter (tweet_eval),en,tweet_eval_sentiment,negative,Unknown,Unknown,False,templeu002c drexelu002c pennu002c ny sdu002c state nj closed monday tuesday philly sd still thinking,"['templeu002c', 'drexelu002c', 'pennu002c', 'ny', 'sdu002c', 'state', 'nj', 'closed', 'monday', 'tuesday', 'philly', 'sd', 'still', 'thinking']",14,100,neutral,0.3819,"{np.str_('negative'): 0.2899, np.str_('neutral'): 0.3819, np.str_('positive'): 0.3282}",labeled
445,"uneven , self-conscious but often hilarious spoof .",2024-09-15,unknown_user,,Rotten Tomatoes,en,rotten_tomatoes,positive,Unknown,Unknown,False,uneven selfconscious but often hilarious spoof,"['uneven', 'selfconscious', 'but', 'often', 'hilarious', 'spoof']",6,46,positive,0.4046,"{np.str_('negative'): 0.2554, np.str_('neutral'): 0.34, np.str_('positive'): 0.4046}",labeled
446,"Walking home after the film, I was humming the familiar waltz music that Natalia and Alexandre were dancing to. I've heard that before - where? Ah, from Kubrick's ""Eyes Wide Shut"" (track 2), 'got it just as I arrived at the door. It's ""Waltz No. 2 from Jazz Suite No. 2"" composed ",2025-03-12,unknown_user,,IMDB,en,imdb,positive,Unknown,Unknown,False,walking home film humming familiar waltz music natalia alexandre dancing ive heard ah kubrick eye wide shut track got arrived door waltz no jazz suite no composed,"['walking', 'home', 'film', 'humming', 'familiar', 'waltz', 'music', 'natalia', 'alexandre', 'dancing', 'ive', 'heard', 'ah', 'kubrick', 'eye', 'wide', 'shut', 'track', 'got', 'arrived', 'door', 'waltz', 'no', 'jazz', 'suite', 'no', 'composed']",27,162,positive,0.4275,"{np.str_('negative'): 0.3228, np.str_('neutral'): 0.2497, np.str_('positive'): 0.4275}",labeled
447,One for your diary. We have reindeer's coming to the garden centre on Saturday the 8th of December.,2024-09-09,unknown_user,,Twitter (tweet_eval),en,tweet_eval_sentiment,neutral,Unknown,Unknown,False,one diary reindeer coming garden centre saturday 8th december,"['one', 'diary', 'reindeer', 'coming', 'garden', 'centre', 'saturday', '8th', 'december']",9,61,neutral,0.4344,"{np.str_('negative'): 0.2295, np.str_('neutral'): 0.4344, np.str_('positive'): 0.3361}",labeled
448,"the action switches between past and present , but the material link is too tenuous to anchor the emotional connections that purport to span a 125-year divide . ",2024-12-05,unknown_user,,SST-2,en,sst2,negative,Unknown,Unknown,False,action switch past present but material link tenuous anchor emotional connection purport span 125year divide,"['action', 'switch', 'past', 'present', 'but', 'material', 'link', 'tenuous', 'anchor', 'emotional', 'connection', 'purport', 'span', '125year', 'divide']",15,108,neutral,0.4064,"{np.str_('negative'): 0.3852, np.str_('neutral'): 0.4064, np.str_('positive'): 0.2084}",labeled
449,Donald Trump lied?  What?  Never!  Donald Trump never says anything without having seriously meant it! *Sarcasm!De…,2024-08-01,unknown_user,,Twitter (tweet_eval),en,tweet_eval_sentiment,negative,Trump,Unknown,False,Trump lied never Trump never say anything without seriously meant sarcasmde…,"['Trump', 'lied', 'never', 'Trump', 'never', 'say', 'anything', 'without', 'seriously', 'meant', 'sarcasmde…']",11,76,negative,0.4248,"{np.str_('negative'): 0.4248, np.str_('neutral'): 0.3102, np.str_('positive'): 0.265}",labeled
450,@user @user the video wasn't aimed about gun control rather mental issues that this young boy struggle w/,2025-02-22,unknown_user,,Twitter (tweet_eval),en,tweet_eval_sentiment,negative,Unknown,Unknown,False,video wasnt aimed gun control rather mental issue young boy struggle,"['video', 'wasnt', 'aimed', 'gun', 'control', 'rather', 'mental', 'issue', 'young', 'boy', 'struggle']",11,68,neutral,0.3727,"{np.str_('negative'): 0.2647, np.str_('neutral'): 0.3727, np.str_('positive'): 0.3625}",labeled
451,"though it runs 163 minutes , safe conduct is anything but languorous . it's packed to bursting with incident , and with scores of characters , some fictional , some from history .",2024-04-14,unknown_user,,Rotten Tomatoes,en,rotten_tomatoes,positive,Unknown,Conservatives,False,though run 163 minute safe conduct anything but languorous packed bursting incident score character fictional history,"['though', 'run', '163', 'minute', 'safe', 'conduct', 'anything', 'but', 'languorous', 'packed', 'bursting', 'incident', 'score', 'character', 'fictional', 'history']",16,117,negative,0.4722,"{np.str_('negative'): 0.4722, np.str_('neutral'): 0.1855, np.str_('positive'): 0.3423}",labeled
452,"#Eurozone BREAKING: Vladimir Putin admits Kim Jong-un is better in every way and would ""love to see... [his] face"" #SydMUN16",2024-09-05,unknown_user,,Twitter (tweet_eval),en,tweet_eval_sentiment,positive,Unknown,Unknown,False,breaking vladimir putin admits kim jongun better every way would love see face,"['breaking', 'vladimir', 'putin', 'admits', 'kim', 'jongun', 'better', 'every', 'way', 'would', 'love', 'see', 'face']",13,78,positive,0.3913,"{np.str_('negative'): 0.3104, np.str_('neutral'): 0.2983, np.str_('positive'): 0.3913}",labeled
453,Braille and Large Print Game Night is this coming Tuesday at MLK Jr. Library Room 215 from 6pm to 8pm. See you there!,2025-02-17,unknown_user,,Twitter (tweet_eval),en,tweet_eval_sentiment,neutral,Unknown,Unknown,False,braille large print game night coming tuesday mlk jr library room 215 6pm 8pm see,"['braille', 'large', 'print', 'game', 'night', 'coming', 'tuesday', 'mlk', 'jr', 'library', 'room', '215', '6pm', '8pm', 'see']",15,81,neutral,0.5176,"{np.str_('negative'): 0.1094, np.str_('neutral'): 0.5176, np.str_('positive'): 0.373}",labeled
454,speaks eloquently about the symbiotic relationship between art and life .,2025-02-03,unknown_user,,Rotten Tomatoes,en,rotten_tomatoes,positive,Unknown,Unknown,False,speaks eloquently symbiotic relationship art life,"['speaks', 'eloquently', 'symbiotic', 'relationship', 'art', 'life']",6,49,positive,0.4405,"{np.str_('negative'): 0.2974, np.str_('neutral'): 0.262, np.str_('positive'): 0.4405}",labeled
455,Anything keeping me going is the Zac Brown Band concert in November,2024-05-12,unknown_user,,Twitter (tweet_eval),en,tweet_eval_sentiment,positive,Unknown,Unknown,False,anything keeping going zac brown band concert november,"['anything', 'keeping', 'going', 'zac', 'brown', 'band', 'concert', 'november']",8,54,positive,0.4618,"{np.str_('negative'): 0.2294, np.str_('neutral'): 0.3088, np.str_('positive'): 0.4618}",labeled
456,"@user if I buy you a ticket to Ed Sheeran in Dallas on September 5th, will you go with me""",2024-12-11,unknown_user,,Twitter (tweet_eval),en,tweet_eval_sentiment,neutral,Unknown,Unknown,False,buy ticket ed sheeran dallas september 5th go,"['buy', 'ticket', 'ed', 'sheeran', 'dallas', 'september', '5th', 'go']",8,45,neutral,0.5714,"{np.str_('negative'): 0.1389, np.str_('neutral'): 0.5714, np.str_('positive'): 0.2897}",labeled
457,@user @user yeah but then again Kane has respect for Abby and still butts heads with her so it may happen,2025-02-19,unknown_user,,Twitter (tweet_eval),en,tweet_eval_sentiment,neutral,Unknown,Unknown,False,yeah but kane respect abby still butt head may happen,"['yeah', 'but', 'kane', 'respect', 'abby', 'still', 'butt', 'head', 'may', 'happen']",10,53,neutral,0.4716,"{np.str_('negative'): 0.2506, np.str_('neutral'): 0.4716, np.str_('positive'): 0.2778}",labeled
458,@user @user I'm now seriously tempted to re-read the 1st book and see if Cara fits. I still need to see Paper towns though,2024-05-25,unknown_user,,Twitter (tweet_eval),en,tweet_eval_sentiment,positive,Unknown,Unknown,False,im seriously tempted reread 1st book see cara fit still need see paper town though,"['im', 'seriously', 'tempted', 'reread', '1st', 'book', 'see', 'cara', 'fit', 'still', 'need', 'see', 'paper', 'town', 'though']",15,82,positive,0.5883,"{np.str_('negative'): 0.1171, np.str_('neutral'): 0.2946, np.str_('positive'): 0.5883}",labeled
459,I haven't even officially started working at Dunkin yet and I already don't want to go in tomorrow lol,2025-04-10,unknown_user,,Twitter (tweet_eval),en,tweet_eval_sentiment,negative,Unknown,Unknown,False,havent even officially started working dunkin yet already dont want go tomorrow lol,"['havent', 'even', 'officially', 'started', 'working', 'dunkin', 'yet', 'already', 'dont', 'want', 'go', 'tomorrow', 'lol']",13,83,positive,0.3628,"{np.str_('negative'): 0.2879, np.str_('neutral'): 0.3494, np.str_('positive'): 0.3628}",labeled
460,"""Advertising is getting so aggressive, just saw a billboard asking """"""""will you get HIV today? will you get HIV tonight? How about tomorrow?""""""""""",2024-09-27,unknown_user,,Twitter (tweet_eval),en,tweet_eval_sentiment,negative,Unknown,Unknown,False,advertising getting aggressive saw billboard asking get hiv today get hiv tonight tomorrow,"['advertising', 'getting', 'aggressive', 'saw', 'billboard', 'asking', 'get', 'hiv', 'today', 'get', 'hiv', 'tonight', 'tomorrow']",13,90,positive,0.5244,"{np.str_('negative'): 0.1745, np.str_('neutral'): 0.3011, np.str_('positive'): 0.5244}",labeled
461,all analyze that proves is that there is really only one movie's worth of decent gags to be gleaned from the premise .,2024-06-25,unknown_user,,Rotten Tomatoes,en,rotten_tomatoes,negative,Unknown,Unknown,False,analyze prof really one movie worth decent gag gleaned premise,"['analyze', 'prof', 'really', 'one', 'movie', 'worth', 'decent', 'gag', 'gleaned', 'premise']",10,62,negative,0.4277,"{np.str_('negative'): 0.4277, np.str_('neutral'): 0.216, np.str_('positive'): 0.3562}",labeled
462,@user it has a scene where Ice Cube sits at a lap top and says.. this his funny.. and his wife says You finished? Friday is dope.,2025-04-07,unknown_user,,Twitter (tweet_eval),en,tweet_eval_sentiment,positive,Unknown,Unknown,False,scene ice cube sits lap top say funny wife say finished friday dope,"['scene', 'ice', 'cube', 'sits', 'lap', 'top', 'say', 'funny', 'wife', 'say', 'finished', 'friday', 'dope']",13,67,positive,0.3615,"{np.str_('negative'): 0.3229, np.str_('neutral'): 0.3155, np.str_('positive'): 0.3615}",labeled
463,"@user doing a #XF3DayHiatus watch over the weekend! Sat Bad Blood, Sun Arcadia, Mon PMP all at 8pm EST - join in the fun!""",2024-09-27,unknown_user,,Twitter (tweet_eval),en,tweet_eval_sentiment,positive,Unknown,Unknown,False,watch weekend sat bad blood sun arcadia mon pmp 8pm est join fun,"['watch', 'weekend', 'sat', 'bad', 'blood', 'sun', 'arcadia', 'mon', 'pmp', '8pm', 'est', 'join', 'fun']",13,64,positive,0.4496,"{np.str_('negative'): 0.2432, np.str_('neutral'): 0.3072, np.str_('positive'): 0.4496}",labeled
464,"""Seeing Frank Ocean in two days, is literally the one and only thing on my mind, until 10:45 p.m., Saturday night.""",2024-08-21,unknown_user,,Twitter (tweet_eval),en,tweet_eval_sentiment,positive,Unknown,Unknown,False,seeing frank ocean two day literally one thing mind 1045 pm saturday night,"['seeing', 'frank', 'ocean', 'two', 'day', 'literally', 'one', 'thing', 'mind', '1045', 'pm', 'saturday', 'night']",13,74,positive,0.5651,"{np.str_('negative'): 0.1293, np.str_('neutral'): 0.3056, np.str_('positive'): 0.5651}",labeled
465,@user i think i go tomorrow. Cuz im on my way to my dad first cuz i have no money to go to interlaken T.T i just hope hes there tomorow,2024-03-02,unknown_user,,Twitter (tweet_eval),en,tweet_eval_sentiment,negative,Unknown,Unknown,False,think go tomorrow cuz im way dad first cuz no money go interlaken tt hope he tomorow,"['think', 'go', 'tomorrow', 'cuz', 'im', 'way', 'dad', 'first', 'cuz', 'no', 'money', 'go', 'interlaken', 'tt', 'hope', 'he', 'tomorow']",17,84,positive,0.4225,"{np.str_('negative'): 0.2854, np.str_('neutral'): 0.2922, np.str_('positive'): 0.4225}",labeled
466,Tomorrow: Read about the very special playhouse Prince George will receive #shepherdshut #royals @user,2024-02-13,unknown_user,,Twitter (tweet_eval),en,tweet_eval_sentiment,neutral,Unknown,Unknown,False,tomorrow read special playhouse prince george receive,"['tomorrow', 'read', 'special', 'playhouse', 'prince', 'george', 'receive']",7,53,positive,0.5274,"{np.str_('negative'): 0.1372, np.str_('neutral'): 0.3354, np.str_('positive'): 0.5274}",labeled
467,30 Seconds to Mars - Night of the Hunter (Shannon Leto Remix) - Single - 18 Sep 2012,2024-11-05,unknown_user,,Twitter (tweet_eval),en,tweet_eval_sentiment,neutral,Unknown,Unknown,False,30 second mar night hunter shannon leto remix single 18 sep 2012,"['30', 'second', 'mar', 'night', 'hunter', 'shannon', 'leto', 'remix', 'single', '18', 'sep', '2012']",12,64,neutral,0.5059,"{np.str_('negative'): 0.0755, np.str_('neutral'): 0.5059, np.str_('positive'): 0.4187}",labeled
468,@user live @user Fairground ex bengkel 6 Oct 2012. be there lads... enjoy the show,2024-12-18,unknown_user,,Twitter (tweet_eval),en,tweet_eval_sentiment,positive,Unknown,Unknown,False,live fairground ex bengkel oct 2012 lad enjoy show,"['live', 'fairground', 'ex', 'bengkel', 'oct', '2012', 'lad', 'enjoy', 'show']",9,50,positive,0.5389,"{np.str_('negative'): 0.2737, np.str_('neutral'): 0.1875, np.str_('positive'): 0.5389}",labeled
469,Kendrick Lamar may (or may not) have brought out the best (or worst) of me.,2024-10-02,unknown_user,,Twitter (tweet_eval),en,tweet_eval_sentiment,neutral,Unknown,Unknown,False,kendrick lamar may may not brought best worst,"['kendrick', 'lamar', 'may', 'may', 'not', 'brought', 'best', 'worst']",8,45,positive,0.5524,"{np.str_('negative'): 0.158, np.str_('neutral'): 0.2897, np.str_('positive'): 0.5524}",labeled
470,offers that rare combination of entertainment and education .,2024-07-02,unknown_user,,Rotten Tomatoes,en,rotten_tomatoes,positive,Unknown,Unknown,False,offer rare combination entertainment education,"['offer', 'rare', 'combination', 'entertainment', 'education']",5,46,positive,0.4046,"{np.str_('negative'): 0.2554, np.str_('neutral'): 0.34, np.str_('positive'): 0.4046}",labeled
471,"""Angry Rodgers denies Sterling refused to play for England: Roy Hodgson claimed on Tuesday the winger was """"""""too ...",2025-04-12,unknown_user,,Twitter (tweet_eval),en,tweet_eval_sentiment,negative,Unknown,Unknown,False,angry rodgers denies sterling refused play england roy hodgson claimed tuesday winger,"['angry', 'rodgers', 'denies', 'sterling', 'refused', 'play', 'england', 'roy', 'hodgson', 'claimed', 'tuesday', 'winger']",12,85,positive,0.4652,"{np.str_('negative'): 0.2896, np.str_('neutral'): 0.2452, np.str_('positive'): 0.4652}",labeled
472,#ThrowbackThursday: our weekly dive into the Toyota archives: Every Thursday we take a look ... #toyota #usedcars,2024-08-18,unknown_user,,Twitter (tweet_eval),en,tweet_eval_sentiment,neutral,Unknown,Unknown,False,weekly dive toyota archive every thursday take look,"['weekly', 'dive', 'toyota', 'archive', 'every', 'thursday', 'take', 'look']",8,51,positive,0.5117,"{np.str_('negative'): 0.2346, np.str_('neutral'): 0.2537, np.str_('positive'): 0.5117}",labeled
473,@user Sad..but not the 1st time &amp; I'm a sports fan &amp; a kids for education bluff..its all Scott Walker..you cant feel but sad for Wi.,2024-08-13,unknown_user,,Twitter (tweet_eval),en,tweet_eval_sentiment,negative,Unknown,Unknown,False,sadbut not 1st time amp im sport fan amp kid education bluffits scott walkeryou cant feel but sad wi,"['sadbut', 'not', '1st', 'time', 'amp', 'im', 'sport', 'fan', 'amp', 'kid', 'education', 'bluffits', 'scott', 'walkeryou', 'cant', 'feel', 'but', 'sad', 'wi']",19,100,positive,0.3877,"{np.str_('negative'): 0.35, np.str_('neutral'): 0.2624, np.str_('positive'): 0.3877}",labeled
474,Chris Bosh may not be easy on the eyes\u002c but he has a freakin beautiful family!,2024-04-25,unknown_user,,Twitter (tweet_eval),en,tweet_eval_sentiment,positive,Unknown,Unknown,False,chris bosh may not easy eyesu002c but freakin beautiful family,"['chris', 'bosh', 'may', 'not', 'easy', 'eyesu002c', 'but', 'freakin', 'beautiful', 'family']",10,62,neutral,0.4078,"{np.str_('negative'): 0.2961, np.str_('neutral'): 0.4078, np.str_('positive'): 0.2961}",labeled
475,"The future of 3D printing? formnext 2016 showcases new tech from Nano Dimension, HP, others - #3dp",2024-08-23,unknown_user,,Twitter (tweet_eval),en,tweet_eval_sentiment,neutral,Unknown,Unknown,False,future 3d printing formnext 2016 showcase new tech nano dimension hp others,"['future', '3d', 'printing', 'formnext', '2016', 'showcase', 'new', 'tech', 'nano', 'dimension', 'hp', 'others']",12,75,neutral,0.5889,"{np.str_('negative'): 0.1286, np.str_('neutral'): 0.5889, np.str_('positive'): 0.2825}",labeled
476,"""Al Pacino to play Joe Paterno in biopic..this is going to be his 2nd film where he says \""""""""Say hello to my little friend\"""""""" -@sethmeyers21""",2024-11-10,unknown_user,,Twitter (tweet_eval),en,tweet_eval_sentiment,neutral,Unknown,Unknown,False,al pacino play joe paterno biopicthis going 2nd film say say hello little friend,"['al', 'pacino', 'play', 'joe', 'paterno', 'biopicthis', 'going', '2nd', 'film', 'say', 'say', 'hello', 'little', 'friend']",14,80,positive,0.4217,"{np.str_('negative'): 0.3621, np.str_('neutral'): 0.2162, np.str_('positive'): 0.4217}",labeled
477,They may as well start talking about Kim Kardashian's new camel coat...,2025-03-31,unknown_user,,Twitter (tweet_eval),en,tweet_eval_sentiment,neutral,Unknown,Unknown,False,may well start talking kim kardashians new camel coat,"['may', 'well', 'start', 'talking', 'kim', 'kardashians', 'new', 'camel', 'coat']",9,53,neutral,0.5171,"{np.str_('negative'): 0.2049, np.str_('neutral'): 0.5171, np.str_('positive'): 0.278}",labeled
478,got me looking at this paper Mars rules Tuesday and its color is Red and nights ago it was  a Blood Moon now  checking date @user,2024-12-19,unknown_user,,Twitter (tweet_eval),en,tweet_eval_sentiment,neutral,Unknown,Unknown,False,got looking paper mar rule tuesday color red night ago blood moon checking date,"['got', 'looking', 'paper', 'mar', 'rule', 'tuesday', 'color', 'red', 'night', 'ago', 'blood', 'moon', 'checking', 'date']",14,79,positive,0.4456,"{np.str_('negative'): 0.141, np.str_('neutral'): 0.4134, np.str_('positive'): 0.4456}",labeled
479,"Meet your new (old) favorite endless runner for iOS, Race the Sun - Macworld",2024-02-22,unknown_user,,Twitter (tweet_eval),en,tweet_eval_sentiment,neutral,Unknown,Unknown,False,meet new old favorite endless runner io race sun macworld,"['meet', 'new', 'old', 'favorite', 'endless', 'runner', 'io', 'race', 'sun', 'macworld']",10,57,neutral,0.4668,"{np.str_('negative'): 0.1224, np.str_('neutral'): 0.4668, np.str_('positive'): 0.4108}",labeled
480,@user I hope you make history Sunday. Show Seth Rollins what being champion is all about,2024-07-30,unknown_user,,Twitter (tweet_eval),en,tweet_eval_sentiment,positive,Unknown,Conservatives,False,hope make history sunday show seth rollins champion,"['hope', 'make', 'history', 'sunday', 'show', 'seth', 'rollins', 'champion']",8,51,positive,0.5617,"{np.str_('negative'): 0.1812, np.str_('neutral'): 0.2572, np.str_('positive'): 0.5617}",labeled
481,"@user Definitely starting my weekend with Rickard's Cardigan, several pounds of wings and Monday Night football.""",2024-06-16,unknown_user,,Twitter (tweet_eval),en,tweet_eval_sentiment,positive,Unknown,Unknown,False,definitely starting weekend rickards cardigan several pound wing monday night football,"['definitely', 'starting', 'weekend', 'rickards', 'cardigan', 'several', 'pound', 'wing', 'monday', 'night', 'football']",11,86,neutral,0.4291,"{np.str_('negative'): 0.1492, np.str_('neutral'): 0.4291, np.str_('positive'): 0.4218}",labeled
482,#RaulCastro: #Cuban #government will not #allow to be named after #Fidel the street and put him monuments…,2024-12-27,unknown_user,,Twitter (tweet_eval),en,tweet_eval_sentiment,neutral,Unknown,Unknown,False,not named street put monuments…,"['not', 'named', 'street', 'put', 'monuments…']",5,31,positive,0.4046,"{np.str_('negative'): 0.2554, np.str_('neutral'): 0.34, np.str_('positive'): 0.4046}",labeled
483,"Jay-z may not be the best looking guy, but he proves to others that looks aren't everything",2024-07-04,unknown_user,,Twitter (tweet_eval),en,tweet_eval_sentiment,positive,Unknown,Unknown,False,jayz may not best looking guy but prof others look arent everything,"['jayz', 'may', 'not', 'best', 'looking', 'guy', 'but', 'prof', 'others', 'look', 'arent', 'everything']",12,67,positive,0.5913,"{np.str_('negative'): 0.1521, np.str_('neutral'): 0.2566, np.str_('positive'): 0.5913}",labeled
484,Playstation Vita will receive great additions and games: As you may have seen with our previous blog post on the...,2024-04-18,unknown_user,,Twitter (tweet_eval),en,tweet_eval_sentiment,positive,Unknown,Unknown,False,playstation vita receive great addition game may seen previous blog post,"['playstation', 'vita', 'receive', 'great', 'addition', 'game', 'may', 'seen', 'previous', 'blog', 'post']",11,72,positive,0.5071,"{np.str_('negative'): 0.2073, np.str_('neutral'): 0.2857, np.str_('positive'): 0.5071}",labeled
485,"#Iraq, #Mosul | #Iraqi_Forces regains control on neighborhoods east of Mosulhttps://t.co/etDq7hxPvQ#mosuloffensive #MosulAid #journalism",2024-11-06,unknown_user,,Twitter (tweet_eval),en,tweet_eval_sentiment,positive,Unknown,Unknown,False,regains control neighborhood east mosul,"['regains', 'control', 'neighborhood', 'east', 'mosul']",5,39,positive,0.4046,"{np.str_('negative'): 0.2554, np.str_('neutral'): 0.34, np.str_('positive'): 0.4046}",labeled
486,"#UN #UnitedNations: Security en #Mexico Must be Handled by Civilians, not the Army",2024-09-22,unknown_user,,Twitter (tweet_eval),en,tweet_eval_sentiment,neutral,Unknown,Unknown,False,security en must handled civilian not army,"['security', 'en', 'must', 'handled', 'civilian', 'not', 'army']",7,42,positive,0.4046,"{np.str_('negative'): 0.2554, np.str_('neutral'): 0.34, np.str_('positive'): 0.4046}",labeled
487,Putin calls Saakashvili’s appointment as Odessa governor ‘spit in Ukraine’s face’https://t.co/J2RyKnvbes,2024-10-06,unknown_user,,Twitter (tweet_eval),en,tweet_eval_sentiment,neutral,Unknown,Unknown,False,putin call saakashvili appointment odessa governor spit ukraine face,"['putin', 'call', 'saakashvili', 'appointment', 'odessa', 'governor', 'spit', 'ukraine', 'face']",9,68,neutral,0.4131,"{np.str_('negative'): 0.2998, np.str_('neutral'): 0.4131, np.str_('positive'): 0.2871}",labeled
488,"This girl is straight delusional! Hillary ain't going to jail.  She might visit one, but go...LOLOL",2024-07-14,unknown_user,,Twitter (tweet_eval),en,tweet_eval_sentiment,neutral,Unknown,Unknown,False,girl straight delusional hillary aint going jail might visit one but gololol,"['girl', 'straight', 'delusional', 'hillary', 'aint', 'going', 'jail', 'might', 'visit', 'one', 'but', 'gololol']",12,76,neutral,0.4486,"{np.str_('negative'): 0.304, np.str_('neutral'): 0.4486, np.str_('positive'): 0.2475}",labeled
489,"The Stunts sequences (as well as the Special Effects) are Brilliant, in this movie. Michael Scherer must be one of Canadas BEST Stunt Co-ordinators of all time. The explosion in the Café, is a wonderful combination of Stunts, Special Effects AND Visual Effects. The Director HAD a",2024-10-31,unknown_user,,IMDB,en,imdb,positive,Unknown,Unknown,False,stunt sequence well special effect brilliant movie michael scherer must one canada best stunt coordinator time explosion café wonderful combination stunt special effect visual effect director,"['stunt', 'sequence', 'well', 'special', 'effect', 'brilliant', 'movie', 'michael', 'scherer', 'must', 'one', 'canada', 'best', 'stunt', 'coordinator', 'time', 'explosion', 'café', 'wonderful', 'combination', 'stunt', 'special', 'effect', 'visual', 'effect', 'director']",26,191,positive,0.5515,"{np.str_('negative'): 0.2825, np.str_('neutral'): 0.1659, np.str_('positive'): 0.5515}",labeled
490,"""It's 16 Oct 1834 and the ancient Houses of Parliament are on fire: @user is 'live'-tweeting this """"""""forgotten national catastrophe""""""""""",2024-06-26,unknown_user,,Twitter (tweet_eval),en,tweet_eval_sentiment,negative,Unknown,Unknown,False,16 oct 1834 ancient house parliament fire livetweeting forgotten national catastrophe,"['16', 'oct', '1834', 'ancient', 'house', 'parliament', 'fire', 'livetweeting', 'forgotten', 'national', 'catastrophe']",11,85,negative,0.3903,"{np.str_('negative'): 0.3903, np.str_('neutral'): 0.25, np.str_('positive'): 0.3597}",labeled
491,Moto G (2nd Generation) Just Rs.8099 pay with SBI card Black White,2024-08-13,unknown_user,,Twitter (tweet_eval),en,tweet_eval_sentiment,neutral,Unknown,Unknown,False,moto 2nd generation rs8099 pay sbi card black white,"['moto', '2nd', 'generation', 'rs8099', 'pay', 'sbi', 'card', 'black', 'white']",9,51,neutral,0.5636,"{np.str_('negative'): 0.2031, np.str_('neutral'): 0.5636, np.str_('positive'): 0.2333}",labeled
492,Dustin Johnson dealt with another major disappointment after shooting +3 &amp; going from leading after 2 at -10 to being tied for 22nd &amp; at -7,2025-03-11,unknown_user,,Twitter (tweet_eval),en,tweet_eval_sentiment,negative,Boris Johnson,Unknown,False,dustin johnson dealt another major disappointment shooting amp going leading 10 tied 22nd amp,"['dustin', 'johnson', 'dealt', 'another', 'major', 'disappointment', 'shooting', 'amp', 'going', 'leading', '10', 'tied', '22nd', 'amp']",14,93,positive,0.4011,"{np.str_('negative'): 0.2621, np.str_('neutral'): 0.3368, np.str_('positive'): 0.4011}",labeled
493,an enjoyably half-wit remake of the venerable italian comedy big deal on madonna street .,2024-03-28,unknown_user,,Rotten Tomatoes,en,rotten_tomatoes,positive,Unknown,Unknown,False,enjoyably halfwit remake venerable italian comedy big deal madonna street,"['enjoyably', 'halfwit', 'remake', 'venerable', 'italian', 'comedy', 'big', 'deal', 'madonna', 'street']",10,73,positive,0.6328,"{np.str_('negative'): 0.1905, np.str_('neutral'): 0.1767, np.str_('positive'): 0.6328}",labeled
494,Had a dream last night that EJ started Sunday against the Vikings and threw for over 400 yards and 5 TDs...a man can dream right?,2024-04-12,unknown_user,,Twitter (tweet_eval),en,tweet_eval_sentiment,positive,Unknown,Unknown,False,dream last night ej started sunday against viking threw 400 yard tdsa man dream right,"['dream', 'last', 'night', 'ej', 'started', 'sunday', 'against', 'viking', 'threw', '400', 'yard', 'tdsa', 'man', 'dream', 'right']",15,85,positive,0.5456,"{np.str_('negative'): 0.117, np.str_('neutral'): 0.3373, np.str_('positive'): 0.5456}",labeled
495,People are boycotting these 50 brands to protest Trump via @user,2024-02-26,unknown_user,,Twitter (tweet_eval),en,tweet_eval_sentiment,negative,Trump,Unknown,False,people boycotting 50 brand protest trump via,"['people', 'boycotting', '50', 'brand', 'protest', 'trump', 'via']",7,44,negative,0.4576,"{np.str_('negative'): 0.4576, np.str_('neutral'): 0.2049, np.str_('positive'): 0.3375}",labeled
496,if only merchant paid more attention the story . ,2024-11-12,unknown_user,,SST-2,en,sst2,negative,Unknown,Conservatives,False,merchant paid attention story,"['merchant', 'paid', 'attention', 'story']",4,29,negative,0.3996,"{np.str_('negative'): 0.3996, np.str_('neutral'): 0.336, np.str_('positive'): 0.2643}",labeled
497,I had a dream about #Richonne last night 😊 | #Michonne #RickGrimes #OTP #TWD #TheWalkingDead,2025-01-04,unknown_user,,Twitter (tweet_eval),en,tweet_eval_sentiment,positive,Unknown,Unknown,False,dream last night smilingfacewithsmilingeyes,"['dream', 'last', 'night', 'smilingfacewithsmilingeyes']",4,43,neutral,0.5059,"{np.str_('negative'): 0.0755, np.str_('neutral'): 0.5059, np.str_('positive'): 0.4187}",labeled
498,"""Ice Cube , T Pain , Ashanti , Baby Bash , 2nd to None Live at Queen mary sept 12th. I got tickets if you need any $45 about 40 left""",2024-06-23,unknown_user,,Twitter (tweet_eval),en,tweet_eval_sentiment,neutral,Unknown,Unknown,False,ice cube pain ashanti baby bash 2nd none live queen mary sept 12th got ticket need 45 40 left,"['ice', 'cube', 'pain', 'ashanti', 'baby', 'bash', '2nd', 'none', 'live', 'queen', 'mary', 'sept', '12th', 'got', 'ticket', 'need', '45', '40', 'left']",19,93,positive,0.4495,"{np.str_('negative'): 0.186, np.str_('neutral'): 0.3644, np.str_('positive'): 0.4495}",labeled
499,minor film ,2024-12-21,unknown_user,,SST-2,en,sst2,negative,Unknown,Unknown,False,minor film,"['minor', 'film']",2,10,positive,0.5315,"{np.str_('negative'): 0.3576, np.str_('neutral'): 0.1109, np.str_('positive'): 0.5315}",labeled
500,"""Joe Kelly limited the White Sox to two runs in 7 1/3 innings, snagging the win on Monday. #RedSox #MLB""",2024-06-24,unknown_user,,Twitter (tweet_eval),en,tweet_eval_sentiment,neutral,Unknown,Unknown,False,joe kelly limited white sox two run 13 inning snagging win monday,"['joe', 'kelly', 'limited', 'white', 'sox', 'two', 'run', '13', 'inning', 'snagging', 'win', 'monday']",12,65,neutral,0.5922,"{np.str_('negative'): 0.2281, np.str_('neutral'): 0.5922, np.str_('positive'): 0.1796}",labeled
501,Da bulls will be good until drose gets back...I figure they will b a solid 4th seed when he returns,2025-03-29,unknown_user,,Twitter (tweet_eval),en,tweet_eval_sentiment,positive,Unknown,Unknown,False,da bull good drose get backi figure solid 4th seed return,"['da', 'bull', 'good', 'drose', 'get', 'backi', 'figure', 'solid', '4th', 'seed', 'return']",11,57,positive,0.5351,"{np.str_('negative'): 0.2164, np.str_('neutral'): 0.2486, np.str_('positive'): 0.5351}",labeled
502,"this hastily mounted production exists only to capitalize on hopkins' inclination to play hannibal lecter again , even though harris has no immediate inclination to provide a fourth book .",2025-05-06,unknown_user,,Rotten Tomatoes,en,rotten_tomatoes,negative,Harris,Unknown,False,hastily mounted production exists capitalize hopkins inclination play hannibal lecter even though harris no immediate inclination provide fourth book,"['hastily', 'mounted', 'production', 'exists', 'capitalize', 'hopkins', 'inclination', 'play', 'hannibal', 'lecter', 'even', 'though', 'harris', 'no', 'immediate', 'inclination', 'provide', 'fourth', 'book']",19,149,positive,0.4122,"{np.str_('negative'): 0.311, np.str_('neutral'): 0.2768, np.str_('positive'): 0.4122}",labeled
503,@user @user Hate to see it. Dustin Johnson on the 1st. #headsgone,2024-09-22,unknown_user,,Twitter (tweet_eval),en,tweet_eval_sentiment,neutral,Boris Johnson,Unknown,False,hate see dustin johnson 1st,"['hate', 'see', 'dustin', 'johnson', '1st']",5,27,positive,0.4223,"{np.str_('negative'): 0.1754, np.str_('neutral'): 0.4023, np.str_('positive'): 0.4223}",labeled
504,"Comey, Russians, Facebook, stein, sanders, Assange, vote machine hackers, and now Obama",2024-01-02,unknown_user,,Twitter (tweet_eval),en,tweet_eval_sentiment,negative,Obama,Unknown,False,comey russian facebook stein sander assange vote machine hacker Obama,"['comey', 'russian', 'facebook', 'stein', 'sander', 'assange', 'vote', 'machine', 'hacker', 'Obama']",10,69,neutral,0.4789,"{np.str_('negative'): 0.3367, np.str_('neutral'): 0.4789, np.str_('positive'): 0.1844}",labeled
505,"scotland looks wonderful , the fans are often funny fanatics , the showdown sure beats a bad day of golf ",2025-01-21,unknown_user,,SST-2,en,sst2,positive,Unknown,Unknown,False,scotland look wonderful fan often funny fanatic showdown sure beat bad day golf,"['scotland', 'look', 'wonderful', 'fan', 'often', 'funny', 'fanatic', 'showdown', 'sure', 'beat', 'bad', 'day', 'golf']",13,79,positive,0.5578,"{np.str_('negative'): 0.2175, np.str_('neutral'): 0.2247, np.str_('positive'): 0.5578}",labeled
506,familiar but utterly delightful .,2025-04-03,unknown_user,,Rotten Tomatoes,en,rotten_tomatoes,positive,Unknown,Unknown,False,familiar but utterly delightful,"['familiar', 'but', 'utterly', 'delightful']",4,31,positive,0.4046,"{np.str_('negative'): 0.2554, np.str_('neutral'): 0.34, np.str_('positive'): 0.4046}",labeled
507,"@user @user @user @user @user read my articles. #Israel treats #Hamas daughter, people from #Gaza",2024-06-13,unknown_user,,Twitter (tweet_eval),en,tweet_eval_sentiment,neutral,Unknown,Unknown,False,read article treat daughter people,"['read', 'article', 'treat', 'daughter', 'people']",5,34,positive,0.4376,"{np.str_('negative'): 0.3782, np.str_('neutral'): 0.1842, np.str_('positive'): 0.4376}",labeled
508,"""it is, we may note, the goodness and loving-kindness of God our Savior that is the true model for Christians in our daily lives""",2025-01-17,unknown_user,,Twitter (tweet_eval),en,tweet_eval_sentiment,positive,Unknown,Unknown,False,may note goodness lovingkindness god savior true model christian daily life,"['may', 'note', 'goodness', 'lovingkindness', 'god', 'savior', 'true', 'model', 'christian', 'daily', 'life']",11,75,positive,0.5767,"{np.str_('negative'): 0.2596, np.str_('neutral'): 0.1637, np.str_('positive'): 0.5767}",labeled
509,@user same haha. Yo I had 9th overall pick in a PPR. Went Dez over Julio. Feel like Cowboys have to throw a ton with Murray gone,2024-06-28,unknown_user,,Twitter (tweet_eval),en,tweet_eval_sentiment,neutral,Unknown,Unknown,False,haha yo 9th overall pick ppr went dez julio feel like cowboy throw ton murray gone,"['haha', 'yo', '9th', 'overall', 'pick', 'ppr', 'went', 'dez', 'julio', 'feel', 'like', 'cowboy', 'throw', 'ton', 'murray', 'gone']",16,82,neutral,0.4306,"{np.str_('negative'): 0.3053, np.str_('neutral'): 0.4306, np.str_('positive'): 0.2641}",labeled
510,Ylianna Guerra Miss Texas USA won 1st runner up at Miss USA. So proud to say she comes from the Valley and made it this far!,2025-05-10,unknown_user,,Twitter (tweet_eval),en,tweet_eval_sentiment,positive,Unknown,Unknown,False,ylianna guerra miss texas usa won 1st runner miss usa proud say come valley made far,"['ylianna', 'guerra', 'miss', 'texas', 'usa', 'won', '1st', 'runner', 'miss', 'usa', 'proud', 'say', 'come', 'valley', 'made', 'far']",16,84,positive,0.5372,"{np.str_('negative'): 0.2416, np.str_('neutral'): 0.2212, np.str_('positive'): 0.5372}",labeled
511,#AllStar 2011 Panini Gold Standard Stars Memorabilia 19 #LaMarcusAldridge Basketball #Card,2024-07-05,unknown_user,,Twitter (tweet_eval),en,tweet_eval_sentiment,neutral,Unknown,Unknown,False,2011 panini gold standard star memorabilia 19 basketball,"['2011', 'panini', 'gold', 'standard', 'star', 'memorabilia', '19', 'basketball']",8,56,positive,0.3598,"{np.str_('negative'): 0.3246, np.str_('neutral'): 0.3156, np.str_('positive'): 0.3598}",labeled
512,"""it's august 8th and still no Frank Ocean album, when will this terror end""",2024-08-04,unknown_user,,Twitter (tweet_eval),en,tweet_eval_sentiment,negative,Unknown,Unknown,False,august 8th still no frank ocean album terror end,"['august', '8th', 'still', 'no', 'frank', 'ocean', 'album', 'terror', 'end']",9,48,positive,0.36,"{np.str_('negative'): 0.2841, np.str_('neutral'): 0.3559, np.str_('positive'): 0.36}",labeled
513,Sharknado 3 release and @user 's 29th birthday on the same day. Coincidence...? HBD Andrew!!!,2024-06-28,unknown_user,,Twitter (tweet_eval),en,tweet_eval_sentiment,positive,Unknown,Unknown,False,sharknado release 29th birthday day coincidence hbd andrew,"['sharknado', 'release', '29th', 'birthday', 'day', 'coincidence', 'hbd', 'andrew']",8,58,positive,0.4939,"{np.str_('negative'): 0.1406, np.str_('neutral'): 0.3655, np.str_('positive'): 0.4939}",labeled
514,@user @user @user @user it's a data point. Being triggered by data points also something liberals do. Don't be  dumb,2025-05-09,unknown_user,,Twitter (tweet_eval),en,tweet_eval_sentiment,negative,Unknown,Liberal,False,data point triggered data point also something liberal dont dumb,"['data', 'point', 'triggered', 'data', 'point', 'also', 'something', 'liberal', 'dont', 'dumb']",10,64,neutral,0.3471,"{np.str_('negative'): 0.3299, np.str_('neutral'): 0.3471, np.str_('positive'): 0.323}",labeled
515,@user  Saudi Arabia &amp; Many other Foreign countries may want to debate ya on that one! Lol,2025-04-07,unknown_user,,Twitter (tweet_eval),en,tweet_eval_sentiment,neutral,Unknown,Unknown,False,saudi arabia amp many foreign country may want debate ya one lol,"['saudi', 'arabia', 'amp', 'many', 'foreign', 'country', 'may', 'want', 'debate', 'ya', 'one', 'lol']",12,64,positive,0.4182,"{np.str_('negative'): 0.2538, np.str_('neutral'): 0.328, np.str_('positive'): 0.4182}",labeled
516,"""if Everton get beat tonight, do u think Moyes will walk out? I think he should.""",2025-02-11,unknown_user,,Twitter (tweet_eval),en,tweet_eval_sentiment,neutral,Unknown,Unknown,False,everton get beat tonight think moyes walk think,"['everton', 'get', 'beat', 'tonight', 'think', 'moyes', 'walk', 'think']",8,47,neutral,0.4637,"{np.str_('negative'): 0.1232, np.str_('neutral'): 0.4637, np.str_('positive'): 0.4131}",labeled
517,opening up ,2025-05-08,unknown_user,,SST-2,en,sst2,positive,Unknown,Unknown,False,opening,['opening'],1,7,positive,0.4046,"{np.str_('negative'): 0.2554, np.str_('neutral'): 0.34, np.str_('positive'): 0.4046}",labeled
518,"""Me after listening to """"Black Friday"""" by Kendrick for the first time",2024-08-25,unknown_user,,Twitter (tweet_eval),en,tweet_eval_sentiment,neutral,Unknown,Unknown,False,listening black friday kendrick first time,"['listening', 'black', 'friday', 'kendrick', 'first', 'time']",6,42,neutral,0.4401,"{np.str_('negative'): 0.1431, np.str_('neutral'): 0.4401, np.str_('positive'): 0.4168}",labeled
519,"""I'm going to visit PASRB, SEB, SPR and SMB's holes tomorrow for the #SpookyMiniPutt!! Hoping for some hole-in-ones!!! #GCWCC2012""",2024-05-17,unknown_user,,Twitter (tweet_eval),en,tweet_eval_sentiment,positive,Unknown,Unknown,False,im going visit pasrb seb spr smbs hole tomorrow hoping holeinones,"['im', 'going', 'visit', 'pasrb', 'seb', 'spr', 'smbs', 'hole', 'tomorrow', 'hoping', 'holeinones']",11,65,positive,0.5466,"{np.str_('negative'): 0.1562, np.str_('neutral'): 0.2972, np.str_('positive'): 0.5466}",labeled
520,"What exactly do people expect when they watch an Al Adamson film? Are they expecting classic cinema that is wonderful beyond belief and will leave them with lasting memories? You'd think so by some of the reviews. Al Adamson's films are trashy and sleazy and cheesy, not much more",2024-04-06,unknown_user,,IMDB,en,imdb,positive,Unknown,Unknown,False,exactly people expect watch al adamson film expecting classic cinema wonderful beyond belief leave lasting memory youd think review al adamsons film trashy sleazy cheesy not much,"['exactly', 'people', 'expect', 'watch', 'al', 'adamson', 'film', 'expecting', 'classic', 'cinema', 'wonderful', 'beyond', 'belief', 'leave', 'lasting', 'memory', 'youd', 'think', 'review', 'al', 'adamsons', 'film', 'trashy', 'sleazy', 'cheesy', 'not', 'much']",27,178,positive,0.5139,"{np.str_('negative'): 0.3469, np.str_('neutral'): 0.1392, np.str_('positive'): 0.5139}",labeled
521,Shawn will perform at Best Buy Theater on the 8th of September along with his Island Records family. #IslandLifeNYC,2024-01-31,unknown_user,,Twitter (tweet_eval),en,tweet_eval_sentiment,neutral,Unknown,Unknown,False,shawn perform best buy theater 8th september along island record family,"['shawn', 'perform', 'best', 'buy', 'theater', '8th', 'september', 'along', 'island', 'record', 'family']",11,71,neutral,0.4975,"{np.str_('negative'): 0.1658, np.str_('neutral'): 0.4975, np.str_('positive'): 0.3367}",labeled
522,Hyung Jun's interview is super long! Can't believe it took me 45 minutes.. Am I this slow..,2025-01-08,unknown_user,,Twitter (tweet_eval),en,tweet_eval_sentiment,neutral,Unknown,Unknown,False,hyung juns interview super long cant believe took 45 minute slow,"['hyung', 'juns', 'interview', 'super', 'long', 'cant', 'believe', 'took', '45', 'minute', 'slow']",11,64,positive,0.4149,"{np.str_('negative'): 0.1709, np.str_('neutral'): 0.4142, np.str_('positive'): 0.4149}",labeled
523,Rory McIlroy on top of the world after beating a resurgent Tiger Woods at the Honda Classic in Flori,2024-12-06,unknown_user,,Twitter (tweet_eval),en,tweet_eval_sentiment,positive,Unknown,Unknown,False,rory mcilroy top world beating resurgent tiger wood honda classic flori,"['rory', 'mcilroy', 'top', 'world', 'beating', 'resurgent', 'tiger', 'wood', 'honda', 'classic', 'flori']",11,71,positive,0.4232,"{np.str_('negative'): 0.2429, np.str_('neutral'): 0.3339, np.str_('positive'): 0.4232}",labeled
524,@user @user @user Hillary needs to fire up her Transition team That would certainly get Trump back on the 3am tweets,2025-02-06,unknown_user,,Twitter (tweet_eval),en,tweet_eval_sentiment,neutral,Trump,Unknown,False,hillary need fire transition team would certainly get trump back 3am tweet,"['hillary', 'need', 'fire', 'transition', 'team', 'would', 'certainly', 'get', 'trump', 'back', '3am', 'tweet']",12,74,positive,0.3957,"{np.str_('negative'): 0.2751, np.str_('neutral'): 0.3293, np.str_('positive'): 0.3957}",labeled
525,a beautifully tooled action thriller about love and terrorism in korea .,2024-10-18,unknown_user,,Rotten Tomatoes,en,rotten_tomatoes,positive,Unknown,Unknown,False,beautifully tooled action thriller love terrorism korea,"['beautifully', 'tooled', 'action', 'thriller', 'love', 'terrorism', 'korea']",7,55,neutral,0.4063,"{np.str_('negative'): 0.2746, np.str_('neutral'): 0.4063, np.str_('positive'): 0.3191}",labeled
526,Watched some of the #CMAAwards b/c of Hayden Panettiere & saw Carrie Underwood do gangnam style! lol It will be the 1st billion views video!,2024-05-06,unknown_user,,Twitter (tweet_eval),en,tweet_eval_sentiment,positive,Unknown,Unknown,False,watched bc hayden panettiere saw carrie underwood gangnam style lol 1st billion view video,"['watched', 'bc', 'hayden', 'panettiere', 'saw', 'carrie', 'underwood', 'gangnam', 'style', 'lol', '1st', 'billion', 'view', 'video']",14,90,positive,0.5058,"{np.str_('negative'): 0.2278, np.str_('neutral'): 0.2664, np.str_('positive'): 0.5058}",labeled
527,"Phosphorus: highly flamable: A person who is affected by Phosphorus is energetic, outgoing, hyperactive, sociable,…",2024-04-03,unknown_user,,Twitter (tweet_eval),en,tweet_eval_sentiment,neutral,Unknown,Unknown,False,phosphorus highly flamable person affected phosphorus energetic outgoing hyperactive sociable…,"['phosphorus', 'highly', 'flamable', 'person', 'affected', 'phosphorus', 'energetic', 'outgoing', 'hyperactive', 'sociable…']",10,94,positive,0.4046,"{np.str_('negative'): 0.2554, np.str_('neutral'): 0.34, np.str_('positive'): 0.4046}",labeled
528,Oracle - Stock Market Crash Black Wednesday Rally Crushes the Bears,2024-09-12,unknown_user,,Twitter (tweet_eval),en,tweet_eval_sentiment,neutral,Unknown,Unknown,False,oracle stock market crash black wednesday rally crush bear,"['oracle', 'stock', 'market', 'crash', 'black', 'wednesday', 'rally', 'crush', 'bear']",9,58,neutral,0.4867,"{np.str_('negative'): 0.1308, np.str_('neutral'): 0.4867, np.str_('positive'): 0.3824}",labeled
529,does n't wrap the proceedings up neatly ,2024-08-01,unknown_user,,SST-2,en,sst2,negative,Unknown,Unknown,False,nt wrap proceeding neatly,"['nt', 'wrap', 'proceeding', 'neatly']",4,25,positive,0.4046,"{np.str_('negative'): 0.2554, np.str_('neutral'): 0.34, np.str_('positive'): 0.4046}",labeled
530,Who\u2019s next then? The Togo team of Emmanuel Adebayor (TOT)\u002c that\u2019s who. 1-1 away from 1st leg. 0-0 after 30 mins of the 2nd.,2025-04-29,unknown_user,,Twitter (tweet_eval),en,tweet_eval_sentiment,neutral,Unknown,Unknown,False,whou2019s next togo team emmanuel adebayor totu002c thatu2019s 11 away 1st leg 00 30 min 2nd,"['whou2019s', 'next', 'togo', 'team', 'emmanuel', 'adebayor', 'totu002c', 'thatu2019s', '11', 'away', '1st', 'leg', '00', '30', 'min', '2nd']",16,92,positive,0.4299,"{np.str_('negative'): 0.2152, np.str_('neutral'): 0.3549, np.str_('positive'): 0.4299}",labeled
531,"""29 November 1989- The UVF gunned down IRA man Liam Ryan and Michael Devlin at the Battery Bar in Ardboe, Co Tyrone",2024-01-12,unknown_user,,Twitter (tweet_eval),en,tweet_eval_sentiment,negative,Unknown,Unknown,False,29 november 1989 uvf gunned ira man liam ryan michael devlin battery bar ardboe co tyrone,"['29', 'november', '1989', 'uvf', 'gunned', 'ira', 'man', 'liam', 'ryan', 'michael', 'devlin', 'battery', 'bar', 'ardboe', 'co', 'tyrone']",16,89,positive,0.4976,"{np.str_('negative'): 0.3011, np.str_('neutral'): 0.2013, np.str_('positive'): 0.4976}",labeled
532,"a gentle , compassionate drama about grief and healing .",2025-03-20,unknown_user,,Rotten Tomatoes,en,rotten_tomatoes,positive,Unknown,Unknown,False,gentle compassionate drama grief healing,"['gentle', 'compassionate', 'drama', 'grief', 'healing']",5,40,positive,0.4046,"{np.str_('negative'): 0.2554, np.str_('neutral'): 0.34, np.str_('positive'): 0.4046}",labeled
533,Hawks vs rockets today\u002chawks vs thunder Sunday.so glad the NBA is back,2024-04-14,unknown_user,,Twitter (tweet_eval),en,tweet_eval_sentiment,positive,Unknown,Unknown,False,hawk v rocket todayu002chawks v thunder sundayso glad nba back,"['hawk', 'v', 'rocket', 'todayu002chawks', 'v', 'thunder', 'sundayso', 'glad', 'nba', 'back']",10,62,positive,0.4046,"{np.str_('negative'): 0.2554, np.str_('neutral'): 0.34, np.str_('positive'): 0.4046}",labeled
534,I want to go watch Denzel\u2019s new movie tomorrow! Someone take meeeeeeeeeee.,2024-10-17,unknown_user,,Twitter (tweet_eval),en,tweet_eval_sentiment,neutral,Unknown,Unknown,False,want go watch denzelu2019s new movie tomorrow someone take meeeeeeeeeee,"['want', 'go', 'watch', 'denzelu2019s', 'new', 'movie', 'tomorrow', 'someone', 'take', 'meeeeeeeeeee']",10,71,positive,0.4026,"{np.str_('negative'): 0.2317, np.str_('neutral'): 0.3657, np.str_('positive'): 0.4026}",labeled
535,@user maybe you need to keep your opion to yourself about the cy young award .,2024-01-25,unknown_user,,Twitter (tweet_eval),en,tweet_eval_sentiment,neutral,Unknown,Unknown,False,maybe need keep opion cy young award,"['maybe', 'need', 'keep', 'opion', 'cy', 'young', 'award']",7,36,positive,0.4877,"{np.str_('negative'): 0.2427, np.str_('neutral'): 0.2697, np.str_('positive'): 0.4877}",labeled
536,"""Kanye West may be a good rapper, but Eminem is the rap god""",2025-04-30,unknown_user,,Twitter (tweet_eval),en,tweet_eval_sentiment,positive,Unknown,Unknown,False,kanye west may good rapper but eminem rap god,"['kanye', 'west', 'may', 'good', 'rapper', 'but', 'eminem', 'rap', 'god']",9,45,positive,0.5485,"{np.str_('negative'): 0.249, np.str_('neutral'): 0.2026, np.str_('positive'): 0.5485}",labeled
537,Bitch idgaf if you don't want to go to school tomorrow John Cena lost,2024-03-15,unknown_user,,Twitter (tweet_eval),en,tweet_eval_sentiment,negative,Unknown,Unknown,False,bitch idgaf dont want go school tomorrow john cena lost,"['bitch', 'idgaf', 'dont', 'want', 'go', 'school', 'tomorrow', 'john', 'cena', 'lost']",10,55,neutral,0.4756,"{np.str_('negative'): 0.3044, np.str_('neutral'): 0.4756, np.str_('positive'): 0.22}",labeled
538,Does he mean a tv or a giant iPad?,2024-06-11,unknown_user,,Twitter (tweet_eval),en,tweet_eval_sentiment,neutral,Unknown,Unknown,False,mean tv giant ipad,"['mean', 'tv', 'giant', 'ipad']",4,18,neutral,0.4235,"{np.str_('negative'): 0.332, np.str_('neutral'): 0.4235, np.str_('positive'): 0.2446}",labeled
539,"it's an entertaining movie , and the effects , boosted to the size of a downtown hotel , will all but take you to outer space .",2024-04-30,unknown_user,,Rotten Tomatoes,en,rotten_tomatoes,positive,Unknown,Unknown,False,entertaining movie effect boosted size downtown hotel but take outer space,"['entertaining', 'movie', 'effect', 'boosted', 'size', 'downtown', 'hotel', 'but', 'take', 'outer', 'space']",11,74,positive,0.4904,"{np.str_('negative'): 0.3509, np.str_('neutral'): 0.1587, np.str_('positive'): 0.4904}",labeled
540,"""Official: Real Madrid and Atletico Madrid will face off Sunday October 4, will be played at 20:30, at the Calderon.""",2025-01-28,unknown_user,,Twitter (tweet_eval),en,tweet_eval_sentiment,neutral,Unknown,Unknown,False,official real madrid atletico madrid face sunday october played 2030 calderon,"['official', 'real', 'madrid', 'atletico', 'madrid', 'face', 'sunday', 'october', 'played', '2030', 'calderon']",11,77,neutral,0.4571,"{np.str_('negative'): 0.2141, np.str_('neutral'): 0.4571, np.str_('positive'): 0.3289}",labeled
541,"@user Hey doll, I will be riding with the cast of Sons of Anarchy for a charity event supporting the military on Aug 28th.""",2025-01-30,unknown_user,,Twitter (tweet_eval),en,tweet_eval_sentiment,neutral,Unknown,Unknown,False,hey doll riding cast son anarchy charity event supporting military aug 28th,"['hey', 'doll', 'riding', 'cast', 'son', 'anarchy', 'charity', 'event', 'supporting', 'military', 'aug', '28th']",12,75,positive,0.4046,"{np.str_('negative'): 0.2554, np.str_('neutral'): 0.34, np.str_('positive'): 0.4046}",labeled
542,Really hope the Red Sox play better than this on Saturday when I'm at the game,2024-07-30,unknown_user,,Twitter (tweet_eval),en,tweet_eval_sentiment,neutral,Unknown,Unknown,False,really hope red sox play better saturday im game,"['really', 'hope', 'red', 'sox', 'play', 'better', 'saturday', 'im', 'game']",9,48,neutral,0.3909,"{np.str_('negative'): 0.2419, np.str_('neutral'): 0.3909, np.str_('positive'): 0.3672}",labeled
543,"""One more game and @user are toast from the playoffs as @user beat New York 87-70 at MSG to lead series 3-0, Game 4 on ABC Sunday.""",2024-12-31,unknown_user,,Twitter (tweet_eval),en,tweet_eval_sentiment,neutral,Unknown,Unknown,False,one game toast playoff beat new york 8770 msg lead series 30 game abc sunday,"['one', 'game', 'toast', 'playoff', 'beat', 'new', 'york', '8770', 'msg', 'lead', 'series', '30', 'game', 'abc', 'sunday']",15,76,neutral,0.6218,"{np.str_('negative'): 0.0849, np.str_('neutral'): 0.6218, np.str_('positive'): 0.2933}",labeled
544,Gucci gob spiritual being promise august nurse the dyad yours being friendly relations procural unto functiona...,2024-03-11,unknown_user,,Twitter (tweet_eval),en,tweet_eval_sentiment,positive,Unknown,Unknown,False,gucci gob spiritual promise august nurse dyad friendly relation procural unto functiona,"['gucci', 'gob', 'spiritual', 'promise', 'august', 'nurse', 'dyad', 'friendly', 'relation', 'procural', 'unto', 'functiona']",12,87,positive,0.4046,"{np.str_('negative'): 0.2554, np.str_('neutral'): 0.34, np.str_('positive'): 0.4046}",labeled
545,oms on my birthday (Dec. 18th Tuesday) i want lap dances! EVERYBODY know i stay with like 50 singles in my pocket !!!,2024-08-21,unknown_user,,Twitter (tweet_eval),en,tweet_eval_sentiment,positive,Unknown,Unknown,False,oms birthday dec 18th tuesday want lap dance everybody know stay like 50 single pocket,"['oms', 'birthday', 'dec', '18th', 'tuesday', 'want', 'lap', 'dance', 'everybody', 'know', 'stay', 'like', '50', 'single', 'pocket']",15,86,neutral,0.3959,"{np.str_('negative'): 0.2239, np.str_('neutral'): 0.3959, np.str_('positive'): 0.3802}",labeled
546,"this picture is murder by numbers , and as easy to be bored by as your abc's , despite a few whopping shootouts .",2024-02-04,unknown_user,,Rotten Tomatoes,en,rotten_tomatoes,negative,Unknown,Unknown,False,picture murder number easy bored abc despite whopping shootout,"['picture', 'murder', 'number', 'easy', 'bored', 'abc', 'despite', 'whopping', 'shootout']",9,62,negative,0.3916,"{np.str_('negative'): 0.3916, np.str_('neutral'): 0.3093, np.str_('positive'): 0.2991}",labeled
547,The Coast Guard Station Port O'Connor boatcrews had a busy day Friday with two search and rescue operations.,2024-12-25,unknown_user,,Twitter (tweet_eval),en,tweet_eval_sentiment,neutral,Unknown,Unknown,False,coast guard station port oconnor boatcrews busy day friday two search rescue operation,"['coast', 'guard', 'station', 'port', 'oconnor', 'boatcrews', 'busy', 'day', 'friday', 'two', 'search', 'rescue', 'operation']",13,86,positive,0.5177,"{np.str_('negative'): 0.1173, np.str_('neutral'): 0.365, np.str_('positive'): 0.5177}",labeled
548,"Thank God I watched this at a friend's place and did not pay for it. The plot is horribly transparent and the whole movie felt like an episode of a TV show. If you have any knowledge of computers or electronics, watch out. You will feel feel like the movie is an insult to your in",2024-12-24,unknown_user,,IMDB,en,imdb,negative,Unknown,Unknown,False,thank god watched friend place not pay plot horribly transparent whole movie felt like episode tv show knowledge computer electronics watch feel feel like movie insult,"['thank', 'god', 'watched', 'friend', 'place', 'not', 'pay', 'plot', 'horribly', 'transparent', 'whole', 'movie', 'felt', 'like', 'episode', 'tv', 'show', 'knowledge', 'computer', 'electronics', 'watch', 'feel', 'feel', 'like', 'movie', 'insult']",26,167,negative,0.4551,"{np.str_('negative'): 0.4551, np.str_('neutral'): 0.1636, np.str_('positive'): 0.3813}",labeled
549,;) Seven Penny Stocks to Watch with Heavy Volume for Friday medical marijuana inc,2025-03-03,unknown_user,,Twitter (tweet_eval),en,tweet_eval_sentiment,neutral,Unknown,Unknown,False,seven penny stock watch heavy volume friday medical marijuana inc,"['seven', 'penny', 'stock', 'watch', 'heavy', 'volume', 'friday', 'medical', 'marijuana', 'inc']",10,65,positive,0.4223,"{np.str_('negative'): 0.1788, np.str_('neutral'): 0.3989, np.str_('positive'): 0.4223}",labeled
550,Madonna is in concert tonight in St. Louis.  All the women are dressing like 80s whores.  Some of them may even go to the concert.,2024-03-12,unknown_user,,Twitter (tweet_eval),en,tweet_eval_sentiment,negative,Unknown,Unknown,False,madonna concert tonight st louis woman dressing like 80 whore may even go concert,"['madonna', 'concert', 'tonight', 'st', 'louis', 'woman', 'dressing', 'like', '80', 'whore', 'may', 'even', 'go', 'concert']",14,81,positive,0.4156,"{np.str_('negative'): 0.2387, np.str_('neutral'): 0.3457, np.str_('positive'): 0.4156}",labeled
551,One of the first things I noticed that allowed this culture to stand out among the rest was during the wake at Sole's place. An aerial shot is used to show Sole being flowered with kisses by a sea of women. I believed this was a commentary on the closeness that women had for each,2024-08-27,unknown_user,,IMDB,en,imdb,negative,Unknown,Unknown,False,one first thing noticed allowed culture stand among rest wake sol place aerial shot used show sole flowered kiss sea woman believed commentary closeness woman,"['one', 'first', 'thing', 'noticed', 'allowed', 'culture', 'stand', 'among', 'rest', 'wake', 'sol', 'place', 'aerial', 'shot', 'used', 'show', 'sole', 'flowered', 'kiss', 'sea', 'woman', 'believed', 'commentary', 'closeness', 'woman']",25,158,positive,0.4129,"{np.str_('negative'): 0.3175, np.str_('neutral'): 0.2696, np.str_('positive'): 0.4129}",labeled
552,children and adults enamored of all things pokemon won't be disappointed .,2024-12-16,unknown_user,,Rotten Tomatoes,en,rotten_tomatoes,negative,Unknown,Unknown,False,child adult enamored thing pokemon wont disappointed,"['child', 'adult', 'enamored', 'thing', 'pokemon', 'wont', 'disappointed']",7,52,positive,0.4281,"{np.str_('negative'): 0.3982, np.str_('neutral'): 0.1737, np.str_('positive'): 0.4281}",labeled
553,Isn't it remarkable how well Paul Dunne is handling this lead #TheOpen2015 some leaderboard for tomorrow,2024-05-12,unknown_user,,Twitter (tweet_eval),en,tweet_eval_sentiment,positive,Unknown,Unknown,False,isnt remarkable well paul dunne handling lead leaderboard tomorrow,"['isnt', 'remarkable', 'well', 'paul', 'dunne', 'handling', 'lead', 'leaderboard', 'tomorrow']",9,66,positive,0.517,"{np.str_('negative'): 0.1578, np.str_('neutral'): 0.3252, np.str_('positive'): 0.517}",labeled
554,"@user @user achieve just ends"" = fighting ANY attempt to prove citizenship to vote. You call it voter suppression.#Insanity",2024-05-24,unknown_user,,Twitter (tweet_eval),en,tweet_eval_sentiment,neutral,Unknown,Unknown,False,achieve end fighting attempt prove citizenship vote call voter suppression,"['achieve', 'end', 'fighting', 'attempt', 'prove', 'citizenship', 'vote', 'call', 'voter', 'suppression']",10,74,positive,0.3361,"{np.str_('negative'): 0.3359, np.str_('neutral'): 0.3279, np.str_('positive'): 0.3361}",labeled
555,ONE LAST TIME HAPPY 22ND BIRTHDAY LIAM ANd Goodnight Shawn all the love,2025-02-17,unknown_user,,Twitter (tweet_eval),en,tweet_eval_sentiment,positive,Unknown,Unknown,False,one last time happy 22nd birthday liam goodnight shawn love,"['one', 'last', 'time', 'happy', '22nd', 'birthday', 'liam', 'goodnight', 'shawn', 'love']",10,59,positive,0.5285,"{np.str_('negative'): 0.1531, np.str_('neutral'): 0.3184, np.str_('positive'): 0.5285}",labeled
556,I have 1 Chris Brown concert tickets for sale for this Thursday. It's a lawn seats so let me know if you're interested.,2024-07-31,unknown_user,,Twitter (tweet_eval),en,tweet_eval_sentiment,positive,Unknown,Unknown,False,chris brown concert ticket sale thursday lawn seat let know youre interested,"['chris', 'brown', 'concert', 'ticket', 'sale', 'thursday', 'lawn', 'seat', 'let', 'know', 'youre', 'interested']",12,76,neutral,0.3899,"{np.str_('negative'): 0.3038, np.str_('neutral'): 0.3899, np.str_('positive'): 0.3064}",labeled
557,"My former Cambridge contemporary Simon Heffer, today a writer and journalist, has put forward the theory that, just as British film-makers in the eighties were often critical of what they called ""Thatcher's Britain"", the Ealing comedies were intended as satires on ""Attlee's Brita",2024-02-04,unknown_user,,IMDB,en,imdb,positive,Unknown,Unknown,False,former cambridge contemporary simon heffer today writer journalist put forward theory british filmmaker eighty often critical called thatcher britain ealing comedy intended satire attlee brita,"['former', 'cambridge', 'contemporary', 'simon', 'heffer', 'today', 'writer', 'journalist', 'put', 'forward', 'theory', 'british', 'filmmaker', 'eighty', 'often', 'critical', 'called', 'thatcher', 'britain', 'ealing', 'comedy', 'intended', 'satire', 'attlee', 'brita']",25,192,positive,0.6159,"{np.str_('negative'): 0.2283, np.str_('neutral'): 0.1558, np.str_('positive'): 0.6159}",labeled
558,"""Listening to terrace talk on Radio City on a saturday pure brilliance,Merseyside Derby history plus the Saints a LEGEND #YNWALFC2012""",2024-09-07,unknown_user,,Twitter (tweet_eval),en,tweet_eval_sentiment,positive,Unknown,Conservatives,False,listening terrace talk radio city saturday pure brilliancemerseyside derby history plus saint legend,"['listening', 'terrace', 'talk', 'radio', 'city', 'saturday', 'pure', 'brilliancemerseyside', 'derby', 'history', 'plus', 'saint', 'legend']",13,100,neutral,0.4389,"{np.str_('negative'): 0.2554, np.str_('neutral'): 0.4389, np.str_('positive'): 0.3058}",labeled
559,"#Recount2016 #UniteBlue <Silly suckersJill Stein Now Can’t ‘Guarantee’ Money Will Go to Recount, Changes $$$ Goal",2024-07-18,unknown_user,,Twitter (tweet_eval),en,tweet_eval_sentiment,neutral,Unknown,Unknown,False,silly suckersjill stein guarantee money go recount change goal,"['silly', 'suckersjill', 'stein', 'guarantee', 'money', 'go', 'recount', 'change', 'goal']",9,62,negative,0.4189,"{np.str_('negative'): 0.4189, np.str_('neutral'): 0.3638, np.str_('positive'): 0.2173}",labeled
560,If you're not watching surprise John Cena vines on Sunday morning then are you really doing Saturday night right?,2024-03-10,unknown_user,,Twitter (tweet_eval),en,tweet_eval_sentiment,neutral,Unknown,Unknown,False,youre not watching surprise john cena vine sunday morning really saturday night right,"['youre', 'not', 'watching', 'surprise', 'john', 'cena', 'vine', 'sunday', 'morning', 'really', 'saturday', 'night', 'right']",13,85,neutral,0.5092,"{np.str_('negative'): 0.1263, np.str_('neutral'): 0.5092, np.str_('positive'): 0.3645}",labeled
561,Could be an Iron Bowl Sunday in Greensboro on PGA Tour with Bud Cauley and Jason Dufner near the lead. And UGA\u2019s Harris English.,2025-05-05,unknown_user,,Twitter (tweet_eval),en,tweet_eval_sentiment,neutral,Harris,Unknown,False,could iron bowl sunday greensboro pga tour bud cauley jason dufner near lead ugau2019s harris english,"['could', 'iron', 'bowl', 'sunday', 'greensboro', 'pga', 'tour', 'bud', 'cauley', 'jason', 'dufner', 'near', 'lead', 'ugau2019s', 'harris', 'english']",16,101,neutral,0.5627,"{np.str_('negative'): 0.1759, np.str_('neutral'): 0.5627, np.str_('positive'): 0.2613}",labeled
562,Thor thinks he's a lap dog and a face cleaner... Fun personality for sure :) He will be with us again tomorrow in...,2025-04-14,unknown_user,,Twitter (tweet_eval),en,tweet_eval_sentiment,positive,Unknown,Unknown,False,thor think he lap dog face cleaner fun personality sure u tomorrow,"['thor', 'think', 'he', 'lap', 'dog', 'face', 'cleaner', 'fun', 'personality', 'sure', 'u', 'tomorrow']",12,66,neutral,0.4368,"{np.str_('negative'): 0.1496, np.str_('neutral'): 0.4368, np.str_('positive'): 0.4136}",labeled
563,has all the scenic appeal of a cesspool .,2024-02-28,unknown_user,,Rotten Tomatoes,en,rotten_tomatoes,negative,Unknown,Unknown,False,scenic appeal cesspool,"['scenic', 'appeal', 'cesspool']",3,22,positive,0.4046,"{np.str_('negative'): 0.2554, np.str_('neutral'): 0.34, np.str_('positive'): 0.4046}",labeled
564,this is n't a stand up and cheer flick ; it 's a sit down and ponder affair ,2024-07-22,unknown_user,,SST-2,en,sst2,positive,Unknown,Unknown,False,nt stand cheer flick sit ponder affair,"['nt', 'stand', 'cheer', 'flick', 'sit', 'ponder', 'affair']",7,38,positive,0.4046,"{np.str_('negative'): 0.2554, np.str_('neutral'): 0.34, np.str_('positive'): 0.4046}",labeled
565,Where's the best place to buy a @user jersey?? @user @user @user @user,2024-07-11,unknown_user,,Twitter (tweet_eval),en,tweet_eval_sentiment,neutral,Unknown,Unknown,False,wheres best place buy jersey,"['wheres', 'best', 'place', 'buy', 'jersey']",5,28,neutral,0.4203,"{np.str_('negative'): 0.2019, np.str_('neutral'): 0.4203, np.str_('positive'): 0.3778}",labeled
566,malcolm mcdowell is cool . paul bettany is cool . paul bettany playing malcolm mcdowell ? cool .,2024-05-09,unknown_user,,Rotten Tomatoes,en,rotten_tomatoes,positive,Unknown,Unknown,False,malcolm mcdowell cool paul bettany cool paul bettany playing malcolm mcdowell cool,"['malcolm', 'mcdowell', 'cool', 'paul', 'bettany', 'cool', 'paul', 'bettany', 'playing', 'malcolm', 'mcdowell', 'cool']",12,82,positive,0.4603,"{np.str_('negative'): 0.2131, np.str_('neutral'): 0.3266, np.str_('positive'): 0.4603}",labeled
567,"""No white T's, No ball cap. $500 CASH to the Women in the sexiest RED dress... Raffles for Moet Rose & a pair of Red Bottoms.  September 1st""",2024-11-02,unknown_user,,Twitter (tweet_eval),en,tweet_eval_sentiment,positive,Unknown,Unknown,False,no white t no ball cap 500 cash woman sexiest red dress raffle moet rose pair red bottom september 1st,"['no', 'white', 't', 'no', 'ball', 'cap', '500', 'cash', 'woman', 'sexiest', 'red', 'dress', 'raffle', 'moet', 'rose', 'pair', 'red', 'bottom', 'september', '1st']",20,102,neutral,0.4275,"{np.str_('negative'): 0.2264, np.str_('neutral'): 0.4275, np.str_('positive'): 0.3461}",labeled
568,some remarkable achival film about how shanghai ( of all places ) served jews who escaped the holocaust .,2024-08-08,unknown_user,,Rotten Tomatoes,en,rotten_tomatoes,positive,Unknown,Unknown,False,remarkable achival film shanghai place served jew escaped holocaust,"['remarkable', 'achival', 'film', 'shanghai', 'place', 'served', 'jew', 'escaped', 'holocaust']",9,67,positive,0.4539,"{np.str_('negative'): 0.3491, np.str_('neutral'): 0.1969, np.str_('positive'): 0.4539}",labeled
569,"@user Hi, my name is Dayle, abd you're my inspiration ! :) (RT/Follow if you see this?)47""",2025-05-06,unknown_user,,Twitter (tweet_eval),en,tweet_eval_sentiment,positive,Unknown,Unknown,False,hi name dayle abd youre inspiration rtfollow see this47,"['hi', 'name', 'dayle', 'abd', 'youre', 'inspiration', 'rtfollow', 'see', 'this47']",9,55,positive,0.3621,"{np.str_('negative'): 0.277, np.str_('neutral'): 0.361, np.str_('positive'): 0.3621}",labeled
570,Trynna go to IHOP but all my friends are asleep so I may just go by myself #WHENINDOUBTPANCAKEITOUT,2024-05-25,unknown_user,,Twitter (tweet_eval),en,tweet_eval_sentiment,positive,Unknown,Unknown,False,trynna go ihop but friend asleep may go,"['trynna', 'go', 'ihop', 'but', 'friend', 'asleep', 'may', 'go']",8,39,positive,0.5009,"{np.str_('negative'): 0.2474, np.str_('neutral'): 0.2517, np.str_('positive'): 0.5009}",labeled
571,@user but then I have to leave the house early to get dunkin and I've already accepted the fact that I'm going to be late tomorrow,2024-11-09,unknown_user,,Twitter (tweet_eval),en,tweet_eval_sentiment,neutral,Unknown,Unknown,False,but leave house early get dunkin ive already accepted fact im going late tomorrow,"['but', 'leave', 'house', 'early', 'get', 'dunkin', 'ive', 'already', 'accepted', 'fact', 'im', 'going', 'late', 'tomorrow']",14,81,positive,0.4231,"{np.str_('negative'): 0.2113, np.str_('neutral'): 0.3657, np.str_('positive'): 0.4231}",labeled
572,"Science shud probe the genetic difference between the two base type of PPL,by their world view:Rightists & LEFTISTS:https://t.co/Eh0C879rbw",2024-07-03,unknown_user,,Twitter (tweet_eval),en,tweet_eval_sentiment,neutral,Unknown,Unknown,False,science shud probe genetic difference two base type pplby world viewrightists leftist,"['science', 'shud', 'probe', 'genetic', 'difference', 'two', 'base', 'type', 'pplby', 'world', 'viewrightists', 'leftist']",12,85,positive,0.4232,"{np.str_('negative'): 0.2429, np.str_('neutral'): 0.3339, np.str_('positive'): 0.4232}",labeled
573,Justin Bieber tells fans to buy NHS Choir song and make it Christmas No 1,2024-01-24,unknown_user,,Twitter (tweet_eval),en,tweet_eval_sentiment,neutral,Unknown,Unknown,False,justin bieber tell fan buy nh choir song make christmas no,"['justin', 'bieber', 'tell', 'fan', 'buy', 'nh', 'choir', 'song', 'make', 'christmas', 'no']",11,58,neutral,0.3503,"{np.str_('negative'): 0.3081, np.str_('neutral'): 0.3503, np.str_('positive'): 0.3416}",labeled
574,Ian Bennett is responsible for the majority of my favorite music right now. Thank you. I also think he may have deleted his Twitter.,2024-02-11,unknown_user,,Twitter (tweet_eval),en,tweet_eval_sentiment,positive,Unknown,Unknown,False,ian bennett responsible majority favorite music right thank also think may deleted twitter,"['ian', 'bennett', 'responsible', 'majority', 'favorite', 'music', 'right', 'thank', 'also', 'think', 'may', 'deleted', 'twitter']",13,90,positive,0.5327,"{np.str_('negative'): 0.1828, np.str_('neutral'): 0.2845, np.str_('positive'): 0.5327}",labeled
575,"you'll be left with the sensation of having just witnessed a great performance and , perhaps , give in to the urge to get on your feet and shake it .",2024-07-10,unknown_user,,Rotten Tomatoes,en,rotten_tomatoes,positive,Unknown,Unknown,False,youll left sensation witnessed great performance perhaps give urge get foot shake,"['youll', 'left', 'sensation', 'witnessed', 'great', 'performance', 'perhaps', 'give', 'urge', 'get', 'foot', 'shake']",12,81,positive,0.6989,"{np.str_('negative'): 0.1562, np.str_('neutral'): 0.1448, np.str_('positive'): 0.6989}",labeled
576,Obama comes back to win 2nd debate with Romney on points: (AGI) New York - A more agressive Barack Obama forcefu...,2024-09-24,unknown_user,,Twitter (tweet_eval),en,tweet_eval_sentiment,neutral,Obama,Unknown,False,Obama come back win 2nd debate romney point agi new york agressive Obama forcefu,"['Obama', 'come', 'back', 'win', '2nd', 'debate', 'romney', 'point', 'agi', 'new', 'york', 'agressive', 'Obama', 'forcefu']",14,80,neutral,0.5891,"{np.str_('negative'): 0.1721, np.str_('neutral'): 0.5891, np.str_('positive'): 0.2388}",labeled
577,"""Happy May Day Folks! Be it celebrating the spring day of the yearly cycle, or singing Billy Bragg and talking about IWD, Have a Great Day!""",2024-04-01,unknown_user,,Twitter (tweet_eval),en,tweet_eval_sentiment,positive,Unknown,Unknown,False,happy may day folk celebrating spring day yearly cycle singing billy bragg talking iwd great day,"['happy', 'may', 'day', 'folk', 'celebrating', 'spring', 'day', 'yearly', 'cycle', 'singing', 'billy', 'bragg', 'talking', 'iwd', 'great', 'day']",16,96,positive,0.652,"{np.str_('negative'): 0.1322, np.str_('neutral'): 0.2158, np.str_('positive'): 0.652}",labeled
578,sometimes you just need to obnoxiously sing along to mariah carey on a rainy tuesday morning,2025-03-02,unknown_user,,Twitter (tweet_eval),en,tweet_eval_sentiment,positive,Unknown,Unknown,False,sometimes need obnoxiously sing along mariah carey rainy tuesday morning,"['sometimes', 'need', 'obnoxiously', 'sing', 'along', 'mariah', 'carey', 'rainy', 'tuesday', 'morning']",10,72,positive,0.5602,"{np.str_('negative'): 0.1609, np.str_('neutral'): 0.2788, np.str_('positive'): 0.5602}",labeled
579,A select person keeps reblogging certain set pieces from Magic Mike XXL onto my tumblr dash. Sis. SISTER. May God bless and keep you.,2025-02-07,unknown_user,,Twitter (tweet_eval),en,tweet_eval_sentiment,positive,Unknown,Unknown,False,select person keep reblogging certain set piece magic mike xxl onto tumblr dash si sister may god bless keep,"['select', 'person', 'keep', 'reblogging', 'certain', 'set', 'piece', 'magic', 'mike', 'xxl', 'onto', 'tumblr', 'dash', 'si', 'sister', 'may', 'god', 'bless', 'keep']",19,108,positive,0.4771,"{np.str_('negative'): 0.3058, np.str_('neutral'): 0.2171, np.str_('positive'): 0.4771}",labeled
580,@user @user Just saw you do the Sun. ev news  Great job.  Sad to hear about Frank Gifford..Sure Kathy Lee is devastated.,2024-06-26,unknown_user,,Twitter (tweet_eval),en,tweet_eval_sentiment,neutral,Unknown,Unknown,False,saw sun ev news great job sad hear frank giffordsure kathy lee devastated,"['saw', 'sun', 'ev', 'news', 'great', 'job', 'sad', 'hear', 'frank', 'giffordsure', 'kathy', 'lee', 'devastated']",13,73,positive,0.5122,"{np.str_('negative'): 0.193, np.str_('neutral'): 0.2947, np.str_('positive'): 0.5122}",labeled
581,@user iThink they may introduce the iphone 6S but my cuzzo said the AppleWatch Red and new macbook size,2024-10-26,unknown_user,,Twitter (tweet_eval),en,tweet_eval_sentiment,neutral,Unknown,Unknown,False,ithink may introduce iphone 6 but cuzzo said applewatch red new macbook size,"['ithink', 'may', 'introduce', 'iphone', '6', 'but', 'cuzzo', 'said', 'applewatch', 'red', 'new', 'macbook', 'size']",13,76,neutral,0.6008,"{np.str_('negative'): 0.1986, np.str_('neutral'): 0.6008, np.str_('positive'): 0.2006}",labeled
582,December 4th only cause I used the beginning in my Jay-Z speech for class,2024-06-29,unknown_user,,Twitter (tweet_eval),en,tweet_eval_sentiment,positive,Unknown,Unknown,False,december 4th cause used beginning jayz speech class,"['december', '4th', 'cause', 'used', 'beginning', 'jayz', 'speech', 'class']",8,51,positive,0.3968,"{np.str_('negative'): 0.3185, np.str_('neutral'): 0.2847, np.str_('positive'): 0.3968}",labeled
583,"@user @user Now, now, some of them are coming over to support Bernie Sanders, because he makes sense, but then they may agree?",2024-03-25,unknown_user,,Twitter (tweet_eval),en,tweet_eval_sentiment,positive,Unknown,Unknown,False,coming support bernie sander make sense but may agree,"['coming', 'support', 'bernie', 'sander', 'make', 'sense', 'but', 'may', 'agree']",9,53,positive,0.452,"{np.str_('negative'): 0.213, np.str_('neutral'): 0.335, np.str_('positive'): 0.452}",labeled
584,"""When Randy Orton won The WHC at Summerslam against hmm,I forgot his Name I remember Chris then B.I forgot the rest..",2024-06-16,unknown_user,,Twitter (tweet_eval),en,tweet_eval_sentiment,neutral,Unknown,Unknown,False,randy orton won whc summerslam against hmmi forgot name remember chris bi forgot rest,"['randy', 'orton', 'won', 'whc', 'summerslam', 'against', 'hmmi', 'forgot', 'name', 'remember', 'chris', 'bi', 'forgot', 'rest']",14,85,neutral,0.3778,"{np.str_('negative'): 0.3664, np.str_('neutral'): 0.3778, np.str_('positive'): 0.2558}",labeled
585,Saturday Movie Matinee: Carly Fiorina Won the Debate Going Away via @user,2024-07-21,unknown_user,,Twitter (tweet_eval),en,tweet_eval_sentiment,positive,Unknown,Unknown,False,saturday movie matinee carly fiorina won debate going away via,"['saturday', 'movie', 'matinee', 'carly', 'fiorina', 'won', 'debate', 'going', 'away', 'via']",10,62,positive,0.5147,"{np.str_('negative'): 0.2487, np.str_('neutral'): 0.2366, np.str_('positive'): 0.5147}",labeled
586,In good conscience (which is really absent) dems never intended to release the poor from bondage to the gov dole. Q…,2025-03-10,unknown_user,,Twitter (tweet_eval),en,tweet_eval_sentiment,negative,Unknown,Unknown,False,good conscience really absent dems never intended release poor bondage gov dole q…,"['good', 'conscience', 'really', 'absent', 'dems', 'never', 'intended', 'release', 'poor', 'bondage', 'gov', 'dole', 'q…']",13,82,positive,0.4765,"{np.str_('negative'): 0.2796, np.str_('neutral'): 0.2439, np.str_('positive'): 0.4765}",labeled
587,"""Nirbhaya's parents meet Rahul Gandhi ahead of debate on Juvenile Bill in RS New Delhi, Dec 22 (UNI) Ahead of the...",2024-03-23,unknown_user,,Twitter (tweet_eval),en,tweet_eval_sentiment,neutral,Rahul Gandhi,INC (Congress),False,nirbhayas parent meet RahulGandhi ahead debate juvenile bill r new delhi dec 22 uni ahead,"['nirbhayas', 'parent', 'meet', 'RahulGandhi', 'ahead', 'debate', 'juvenile', 'bill', 'r', 'new', 'delhi', 'dec', '22', 'uni', 'ahead']",15,89,neutral,0.5236,"{np.str_('negative'): 0.1197, np.str_('neutral'): 0.5236, np.str_('positive'): 0.3567}",labeled
588,"@user Tell us abou the teenagers Saudi Arabia is chopping heads off. C'mon, peope want to know.  #BoycottSaudiArabia""",2024-12-01,unknown_user,,Twitter (tweet_eval),en,tweet_eval_sentiment,negative,Unknown,Unknown,False,tell u abou teenager saudi arabia chopping head cmon peope want know,"['tell', 'u', 'abou', 'teenager', 'saudi', 'arabia', 'chopping', 'head', 'cmon', 'peope', 'want', 'know']",12,68,neutral,0.4888,"{np.str_('negative'): 0.278, np.str_('neutral'): 0.4888, np.str_('positive'): 0.2331}",labeled
589,a bad movie that happened to good actors .,2024-09-12,unknown_user,,Rotten Tomatoes,en,rotten_tomatoes,negative,Unknown,Unknown,False,bad movie happened good actor,"['bad', 'movie', 'happened', 'good', 'actor']",5,29,negative,0.4674,"{np.str_('negative'): 0.4674, np.str_('neutral'): 0.1128, np.str_('positive'): 0.4198}",labeled
590,diane lane's sophisticated performance can't rescue adrian lyne's unfaithful from its sleazy moralizing .,2024-09-24,unknown_user,,Rotten Tomatoes,en,rotten_tomatoes,negative,Unknown,Unknown,False,diane lane sophisticated performance cant rescue adrian lynes unfaithful sleazy moralizing,"['diane', 'lane', 'sophisticated', 'performance', 'cant', 'rescue', 'adrian', 'lynes', 'unfaithful', 'sleazy', 'moralizing']",11,90,positive,0.5932,"{np.str_('negative'): 0.2273, np.str_('neutral'): 0.1795, np.str_('positive'): 0.5932}",labeled
591,Kris Bryant grounds out to 2nd stranding Dexter Fowler 90 feet away after 5 the #Cubs trail the Rockies 5-1,2024-04-21,unknown_user,,Twitter (tweet_eval),en,tweet_eval_sentiment,neutral,Unknown,Unknown,False,kris bryant ground 2nd stranding dexter fowler 90 foot away trail rockies 51,"['kris', 'bryant', 'ground', '2nd', 'stranding', 'dexter', 'fowler', '90', 'foot', 'away', 'trail', 'rockies', '51']",13,76,positive,0.3997,"{np.str_('negative'): 0.2423, np.str_('neutral'): 0.358, np.str_('positive'): 0.3997}",labeled
592,Did you know that 'David Price' was Trending Topic on Saturday 22 for 7 hours in Canada? #trndnl,2025-03-19,unknown_user,,Twitter (tweet_eval),en,tweet_eval_sentiment,neutral,Unknown,Unknown,False,know david price trending topic saturday 22 hour canada,"['know', 'david', 'price', 'trending', 'topic', 'saturday', '22', 'hour', 'canada']",9,55,positive,0.4226,"{np.str_('negative'): 0.1719, np.str_('neutral'): 0.4056, np.str_('positive'): 0.4226}",labeled
593,"@user David Beckham was once the 2nd best player in the world,playing for one of the biggest clubs too. A lot of context to that",2024-04-13,unknown_user,,Twitter (tweet_eval),en,tweet_eval_sentiment,positive,Unknown,Unknown,False,david beckham 2nd best player worldplaying one biggest club lot context,"['david', 'beckham', '2nd', 'best', 'player', 'worldplaying', 'one', 'biggest', 'club', 'lot', 'context']",11,71,positive,0.5664,"{np.str_('negative'): 0.1286, np.str_('neutral'): 0.305, np.str_('positive'): 0.5664}",labeled
594,"a smart , sweet and playful romantic comedy .",2024-12-16,unknown_user,,Rotten Tomatoes,en,rotten_tomatoes,positive,Unknown,Unknown,False,smart sweet playful romantic comedy,"['smart', 'sweet', 'playful', 'romantic', 'comedy']",5,35,positive,0.5395,"{np.str_('negative'): 0.2714, np.str_('neutral'): 0.1892, np.str_('positive'): 0.5395}",labeled
595,@user @user @user and may i remind you that 4/5D look up to Michael Jackson lol,2024-03-17,unknown_user,,Twitter (tweet_eval),en,tweet_eval_sentiment,positive,Unknown,Unknown,False,may remind 45d look michael jackson lol,"['may', 'remind', '45d', 'look', 'michael', 'jackson', 'lol']",7,39,positive,0.4968,"{np.str_('negative'): 0.3135, np.str_('neutral'): 0.1898, np.str_('positive'): 0.4968}",labeled
596,Imagine Danica and Danielle meeting @user on Friday and the feeling you get to say that you helped out. #amazing #JBMeetDanica,2024-07-11,unknown_user,,Twitter (tweet_eval),en,tweet_eval_sentiment,positive,Unknown,Unknown,False,imagine danica danielle meeting friday feeling get say helped,"['imagine', 'danica', 'danielle', 'meeting', 'friday', 'feeling', 'get', 'say', 'helped']",9,61,neutral,0.4352,"{np.str_('negative'): 0.2095, np.str_('neutral'): 0.4352, np.str_('positive'): 0.3553}",labeled
597,@user @user @user Founders apparently were wise enough to see the abortion that SF has become,2024-04-25,unknown_user,,Twitter (tweet_eval),en,tweet_eval_sentiment,neutral,Unknown,Unknown,False,founder apparently wise enough see abortion sf become,"['founder', 'apparently', 'wise', 'enough', 'see', 'abortion', 'sf', 'become']",8,53,positive,0.4046,"{np.str_('negative'): 0.2554, np.str_('neutral'): 0.34, np.str_('positive'): 0.4046}",labeled
598,"ultimately , jane learns her place as a girl , softens up and loses some of the intensity that made her an interesting character to begin with .",2025-02-05,unknown_user,,Rotten Tomatoes,en,rotten_tomatoes,negative,Unknown,Unknown,False,ultimately jane learns place girl softens loses intensity made interesting character begin,"['ultimately', 'jane', 'learns', 'place', 'girl', 'softens', 'loses', 'intensity', 'made', 'interesting', 'character', 'begin']",12,90,negative,0.4777,"{np.str_('negative'): 0.4777, np.str_('neutral'): 0.256, np.str_('positive'): 0.2663}",labeled
599,@user They'd look kinda cute together and atleast she's not a racist nazi so that's an upgrade,2024-11-04,unknown_user,,Twitter (tweet_eval),en,tweet_eval_sentiment,positive,Unknown,Unknown,False,theyd look kinda cute together atleast shes not racist nazi thats upgrade,"['theyd', 'look', 'kinda', 'cute', 'together', 'atleast', 'shes', 'not', 'racist', 'nazi', 'thats', 'upgrade']",12,73,positive,0.5248,"{np.str_('negative'): 0.2936, np.str_('neutral'): 0.1816, np.str_('positive'): 0.5248}",labeled
600,"""We're on our way to Hoover, AL for SEC Media Days tomorrow, but tonight, we'll be cheering on @user in the Miss USA pageant!""",2024-03-30,unknown_user,,Twitter (tweet_eval),en,tweet_eval_sentiment,positive,Unknown,Unknown,False,way hoover al sec medium day tomorrow but tonight well cheering miss usa pageant,"['way', 'hoover', 'al', 'sec', 'medium', 'day', 'tomorrow', 'but', 'tonight', 'well', 'cheering', 'miss', 'usa', 'pageant']",14,80,positive,0.5983,"{np.str_('negative'): 0.1779, np.str_('neutral'): 0.2239, np.str_('positive'): 0.5983}",labeled
601,Pre-order this super awesome Riot Fest shirt with all the bands on it as Chicago wards. We'd be in about the 5th...,2024-08-23,unknown_user,,Twitter (tweet_eval),en,tweet_eval_sentiment,positive,Unknown,Unknown,False,preorder super awesome riot fest shirt band chicago ward wed 5th,"['preorder', 'super', 'awesome', 'riot', 'fest', 'shirt', 'band', 'chicago', 'ward', 'wed', '5th']",11,64,neutral,0.4708,"{np.str_('negative'): 0.1778, np.str_('neutral'): 0.4708, np.str_('positive'): 0.3514}",labeled
602,Messi's 100 international goals for Barcelona #fcblive  [via @user,2024-10-10,unknown_user,,Twitter (tweet_eval),en,tweet_eval_sentiment,positive,Unknown,Unknown,False,messis 100 international goal barcelona via,"['messis', '100', 'international', 'goal', 'barcelona', 'via']",6,43,positive,0.4046,"{np.str_('negative'): 0.2554, np.str_('neutral'): 0.34, np.str_('positive'): 0.4046}",labeled
603,@user Whatever plans you may have with your family\u002c have a beautiful weekend\u002c Ying! #FF,2025-02-18,unknown_user,,Twitter (tweet_eval),en,tweet_eval_sentiment,positive,Unknown,Unknown,False,whatever plan may familyu002c beautiful weekendu002c ying,"['whatever', 'plan', 'may', 'familyu002c', 'beautiful', 'weekendu002c', 'ying']",7,57,positive,0.4046,"{np.str_('negative'): 0.2554, np.str_('neutral'): 0.34, np.str_('positive'): 0.4046}",labeled
604,@user you need to come to the Houston Rodeo in march!,2024-08-15,unknown_user,,Twitter (tweet_eval),en,tweet_eval_sentiment,positive,Unknown,Unknown,False,need come houston rodeo march,"['need', 'come', 'houston', 'rodeo', 'march']",5,29,positive,0.4617,"{np.str_('negative'): 0.1433, np.str_('neutral'): 0.395, np.str_('positive'): 0.4617}",labeled
605,Dont wanna mae any1 mad but trump(along w/most of his cabinet) is a straight white male he aint going no where whether theres a recount/not.,2025-05-12,unknown_user,,Twitter (tweet_eval),en,tweet_eval_sentiment,negative,Trump,Unknown,False,dont wan na mae any1 mad but trumpalong wmost cabinet straight white male aint going no whether there recountnot,"['dont', 'wan', 'na', 'mae', 'any1', 'mad', 'but', 'trumpalong', 'wmost', 'cabinet', 'straight', 'white', 'male', 'aint', 'going', 'no', 'whether', 'there', 'recountnot']",19,112,neutral,0.4389,"{np.str_('negative'): 0.3121, np.str_('neutral'): 0.4389, np.str_('positive'): 0.249}",labeled
606,#SignsYouNeedToGrowUp you still hit up the Skate Center on Friday Nights,2024-10-02,unknown_user,,Twitter (tweet_eval),en,tweet_eval_sentiment,neutral,Unknown,Unknown,False,still hit skate center friday night,"['still', 'hit', 'skate', 'center', 'friday', 'night']",6,35,neutral,0.5173,"{np.str_('negative'): 0.0647, np.str_('neutral'): 0.5173, np.str_('positive'): 0.4181}",labeled
607,De La Soul's Eye Know playing in Pret - the perfect Monday tonic!,2024-03-14,unknown_user,,Twitter (tweet_eval),en,tweet_eval_sentiment,positive,Unknown,Unknown,False,de la soul eye know playing pret perfect monday tonic,"['de', 'la', 'soul', 'eye', 'know', 'playing', 'pret', 'perfect', 'monday', 'tonic']",10,53,neutral,0.5216,"{np.str_('negative'): 0.2572, np.str_('neutral'): 0.5216, np.str_('positive'): 0.2212}",labeled
608,Sat in the library trying to give laryngitis to several people via mind-power. ESPECIALLY the Liverpudlian girl. #STFU,2024-07-29,unknown_user,,Twitter (tweet_eval),en,tweet_eval_sentiment,negative,Unknown,Unknown,False,sat library trying give laryngitis several people via mindpower especially liverpudlian girl,"['sat', 'library', 'trying', 'give', 'laryngitis', 'several', 'people', 'via', 'mindpower', 'especially', 'liverpudlian', 'girl']",12,92,negative,0.3733,"{np.str_('negative'): 0.3733, np.str_('neutral'): 0.278, np.str_('positive'): 0.3487}",labeled
609,spiteful ,2024-01-21,unknown_user,,SST-2,en,sst2,negative,Unknown,Unknown,False,spiteful,['spiteful'],1,8,positive,0.4046,"{np.str_('negative'): 0.2554, np.str_('neutral'): 0.34, np.str_('positive'): 0.4046}",labeled
610,Doug Wead We are not out\u002c We are Up! The fight has just begun! Vote Ron Paul tomorrow Tuesday 5/15 in #OR & #NE #peace,2025-04-24,unknown_user,,Twitter (tweet_eval),en,tweet_eval_sentiment,positive,Unknown,Unknown,False,doug wead not outu002c fight begun vote ron paul tomorrow tuesday 515,"['doug', 'wead', 'not', 'outu002c', 'fight', 'begun', 'vote', 'ron', 'paul', 'tomorrow', 'tuesday', '515']",12,69,positive,0.4194,"{np.str_('negative'): 0.2059, np.str_('neutral'): 0.3747, np.str_('positive'): 0.4194}",labeled
611,LiiiiiiiiiiiiiiiiiiiiiiiiiiiiiiiiiiSTOOoOoO pa RompER DC STAR nightclub 4 the 1st time SINCE 08 !!! ToY Readyy ! #dmvsofficialhost,2025-02-13,unknown_user,,Twitter (tweet_eval),en,tweet_eval_sentiment,positive,Unknown,Unknown,False,liiiiiiiiiiiiiiiiiiiiiiiiiiiiiiiiiistoooooo pa romper dc star nightclub 1st time since 08 toy readyy,"['liiiiiiiiiiiiiiiiiiiiiiiiiiiiiiiiiistoooooo', 'pa', 'romper', 'dc', 'star', 'nightclub', '1st', 'time', 'since', '08', 'toy', 'readyy']",12,100,positive,0.3767,"{np.str_('negative'): 0.2752, np.str_('neutral'): 0.3481, np.str_('positive'): 0.3767}",labeled
612,"""C'mon, @user Rahul Gandhi has decimated the Congress, but you're still in the party #SoniaRahulHazirHo",2025-03-19,unknown_user,,Twitter (tweet_eval),en,tweet_eval_sentiment,negative,Rahul Gandhi,INC (Congress),False,cmon RahulGandhi decimated congress but youre still party,"['cmon', 'RahulGandhi', 'decimated', 'congress', 'but', 'youre', 'still', 'party']",8,57,positive,0.3621,"{np.str_('negative'): 0.277, np.str_('neutral'): 0.361, np.str_('positive'): 0.3621}",labeled
613,@user come over tomorrow? :) my mom isn\u2019t staying there with me she has to stay with the big dogs at the old house until Gordon,2024-05-17,unknown_user,,Twitter (tweet_eval),en,tweet_eval_sentiment,positive,Unknown,Unknown,False,come tomorrow mom isnu2019t staying stay big dog old house gordon,"['come', 'tomorrow', 'mom', 'isnu2019t', 'staying', 'stay', 'big', 'dog', 'old', 'house', 'gordon']",11,65,positive,0.6258,"{np.str_('negative'): 0.132, np.str_('neutral'): 0.2422, np.str_('positive'): 0.6258}",labeled
614,Can I just fast forward to the Ed Sheeran concert Saturday,2025-04-29,unknown_user,,Twitter (tweet_eval),en,tweet_eval_sentiment,positive,Unknown,Unknown,False,fast forward ed sheeran concert saturday,"['fast', 'forward', 'ed', 'sheeran', 'concert', 'saturday']",6,40,positive,0.5444,"{np.str_('negative'): 0.1801, np.str_('neutral'): 0.2755, np.str_('positive'): 0.5444}",labeled
615,beneath clouds is a succinct low-budget film whose compelling characters and intelligent script are exactly what was missing from rabbit-proof fence .,2024-07-30,unknown_user,,Rotten Tomatoes,en,rotten_tomatoes,positive,Unknown,Unknown,False,beneath cloud succinct lowbudget film whose compelling character intelligent script exactly missing rabbitproof fence,"['beneath', 'cloud', 'succinct', 'lowbudget', 'film', 'whose', 'compelling', 'character', 'intelligent', 'script', 'exactly', 'missing', 'rabbitproof', 'fence']",14,117,negative,0.4894,"{np.str_('negative'): 0.4894, np.str_('neutral'): 0.0947, np.str_('positive'): 0.4158}",labeled
616,RT @user It's Kerry's birthday tonight on Big Brother. Be prepared for a Jedward in hot pants. AT 10PM. it's the Penultimate e ...,2025-03-31,unknown_user,,Twitter (tweet_eval),en,tweet_eval_sentiment,neutral,Unknown,Unknown,False,rt kerrys birthday tonight big brother prepared jedward hot pant 10pm penultimate,"['rt', 'kerrys', 'birthday', 'tonight', 'big', 'brother', 'prepared', 'jedward', 'hot', 'pant', '10pm', 'penultimate']",12,81,positive,0.5143,"{np.str_('negative'): 0.1234, np.str_('neutral'): 0.3623, np.str_('positive'): 0.5143}",labeled
617,@user I've had several problems with Amazon Prime - Customer service has been a nightmare especially if your items are from 3rd party vendor,2025-02-12,unknown_user,,Twitter (tweet_eval),en,tweet_eval_sentiment,negative,Unknown,Unknown,False,ive several problem amazon prime customer service nightmare especially item 3rd party vendor,"['ive', 'several', 'problem', 'amazon', 'prime', 'customer', 'service', 'nightmare', 'especially', 'item', '3rd', 'party', 'vendor']",13,92,neutral,0.3893,"{np.str_('negative'): 0.3387, np.str_('neutral'): 0.3893, np.str_('positive'): 0.272}",labeled
618,"@user  Morning Simon, r u going to see Cowboys and Aliens preview on Monday or Tuesday at Lpool ONE?""",2024-08-06,unknown_user,,Twitter (tweet_eval),en,tweet_eval_sentiment,neutral,Unknown,Unknown,False,morning simon going see cowboy alien preview monday tuesday lpool one,"['morning', 'simon', 'going', 'see', 'cowboy', 'alien', 'preview', 'monday', 'tuesday', 'lpool', 'one']",11,69,positive,0.438,"{np.str_('negative'): 0.2252, np.str_('neutral'): 0.3368, np.str_('positive'): 0.438}",labeled
619,'Beauty and the Beast' 25th Anniversary: 20 Facts You Didn't Know by @user #beautyandthebeast,2025-02-11,unknown_user,,Twitter (tweet_eval),en,tweet_eval_sentiment,neutral,Unknown,Unknown,False,beauty beast 25th anniversary 20 fact didnt know,"['beauty', 'beast', '25th', 'anniversary', '20', 'fact', 'didnt', 'know']",8,48,neutral,0.5074,"{np.str_('negative'): 0.2857, np.str_('neutral'): 0.5074, np.str_('positive'): 0.207}",labeled
620,Very gruesome terrible injury for Marcus Lattimore (2nd year in a row) be strong\u002c the injury was similar to Mcgahee from 2003 Fiesta Bowl.,2025-03-04,unknown_user,,Twitter (tweet_eval),en,tweet_eval_sentiment,negative,Unknown,Unknown,False,gruesome terrible injury marcus lattimore 2nd year row strongu002c injury similar mcgahee 2003 fiesta bowl,"['gruesome', 'terrible', 'injury', 'marcus', 'lattimore', '2nd', 'year', 'row', 'strongu002c', 'injury', 'similar', 'mcgahee', '2003', 'fiesta', 'bowl']",15,106,neutral,0.3916,"{np.str_('negative'): 0.2274, np.str_('neutral'): 0.3916, np.str_('positive'): 0.381}",labeled
621,"Minimum wage increases have, in my head!",2024-03-02,unknown_user,,Twitter (tweet_eval),en,tweet_eval_sentiment,neutral,Unknown,Unknown,False,minimum wage increase head,"['minimum', 'wage', 'increase', 'head']",4,26,neutral,0.4942,"{np.str_('negative'): 0.2223, np.str_('neutral'): 0.4942, np.str_('positive'): 0.2836}",labeled
622,"an intelligent , earnest , intimate film that drops the ball only when it pauses for blunt exposition to make sure you're getting its metaphysical point .",2025-05-01,unknown_user,,Rotten Tomatoes,en,rotten_tomatoes,positive,Unknown,Unknown,False,intelligent earnest intimate film drop ball pause blunt exposition make sure youre getting metaphysical point,"['intelligent', 'earnest', 'intimate', 'film', 'drop', 'ball', 'pause', 'blunt', 'exposition', 'make', 'sure', 'youre', 'getting', 'metaphysical', 'point']",15,109,positive,0.5274,"{np.str_('negative'): 0.2697, np.str_('neutral'): 0.2028, np.str_('positive'): 0.5274}",labeled
623,is not a bad film . ,2024-01-10,unknown_user,,SST-2,en,sst2,positive,Unknown,Unknown,False,not bad film,"['not', 'bad', 'film']",3,12,positive,0.4381,"{np.str_('negative'): 0.4142, np.str_('neutral'): 0.1477, np.str_('positive'): 0.4381}",labeled
624,a movie that takes such a speedy swan dive from `` promising '' ,2024-09-30,unknown_user,,SST-2,en,sst2,negative,Unknown,Unknown,False,movie take speedy swan dive promising,"['movie', 'take', 'speedy', 'swan', 'dive', 'promising']",6,37,negative,0.4383,"{np.str_('negative'): 0.4383, np.str_('neutral'): 0.1326, np.str_('positive'): 0.4291}",labeled
625,Rousey to fight former boxer - Mixed martial arts star Ronda Rousey said Friday she will face female boxer Holly H...,2024-01-29,unknown_user,,Twitter (tweet_eval),en,tweet_eval_sentiment,neutral,Unknown,Unknown,False,rousey fight former boxer mixed martial art star ronda rousey said friday face female boxer holly,"['rousey', 'fight', 'former', 'boxer', 'mixed', 'martial', 'art', 'star', 'ronda', 'rousey', 'said', 'friday', 'face', 'female', 'boxer', 'holly']",16,97,neutral,0.5539,"{np.str_('negative'): 0.22, np.str_('neutral'): 0.5539, np.str_('positive'): 0.2261}",labeled
626,"@user how did I miss you at The Kee on Tues? We all missed you at @user """"""""Dockside Glow"""""""" in Muskoka. Congrats on new line!""",2024-01-01,unknown_user,,Twitter (tweet_eval),en,tweet_eval_sentiment,positive,Unknown,Unknown,False,miss kee tues missed dockside glow muskoka congrats new line,"['miss', 'kee', 'tues', 'missed', 'dockside', 'glow', 'muskoka', 'congrats', 'new', 'line']",10,60,positive,0.4538,"{np.str_('negative'): 0.18, np.str_('neutral'): 0.3662, np.str_('positive'): 0.4538}",labeled
627,So Briana is allowed to smoke but not allowed to take photos by fans because it may affect the baby oKAY THEN.,2024-09-07,unknown_user,,Twitter (tweet_eval),en,tweet_eval_sentiment,negative,Unknown,Unknown,False,briana allowed smoke but not allowed take photo fan may affect baby okay,"['briana', 'allowed', 'smoke', 'but', 'not', 'allowed', 'take', 'photo', 'fan', 'may', 'affect', 'baby', 'okay']",13,72,positive,0.418,"{np.str_('negative'): 0.3111, np.str_('neutral'): 0.2709, np.str_('positive'): 0.418}",labeled
628,"@user Disregarding that...I mean, c'mon. Seriously... Nintendo. Japan. In the 80s. You really think they went that route?",2024-10-22,unknown_user,,Twitter (tweet_eval),en,tweet_eval_sentiment,neutral,Unknown,Unknown,False,disregarding thati mean cmon seriously nintendo japan 80 really think went route,"['disregarding', 'thati', 'mean', 'cmon', 'seriously', 'nintendo', 'japan', '80', 'really', 'think', 'went', 'route']",12,80,neutral,0.5769,"{np.str_('negative'): 0.2271, np.str_('neutral'): 0.5769, np.str_('positive'): 0.196}",labeled
629,"David Beckham scored a goal for parents Monday, striking back against all the critics who tell us they know how...",2025-05-07,unknown_user,,Twitter (tweet_eval),en,tweet_eval_sentiment,positive,Unknown,Unknown,False,david beckham scored goal parent monday striking back against critic tell u know,"['david', 'beckham', 'scored', 'goal', 'parent', 'monday', 'striking', 'back', 'against', 'critic', 'tell', 'u', 'know']",13,80,neutral,0.476,"{np.str_('negative'): 0.2589, np.str_('neutral'): 0.476, np.str_('positive'): 0.2651}",labeled
630,"If you look at the one thing that conservatives #value, that liberals do not, it is truth.",2024-05-06,unknown_user,,Twitter (tweet_eval),en,tweet_eval_sentiment,negative,Unknown,Conservatives,False,look one thing conservative liberal not truth,"['look', 'one', 'thing', 'conservative', 'liberal', 'not', 'truth']",7,45,positive,0.512,"{np.str_('negative'): 0.3252, np.str_('neutral'): 0.1628, np.str_('positive'): 0.512}",labeled
631,Iran-Backed Houthis in Yemen Fire Missile Into Saudi Arabia: A missile fired from Yemen Saturday struck the Sa...,2025-04-14,unknown_user,,Twitter (tweet_eval),en,tweet_eval_sentiment,negative,Unknown,Unknown,False,iranbacked houthis yemen fire missile saudi arabia missile fired yemen saturday struck sa,"['iranbacked', 'houthis', 'yemen', 'fire', 'missile', 'saudi', 'arabia', 'missile', 'fired', 'yemen', 'saturday', 'struck', 'sa']",13,89,positive,0.4428,"{np.str_('negative'): 0.2174, np.str_('neutral'): 0.3398, np.str_('positive'): 0.4428}",labeled
632,This song says everything about a break up ...Rope To Hang by Neil McSweeney: Dir. Sat Johal of Crows Nest Films,2024-02-22,unknown_user,,Twitter (tweet_eval),en,tweet_eval_sentiment,neutral,Unknown,Unknown,False,song say everything break rope hang neil mcsweeney dir sat johal crow nest film,"['song', 'say', 'everything', 'break', 'rope', 'hang', 'neil', 'mcsweeney', 'dir', 'sat', 'johal', 'crow', 'nest', 'film']",14,79,positive,0.4387,"{np.str_('negative'): 0.3104, np.str_('neutral'): 0.2509, np.str_('positive'): 0.4387}",labeled
633,the thing looks like a made-for-home-video quickie .,2024-01-28,unknown_user,,Rotten Tomatoes,en,rotten_tomatoes,negative,Unknown,Unknown,False,thing look like madeforhomevideo quickie,"['thing', 'look', 'like', 'madeforhomevideo', 'quickie']",5,40,positive,0.4755,"{np.str_('negative'): 0.3477, np.str_('neutral'): 0.1767, np.str_('positive'): 0.4755}",labeled
634,Where could the Il Divo guys be performing tomorrow night? Tell us where you think they are,2024-02-12,unknown_user,,Twitter (tweet_eval),en,tweet_eval_sentiment,neutral,Unknown,Unknown,False,could il divo guy performing tomorrow night tell u think,"['could', 'il', 'divo', 'guy', 'performing', 'tomorrow', 'night', 'tell', 'u', 'think']",10,56,neutral,0.5234,"{np.str_('negative'): 0.1009, np.str_('neutral'): 0.5234, np.str_('positive'): 0.3757}",labeled
635,So bummed I'm not going to Kenny Chesney and Jason Aldean tomorrow,2025-04-29,unknown_user,,Twitter (tweet_eval),en,tweet_eval_sentiment,neutral,Unknown,Unknown,False,bummed im not going kenny chesney jason aldean tomorrow,"['bummed', 'im', 'not', 'going', 'kenny', 'chesney', 'jason', 'aldean', 'tomorrow']",9,55,neutral,0.4462,"{np.str_('negative'): 0.1777, np.str_('neutral'): 0.4462, np.str_('positive'): 0.3761}",labeled
636,"<br /><br />`The Last Frontier' is a superior western that overcomes numerous deficiencies in weaving its tale of trappers Jed (Victor Mature), Gus (James Whitmore) and Mongo (Pat Hogan) and their relationships with the army, particularly Captain Riordon (Guy Madison), Colonel Ma",2025-01-25,unknown_user,,IMDB,en,imdb,positive,Unknown,Unknown,False,last frontier superior western overcomes numerous deficiency weaving tale trapper jed victor mature gu james whitmore mongo pat hogan relationship army particularly captain riordon guy madison colonel,"['last', 'frontier', 'superior', 'western', 'overcomes', 'numerous', 'deficiency', 'weaving', 'tale', 'trapper', 'jed', 'victor', 'mature', 'gu', 'james', 'whitmore', 'mongo', 'pat', 'hogan', 'relationship', 'army', 'particularly', 'captain', 'riordon', 'guy', 'madison', 'colonel']",27,200,positive,0.4072,"{np.str_('negative'): 0.2094, np.str_('neutral'): 0.3834, np.str_('positive'): 0.4072}",labeled
637,"""i may not be JOHN LEGEND to give you """"ALL OF ME"""" but i can be ED SHEERAN to """"LOVE YOU TILL WERE 70""""  Good Evening. :)""",2025-01-27,unknown_user,,Twitter (tweet_eval),en,tweet_eval_sentiment,positive,Unknown,Unknown,False,may not john legend give but ed sheeran love till 70 good evening,"['may', 'not', 'john', 'legend', 'give', 'but', 'ed', 'sheeran', 'love', 'till', '70', 'good', 'evening']",13,65,positive,0.5336,"{np.str_('negative'): 0.1663, np.str_('neutral'): 0.3001, np.str_('positive'): 0.5336}",labeled
638,"Basically, this is a very good film. It is very different from Seagal's other films though, which unfortunately may turn off some of his fans. Unlike some of the other films, this does not feel like a 'Seagal vehicle'. You get to see plenty of the other characters as well and all",2024-07-20,unknown_user,,IMDB,en,imdb,positive,Unknown,Unknown,False,basically good film different seagals film though unfortunately may turn fan unlike film not feel like seagal vehicle get see plenty character well,"['basically', 'good', 'film', 'different', 'seagals', 'film', 'though', 'unfortunately', 'may', 'turn', 'fan', 'unlike', 'film', 'not', 'feel', 'like', 'seagal', 'vehicle', 'get', 'see', 'plenty', 'character', 'well']",23,147,positive,0.4618,"{np.str_('negative'): 0.4613, np.str_('neutral'): 0.077, np.str_('positive'): 0.4618}",labeled
639,AC/DC is rocking out Perth's Domain Stadium in November... and we want you to be there!  Listen out for the cue...,2024-01-27,unknown_user,,Twitter (tweet_eval),en,tweet_eval_sentiment,positive,Unknown,Unknown,False,acdc rocking perth domain stadium november want listen cue,"['acdc', 'rocking', 'perth', 'domain', 'stadium', 'november', 'want', 'listen', 'cue']",9,58,neutral,0.3938,"{np.str_('negative'): 0.2761, np.str_('neutral'): 0.3938, np.str_('positive'): 0.3301}",labeled
641,Tryna get wavy after work tomorrow it\u2019s been a while,2024-10-13,unknown_user,,Twitter (tweet_eval),en,tweet_eval_sentiment,neutral,Unknown,Unknown,False,tryna get wavy work tomorrow itu2019s,"['tryna', 'get', 'wavy', 'work', 'tomorrow', 'itu2019s']",6,37,positive,0.4494,"{np.str_('negative'): 0.1876, np.str_('neutral'): 0.363, np.str_('positive'): 0.4494}",labeled
642,"""As channel btwn east & west #Ukraine has huge potential as producer & hub"" At business roundtable w @user /JL",2025-03-23,unknown_user,,Twitter (tweet_eval),en,tweet_eval_sentiment,neutral,Unknown,Unknown,False,channel btwn east west huge potential producer hub business roundtable jl,"['channel', 'btwn', 'east', 'west', 'huge', 'potential', 'producer', 'hub', 'business', 'roundtable', 'jl']",11,73,neutral,0.3907,"{np.str_('negative'): 0.249, np.str_('neutral'): 0.3907, np.str_('positive'): 0.3603}",labeled
643,"a delightful , if minor , pastry of a movie .",2024-02-27,unknown_user,,Rotten Tomatoes,en,rotten_tomatoes,positive,Unknown,Unknown,False,delightful minor pastry movie,"['delightful', 'minor', 'pastry', 'movie']",4,29,negative,0.4383,"{np.str_('negative'): 0.4383, np.str_('neutral'): 0.1326, np.str_('positive'): 0.4291}",labeled
644,Eating spaghetti and watching Jurassic park on my Saturday night. Not even mad about it. Great movie great food.,2024-03-07,unknown_user,,Twitter (tweet_eval),en,tweet_eval_sentiment,positive,Unknown,Unknown,False,eating spaghetti watching jurassic park saturday night not even mad great movie great food,"['eating', 'spaghetti', 'watching', 'jurassic', 'park', 'saturday', 'night', 'not', 'even', 'mad', 'great', 'movie', 'great', 'food']",14,90,positive,0.6564,"{np.str_('negative'): 0.1173, np.str_('neutral'): 0.2263, np.str_('positive'): 0.6564}",labeled
645,And tomorrow she wants to go to the movies. And the day after I think we're going to Disneyland.,2024-04-16,unknown_user,,Twitter (tweet_eval),en,tweet_eval_sentiment,positive,Unknown,Unknown,False,tomorrow want go movie day think going disneyland,"['tomorrow', 'want', 'go', 'movie', 'day', 'think', 'going', 'disneyland']",8,49,positive,0.5317,"{np.str_('negative'): 0.186, np.str_('neutral'): 0.2823, np.str_('positive'): 0.5317}",labeled
646,"@user I will when I get back.. I'm still in Florida but I get back next Tuesday, well get it in for sure""",2024-09-19,unknown_user,,Twitter (tweet_eval),en,tweet_eval_sentiment,positive,Unknown,Unknown,False,get back im still florida but get back next tuesday well get sure,"['get', 'back', 'im', 'still', 'florida', 'but', 'get', 'back', 'next', 'tuesday', 'well', 'get', 'sure']",13,65,positive,0.5434,"{np.str_('negative'): 0.1906, np.str_('neutral'): 0.266, np.str_('positive'): 0.5434}",labeled
647,"Joe Biden will meet with AFL-CIO president, further fueling talk that he may enter the White House race. I predict a Labor Day announcement.",2024-02-22,unknown_user,,Twitter (tweet_eval),en,tweet_eval_sentiment,neutral,Biden,Unknown,False,Biden meet aflcio president fueling talk may enter white house race predict labor day announcement,"['Biden', 'meet', 'aflcio', 'president', 'fueling', 'talk', 'may', 'enter', 'white', 'house', 'race', 'predict', 'labor', 'day', 'announcement']",15,98,neutral,0.584,"{np.str_('negative'): 0.1983, np.str_('neutral'): 0.584, np.str_('positive'): 0.2178}",labeled
648,French President Francois Hollande is due to hold talks on Monday with the heads of the World Bank and other top economic bodies.,2024-09-17,unknown_user,,Twitter (tweet_eval),en,tweet_eval_sentiment,neutral,Unknown,Unknown,False,french president francois hollande due hold talk monday head world bank top economic body,"['french', 'president', 'francois', 'hollande', 'due', 'hold', 'talk', 'monday', 'head', 'world', 'bank', 'top', 'economic', 'body']",14,89,neutral,0.5955,"{np.str_('negative'): 0.2366, np.str_('neutral'): 0.5955, np.str_('positive'): 0.1679}",labeled
649,"""Justin Bieber may have a number 1 single, but he still visits Santa Claus:",2024-09-28,unknown_user,,Twitter (tweet_eval),en,tweet_eval_sentiment,neutral,Unknown,Unknown,False,justin bieber may number single but still visit santa claus,"['justin', 'bieber', 'may', 'number', 'single', 'but', 'still', 'visit', 'santa', 'claus']",10,59,positive,0.4046,"{np.str_('negative'): 0.2554, np.str_('neutral'): 0.34, np.str_('positive'): 0.4046}",labeled
650,"an unsettling , memorable cinematic experience that does its predecessors proud .",2024-02-08,unknown_user,,Rotten Tomatoes,en,rotten_tomatoes,positive,Unknown,Unknown,False,unsettling memorable cinematic experience predecessor proud,"['unsettling', 'memorable', 'cinematic', 'experience', 'predecessor', 'proud']",6,59,positive,0.4046,"{np.str_('negative'): 0.2554, np.str_('neutral'): 0.34, np.str_('positive'): 0.4046}",labeled
651,I just wanna go see Ed Sheeran on Thursday ://,2024-11-05,unknown_user,,Twitter (tweet_eval),en,tweet_eval_sentiment,positive,Unknown,Unknown,False,wan na go see ed sheeran thursday,"['wan', 'na', 'go', 'see', 'ed', 'sheeran', 'thursday']",7,33,positive,0.5007,"{np.str_('negative'): 0.1766, np.str_('neutral'): 0.3227, np.str_('positive'): 0.5007}",labeled
652,"that rare documentary that incorporates so much of human experience -- drama , conflict , tears and surprise -- that it transcends the normal divisions between fiction and nonfiction film .",2024-02-28,unknown_user,,Rotten Tomatoes,en,rotten_tomatoes,positive,Unknown,Unknown,False,rare documentary incorporates much human experience drama conflict tear surprise transcends normal division fiction nonfiction film,"['rare', 'documentary', 'incorporates', 'much', 'human', 'experience', 'drama', 'conflict', 'tear', 'surprise', 'transcends', 'normal', 'division', 'fiction', 'nonfiction', 'film']",16,131,positive,0.5315,"{np.str_('negative'): 0.3576, np.str_('neutral'): 0.1109, np.str_('positive'): 0.5315}",labeled
653,@user But BECAUSE you spent hours on something you will be more likely to toss money at it. Death is a super harsh penalty.,2024-01-14,unknown_user,,Twitter (tweet_eval),en,tweet_eval_sentiment,negative,Unknown,Unknown,False,but spent hour something likely toss money death super harsh penalty,"['but', 'spent', 'hour', 'something', 'likely', 'toss', 'money', 'death', 'super', 'harsh', 'penalty']",11,68,neutral,0.4091,"{np.str_('negative'): 0.3187, np.str_('neutral'): 0.4091, np.str_('positive'): 0.2722}",labeled
654,Up to the 4th episode of True Blood 2nd season.  It gets better & better.,2024-11-26,unknown_user,,Twitter (tweet_eval),en,tweet_eval_sentiment,positive,Unknown,Unknown,False,4th episode true blood 2nd season get better better,"['4th', 'episode', 'true', 'blood', '2nd', 'season', 'get', 'better', 'better']",9,51,positive,0.4782,"{np.str_('negative'): 0.2239, np.str_('neutral'): 0.2979, np.str_('positive'): 0.4782}",labeled
655,"A George Soros Connected Company Provided Voting Technology In 16 States, Including Key Swing States #Trump",2025-05-13,unknown_user,,Twitter (tweet_eval),en,tweet_eval_sentiment,neutral,Trump,Unknown,False,george soros connected company provided voting technology 16 state including key swing state,"['george', 'soros', 'connected', 'company', 'provided', 'voting', 'technology', '16', 'state', 'including', 'key', 'swing', 'state']",13,92,positive,0.4046,"{np.str_('negative'): 0.2554, np.str_('neutral'): 0.34, np.str_('positive'): 0.4046}",labeled
656,I wanted to see Columbiana for my birthday but it comes out on the 26th *rolls eyes* Guess ill go see it in Clemson.,2024-10-07,unknown_user,,Twitter (tweet_eval),en,tweet_eval_sentiment,neutral,Unknown,Unknown,False,wanted see columbiana birthday but come 26th roll eye guess ill go see clemson,"['wanted', 'see', 'columbiana', 'birthday', 'but', 'come', '26th', 'roll', 'eye', 'guess', 'ill', 'go', 'see', 'clemson']",14,78,neutral,0.409,"{np.str_('negative'): 0.1939, np.str_('neutral'): 0.409, np.str_('positive'): 0.397}",labeled
657,Pink Friday is Nicki's best.  And the Pink Print is a sloppy mess.,2024-06-22,unknown_user,,Twitter (tweet_eval),en,tweet_eval_sentiment,positive,Unknown,Unknown,False,pink friday nickis best pink print sloppy mess,"['pink', 'friday', 'nickis', 'best', 'pink', 'print', 'sloppy', 'mess']",8,46,positive,0.5998,"{np.str_('negative'): 0.0996, np.str_('neutral'): 0.3006, np.str_('positive'): 0.5998}",labeled
658,"some writer dude , i think his name was , uh , michael zaidan , was supposed to have like written the screenplay or something ",2024-08-12,unknown_user,,SST-2,en,sst2,negative,Unknown,Unknown,False,writer dude think name uh michael zaidan supposed like written screenplay something,"['writer', 'dude', 'think', 'name', 'uh', 'michael', 'zaidan', 'supposed', 'like', 'written', 'screenplay', 'something']",12,83,positive,0.43,"{np.str_('negative'): 0.2585, np.str_('neutral'): 0.3115, np.str_('positive'): 0.43}",labeled
659,If I make a game as a #windows10 Universal App. Will #xboxone owners be able to download and play it in November? @user @user,2025-05-02,unknown_user,,Twitter (tweet_eval),en,tweet_eval_sentiment,neutral,Unknown,Unknown,False,make game universal app owner able download play november,"['make', 'game', 'universal', 'app', 'owner', 'able', 'download', 'play', 'november']",9,57,positive,0.4294,"{np.str_('negative'): 0.1983, np.str_('neutral'): 0.3724, np.str_('positive'): 0.4294}",labeled
660,"At the #NBAwards finalist reading, the poets were on 🔥. I've been reading these all day & they are brilliant. I can…",2024-03-12,unknown_user,,Twitter (tweet_eval),en,tweet_eval_sentiment,positive,Unknown,Unknown,False,finalist reading poet fire ive reading day brilliant can…,"['finalist', 'reading', 'poet', 'fire', 'ive', 'reading', 'day', 'brilliant', 'can…']",9,57,positive,0.5424,"{np.str_('negative'): 0.1693, np.str_('neutral'): 0.2883, np.str_('positive'): 0.5424}",labeled
661,Iran said on Monday that Israeli lobbying was behind a new measure passed by the U.S.,2025-01-09,unknown_user,,Twitter (tweet_eval),en,tweet_eval_sentiment,neutral,Unknown,Unknown,False,iran said monday israeli lobbying behind new measure passed u,"['iran', 'said', 'monday', 'israeli', 'lobbying', 'behind', 'new', 'measure', 'passed', 'u']",10,61,neutral,0.6849,"{np.str_('negative'): 0.1787, np.str_('neutral'): 0.6849, np.str_('positive'): 0.1364}",labeled
662,bland actors ,2024-09-08,unknown_user,,SST-2,en,sst2,negative,Unknown,Unknown,False,bland actor,"['bland', 'actor']",2,11,negative,0.4281,"{np.str_('negative'): 0.4281, np.str_('neutral'): 0.2246, np.str_('positive'): 0.3474}",labeled
663,Banging on The #RollingStones on a Friday night with @user to start the weekend - after-hour Nirvana.,2024-08-25,unknown_user,,Twitter (tweet_eval),en,tweet_eval_sentiment,positive,Unknown,Unknown,False,banging friday night start weekend afterhour nirvana,"['banging', 'friday', 'night', 'start', 'weekend', 'afterhour', 'nirvana']",7,52,positive,0.5206,"{np.str_('negative'): 0.1047, np.str_('neutral'): 0.3747, np.str_('positive'): 0.5206}",labeled
664,Don't need make up to cover up. #WhatMakesYouBeautiful #OneDirection #1DHarry,2024-02-27,unknown_user,,Twitter (tweet_eval),en,tweet_eval_sentiment,neutral,Unknown,Unknown,False,dont need make cover,"['dont', 'need', 'make', 'cover']",4,20,positive,0.4388,"{np.str_('negative'): 0.2424, np.str_('neutral'): 0.3188, np.str_('positive'): 0.4388}",labeled
665,@user Everton are the 2nd highest users of the long ball this season. Wilshere has time and a selling club on his side. #feederclub,2025-02-19,unknown_user,,Twitter (tweet_eval),en,tweet_eval_sentiment,neutral,Unknown,Unknown,False,everton 2nd highest user long ball season wilshere time selling club side,"['everton', '2nd', 'highest', 'user', 'long', 'ball', 'season', 'wilshere', 'time', 'selling', 'club', 'side']",12,73,positive,0.4053,"{np.str_('negative'): 0.2, np.str_('neutral'): 0.3947, np.str_('positive'): 0.4053}",labeled
666,"every joke is repeated at least four times . every joke is repeated at least four times . every joke is repeated at least--annoying , isn't it ?",2024-07-20,unknown_user,,Rotten Tomatoes,en,rotten_tomatoes,negative,Unknown,Unknown,False,every joke repeated least four time every joke repeated least four time every joke repeated leastannoying isnt,"['every', 'joke', 'repeated', 'least', 'four', 'time', 'every', 'joke', 'repeated', 'least', 'four', 'time', 'every', 'joke', 'repeated', 'leastannoying', 'isnt']",17,110,positive,0.383,"{np.str_('negative'): 0.2927, np.str_('neutral'): 0.3243, np.str_('positive'): 0.383}",labeled
667,#Westworld S01 is nothing less than a MASTERPIECE. Phenomenal finale. And im gonna stay away from all the theories.,2025-03-07,unknown_user,,Twitter (tweet_eval),en,tweet_eval_sentiment,positive,Unknown,Unknown,False,s01 nothing less masterpiece phenomenal finale im gon na stay away theory,"['s01', 'nothing', 'less', 'masterpiece', 'phenomenal', 'finale', 'im', 'gon', 'na', 'stay', 'away', 'theory']",12,73,positive,0.5404,"{np.str_('negative'): 0.2041, np.str_('neutral'): 0.2555, np.str_('positive'): 0.5404}",labeled
668,a behind the scenes look at the training and dedication that goes into becoming a world-class fencer and the champion that's made a difference to nyc inner-city youth .,2024-07-19,unknown_user,,Rotten Tomatoes,en,rotten_tomatoes,positive,Unknown,Unknown,False,behind scene look training dedication go becoming worldclass fencer champion thats made difference nyc innercity youth,"['behind', 'scene', 'look', 'training', 'dedication', 'go', 'becoming', 'worldclass', 'fencer', 'champion', 'thats', 'made', 'difference', 'nyc', 'innercity', 'youth']",16,118,positive,0.4988,"{np.str_('negative'): 0.3416, np.str_('neutral'): 0.1597, np.str_('positive'): 0.4988}",labeled
669,@user  A trunk show by Pipa & bella & EKSMS on Nov 1st @ Escobar with complimentary Cocktail workshop & designer Jewelry.RSVP to us,2024-10-10,unknown_user,,Twitter (tweet_eval),en,tweet_eval_sentiment,neutral,Unknown,Unknown,False,trunk show pipa bella eksms nov 1st escobar complimentary cocktail workshop designer jewelryrsvp u,"['trunk', 'show', 'pipa', 'bella', 'eksms', 'nov', '1st', 'escobar', 'complimentary', 'cocktail', 'workshop', 'designer', 'jewelryrsvp', 'u']",14,98,neutral,0.5716,"{np.str_('negative'): 0.1607, np.str_('neutral'): 0.5716, np.str_('positive'): 0.2677}",labeled
670,"@user @user plenty of other news sources with riots, just look. Not to mention anti-trump  assaults",2024-10-05,unknown_user,,Twitter (tweet_eval),en,tweet_eval_sentiment,neutral,Trump,Unknown,False,plenty news source riot look not mention antitrump assault,"['plenty', 'news', 'source', 'riot', 'look', 'not', 'mention', 'antitrump', 'assault']",9,58,positive,0.4319,"{np.str_('negative'): 0.2969, np.str_('neutral'): 0.2712, np.str_('positive'): 0.4319}",labeled
671,@user @user Purge the voter registration records,2024-07-23,unknown_user,,Twitter (tweet_eval),en,tweet_eval_sentiment,neutral,Unknown,Unknown,False,purge voter registration record,"['purge', 'voter', 'registration', 'record']",4,31,positive,0.4046,"{np.str_('negative'): 0.2554, np.str_('neutral'): 0.34, np.str_('positive'): 0.4046}",labeled
672,"an awful lot like one of [spears'] music videos in content -- except that it goes on for at least 90 more minutes and , worse , that you have to pay if you want to see it .",2024-02-18,unknown_user,,Rotten Tomatoes,en,rotten_tomatoes,negative,Unknown,Unknown,False,awful lot like one spear music video content except go least 90 minute worse pay want see,"['awful', 'lot', 'like', 'one', 'spear', 'music', 'video', 'content', 'except', 'go', 'least', '90', 'minute', 'worse', 'pay', 'want', 'see']",17,89,neutral,0.4132,"{np.str_('negative'): 0.3237, np.str_('neutral'): 0.4132, np.str_('positive'): 0.2631}",labeled
673,I dont even think briana is sure when she got pregnant,2025-03-29,unknown_user,,Twitter (tweet_eval),en,tweet_eval_sentiment,neutral,Unknown,Unknown,False,dont even think briana sure got pregnant,"['dont', 'even', 'think', 'briana', 'sure', 'got', 'pregnant']",7,40,neutral,0.4602,"{np.str_('negative'): 0.197, np.str_('neutral'): 0.4602, np.str_('positive'): 0.3428}",labeled
674,"@user i'm more upset by the racist, stereotypical shit that every fucking store under the sun sells around St. Patrick's day.""",2024-01-16,unknown_user,,Twitter (tweet_eval),en,tweet_eval_sentiment,negative,Unknown,Unknown,False,im upset racist stereotypical shit every fucking store sun sell around st patrick day,"['im', 'upset', 'racist', 'stereotypical', 'shit', 'every', 'fucking', 'store', 'sun', 'sell', 'around', 'st', 'patrick', 'day']",14,85,positive,0.4772,"{np.str_('negative'): 0.1672, np.str_('neutral'): 0.3556, np.str_('positive'): 0.4772}",labeled
675,@user hey did you hear that the popular vote is up 2MM for Hillary and it doesn't mean shit?,2024-05-02,unknown_user,,Twitter (tweet_eval),en,tweet_eval_sentiment,negative,Unknown,Unknown,False,hey hear popular vote 2mm hillary doesnt mean shit,"['hey', 'hear', 'popular', 'vote', '2mm', 'hillary', 'doesnt', 'mean', 'shit']",9,50,neutral,0.4446,"{np.str_('negative'): 0.3298, np.str_('neutral'): 0.4446, np.str_('positive'): 0.2255}",labeled
676,Kunle Afolayan has raised the bar to another level with October 1. Not sure there are many who can meet up or raise the bar in Nigeria!!!,2024-04-27,unknown_user,,Twitter (tweet_eval),en,tweet_eval_sentiment,positive,Unknown,Unknown,False,kunle afolayan raised bar another level october not sure many meet raise bar nigeria,"['kunle', 'afolayan', 'raised', 'bar', 'another', 'level', 'october', 'not', 'sure', 'many', 'meet', 'raise', 'bar', 'nigeria']",14,84,positive,0.4457,"{np.str_('negative'): 0.1473, np.str_('neutral'): 0.407, np.str_('positive'): 0.4457}",labeled
677,I stay up til 6:30 every morning just to watch Between the Lions.,2024-10-21,unknown_user,,Twitter (tweet_eval),en,tweet_eval_sentiment,neutral,Unknown,Unknown,False,stay til 630 every morning watch lion,"['stay', 'til', '630', 'every', 'morning', 'watch', 'lion']",7,37,positive,0.4855,"{np.str_('negative'): 0.2175, np.str_('neutral'): 0.297, np.str_('positive'): 0.4855}",labeled
678,Juan  Just heard Green Day's 'Time of our life' for the 1st time since leaving florida and i burst into tears. I miss everyone...  Kellogg,2024-07-21,unknown_user,,Twitter (tweet_eval),en,tweet_eval_sentiment,negative,Unknown,Unknown,False,juan heard green day time life 1st time since leaving florida burst tear miss everyone kellogg,"['juan', 'heard', 'green', 'day', 'time', 'life', '1st', 'time', 'since', 'leaving', 'florida', 'burst', 'tear', 'miss', 'everyone', 'kellogg']",16,94,positive,0.5199,"{np.str_('negative'): 0.2357, np.str_('neutral'): 0.2444, np.str_('positive'): 0.5199}",labeled
679,[NEWS] Stuck-Up Sunday: Shepard Fairey - Andre the Giant Uncut Sticker Sheet - @user @user,2024-01-01,unknown_user,,Twitter (tweet_eval),en,tweet_eval_sentiment,neutral,Unknown,Unknown,False,news stuckup sunday shepard fairey andre giant uncut sticker sheet,"['news', 'stuckup', 'sunday', 'shepard', 'fairey', 'andre', 'giant', 'uncut', 'sticker', 'sheet']",10,66,neutral,0.4203,"{np.str_('negative'): 0.1971, np.str_('neutral'): 0.4203, np.str_('positive'): 0.3826}",labeled
680,"If you're looking for work in #Palestine, TX, check out this #job: #Retail #Hiring #CareerArc",2024-05-17,unknown_user,,Twitter (tweet_eval),en,tweet_eval_sentiment,neutral,Unknown,Unknown,False,youre looking work tx check,"['youre', 'looking', 'work', 'tx', 'check']",5,27,neutral,0.3712,"{np.str_('negative'): 0.2722, np.str_('neutral'): 0.3712, np.str_('positive'): 0.3567}",labeled
681,WHEN I THINK OF YOU by JANET JACKSON was no.15 in the UK charts on 1 September 1986,2024-12-30,unknown_user,,Twitter (tweet_eval),en,tweet_eval_sentiment,neutral,Unknown,Unknown,False,think janet jackson no15 uk chart september 1986,"['think', 'janet', 'jackson', 'no15', 'uk', 'chart', 'september', '1986']",8,48,neutral,0.4742,"{np.str_('negative'): 0.1352, np.str_('neutral'): 0.4742, np.str_('positive'): 0.3906}",labeled
682,#NowPlaying Adi?s - Ricky Martin,2024-11-05,unknown_user,,Twitter (tweet_eval),en,tweet_eval_sentiment,neutral,Unknown,Unknown,False,adis ricky martin,"['adis', 'ricky', 'martin']",3,17,positive,0.4046,"{np.str_('negative'): 0.2554, np.str_('neutral'): 0.34, np.str_('positive'): 0.4046}",labeled
683,"@user I have yet to find even one patient who benefitted from it. And, Medicare and Medicaid are broke systems. #RepealACA",2025-01-12,unknown_user,,Twitter (tweet_eval),en,tweet_eval_sentiment,negative,Unknown,Unknown,False,yet find even one patient benefitted medicare medicaid broke system,"['yet', 'find', 'even', 'one', 'patient', 'benefitted', 'medicare', 'medicaid', 'broke', 'system']",10,67,positive,0.4046,"{np.str_('negative'): 0.2554, np.str_('neutral'): 0.34, np.str_('positive'): 0.4046}",labeled
684,"This is one of the worst movies I have ever seen. However, the little slave girl, Alice and Jared Harris imitating Christopher Walken is what makes this movie entertaining. Alice's smoking, drinking and uncanny way of showing up when her name is called is strange and interesting.",2024-07-21,unknown_user,,IMDB,en,imdb,negative,Harris,Unknown,False,one worst movie ever seen however little slave girl alice jared harris imitating christopher walken make movie entertaining alices smoking drinking uncanny way showing name called strange interesting,"['one', 'worst', 'movie', 'ever', 'seen', 'however', 'little', 'slave', 'girl', 'alice', 'jared', 'harris', 'imitating', 'christopher', 'walken', 'make', 'movie', 'entertaining', 'alices', 'smoking', 'drinking', 'uncanny', 'way', 'showing', 'name', 'called', 'strange', 'interesting']",28,199,negative,0.5356,"{np.str_('negative'): 0.5356, np.str_('neutral'): 0.0989, np.str_('positive'): 0.3655}",labeled
685,Ay up @user You still want me to get you a pair of tickets for the Sunderland match on 2nd Jan (7.45pm ko)?,2025-01-11,unknown_user,,Twitter (tweet_eval),en,tweet_eval_sentiment,neutral,Unknown,Unknown,False,ay still want get pair ticket sunderland match 2nd jan 745pm ko,"['ay', 'still', 'want', 'get', 'pair', 'ticket', 'sunderland', 'match', '2nd', 'jan', '745pm', 'ko']",12,63,neutral,0.4722,"{np.str_('negative'): 0.1975, np.str_('neutral'): 0.4722, np.str_('positive'): 0.3304}",labeled
686,@user how many do you need? I have to get them from mrs murray and we can meet sometime friday,2024-09-21,unknown_user,,Twitter (tweet_eval),en,tweet_eval_sentiment,neutral,Unknown,Unknown,False,many need get mr murray meet sometime friday,"['many', 'need', 'get', 'mr', 'murray', 'meet', 'sometime', 'friday']",8,44,neutral,0.5041,"{np.str_('negative'): 0.0995, np.str_('neutral'): 0.5041, np.str_('positive'): 0.3964}",labeled
687,"I'm sorry to report that I have seen this film several times. When it bombed at the box office, it was repeated nightly for about a month on HBO. And I watched it over and over because television in general is so bad--or was at that time. I no longer watch, so it might be wonderf",2024-09-16,unknown_user,,IMDB,en,imdb,negative,Unknown,Unknown,False,im sorry report seen film several time bombed box office repeated nightly month hbo watched television general bador time no longer watch might wonderf,"['im', 'sorry', 'report', 'seen', 'film', 'several', 'time', 'bombed', 'box', 'office', 'repeated', 'nightly', 'month', 'hbo', 'watched', 'television', 'general', 'bador', 'time', 'no', 'longer', 'watch', 'might', 'wonderf']",24,151,positive,0.4894,"{np.str_('negative'): 0.349, np.str_('neutral'): 0.1617, np.str_('positive'): 0.4894}",labeled
688,"""In a reversal, Carly Fiorina now likely to make main stage at the next Republican debate: Carly Fiorina may ha...",2024-06-23,unknown_user,,Twitter (tweet_eval),en,tweet_eval_sentiment,positive,Unknown,Republicans,False,reversal carly fiorina likely make main stage next republican debate carly fiorina may ha,"['reversal', 'carly', 'fiorina', 'likely', 'make', 'main', 'stage', 'next', 'republican', 'debate', 'carly', 'fiorina', 'may', 'ha']",14,89,positive,0.5344,"{np.str_('negative'): 0.1846, np.str_('neutral'): 0.281, np.str_('positive'): 0.5344}",labeled
689,"Trump defendendo Steve Bannon: ""But Steve went to Harvard, he was a, you know, he was very successful,  he was a Naval officer (+)",2024-06-15,unknown_user,,Twitter (tweet_eval),en,tweet_eval_sentiment,neutral,Trump,Unknown,False,trump defendendo steve bannon but steve went harvard know successful naval officer,"['trump', 'defendendo', 'steve', 'bannon', 'but', 'steve', 'went', 'harvard', 'know', 'successful', 'naval', 'officer']",12,82,neutral,0.468,"{np.str_('negative'): 0.3203, np.str_('neutral'): 0.468, np.str_('positive'): 0.2118}",labeled
690,#Dodgers roll after Sharknado.  That's just fact.,2025-04-26,unknown_user,,Twitter (tweet_eval),en,tweet_eval_sentiment,neutral,Unknown,Unknown,False,roll sharknado thats fact,"['roll', 'sharknado', 'thats', 'fact']",4,25,positive,0.3841,"{np.str_('negative'): 0.3109, np.str_('neutral'): 0.305, np.str_('positive'): 0.3841}",labeled
691,I TOO CAN HEAR THE BELLS WATCHING ZAC EFRON IN THIS MOVIE,2025-02-22,unknown_user,,Twitter (tweet_eval),en,tweet_eval_sentiment,positive,Unknown,Unknown,False,hear bell watching zac efron movie,"['hear', 'bell', 'watching', 'zac', 'efron', 'movie']",6,34,positive,0.4862,"{np.str_('negative'): 0.2737, np.str_('neutral'): 0.2401, np.str_('positive'): 0.4862}",labeled
692,"December 8 begins the Pope's ""year of mercy"".",2025-02-04,unknown_user,,Twitter (tweet_eval),en,tweet_eval_sentiment,positive,Unknown,Unknown,False,december begin pope year mercy,"['december', 'begin', 'pope', 'year', 'mercy']",5,30,positive,0.4046,"{np.str_('negative'): 0.2554, np.str_('neutral'): 0.34, np.str_('positive'): 0.4046}",labeled
693,I have been astonished at the reaction of the liberals. Horrifying.,2025-03-13,unknown_user,,Twitter (tweet_eval),en,tweet_eval_sentiment,negative,Unknown,Liberal,False,astonished reaction liberal horrifying,"['astonished', 'reaction', 'liberal', 'horrifying']",4,38,positive,0.4046,"{np.str_('negative'): 0.2554, np.str_('neutral'): 0.34, np.str_('positive'): 0.4046}",labeled
694,"""Don't miss Allison DeBona from Ballet West &amp; the CW's """"""""Breaking Pointe"""""""" teaching this Thursday at 1:30pm sign in early!",2024-09-14,unknown_user,,Twitter (tweet_eval),en,tweet_eval_sentiment,positive,Unknown,Unknown,False,dont miss allison debona ballet west amp cws breaking pointe teaching thursday 130pm sign early,"['dont', 'miss', 'allison', 'debona', 'ballet', 'west', 'amp', 'cws', 'breaking', 'pointe', 'teaching', 'thursday', '130pm', 'sign', 'early']",15,95,positive,0.4013,"{np.str_('negative'): 0.2923, np.str_('neutral'): 0.3064, np.str_('positive'): 0.4013}",labeled
695,Israel it's terrorism. #Israel #free_palestine  #science #math #ACT #SAT #scholarship #highered,2024-01-07,unknown_user,,Twitter (tweet_eval),en,tweet_eval_sentiment,negative,Unknown,Unknown,False,israel terrorism,"['israel', 'terrorism']",2,16,positive,0.4046,"{np.str_('negative'): 0.2554, np.str_('neutral'): 0.34, np.str_('positive'): 0.4046}",labeled
696,Coming up in the 4pm (Eastern) hour\u002c another chance for you to win tickets to tomorrow night\u2019s Hudson Family...,2025-05-07,unknown_user,,Twitter (tweet_eval),en,tweet_eval_sentiment,neutral,Unknown,Unknown,False,coming 4pm eastern houru002c another chance win ticket tomorrow nightu2019s hudson family,"['coming', '4pm', 'eastern', 'houru002c', 'another', 'chance', 'win', 'ticket', 'tomorrow', 'nightu2019s', 'hudson', 'family']",12,89,neutral,0.544,"{np.str_('negative'): 0.1203, np.str_('neutral'): 0.544, np.str_('positive'): 0.3356}",labeled
697,Trying to slowly transition myself into vegetarianism.,2025-04-01,unknown_user,,Twitter (tweet_eval),en,tweet_eval_sentiment,neutral,Unknown,Unknown,False,trying slowly transition vegetarianism,"['trying', 'slowly', 'transition', 'vegetarianism']",4,38,positive,0.4046,"{np.str_('negative'): 0.2554, np.str_('neutral'): 0.34, np.str_('positive'): 0.4046}",labeled
698,"""I'm going to Paramore at Rock Im Park in Nuremburg, Germany - Jun 8",2024-05-14,unknown_user,,Twitter (tweet_eval),en,tweet_eval_sentiment,neutral,Unknown,Unknown,False,im going paramore rock im park nuremburg germany jun,"['im', 'going', 'paramore', 'rock', 'im', 'park', 'nuremburg', 'germany', 'jun']",9,52,positive,0.4902,"{np.str_('negative'): 0.215, np.str_('neutral'): 0.2948, np.str_('positive'): 0.4902}",labeled
699,Obama Downplays Trump Trade Agenda  O can stick TPP & his 0 legacy #tcot #pjneet #maga #lnyhbt #wakeupamerica #tgdn,2024-07-18,unknown_user,,Twitter (tweet_eval),en,tweet_eval_sentiment,negative,Trump,Unknown,False,Obama downplays trump trade agenda stick tpp legacy,"['Obama', 'downplays', 'trump', 'trade', 'agenda', 'stick', 'tpp', 'legacy']",8,51,neutral,0.4304,"{np.str_('negative'): 0.3785, np.str_('neutral'): 0.4304, np.str_('positive'): 0.1911}",labeled
700,[INFO]Tiffany will be the MC for SBS K-Pop Super Concert in USA on Nov 10 SBS K-Pop Super Concert in America on Nov 10,2024-12-13,unknown_user,,Twitter (tweet_eval),en,tweet_eval_sentiment,neutral,Unknown,Unknown,False,infotiffany mc sb kpop super concert usa nov 10 sb kpop super concert america nov 10,"['infotiffany', 'mc', 'sb', 'kpop', 'super', 'concert', 'usa', 'nov', '10', 'sb', 'kpop', 'super', 'concert', 'america', 'nov', '10']",16,84,neutral,0.5568,"{np.str_('negative'): 0.1606, np.str_('neutral'): 0.5568, np.str_('positive'): 0.2826}",labeled
701,And Josh Hamilton. Really this whole team right now. Incredible. Get punched in the mouth in the 8th and then do this. Awesome.,2024-07-22,unknown_user,,Twitter (tweet_eval),en,tweet_eval_sentiment,positive,Unknown,Unknown,False,josh hamilton really whole team right incredible get punched mouth 8th awesome,"['josh', 'hamilton', 'really', 'whole', 'team', 'right', 'incredible', 'get', 'punched', 'mouth', '8th', 'awesome']",12,78,positive,0.3761,"{np.str_('negative'): 0.2668, np.str_('neutral'): 0.3571, np.str_('positive'): 0.3761}",labeled
702,Amazing that Derrick\u002c on his 28th birthday\u002c gets called up from the D League to an incredible franchise like the San Antonio Spurs.,2024-06-27,unknown_user,,Twitter (tweet_eval),en,tweet_eval_sentiment,positive,Unknown,Unknown,False,amazing derricku002c 28th birthdayu002c get called league incredible franchise like san antonio spur,"['amazing', 'derricku002c', '28th', 'birthdayu002c', 'get', 'called', 'league', 'incredible', 'franchise', 'like', 'san', 'antonio', 'spur']",13,100,positive,0.5086,"{np.str_('negative'): 0.2952, np.str_('neutral'): 0.1963, np.str_('positive'): 0.5086}",labeled
703,Word on the street is that Ben Affleck will be at Rick's tomorrow night.,2024-12-01,unknown_user,,Twitter (tweet_eval),en,tweet_eval_sentiment,neutral,Unknown,Unknown,False,word street ben affleck rick tomorrow night,"['word', 'street', 'ben', 'affleck', 'rick', 'tomorrow', 'night']",7,43,positive,0.4839,"{np.str_('negative'): 0.0661, np.str_('neutral'): 0.4499, np.str_('positive'): 0.4839}",labeled
704,John Cena Vs Seth Rollins RAW July 27th 2015 Cena Won by making the fake Champ T by @user - via @user,2025-02-12,unknown_user,,Twitter (tweet_eval),en,tweet_eval_sentiment,neutral,Unknown,Unknown,False,john cena v seth rollins raw july 27th 2015 cena won making fake champ via,"['john', 'cena', 'v', 'seth', 'rollins', 'raw', 'july', '27th', '2015', 'cena', 'won', 'making', 'fake', 'champ', 'via']",15,74,neutral,0.5116,"{np.str_('negative'): 0.2489, np.str_('neutral'): 0.5116, np.str_('positive'): 0.2395}",labeled
705,little action ,2025-02-21,unknown_user,,SST-2,en,sst2,negative,Unknown,Unknown,False,little action,"['little', 'action']",2,13,negative,0.392,"{np.str_('negative'): 0.392, np.str_('neutral'): 0.3486, np.str_('positive'): 0.2593}",labeled
706,Tryna prepare myself for this concert Sunday. Two of the greatest Hip-Hop/R&B artist on the same stage\u002c same,2024-06-06,unknown_user,,Twitter (tweet_eval),en,tweet_eval_sentiment,positive,Unknown,Unknown,False,tryna prepare concert sunday two greatest hiphoprb artist stageu002c,"['tryna', 'prepare', 'concert', 'sunday', 'two', 'greatest', 'hiphoprb', 'artist', 'stageu002c']",9,68,positive,0.4444,"{np.str_('negative'): 0.1869, np.str_('neutral'): 0.3687, np.str_('positive'): 0.4444}",labeled
707,"Harper,s high standards for candidate selection, Dauphin Swan River MP running for the 3rd time un nominated, stamped by Harper",2025-01-11,unknown_user,,Twitter (tweet_eval),en,tweet_eval_sentiment,neutral,Unknown,Unknown,False,harper high standard candidate selection dauphin swan river mp running 3rd time un nominated stamped harper,"['harper', 'high', 'standard', 'candidate', 'selection', 'dauphin', 'swan', 'river', 'mp', 'running', '3rd', 'time', 'un', 'nominated', 'stamped', 'harper']",16,107,neutral,0.3991,"{np.str_('negative'): 0.3097, np.str_('neutral'): 0.3991, np.str_('positive'): 0.2912}",labeled
708,"this is one of the most visually stunning and thematically moving epics in recent memory , and in spite of numerous minor flaws , scorsese's best in more than a decade .",2024-04-23,unknown_user,,Rotten Tomatoes,en,rotten_tomatoes,positive,Unknown,Unknown,False,one visually stunning thematically moving epic recent memory spite numerous minor flaw scorsese best decade,"['one', 'visually', 'stunning', 'thematically', 'moving', 'epic', 'recent', 'memory', 'spite', 'numerous', 'minor', 'flaw', 'scorsese', 'best', 'decade']",15,107,positive,0.6426,"{np.str_('negative'): 0.1312, np.str_('neutral'): 0.2262, np.str_('positive'): 0.6426}",labeled
709,"""We've got some stories about that. Coach Stoops has a history of being #TooTurnt Swindle told him Sat. """"""""You got too much juice.""""""""""",2024-05-06,unknown_user,,Twitter (tweet_eval),en,tweet_eval_sentiment,neutral,Unknown,Conservatives,False,weve got story coach stoop history swindle told sat got much juice,"['weve', 'got', 'story', 'coach', 'stoop', 'history', 'swindle', 'told', 'sat', 'got', 'much', 'juice']",12,66,neutral,0.4671,"{np.str_('negative'): 0.239, np.str_('neutral'): 0.4671, np.str_('positive'): 0.294}",labeled
710,press the delete key .,2024-07-04,unknown_user,,Rotten Tomatoes,en,rotten_tomatoes,negative,Unknown,Unknown,False,press delete key,"['press', 'delete', 'key']",3,16,positive,0.4046,"{np.str_('negative'): 0.2554, np.str_('neutral'): 0.34, np.str_('positive'): 0.4046}",labeled
711,nicely serves as an examination of a society in transition .,2024-08-22,unknown_user,,Rotten Tomatoes,en,rotten_tomatoes,positive,Unknown,Unknown,False,nicely serf examination society transition,"['nicely', 'serf', 'examination', 'society', 'transition']",5,42,positive,0.4046,"{np.str_('negative'): 0.2554, np.str_('neutral'): 0.34, np.str_('positive'): 0.4046}",labeled
712,"as gamely as the movie tries to make sense of its title character , there remains a huge gap between the film's creepy , clean-cut dahmer ( jeremy renner ) and fiendish acts that no amount of earnest textbook psychologizing can bridge .",2024-04-22,unknown_user,,Rotten Tomatoes,en,rotten_tomatoes,negative,Unknown,Unknown,False,gamely movie try make sense title character remains huge gap film creepy cleancut dahmer jeremy renner fiendish act no amount earnest textbook psychologizing bridge,"['gamely', 'movie', 'try', 'make', 'sense', 'title', 'character', 'remains', 'huge', 'gap', 'film', 'creepy', 'cleancut', 'dahmer', 'jeremy', 'renner', 'fiendish', 'act', 'no', 'amount', 'earnest', 'textbook', 'psychologizing', 'bridge']",24,164,positive,0.4698,"{np.str_('negative'): 0.4581, np.str_('neutral'): 0.0722, np.str_('positive'): 0.4698}",labeled
713,Super Sunday Football indeed! Love the Merseyside Derby!,2024-06-23,unknown_user,,Twitter (tweet_eval),en,tweet_eval_sentiment,positive,Unknown,Unknown,False,super sunday football indeed love merseyside derby,"['super', 'sunday', 'football', 'indeed', 'love', 'merseyside', 'derby']",7,50,positive,0.4794,"{np.str_('negative'): 0.1222, np.str_('neutral'): 0.3984, np.str_('positive'): 0.4794}",labeled
714,Look at Usher and this fancy footwork #ThankYouObama,2024-03-13,unknown_user,,Twitter (tweet_eval),en,tweet_eval_sentiment,positive,Obama,Unknown,False,look usher fancy footwork,"['look', 'usher', 'fancy', 'footwork']",4,25,positive,0.4985,"{np.str_('negative'): 0.2966, np.str_('neutral'): 0.2049, np.str_('positive'): 0.4985}",labeled
715,"""Our account will be very active for International Fashion Month New York, London, Milan and Paris all the action from Thursday""",2024-07-10,unknown_user,,Twitter (tweet_eval),en,tweet_eval_sentiment,neutral,Unknown,Unknown,False,account active international fashion month new york london milan paris action thursday,"['account', 'active', 'international', 'fashion', 'month', 'new', 'york', 'london', 'milan', 'paris', 'action', 'thursday']",12,86,neutral,0.6646,"{np.str_('negative'): 0.1596, np.str_('neutral'): 0.6646, np.str_('positive'): 0.1758}",labeled
716,Monday was Gucci but then it went downhill,2024-04-18,unknown_user,,Twitter (tweet_eval),en,tweet_eval_sentiment,negative,Unknown,Unknown,False,monday gucci but went downhill,"['monday', 'gucci', 'but', 'went', 'downhill']",5,30,neutral,0.5651,"{np.str_('negative'): 0.2643, np.str_('neutral'): 0.5651, np.str_('positive'): 0.1706}",labeled
717,@user @user Well aren\u2019t you good!  Happy anniversary. May many owls serenade you with Ricky Martin songs.,2025-01-16,unknown_user,,Twitter (tweet_eval),en,tweet_eval_sentiment,positive,Unknown,Unknown,False,well arenu2019t good happy anniversary may many owl serenade ricky martin song,"['well', 'arenu2019t', 'good', 'happy', 'anniversary', 'may', 'many', 'owl', 'serenade', 'ricky', 'martin', 'song']",12,78,positive,0.6037,"{np.str_('negative'): 0.1949, np.str_('neutral'): 0.2015, np.str_('positive'): 0.6037}",labeled
718,Which camera rep are you most excited to see at Demo Days on Nov 16 & 17? (Nikon\u002c Canon\u002c Tamron\u002c Sony\u002c Sigma etc...),2025-04-28,unknown_user,,Twitter (tweet_eval),en,tweet_eval_sentiment,neutral,Unknown,Unknown,False,camera rep excited see demo day nov 16 17 nikonu002c canonu002c tamronu002c sonyu002c sigma etc,"['camera', 'rep', 'excited', 'see', 'demo', 'day', 'nov', '16', '17', 'nikonu002c', 'canonu002c', 'tamronu002c', 'sonyu002c', 'sigma', 'etc']",15,95,neutral,0.4183,"{np.str_('negative'): 0.171, np.str_('neutral'): 0.4183, np.str_('positive'): 0.4108}",labeled
719,Obama's free trade agreement with the cartels. He exports guns and imports drugs using our money to do it #Teaparty #2nd,2024-05-01,unknown_user,,Twitter (tweet_eval),en,tweet_eval_sentiment,negative,Obama,Unknown,False,obamas free trade agreement cartel export gun import drug using money,"['obamas', 'free', 'trade', 'agreement', 'cartel', 'export', 'gun', 'import', 'drug', 'using', 'money']",11,69,negative,0.4234,"{np.str_('negative'): 0.4234, np.str_('neutral'): 0.2633, np.str_('positive'): 0.3133}",labeled
720,a loquacious and dreary piece of business .,2024-05-04,unknown_user,,Rotten Tomatoes,en,rotten_tomatoes,negative,Unknown,Unknown,False,loquacious dreary piece business,"['loquacious', 'dreary', 'piece', 'business']",4,32,positive,0.4046,"{np.str_('negative'): 0.2554, np.str_('neutral'): 0.34, np.str_('positive'): 0.4046}",labeled
721,SCOTUS cannot make law only rule on it. Get real America.  Unless it's healthcare.Then they feel they can.,2024-06-25,unknown_user,,Twitter (tweet_eval),en,tweet_eval_sentiment,negative,Unknown,Unknown,False,scotus not make law rule get real america unless healthcarethen feel,"['scotus', 'not', 'make', 'law', 'rule', 'get', 'real', 'america', 'unless', 'healthcarethen', 'feel']",11,68,positive,0.4296,"{np.str_('negative'): 0.3319, np.str_('neutral'): 0.2384, np.str_('positive'): 0.4296}",labeled
722,THE SKINNY: Breezy may be getting it from RiRi AND ex\u002c KT. Getting that cake! cake! cake! and eating it too. <3...,2024-02-13,unknown_user,,Twitter (tweet_eval),en,tweet_eval_sentiment,neutral,Unknown,Unknown,False,skinny breezy may getting riri exu002c kt getting cake cake cake eating,"['skinny', 'breezy', 'may', 'getting', 'riri', 'exu002c', 'kt', 'getting', 'cake', 'cake', 'cake', 'eating']",12,71,positive,0.3754,"{np.str_('negative'): 0.3114, np.str_('neutral'): 0.3133, np.str_('positive'): 0.3754}",labeled
723,How cam called obj over to him was just as disrespectful when Kendrick called out Cole 1st and last name on control and not everybody else,2025-01-01,unknown_user,,Twitter (tweet_eval),en,tweet_eval_sentiment,negative,Unknown,Unknown,False,cam called obj disrespectful kendrick called cole 1st last name control not everybody else,"['cam', 'called', 'obj', 'disrespectful', 'kendrick', 'called', 'cole', '1st', 'last', 'name', 'control', 'not', 'everybody', 'else']",14,90,positive,0.441,"{np.str_('negative'): 0.2993, np.str_('neutral'): 0.2597, np.str_('positive'): 0.441}",labeled
724,@user @user the deplorables hate CNN.,2024-03-25,unknown_user,,Twitter (tweet_eval),en,tweet_eval_sentiment,neutral,Unknown,Unknown,False,deplorables hate cnn,"['deplorables', 'hate', 'cnn']",3,20,positive,0.4046,"{np.str_('negative'): 0.2554, np.str_('neutral'): 0.34, np.str_('positive'): 0.4046}",labeled
725,"despite all the closed-door hanky-panky , the film is essentially juiceless .",2024-08-11,unknown_user,,Rotten Tomatoes,en,rotten_tomatoes,negative,Unknown,Unknown,False,despite closeddoor hankypanky film essentially juiceless,"['despite', 'closeddoor', 'hankypanky', 'film', 'essentially', 'juiceless']",6,56,negative,0.4512,"{np.str_('negative'): 0.4512, np.str_('neutral'): 0.1686, np.str_('positive'): 0.3803}",labeled
726,Vernon RCMP Cracking Down on Medical Marijuana Dispensaries,2024-01-31,unknown_user,,Twitter (tweet_eval),en,tweet_eval_sentiment,neutral,Unknown,Unknown,False,vernon rcmp cracking medical marijuana dispensary,"['vernon', 'rcmp', 'cracking', 'medical', 'marijuana', 'dispensary']",6,49,positive,0.4046,"{np.str_('negative'): 0.2554, np.str_('neutral'): 0.34, np.str_('positive'): 0.4046}",labeled
727,David Wright doing David Wright things. On to the 13th still 5-5,2024-10-08,unknown_user,,Twitter (tweet_eval),en,tweet_eval_sentiment,neutral,Unknown,Unknown,False,david wright david wright thing 13th still 55,"['david', 'wright', 'david', 'wright', 'thing', '13th', 'still', '55']",8,45,positive,0.507,"{np.str_('negative'): 0.1965, np.str_('neutral'): 0.2966, np.str_('positive'): 0.507}",labeled
728,TOMORROW I WILL FINALLY SEE KENDRICK LAMAR LIVE IN CONCERT!!!!!!!! i think im going to cry,2024-08-03,unknown_user,,Twitter (tweet_eval),en,tweet_eval_sentiment,positive,Unknown,Unknown,False,tomorrow finally see kendrick lamar live concert think im going cry,"['tomorrow', 'finally', 'see', 'kendrick', 'lamar', 'live', 'concert', 'think', 'im', 'going', 'cry']",11,67,positive,0.5513,"{np.str_('negative'): 0.1653, np.str_('neutral'): 0.2834, np.str_('positive'): 0.5513}",labeled
729,Black Friday? You mean VOLT GREEN Friday! Join us tonight 730e from SLC! @user vs @user on @user,2024-12-07,unknown_user,,Twitter (tweet_eval),en,tweet_eval_sentiment,neutral,Unknown,Unknown,False,black friday mean volt green friday join u tonight 730e slc v,"['black', 'friday', 'mean', 'volt', 'green', 'friday', 'join', 'u', 'tonight', '730e', 'slc', 'v']",12,61,neutral,0.5424,"{np.str_('negative'): 0.1102, np.str_('neutral'): 0.5424, np.str_('positive'): 0.3474}",labeled
730,#RedSox Saltalamacchia is the 4th catcher to hit 16+ HR in back-to-back seasons for BOS. Others: Carlton Fisk\u002c Rich Gedman\u002c Jason Varitek.,2024-04-02,unknown_user,,Twitter (tweet_eval),en,tweet_eval_sentiment,neutral,Unknown,Unknown,False,saltalamacchia 4th catcher hit 16 hr backtoback season bos others carlton fisku002c rich gedmanu002c jason varitek,"['saltalamacchia', '4th', 'catcher', 'hit', '16', 'hr', 'backtoback', 'season', 'bos', 'others', 'carlton', 'fisku002c', 'rich', 'gedmanu002c', 'jason', 'varitek']",16,114,neutral,0.5803,"{np.str_('negative'): 0.1872, np.str_('neutral'): 0.5803, np.str_('positive'): 0.2324}",labeled
731,Do anybody else agree that Cole and Kendrick did better on each other song with the black friday,2024-09-15,unknown_user,,Twitter (tweet_eval),en,tweet_eval_sentiment,positive,Unknown,Unknown,False,anybody else agree cole kendrick better song black friday,"['anybody', 'else', 'agree', 'cole', 'kendrick', 'better', 'song', 'black', 'friday']",9,57,positive,0.4685,"{np.str_('negative'): 0.1504, np.str_('neutral'): 0.3811, np.str_('positive'): 0.4685}",labeled
732,engagingly captures the maddening and magnetic ebb and flow of friendship .,2024-09-30,unknown_user,,Rotten Tomatoes,en,rotten_tomatoes,positive,Unknown,Unknown,False,engagingly capture maddening magnetic ebb flow friendship,"['engagingly', 'capture', 'maddening', 'magnetic', 'ebb', 'flow', 'friendship']",7,57,positive,0.4046,"{np.str_('negative'): 0.2554, np.str_('neutral'): 0.34, np.str_('positive'): 0.4046}",labeled
733,Last day of Eid is feeling like Sunday before Monday.,2024-09-28,unknown_user,,Twitter (tweet_eval),en,tweet_eval_sentiment,neutral,Unknown,Unknown,False,last day eid feeling like sunday monday,"['last', 'day', 'eid', 'feeling', 'like', 'sunday', 'monday']",7,39,neutral,0.4387,"{np.str_('negative'): 0.2059, np.str_('neutral'): 0.4387, np.str_('positive'): 0.3554}",labeled
734,Is anyone going to AC/DC at Ford field next Tuesday?,2024-04-19,unknown_user,,Twitter (tweet_eval),en,tweet_eval_sentiment,positive,Unknown,Unknown,False,anyone going acdc ford field next tuesday,"['anyone', 'going', 'acdc', 'ford', 'field', 'next', 'tuesday']",7,41,positive,0.5076,"{np.str_('negative'): 0.2264, np.str_('neutral'): 0.2661, np.str_('positive'): 0.5076}",labeled
735,FEC hold farewell session for seven ministers - President Goodluck Jonathan on Wednesday led the Federal Executive...,2025-01-01,unknown_user,,Twitter (tweet_eval),en,tweet_eval_sentiment,neutral,Unknown,Unknown,False,fec hold farewell session seven minister president goodluck jonathan wednesday led federal executive,"['fec', 'hold', 'farewell', 'session', 'seven', 'minister', 'president', 'goodluck', 'jonathan', 'wednesday', 'led', 'federal', 'executive']",13,100,neutral,0.5491,"{np.str_('negative'): 0.1855, np.str_('neutral'): 0.5491, np.str_('positive'): 0.2654}",labeled
736,"@user @user @user @user Madonna's albums may flop, but she can still gross high from a tour nowadays.",2024-09-02,unknown_user,,Twitter (tweet_eval),en,tweet_eval_sentiment,neutral,Unknown,Unknown,False,madonna album may flop but still gross high tour nowadays,"['madonna', 'album', 'may', 'flop', 'but', 'still', 'gross', 'high', 'tour', 'nowadays']",10,57,neutral,0.3978,"{np.str_('negative'): 0.2386, np.str_('neutral'): 0.3978, np.str_('positive'): 0.3637}",labeled
737,"""Niall's going to be 22 in 12 days NO ONE'S GONNA BE 22, I'LL LOCK HIM IN FOREVER21!1! *prepares squad* C'mon!""",2024-03-14,unknown_user,,Twitter (tweet_eval),en,tweet_eval_sentiment,positive,Unknown,Unknown,False,nialls going 22 12 day no one gon na 22 ill lock forever211 prepares squad cmon,"['nialls', 'going', '22', '12', 'day', 'no', 'one', 'gon', 'na', '22', 'ill', 'lock', 'forever211', 'prepares', 'squad', 'cmon']",16,79,positive,0.606,"{np.str_('negative'): 0.1632, np.str_('neutral'): 0.2308, np.str_('positive'): 0.606}",labeled
738,.@repjohnlewis #NBAwards acceptance speech has been viewed over 1.6 million times at @user,2024-01-13,unknown_user,,Twitter (tweet_eval),en,tweet_eval_sentiment,neutral,Unknown,Unknown,False,acceptance speech viewed 16 million time,"['acceptance', 'speech', 'viewed', '16', 'million', 'time']",6,40,positive,0.383,"{np.str_('negative'): 0.2927, np.str_('neutral'): 0.3243, np.str_('positive'): 0.383}",labeled
739,"""Who is the best? 2NE1, with their first full concert on Dec 1 at the Singapore Indoor Stadium. Tickets go on sale Oct 19.""",2025-01-24,unknown_user,,Twitter (tweet_eval),en,tweet_eval_sentiment,positive,Unknown,Unknown,False,best 2ne1 first full concert dec singapore indoor stadium ticket go sale oct 19,"['best', '2ne1', 'first', 'full', 'concert', 'dec', 'singapore', 'indoor', 'stadium', 'ticket', 'go', 'sale', 'oct', '19']",14,79,positive,0.4849,"{np.str_('negative'): 0.1676, np.str_('neutral'): 0.3474, np.str_('positive'): 0.4849}",labeled
740,Hulk Hogan won't have a good day tomorrow when he realises everyone has been treating him like a world class cunt,2024-04-03,unknown_user,,Twitter (tweet_eval),en,tweet_eval_sentiment,negative,Unknown,Unknown,False,hulk hogan wont good day tomorrow realises everyone treating like world class cunt,"['hulk', 'hogan', 'wont', 'good', 'day', 'tomorrow', 'realises', 'everyone', 'treating', 'like', 'world', 'class', 'cunt']",13,82,positive,0.5867,"{np.str_('negative'): 0.2219, np.str_('neutral'): 0.1914, np.str_('positive'): 0.5867}",labeled
741,"Ashley Graham Lands First British Vogue Cover, Explains Why Hitting the Beauty Jackpot Is Not ... #weightloss",2024-05-02,unknown_user,,Twitter (tweet_eval),en,tweet_eval_sentiment,neutral,Unknown,Unknown,False,ashley graham land first british vogue cover explains hitting beauty jackpot not,"['ashley', 'graham', 'land', 'first', 'british', 'vogue', 'cover', 'explains', 'hitting', 'beauty', 'jackpot', 'not']",12,80,positive,0.4046,"{np.str_('negative'): 0.2554, np.str_('neutral'): 0.34, np.str_('positive'): 0.4046}",labeled
742,uploading random pics! Lol this is me last Sunday at a show at the Adrienne Arsht Center!,2025-03-16,unknown_user,,Twitter (tweet_eval),en,tweet_eval_sentiment,neutral,Unknown,Unknown,False,uploading random pic lol last sunday show adrienne arsht center,"['uploading', 'random', 'pic', 'lol', 'last', 'sunday', 'show', 'adrienne', 'arsht', 'center']",10,63,positive,0.4465,"{np.str_('negative'): 0.1961, np.str_('neutral'): 0.3574, np.str_('positive'): 0.4465}",labeled
743,Looking forward to speaking about Email Marketing at the @user Social Media Conference tomorrow in Grand Bend....,2024-12-18,unknown_user,,Twitter (tweet_eval),en,tweet_eval_sentiment,positive,Unknown,Unknown,False,looking forward speaking email marketing social medium conference tomorrow grand bend,"['looking', 'forward', 'speaking', 'email', 'marketing', 'social', 'medium', 'conference', 'tomorrow', 'grand', 'bend']",11,85,positive,0.6041,"{np.str_('negative'): 0.1498, np.str_('neutral'): 0.246, np.str_('positive'): 0.6041}",labeled
744,"*playing guesstures*me ""when you get your nails done!""gage ""OH ITS MEDICARE!!""😂😂😭",2024-08-02,unknown_user,,Twitter (tweet_eval),en,tweet_eval_sentiment,negative,Unknown,Unknown,False,playing guessturesme get nail donegage oh medicare facewithtearsofjoy facewithtearsofjoy loudlycryingface,"['playing', 'guessturesme', 'get', 'nail', 'donegage', 'oh', 'medicare', 'facewithtearsofjoy', 'facewithtearsofjoy', 'loudlycryingface']",10,105,positive,0.4379,"{np.str_('negative'): 0.353, np.str_('neutral'): 0.2091, np.str_('positive'): 0.4379}",labeled
745,"we've seen the hippie-turned-yuppie plot before , but there's an enthusiastic charm in <i ? fire that makes the formula fresh again .",2024-12-14,unknown_user,,Rotten Tomatoes,en,rotten_tomatoes,positive,Unknown,Unknown,False,weve seen hippieturnedyuppie plot but there enthusiastic charm fire make formula fresh,"['weve', 'seen', 'hippieturnedyuppie', 'plot', 'but', 'there', 'enthusiastic', 'charm', 'fire', 'make', 'formula', 'fresh']",12,86,positive,0.5568,"{np.str_('negative'): 0.2776, np.str_('neutral'): 0.1656, np.str_('positive'): 0.5568}",labeled
746,Leonard Cohen is also the most compelling gnostic philosopher,2025-03-25,unknown_user,,Twitter (tweet_eval),en,tweet_eval_sentiment,positive,Unknown,Unknown,False,leonard cohen also compelling gnostic philosopher,"['leonard', 'cohen', 'also', 'compelling', 'gnostic', 'philosopher']",6,49,positive,0.4046,"{np.str_('negative'): 0.2554, np.str_('neutral'): 0.34, np.str_('positive'): 0.4046}",labeled
747,Lost some respect for Nicki after that. You may be a queen in the rap world but when u start shit at an award show u look like garbage #VMAs,2025-04-29,unknown_user,,Twitter (tweet_eval),en,tweet_eval_sentiment,negative,Unknown,Unknown,False,lost respect nicki may queen rap world but start shit award show look like garbage,"['lost', 'respect', 'nicki', 'may', 'queen', 'rap', 'world', 'but', 'start', 'shit', 'award', 'show', 'look', 'like', 'garbage']",15,82,positive,0.4494,"{np.str_('negative'): 0.3331, np.str_('neutral'): 0.2176, np.str_('positive'): 0.4494}",labeled
748,Attend the September 9 ICS TechTalk about the IBM Connections #Cloud Q3 Update: #socbiz,2024-03-09,unknown_user,,Twitter (tweet_eval),en,tweet_eval_sentiment,positive,Unknown,Unknown,False,attend september ic techtalk ibm connection q3 update,"['attend', 'september', 'ic', 'techtalk', 'ibm', 'connection', 'q3', 'update']",8,53,neutral,0.4271,"{np.str_('negative'): 0.1646, np.str_('neutral'): 0.4271, np.str_('positive'): 0.4083}",labeled
749,Why are people looking forward to Foo Fighters tomorrow and not the fact it's my birthday?,2024-11-17,unknown_user,,Twitter (tweet_eval),en,tweet_eval_sentiment,neutral,Unknown,Unknown,False,people looking forward foo fighter tomorrow not fact birthday,"['people', 'looking', 'forward', 'foo', 'fighter', 'tomorrow', 'not', 'fact', 'birthday']",9,61,positive,0.5107,"{np.str_('negative'): 0.2127, np.str_('neutral'): 0.2766, np.str_('positive'): 0.5107}",labeled
750,Possibly going to Comic Con in Santa Fe. Can I make a Mikasa scout outfit before the 24th? it's on!,2024-08-03,unknown_user,,Twitter (tweet_eval),en,tweet_eval_sentiment,positive,Unknown,Unknown,False,possibly going comic con santa fe make mikasa scout outfit 24th,"['possibly', 'going', 'comic', 'con', 'santa', 'fe', 'make', 'mikasa', 'scout', 'outfit', '24th']",11,63,positive,0.5443,"{np.str_('negative'): 0.1974, np.str_('neutral'): 0.2583, np.str_('positive'): 0.5443}",labeled
751,Undertaker vs Issac Yankem is the main event. Possibly the 1st Taker vs Kane singles match. #Raw96 #WWENetwork,2024-09-17,unknown_user,,Twitter (tweet_eval),en,tweet_eval_sentiment,positive,Unknown,Unknown,False,undertaker v issac yankem main event possibly 1st taker v kane single match,"['undertaker', 'v', 'issac', 'yankem', 'main', 'event', 'possibly', '1st', 'taker', 'v', 'kane', 'single', 'match']",13,75,neutral,0.4095,"{np.str_('negative'): 0.2272, np.str_('neutral'): 0.4095, np.str_('positive'): 0.3633}",labeled
752,@user exactly! Why aren't we verifying the voter registration system? IDs for noncitizens should differ  @user @user,2025-01-13,unknown_user,,Twitter (tweet_eval),en,tweet_eval_sentiment,neutral,Unknown,Unknown,False,exactly arent verifying voter registration system id noncitizen differ,"['exactly', 'arent', 'verifying', 'voter', 'registration', 'system', 'id', 'noncitizen', 'differ']",9,70,positive,0.4046,"{np.str_('negative'): 0.2554, np.str_('neutral'): 0.34, np.str_('positive'): 0.4046}",labeled
753,"Who's ready for 0.12.1 Build 12 Tomorrow, Might be the last build till it come to iOS !",2024-09-02,unknown_user,,Twitter (tweet_eval),en,tweet_eval_sentiment,positive,Unknown,Unknown,False,who ready 0121 build 12 tomorrow might last build till come io,"['who', 'ready', '0121', 'build', '12', 'tomorrow', 'might', 'last', 'build', 'till', 'come', 'io']",12,62,positive,0.6255,"{np.str_('negative'): 0.1337, np.str_('neutral'): 0.2408, np.str_('positive'): 0.6255}",labeled
754,Goal tomorrow at the state fair is to win a bob Marley hat with the braids,2024-01-27,unknown_user,,Twitter (tweet_eval),en,tweet_eval_sentiment,positive,Unknown,Unknown,False,goal tomorrow state fair win bob marley hat braid,"['goal', 'tomorrow', 'state', 'fair', 'win', 'bob', 'marley', 'hat', 'braid']",9,49,neutral,0.4671,"{np.str_('negative'): 0.117, np.str_('neutral'): 0.4671, np.str_('positive'): 0.4159}",labeled
755,big-hearted and frequently ,2025-01-16,unknown_user,,SST-2,en,sst2,positive,Unknown,Unknown,False,bighearted frequently,"['bighearted', 'frequently']",2,21,positive,0.4046,"{np.str_('negative'): 0.2554, np.str_('neutral'): 0.34, np.str_('positive'): 0.4046}",labeled
756,"@user @user ?Vietnam embargo, Cuba embargo... Nigeria meetings.But this is different?How?",2024-03-23,unknown_user,,Twitter (tweet_eval),en,tweet_eval_sentiment,neutral,Unknown,Unknown,False,vietnam embargo cuba embargo nigeria meetingsbut differenthow,"['vietnam', 'embargo', 'cuba', 'embargo', 'nigeria', 'meetingsbut', 'differenthow']",7,61,positive,0.4046,"{np.str_('negative'): 0.2554, np.str_('neutral'): 0.34, np.str_('positive'): 0.4046}",labeled
757,I hope they're not suggesting calvin and Zayn fighting because let's face it...Zayn may be tiny but he's got fast hands,2024-06-11,unknown_user,,Twitter (tweet_eval),en,tweet_eval_sentiment,negative,Unknown,Unknown,False,hope theyre not suggesting calvin zayn fighting let face itzayn may tiny but he got fast hand,"['hope', 'theyre', 'not', 'suggesting', 'calvin', 'zayn', 'fighting', 'let', 'face', 'itzayn', 'may', 'tiny', 'but', 'he', 'got', 'fast', 'hand']",17,93,neutral,0.3461,"{np.str_('negative'): 0.3229, np.str_('neutral'): 0.3461, np.str_('positive'): 0.331}",labeled
759,Obama hopeful his reset with Nigeria can boost fight against Boko Haram: President Obama on Monday praised new...,2024-03-12,unknown_user,,Twitter (tweet_eval),en,tweet_eval_sentiment,neutral,Obama,Unknown,False,Obama hopeful reset nigeria boost fight against boko haram president Obama monday praised new,"['Obama', 'hopeful', 'reset', 'nigeria', 'boost', 'fight', 'against', 'boko', 'haram', 'president', 'Obama', 'monday', 'praised', 'new']",14,93,neutral,0.6947,"{np.str_('negative'): 0.183, np.str_('neutral'): 0.6947, np.str_('positive'): 0.1224}",labeled
760,"by and large this is mr . kilmer's movie , and it's his strongest performance since the doors .",2024-04-09,unknown_user,,Rotten Tomatoes,en,rotten_tomatoes,positive,Unknown,Unknown,False,large mr kilmers movie strongest performance since door,"['large', 'mr', 'kilmers', 'movie', 'strongest', 'performance', 'since', 'door']",8,55,positive,0.5678,"{np.str_('negative'): 0.316, np.str_('neutral'): 0.1162, np.str_('positive'): 0.5678}",labeled
761,"so fiendishly cunning that even the most jaded cinema audiences will leave the auditorium feeling dizzy , confused , and totally disorientated . not to mention absolutely refreshed .",2025-02-04,unknown_user,,Rotten Tomatoes,en,rotten_tomatoes,positive,Unknown,Unknown,False,fiendishly cunning even jaded cinema audience leave auditorium feeling dizzy confused totally disorientated not mention absolutely refreshed,"['fiendishly', 'cunning', 'even', 'jaded', 'cinema', 'audience', 'leave', 'auditorium', 'feeling', 'dizzy', 'confused', 'totally', 'disorientated', 'not', 'mention', 'absolutely', 'refreshed']",17,140,negative,0.4225,"{np.str_('negative'): 0.4225, np.str_('neutral'): 0.2057, np.str_('positive'): 0.3718}",labeled
762,Still in search of the really Dayna Santullo. She's been missing since she willingly passed on a Chris Brown concert on Saturday,2024-01-11,unknown_user,,Twitter (tweet_eval),en,tweet_eval_sentiment,negative,Unknown,Unknown,False,still search really dayna santullo shes missing since willingly passed chris brown concert saturday,"['still', 'search', 'really', 'dayna', 'santullo', 'shes', 'missing', 'since', 'willingly', 'passed', 'chris', 'brown', 'concert', 'saturday']",14,99,neutral,0.3601,"{np.str_('negative'): 0.3147, np.str_('neutral'): 0.3601, np.str_('positive'): 0.3253}",labeled
763,Inkigayo with @user YAY This is our Saturday Night <3  #kpop_stream,2024-01-20,unknown_user,,Twitter (tweet_eval),en,tweet_eval_sentiment,neutral,Unknown,Unknown,False,inkigayo yay saturday night,"['inkigayo', 'yay', 'saturday', 'night']",4,27,neutral,0.4515,"{np.str_('negative'): 0.1002, np.str_('neutral'): 0.4515, np.str_('positive'): 0.4483}",labeled
764,uhh Oracle if there is no spoon what am I eating this 4th can of Spaghettios with?,2024-06-24,unknown_user,,Twitter (tweet_eval),en,tweet_eval_sentiment,neutral,Unknown,Unknown,False,uhh oracle no spoon eating 4th spaghettios,"['uhh', 'oracle', 'no', 'spoon', 'eating', '4th', 'spaghettios']",7,42,neutral,0.3989,"{np.str_('negative'): 0.2246, np.str_('neutral'): 0.3989, np.str_('positive'): 0.3765}",labeled
765,#TopStory of the Week: Microsoft joins Linux Foundation in another step toward greater openness,2024-06-08,unknown_user,,Twitter (tweet_eval),en,tweet_eval_sentiment,positive,Unknown,Conservatives,False,week microsoft join linux foundation another step toward greater openness,"['week', 'microsoft', 'join', 'linux', 'foundation', 'another', 'step', 'toward', 'greater', 'openness']",10,73,positive,0.4046,"{np.str_('negative'): 0.2554, np.str_('neutral'): 0.34, np.str_('positive'): 0.4046}",labeled
766,"satin rouge is not a new , or inventive , journey , but it's encouraging to see a three-dimensional , average , middle-aged woman's experience of self-discovery handled with such sensitivity .",2024-09-22,unknown_user,,Rotten Tomatoes,en,rotten_tomatoes,positive,Unknown,Unknown,False,satin rouge not new inventive journey but encouraging see threedimensional average middleaged woman experience selfdiscovery handled sensitivity,"['satin', 'rouge', 'not', 'new', 'inventive', 'journey', 'but', 'encouraging', 'see', 'threedimensional', 'average', 'middleaged', 'woman', 'experience', 'selfdiscovery', 'handled', 'sensitivity']",17,144,neutral,0.5889,"{np.str_('negative'): 0.1286, np.str_('neutral'): 0.5889, np.str_('positive'): 0.2825}",labeled
767,#Loanwatch: Ben Amos is a doubt for tonight\u2019s Hull City game vs Doncaster (2nd round League Cup)\u002c with a groin problem.,2024-11-07,unknown_user,,Twitter (tweet_eval),en,tweet_eval_sentiment,negative,Unknown,Unknown,False,ben amos doubt tonightu2019s hull city game v doncaster 2nd round league cupu002c groin problem,"['ben', 'amos', 'doubt', 'tonightu2019s', 'hull', 'city', 'game', 'v', 'doncaster', '2nd', 'round', 'league', 'cupu002c', 'groin', 'problem']",15,95,neutral,0.5367,"{np.str_('negative'): 0.1522, np.str_('neutral'): 0.5367, np.str_('positive'): 0.3111}",labeled
768,Foes to city\u002c HISD\u002c HCC bond measures emerge. The antis make 1st appearance just 3 wks b4 election day.,2024-08-27,unknown_user,,Twitter (tweet_eval),en,tweet_eval_sentiment,neutral,Unknown,Unknown,False,foe cityu002c hisdu002c hcc bond measure emerge anti make 1st appearance wks b4 election day,"['foe', 'cityu002c', 'hisdu002c', 'hcc', 'bond', 'measure', 'emerge', 'anti', 'make', '1st', 'appearance', 'wks', 'b4', 'election', 'day']",15,92,positive,0.5725,"{np.str_('negative'): 0.146, np.str_('neutral'): 0.2815, np.str_('positive'): 0.5725}",labeled
769,"""If the sky,if the world ends,if the sun sets and the rivers turn red.if we get lost in the twilight,somewhere I know we""""ll be alright""",2024-06-16,unknown_user,,Twitter (tweet_eval),en,tweet_eval_sentiment,positive,Unknown,Unknown,False,skyif world endsif sun set river turn redif get lost twilightsomewhere know well alright,"['skyif', 'world', 'endsif', 'sun', 'set', 'river', 'turn', 'redif', 'get', 'lost', 'twilightsomewhere', 'know', 'well', 'alright']",14,88,neutral,0.4022,"{np.str_('negative'): 0.2354, np.str_('neutral'): 0.4022, np.str_('positive'): 0.3624}",labeled
770,"@user Free Webinar Friday 8/28: The Consulting Lifestyle with Charles M, Associate Partner - IBM. Sign up:",2025-01-29,unknown_user,,Twitter (tweet_eval),en,tweet_eval_sentiment,positive,Unknown,Unknown,False,free webinar friday 828 consulting lifestyle charles associate partner ibm sign,"['free', 'webinar', 'friday', '828', 'consulting', 'lifestyle', 'charles', 'associate', 'partner', 'ibm', 'sign']",11,79,positive,0.5094,"{np.str_('negative'): 0.1988, np.str_('neutral'): 0.2918, np.str_('positive'): 0.5094}",labeled
771,@user @user To paraphrase Seinfeld: are you going to double dip?  This pic (of wax cover) looks much different than 1st pic.,2024-05-07,unknown_user,,Twitter (tweet_eval),en,tweet_eval_sentiment,neutral,Unknown,Unknown,False,paraphrase seinfeld going double dip pic wax cover look much different 1st pic,"['paraphrase', 'seinfeld', 'going', 'double', 'dip', 'pic', 'wax', 'cover', 'look', 'much', 'different', '1st', 'pic']",13,78,positive,0.5226,"{np.str_('negative'): 0.2143, np.str_('neutral'): 0.2631, np.str_('positive'): 0.5226}",labeled
772,@user @user @user Great questions &amp; answers. Those there got to see the 10th Amendment Rick Perry we all love!  #Perry2016,2024-10-01,unknown_user,,Twitter (tweet_eval),en,tweet_eval_sentiment,positive,Unknown,Unknown,False,great question amp answer got see 10th amendment rick perry love,"['great', 'question', 'amp', 'answer', 'got', 'see', '10th', 'amendment', 'rick', 'perry', 'love']",11,64,positive,0.5431,"{np.str_('negative'): 0.156, np.str_('neutral'): 0.301, np.str_('positive'): 0.5431}",labeled
773,@user @user Just got off the phone with Nike. The official release of the t-shirts will be next Tuesday. Be......aroused.,2025-03-10,unknown_user,,Twitter (tweet_eval),en,tweet_eval_sentiment,positive,Unknown,Unknown,False,got phone nike official release tshirts next tuesday bearoused,"['got', 'phone', 'nike', 'official', 'release', 'tshirts', 'next', 'tuesday', 'bearoused']",9,62,positive,0.4113,"{np.str_('negative'): 0.2236, np.str_('neutral'): 0.3651, np.str_('positive'): 0.4113}",labeled
774,I see that Jill Stein filed to have a vote recount in Wisconsin. I wonder how much she received from the Clinton foundation for her service,2025-03-16,unknown_user,,Twitter (tweet_eval),en,tweet_eval_sentiment,neutral,Unknown,Unknown,False,see jill stein filed vote recount wisconsin wonder much received clinton foundation service,"['see', 'jill', 'stein', 'filed', 'vote', 'recount', 'wisconsin', 'wonder', 'much', 'received', 'clinton', 'foundation', 'service']",13,91,neutral,0.4432,"{np.str_('negative'): 0.2965, np.str_('neutral'): 0.4432, np.str_('positive'): 0.2603}",labeled
775,"""Dana White says if Ronda wants an immediate rematch, she'll get it. Other commitments may take precedence.""",2025-03-16,unknown_user,,Twitter (tweet_eval),en,tweet_eval_sentiment,neutral,Unknown,Unknown,False,dana white say ronda want immediate rematch shell get commitment may take precedence,"['dana', 'white', 'say', 'ronda', 'want', 'immediate', 'rematch', 'shell', 'get', 'commitment', 'may', 'take', 'precedence']",13,84,neutral,0.4559,"{np.str_('negative'): 0.3324, np.str_('neutral'): 0.4559, np.str_('positive'): 0.2116}",labeled
776,@user GTFO my planet!  You look like a living advertisement for abortion.  Sad!,2024-05-28,unknown_user,,Twitter (tweet_eval),en,tweet_eval_sentiment,negative,Unknown,Unknown,False,gtfo planet look like living advertisement abortion sad,"['gtfo', 'planet', 'look', 'like', 'living', 'advertisement', 'abortion', 'sad']",8,55,positive,0.4523,"{np.str_('negative'): 0.3248, np.str_('neutral'): 0.2229, np.str_('positive'): 0.4523}",labeled
777,Egypt&#039;s new president Mohamed Morsi on Monday described the relationship between the U.S. and Egypt as some ...,2024-03-21,unknown_user,,Twitter (tweet_eval),en,tweet_eval_sentiment,neutral,Unknown,Unknown,False,egypt new president mohamed morsi monday described relationship u egypt,"['egypt', 'new', 'president', 'mohamed', 'morsi', 'monday', 'described', 'relationship', 'u', 'egypt']",10,71,neutral,0.6669,"{np.str_('negative'): 0.17, np.str_('neutral'): 0.6669, np.str_('positive'): 0.1631}",labeled
778,the kind of sweet-and-sour insider movie that film buffs will eat up like so much gelati .,2024-10-11,unknown_user,,Rotten Tomatoes,en,rotten_tomatoes,positive,Unknown,Unknown,False,kind sweetandsour insider movie film buff eat like much gelati,"['kind', 'sweetandsour', 'insider', 'movie', 'film', 'buff', 'eat', 'like', 'much', 'gelati']",10,62,positive,0.4942,"{np.str_('negative'): 0.4034, np.str_('neutral'): 0.1024, np.str_('positive'): 0.4942}",labeled
779,Tomorrow ill be with Tracy DiMarco at Hollywood Tans shooting a video and interview wiyh @user,2024-11-08,unknown_user,,Twitter (tweet_eval),en,tweet_eval_sentiment,neutral,Unknown,Unknown,False,tomorrow ill tracy dimarco hollywood tan shooting video interview wiyh,"['tomorrow', 'ill', 'tracy', 'dimarco', 'hollywood', 'tan', 'shooting', 'video', 'interview', 'wiyh']",10,70,positive,0.4677,"{np.str_('negative'): 0.2009, np.str_('neutral'): 0.3314, np.str_('positive'): 0.4677}",labeled
780,"this insightful , oscar-nominated documentary , in which children on both sides of the ever-escalating conflict have their say away from watchful parental eyes , gives peace yet another chance .",2024-12-09,unknown_user,,Rotten Tomatoes,en,rotten_tomatoes,positive,Unknown,Unknown,False,insightful oscarnominated documentary child side everescalating conflict say away watchful parental eye give peace yet another chance,"['insightful', 'oscarnominated', 'documentary', 'child', 'side', 'everescalating', 'conflict', 'say', 'away', 'watchful', 'parental', 'eye', 'give', 'peace', 'yet', 'another', 'chance']",17,133,negative,0.3907,"{np.str_('negative'): 0.3907, np.str_('neutral'): 0.2596, np.str_('positive'): 0.3497}",labeled
781,Cba with school tomorrow\u002c ugh whats the point,2024-02-07,unknown_user,,Twitter (tweet_eval),en,tweet_eval_sentiment,negative,Unknown,Unknown,False,cba school tomorrowu002c ugh whats point,"['cba', 'school', 'tomorrowu002c', 'ugh', 'whats', 'point']",6,40,neutral,0.3544,"{np.str_('negative'): 0.3419, np.str_('neutral'): 0.3544, np.str_('positive'): 0.3038}",labeled
782,Netflix it is on this Friday night.,2024-09-03,unknown_user,,Twitter (tweet_eval),en,tweet_eval_sentiment,neutral,Unknown,Unknown,False,netflix friday night,"['netflix', 'friday', 'night']",3,20,neutral,0.5173,"{np.str_('negative'): 0.0647, np.str_('neutral'): 0.5173, np.str_('positive'): 0.4181}",labeled
783,Does everyone not realize the Voice is rigged. Ie cassadee pope sang in the signed band Hey Monday. Or Dia was half of Meg & Dia.,2024-04-10,unknown_user,,Twitter (tweet_eval),en,tweet_eval_sentiment,negative,Unknown,Unknown,False,everyone not realize voice rigged ie cassadee pope sang signed band hey monday dia half meg dia,"['everyone', 'not', 'realize', 'voice', 'rigged', 'ie', 'cassadee', 'pope', 'sang', 'signed', 'band', 'hey', 'monday', 'dia', 'half', 'meg', 'dia']",17,95,neutral,0.493,"{np.str_('negative'): 0.2872, np.str_('neutral'): 0.493, np.str_('positive'): 0.2197}",labeled
784,take away all the cliches and the carbon copy scenes from every drug movie we've seen and all you have left are john leguizamo's cool jackets .,2024-04-13,unknown_user,,Rotten Tomatoes,en,rotten_tomatoes,negative,Unknown,Unknown,False,take away cliche carbon copy scene every drug movie weve seen left john leguizamos cool jacket,"['take', 'away', 'cliche', 'carbon', 'copy', 'scene', 'every', 'drug', 'movie', 'weve', 'seen', 'left', 'john', 'leguizamos', 'cool', 'jacket']",16,94,negative,0.4415,"{np.str_('negative'): 0.4415, np.str_('neutral'): 0.1792, np.str_('positive'): 0.3793}",labeled
785,the film lapses too often into sugary sentiment and withholds delivery on the pell-mell pyrotechnics its punchy style promises .,2024-03-24,unknown_user,,Rotten Tomatoes,en,rotten_tomatoes,negative,Unknown,Unknown,False,film lapse often sugary sentiment withholds delivery pellmell pyrotechnic punchy style promise,"['film', 'lapse', 'often', 'sugary', 'sentiment', 'withholds', 'delivery', 'pellmell', 'pyrotechnic', 'punchy', 'style', 'promise']",12,94,positive,0.5315,"{np.str_('negative'): 0.3576, np.str_('neutral'): 0.1109, np.str_('positive'): 0.5315}",labeled
786,a deliciously nonsensical comedy about a city coming apart at its seams .,2024-12-10,unknown_user,,Rotten Tomatoes,en,rotten_tomatoes,positive,Unknown,Unknown,False,deliciously nonsensical comedy city coming apart seam,"['deliciously', 'nonsensical', 'comedy', 'city', 'coming', 'apart', 'seam']",7,53,positive,0.4757,"{np.str_('negative'): 0.2564, np.str_('neutral'): 0.268, np.str_('positive'): 0.4757}",labeled
787,Finish taking the Cashee math prep... (-.-) ...Stupid 7th grade math I don't even remember was on it... #Prep,2024-05-30,unknown_user,,Twitter (tweet_eval),en,tweet_eval_sentiment,negative,Unknown,Unknown,False,finish taking cashee math prep stupid 7th grade math dont even remember,"['finish', 'taking', 'cashee', 'math', 'prep', 'stupid', '7th', 'grade', 'math', 'dont', 'even', 'remember']",12,71,negative,0.3967,"{np.str_('negative'): 0.3967, np.str_('neutral'): 0.3598, np.str_('positive'): 0.2435}",labeled
788,Retweeted AFP news agency (@AFP):#UPDATE Maduro calls US court ruling convicting nephews for drug trafficking...,2024-05-03,unknown_user,,Twitter (tweet_eval),en,tweet_eval_sentiment,neutral,Unknown,Unknown,False,retweeted afp news agency maduro call u court ruling convicting nephew drug trafficking,"['retweeted', 'afp', 'news', 'agency', 'maduro', 'call', 'u', 'court', 'ruling', 'convicting', 'nephew', 'drug', 'trafficking']",13,87,neutral,0.3784,"{np.str_('negative'): 0.2652, np.str_('neutral'): 0.3784, np.str_('positive'): 0.3565}",labeled
789,I drenched the old iPod nano (6th gen) in isopropanol and it actually worked! The screen will never look the same but totally worth it.,2024-07-23,unknown_user,,Twitter (tweet_eval),en,tweet_eval_sentiment,positive,Unknown,Unknown,False,drenched old ipod nano 6th gen isopropanol actually worked screen never look but totally worth,"['drenched', 'old', 'ipod', 'nano', '6th', 'gen', 'isopropanol', 'actually', 'worked', 'screen', 'never', 'look', 'but', 'totally', 'worth']",15,94,positive,0.4916,"{np.str_('negative'): 0.2546, np.str_('neutral'): 0.2538, np.str_('positive'): 0.4916}",labeled
790,UFC's Dana White says Holly Holm will wait for Ronda Rousey: Holly Holm may want to fight sooner than a rematc...,2024-07-03,unknown_user,,Twitter (tweet_eval),en,tweet_eval_sentiment,neutral,Unknown,Unknown,False,ufcs dana white say holly holm wait ronda rousey holly holm may want fight sooner rematc,"['ufcs', 'dana', 'white', 'say', 'holly', 'holm', 'wait', 'ronda', 'rousey', 'holly', 'holm', 'may', 'want', 'fight', 'sooner', 'rematc']",16,88,neutral,0.4293,"{np.str_('negative'): 0.2925, np.str_('neutral'): 0.4293, np.str_('positive'): 0.2783}",labeled
791,"a playful iranian parable about openness , particularly the need for people of diverse political perspectives to get along despite their ideological differences .",2024-12-20,unknown_user,,Rotten Tomatoes,en,rotten_tomatoes,positive,Unknown,Unknown,False,playful iranian parable openness particularly need people diverse political perspective get along despite ideological difference,"['playful', 'iranian', 'parable', 'openness', 'particularly', 'need', 'people', 'diverse', 'political', 'perspective', 'get', 'along', 'despite', 'ideological', 'difference']",15,128,positive,0.3996,"{np.str_('negative'): 0.3457, np.str_('neutral'): 0.2547, np.str_('positive'): 0.3996}",labeled
792,a wonderfully warm human drama ,2025-02-08,unknown_user,,SST-2,en,sst2,positive,Unknown,Unknown,False,wonderfully warm human drama,"['wonderfully', 'warm', 'human', 'drama']",4,28,positive,0.4046,"{np.str_('negative'): 0.2554, np.str_('neutral'): 0.34, np.str_('positive'): 0.4046}",labeled
793,"it's another stale , kill-by-numbers flick , complete with blade-thin characters and terrible , pun-laden dialogue .",2025-01-02,unknown_user,,Rotten Tomatoes,en,rotten_tomatoes,negative,Unknown,Unknown,False,another stale killbynumbers flick complete bladethin character terrible punladen dialogue,"['another', 'stale', 'killbynumbers', 'flick', 'complete', 'bladethin', 'character', 'terrible', 'punladen', 'dialogue']",10,89,negative,0.4731,"{np.str_('negative'): 0.4731, np.str_('neutral'): 0.1705, np.str_('positive'): 0.3564}",labeled
794,Excited to have nothing to do but sit around Orono with no classes tomorrow,2025-04-05,unknown_user,,Twitter (tweet_eval),en,tweet_eval_sentiment,positive,Unknown,Unknown,False,excited nothing but sit around orono no class tomorrow,"['excited', 'nothing', 'but', 'sit', 'around', 'orono', 'no', 'class', 'tomorrow']",9,54,positive,0.5371,"{np.str_('negative'): 0.2348, np.str_('neutral'): 0.2281, np.str_('positive'): 0.5371}",labeled
795,Can I just go back to June 19th and relive seeing Paul McCartney,2024-10-25,unknown_user,,Twitter (tweet_eval),en,tweet_eval_sentiment,positive,Unknown,Unknown,False,go back june 19th relive seeing paul mccartney,"['go', 'back', 'june', '19th', 'relive', 'seeing', 'paul', 'mccartney']",8,46,positive,0.4603,"{np.str_('negative'): 0.2131, np.str_('neutral'): 0.3266, np.str_('positive'): 0.4603}",labeled
796,"""Caitlyn Jenner and her ex-wife, Kris Jenner, have reportedly been feuding over everything under the sun, #Teamfollower #Follow #ifollowback""",2024-09-12,unknown_user,,Twitter (tweet_eval),en,tweet_eval_sentiment,neutral,Unknown,Unknown,False,caitlyn jenner exwife kris jenner reportedly feuding everything sun,"['caitlyn', 'jenner', 'exwife', 'kris', 'jenner', 'reportedly', 'feuding', 'everything', 'sun']",9,67,neutral,0.446,"{np.str_('negative'): 0.1968, np.str_('neutral'): 0.446, np.str_('positive'): 0.3572}",labeled
797,"... a solid , well-formed satire . ",2024-10-07,unknown_user,,SST-2,en,sst2,positive,Unknown,Unknown,False,solid wellformed satire,"['solid', 'wellformed', 'satire']",3,23,positive,0.4046,"{np.str_('negative'): 0.2554, np.str_('neutral'): 0.34, np.str_('positive'): 0.4046}",labeled
798,@user Boring #XFACTOR. Seen it all before #XFACTOR. @user Let\u2019s have something new for Autumn and no more Dancing on Ice in January.,2024-10-10,unknown_user,,Twitter (tweet_eval),en,tweet_eval_sentiment,negative,Unknown,Unknown,False,boring seen letu2019s something new autumn no dancing ice january,"['boring', 'seen', 'letu2019s', 'something', 'new', 'autumn', 'no', 'dancing', 'ice', 'january']",10,65,positive,0.3836,"{np.str_('negative'): 0.2879, np.str_('neutral'): 0.3285, np.str_('positive'): 0.3836}",labeled
799,I come through the drive through at dunkin just about every Sunday and it's been two weeks since my regular doughnut girl has been there.,2024-02-18,unknown_user,,Twitter (tweet_eval),en,tweet_eval_sentiment,neutral,Unknown,Unknown,False,come drive dunkin every sunday two week since regular doughnut girl,"['come', 'drive', 'dunkin', 'every', 'sunday', 'two', 'week', 'since', 'regular', 'doughnut', 'girl']",11,67,positive,0.3962,"{np.str_('negative'): 0.2503, np.str_('neutral'): 0.3535, np.str_('positive'): 0.3962}",labeled
800,The 1st Black woman to ever host the Academy Awards was=>@WhoopiGoldberg! I want to be like her! #BlackHistoryMoment,2024-03-17,unknown_user,,Twitter (tweet_eval),en,tweet_eval_sentiment,positive,Unknown,Conservatives,False,1st black woman ever host academy award want like,"['1st', 'black', 'woman', 'ever', 'host', 'academy', 'award', 'want', 'like']",9,49,positive,0.4197,"{np.str_('negative'): 0.2326, np.str_('neutral'): 0.3477, np.str_('positive'): 0.4197}",labeled
801,"""Following his defeat to the Undertaker tomorrow night, Brock Lesnar will travel to Old Trafford on Monday for a medical #ITK""",2024-02-21,unknown_user,,Twitter (tweet_eval),en,tweet_eval_sentiment,neutral,Unknown,Unknown,False,following defeat undertaker tomorrow night brock lesnar travel old trafford monday medical,"['following', 'defeat', 'undertaker', 'tomorrow', 'night', 'brock', 'lesnar', 'travel', 'old', 'trafford', 'monday', 'medical']",12,90,neutral,0.5237,"{np.str_('negative'): 0.1159, np.str_('neutral'): 0.5237, np.str_('positive'): 0.3604}",labeled
802,Meeting for the 27th time as professionals (and 5000th+ time overall) Serena and Venus Williams faced-off...,2025-04-18,unknown_user,,Twitter (tweet_eval),en,tweet_eval_sentiment,positive,Unknown,Unknown,False,meeting 27th time professional 5000th time overall serena venus williams facedoff,"['meeting', '27th', 'time', 'professional', '5000th', 'time', 'overall', 'serena', 'venus', 'williams', 'facedoff']",11,81,positive,0.383,"{np.str_('negative'): 0.2927, np.str_('neutral'): 0.3243, np.str_('positive'): 0.383}",labeled
803,Wonderful trilogy of chef-studio dinners - first one is tomorrow night with the chef from Paley's Place.,2024-07-12,unknown_user,,Twitter (tweet_eval),en,tweet_eval_sentiment,positive,Unknown,Unknown,False,wonderful trilogy chefstudio dinner first one tomorrow night chef paleys place,"['wonderful', 'trilogy', 'chefstudio', 'dinner', 'first', 'one', 'tomorrow', 'night', 'chef', 'paleys', 'place']",11,78,neutral,0.4679,"{np.str_('negative'): 0.1018, np.str_('neutral'): 0.4679, np.str_('positive'): 0.4304}",labeled
804,Unable to import #pesticides due to embargo there were no #beehive losses. Now #Cuba exports valuable organic honey,2024-05-14,unknown_user,,Twitter (tweet_eval),en,tweet_eval_sentiment,neutral,Unknown,Unknown,False,unable import due embargo no loss export valuable organic honey,"['unable', 'import', 'due', 'embargo', 'no', 'loss', 'export', 'valuable', 'organic', 'honey']",10,63,positive,0.4046,"{np.str_('negative'): 0.2554, np.str_('neutral'): 0.34, np.str_('positive'): 0.4046}",labeled
805,"Breaking from the ""11th commandment,"" Scott Walker targets Jeb Bush in a new video",2025-01-09,unknown_user,,Twitter (tweet_eval),en,tweet_eval_sentiment,neutral,Unknown,Unknown,False,breaking 11th commandment scott walker target jeb bush new video,"['breaking', '11th', 'commandment', 'scott', 'walker', 'target', 'jeb', 'bush', 'new', 'video']",10,64,neutral,0.5253,"{np.str_('negative'): 0.1734, np.str_('neutral'): 0.5253, np.str_('positive'): 0.3014}",labeled
806,May have smoked a blunt with Jay-Z at the @user show last nigh trying to remember..No big deal but i want his connect shits fire !!!,2025-02-15,unknown_user,,Twitter (tweet_eval),en,tweet_eval_sentiment,positive,Unknown,Unknown,False,may smoked blunt jayz show last nigh trying rememberno big deal but want connect shit fire,"['may', 'smoked', 'blunt', 'jayz', 'show', 'last', 'nigh', 'trying', 'rememberno', 'big', 'deal', 'but', 'want', 'connect', 'shit', 'fire']",16,90,positive,0.4977,"{np.str_('negative'): 0.1966, np.str_('neutral'): 0.3057, np.str_('positive'): 0.4977}",labeled
807,"@user Yea but since it's such a short notice, B/G is the simplest thing to do. Haha but Decades Tuesday don't sound too bad.""",2024-12-22,unknown_user,,Twitter (tweet_eval),en,tweet_eval_sentiment,positive,Unknown,Unknown,False,yea but since short notice bg simplest thing haha but decade tuesday dont sound bad,"['yea', 'but', 'since', 'short', 'notice', 'bg', 'simplest', 'thing', 'haha', 'but', 'decade', 'tuesday', 'dont', 'sound', 'bad']",15,83,negative,0.4287,"{np.str_('negative'): 0.4287, np.str_('neutral'): 0.2374, np.str_('positive'): 0.3338}",labeled
808,balance all the formulaic equations in the long-winded heist comedy ,2024-03-05,unknown_user,,SST-2,en,sst2,negative,Unknown,Unknown,False,balance formulaic equation longwinded heist comedy,"['balance', 'formulaic', 'equation', 'longwinded', 'heist', 'comedy']",6,50,positive,0.5395,"{np.str_('negative'): 0.2714, np.str_('neutral'): 0.1892, np.str_('positive'): 0.5395}",labeled
809,Wish today was Thursday! Tom Brady and @user take the field for the real deal tomorrow and I'm toooo excited! #BeerWingsFootball,2024-06-13,unknown_user,,Twitter (tweet_eval),en,tweet_eval_sentiment,positive,Unknown,Unknown,False,wish today thursday tom brady take field real deal tomorrow im toooo excited,"['wish', 'today', 'thursday', 'tom', 'brady', 'take', 'field', 'real', 'deal', 'tomorrow', 'im', 'toooo', 'excited']",13,76,positive,0.5972,"{np.str_('negative'): 0.1293, np.str_('neutral'): 0.2736, np.str_('positive'): 0.5972}",labeled
810,So this is Stephen Kinnock's actual proposal on how to tackle immigration concerns. wow. Majority of EU citizens su…,2024-07-04,unknown_user,,Twitter (tweet_eval),en,tweet_eval_sentiment,neutral,Unknown,Unknown,False,stephen kinnocks actual proposal tackle immigration concern wow majority eu citizen su…,"['stephen', 'kinnocks', 'actual', 'proposal', 'tackle', 'immigration', 'concern', 'wow', 'majority', 'eu', 'citizen', 'su…']",12,87,positive,0.4046,"{np.str_('negative'): 0.2554, np.str_('neutral'): 0.34, np.str_('positive'): 0.4046}",labeled
811,"ultimately , the message of trouble every day seems to be that all sexual desire disrupts life's stasis .",2025-02-05,unknown_user,,Rotten Tomatoes,en,rotten_tomatoes,positive,Unknown,Unknown,False,ultimately message trouble every day seems sexual desire disrupts life stasis,"['ultimately', 'message', 'trouble', 'every', 'day', 'seems', 'sexual', 'desire', 'disrupts', 'life', 'stasis']",11,77,positive,0.5191,"{np.str_('negative'): 0.2289, np.str_('neutral'): 0.252, np.str_('positive'): 0.5191}",labeled
812,"Bernie Sanders may care about the issues, but does he really understand them? That is the question.",2024-08-08,unknown_user,,Twitter (tweet_eval),en,tweet_eval_sentiment,negative,Unknown,Unknown,False,bernie sander may care issue but really understand question,"['bernie', 'sander', 'may', 'care', 'issue', 'but', 'really', 'understand', 'question']",9,59,neutral,0.3831,"{np.str_('negative'): 0.3051, np.str_('neutral'): 0.3831, np.str_('positive'): 0.3118}",labeled
813,Shane Stewart made an overnight trip to the Eldora Speedway wear he grabbed is 18th win of the season on Sunday!,2025-05-07,unknown_user,,Twitter (tweet_eval),en,tweet_eval_sentiment,neutral,Unknown,Unknown,False,shane stewart made overnight trip eldora speedway wear grabbed 18th win season sunday,"['shane', 'stewart', 'made', 'overnight', 'trip', 'eldora', 'speedway', 'wear', 'grabbed', '18th', 'win', 'season', 'sunday']",13,85,neutral,0.5607,"{np.str_('negative'): 0.1171, np.str_('neutral'): 0.5607, np.str_('positive'): 0.3223}",labeled
814,Time to watch the #NJPW equivalent of Kane versus Seth Rollins from Wednesday's #G1Climax,2024-01-24,unknown_user,,Twitter (tweet_eval),en,tweet_eval_sentiment,neutral,Unknown,Unknown,False,time watch equivalent kane versus seth rollins wednesday,"['time', 'watch', 'equivalent', 'kane', 'versus', 'seth', 'rollins', 'wednesday']",8,56,neutral,0.4154,"{np.str_('negative'): 0.2462, np.str_('neutral'): 0.4154, np.str_('positive'): 0.3385}",labeled
815,@user oct 30th in Houston but if you trying to go to Oracle it's the 9th of February.,2025-03-11,unknown_user,,Twitter (tweet_eval),en,tweet_eval_sentiment,neutral,Unknown,Unknown,False,oct 30th houston but trying go oracle 9th february,"['oct', '30th', 'houston', 'but', 'trying', 'go', 'oracle', '9th', 'february']",9,50,positive,0.4046,"{np.str_('negative'): 0.2554, np.str_('neutral'): 0.34, np.str_('positive'): 0.4046}",labeled
816,a$ap mob are at fucking earls court on the 30th for red bull culture class and its motherfucking sold out fucking FUCK,2024-11-06,unknown_user,,Twitter (tweet_eval),en,tweet_eval_sentiment,negative,Unknown,Unknown,False,AAP mob fucking earl court 30th red bull culture class motherfucking sold fucking fuck,"['AAP', 'mob', 'fucking', 'earl', 'court', '30th', 'red', 'bull', 'culture', 'class', 'motherfucking', 'sold', 'fucking', 'fuck']",14,86,positive,0.373,"{np.str_('negative'): 0.357, np.str_('neutral'): 0.27, np.str_('positive'): 0.373}",labeled
817,"a wishy-washy melodramatic movie that shows us plenty of sturm und drung , but explains its characters' decisions only unsatisfactorily .",2024-07-10,unknown_user,,Rotten Tomatoes,en,rotten_tomatoes,negative,Unknown,Unknown,False,wishywashy melodramatic movie show u plenty sturm und drung but explains character decision unsatisfactorily,"['wishywashy', 'melodramatic', 'movie', 'show', 'u', 'plenty', 'sturm', 'und', 'drung', 'but', 'explains', 'character', 'decision', 'unsatisfactorily']",14,108,negative,0.5415,"{np.str_('negative'): 0.5415, np.str_('neutral'): 0.1036, np.str_('positive'): 0.3549}",labeled
818,got 2nd row tix for Primus at the Kirby Center! 1st concert tour in 3D with Surround Sound!,2024-03-01,unknown_user,,Twitter (tweet_eval),en,tweet_eval_sentiment,neutral,Unknown,Unknown,False,got 2nd row tix primus kirby center 1st concert tour 3d surround sound,"['got', '2nd', 'row', 'tix', 'primus', 'kirby', 'center', '1st', 'concert', 'tour', '3d', 'surround', 'sound']",13,70,neutral,0.464,"{np.str_('negative'): 0.2088, np.str_('neutral'): 0.464, np.str_('positive'): 0.3271}",labeled
819,@user if your answer to the first question is Prince George then I do believe it is today his birthday not tomorrow,2024-12-02,unknown_user,,Twitter (tweet_eval),en,tweet_eval_sentiment,neutral,Unknown,Unknown,False,answer first question prince george believe today birthday not tomorrow,"['answer', 'first', 'question', 'prince', 'george', 'believe', 'today', 'birthday', 'not', 'tomorrow']",10,71,positive,0.5212,"{np.str_('negative'): 0.1167, np.str_('neutral'): 0.3621, np.str_('positive'): 0.5212}",labeled
820,I think john cena may struggle with the concept of object permanence,2024-03-08,unknown_user,,Twitter (tweet_eval),en,tweet_eval_sentiment,neutral,Unknown,Unknown,False,think john cena may struggle concept object permanence,"['think', 'john', 'cena', 'may', 'struggle', 'concept', 'object', 'permanence']",8,54,neutral,0.5515,"{np.str_('negative'): 0.1961, np.str_('neutral'): 0.5515, np.str_('positive'): 0.2524}",labeled
821,"@user I'm still with you 💯 and no matter what the networks say, you are a hero to all of us & the real winner #StillWithHer",2025-01-24,unknown_user,,Twitter (tweet_eval),en,tweet_eval_sentiment,positive,Unknown,Unknown,False,im still hundredpoints no matter network say hero u real winner,"['im', 'still', 'hundredpoints', 'no', 'matter', 'network', 'say', 'hero', 'u', 'real', 'winner']",11,63,positive,0.3681,"{np.str_('negative'): 0.3018, np.str_('neutral'): 0.3301, np.str_('positive'): 0.3681}",labeled
822,"The New Yorker, Nov 16, 2015:  ""The Hispanics love me,"" despite that he proposes building a wall on the Mexican border....#DonaldTrumpQuotes",2025-04-06,unknown_user,,Twitter (tweet_eval),en,tweet_eval_sentiment,neutral,Trump,Unknown,False,new yorker nov 16 2015 hispanic love despite proposes building wall mexican border,"['new', 'yorker', 'nov', '16', '2015', 'hispanic', 'love', 'despite', 'proposes', 'building', 'wall', 'mexican', 'border']",13,82,neutral,0.5424,"{np.str_('negative'): 0.1937, np.str_('neutral'): 0.5424, np.str_('positive'): 0.2638}",labeled
823,"i wish windtalkers had had more faith in the dramatic potential of this true story . this would have been better than the fiction it has concocted , and there still could have been room for the war scenes .",2024-06-24,unknown_user,,Rotten Tomatoes,en,rotten_tomatoes,negative,Unknown,Conservatives,False,wish windtalker faith dramatic potential true story would better fiction concocted still could room war scene,"['wish', 'windtalker', 'faith', 'dramatic', 'potential', 'true', 'story', 'would', 'better', 'fiction', 'concocted', 'still', 'could', 'room', 'war', 'scene']",16,109,positive,0.4471,"{np.str_('negative'): 0.3634, np.str_('neutral'): 0.1895, np.str_('positive'): 0.4471}",labeled
824,@user @user Negative! 90\u2019s would be the Poetic Justice look or how they dressed in Friday.,2024-04-07,unknown_user,,Twitter (tweet_eval),en,tweet_eval_sentiment,negative,Unknown,Unknown,False,negative 90u2019s would poetic justice look dressed friday,"['negative', '90u2019s', 'would', 'poetic', 'justice', 'look', 'dressed', 'friday']",8,58,positive,0.52,"{np.str_('negative'): 0.1936, np.str_('neutral'): 0.2863, np.str_('positive'): 0.52}",labeled
825,Might not be able to get a free taco tomorrow. As Napoleon Dynamite would say\u002c dang it!,2024-03-11,unknown_user,,Twitter (tweet_eval),en,tweet_eval_sentiment,negative,Unknown,Unknown,False,might not able get free taco tomorrow napoleon dynamite would sayu002c dang,"['might', 'not', 'able', 'get', 'free', 'taco', 'tomorrow', 'napoleon', 'dynamite', 'would', 'sayu002c', 'dang']",12,75,positive,0.552,"{np.str_('negative'): 0.2123, np.str_('neutral'): 0.2357, np.str_('positive'): 0.552}",labeled
826,Happy Tuesday. Your batting average is no worse than that of Jose Iglesias. Hopefully that gets you through the day.,2024-11-07,unknown_user,,Twitter (tweet_eval),en,tweet_eval_sentiment,positive,Unknown,Unknown,False,happy tuesday batting average no worse jose iglesias hopefully get day,"['happy', 'tuesday', 'batting', 'average', 'no', 'worse', 'jose', 'iglesias', 'hopefully', 'get', 'day']",11,70,positive,0.5995,"{np.str_('negative'): 0.178, np.str_('neutral'): 0.2225, np.str_('positive'): 0.5995}",labeled
827,Gregg Williams will attend St. Louis Rams game Sunday\u002c ESPN reports: Jonathan Vilma points out the interesting t...,2024-09-13,unknown_user,,Twitter (tweet_eval),en,tweet_eval_sentiment,neutral,Unknown,Unknown,False,gregg williams attend st louis ram game sundayu002c espn report jonathan vilma point interesting,"['gregg', 'williams', 'attend', 'st', 'louis', 'ram', 'game', 'sundayu002c', 'espn', 'report', 'jonathan', 'vilma', 'point', 'interesting']",14,96,neutral,0.5031,"{np.str_('negative'): 0.18, np.str_('neutral'): 0.5031, np.str_('positive'): 0.3169}",labeled
828,Bringing The World To Virtual Reality With Google Earth VR.,2024-12-14,unknown_user,,Twitter (tweet_eval),en,tweet_eval_sentiment,neutral,Unknown,Unknown,False,bringing world virtual reality google earth vr,"['bringing', 'world', 'virtual', 'reality', 'google', 'earth', 'vr']",7,46,positive,0.4232,"{np.str_('negative'): 0.2429, np.str_('neutral'): 0.3339, np.str_('positive'): 0.4232}",labeled
829,throwback to my like 8th birthday when my bff at the time @user got me the Mariah Carey CD. Lol only cause my bday is coming up!,2024-11-14,unknown_user,,Twitter (tweet_eval),en,tweet_eval_sentiment,positive,Unknown,Unknown,False,throwback like 8th birthday bff time got mariah carey cd lol cause bday coming,"['throwback', 'like', '8th', 'birthday', 'bff', 'time', 'got', 'mariah', 'carey', 'cd', 'lol', 'cause', 'bday', 'coming']",14,78,neutral,0.4577,"{np.str_('negative'): 0.2208, np.str_('neutral'): 0.4577, np.str_('positive'): 0.3216}",labeled
830,with which it tries to pump life into overworked elements from eastwood 's dirty harry period ,2024-01-13,unknown_user,,SST-2,en,sst2,negative,Unknown,Unknown,False,try pump life overworked element eastwood dirty harry period,"['try', 'pump', 'life', 'overworked', 'element', 'eastwood', 'dirty', 'harry', 'period']",9,60,positive,0.4405,"{np.str_('negative'): 0.2974, np.str_('neutral'): 0.262, np.str_('positive'): 0.4405}",labeled
831,RT @user opening ceremony Fri 8.30 amNZ v Tonga 9.15am OH v happy as he has Friday off  &lt;YAY. Might make ANZAC biscuits #RWC,2024-03-21,unknown_user,,Twitter (tweet_eval),en,tweet_eval_sentiment,positive,Unknown,Unknown,False,rt opening ceremony fri 830 amnz tonga 915am oh happy friday ltyay might make anzac biscuit,"['rt', 'opening', 'ceremony', 'fri', '830', 'amnz', 'tonga', '915am', 'oh', 'happy', 'friday', 'ltyay', 'might', 'make', 'anzac', 'biscuit']",16,91,positive,0.5837,"{np.str_('negative'): 0.1928, np.str_('neutral'): 0.2234, np.str_('positive'): 0.5837}",labeled
832,"Just what is the point of this film? It starts off as one film, then changes track, cheating us of a resolution to that film and ends as another movie which is nothing but a pale, pale imitation of so many other schlock-horror flicks you've ever seen. The overall impression is co",2024-06-24,unknown_user,,IMDB,en,imdb,negative,Unknown,Unknown,False,point film start one film change track cheating u resolution film end another movie nothing but pale pale imitation many schlockhorror flick youve ever seen overall impression co,"['point', 'film', 'start', 'one', 'film', 'change', 'track', 'cheating', 'u', 'resolution', 'film', 'end', 'another', 'movie', 'nothing', 'but', 'pale', 'pale', 'imitation', 'many', 'schlockhorror', 'flick', 'youve', 'ever', 'seen', 'overall', 'impression', 'co']",28,178,negative,0.4576,"{np.str_('negative'): 0.4576, np.str_('neutral'): 0.1058, np.str_('positive'): 0.4366}",labeled
833,"Watch @user give powerful speech accepting a @user #NBAwards 'Read my child, read.'",2024-10-29,unknown_user,,Twitter (tweet_eval),en,tweet_eval_sentiment,positive,Unknown,Unknown,False,watch give powerful speech accepting read child read,"['watch', 'give', 'powerful', 'speech', 'accepting', 'read', 'child', 'read']",8,52,positive,0.3897,"{np.str_('negative'): 0.3685, np.str_('neutral'): 0.2418, np.str_('positive'): 0.3897}",labeled
834,zac efron as link larkin 👅💦,2024-12-16,unknown_user,,Twitter (tweet_eval),en,tweet_eval_sentiment,neutral,Unknown,Unknown,False,zac efron link larkin tongue sweatdroplets,"['zac', 'efron', 'link', 'larkin', 'tongue', 'sweatdroplets']",6,42,positive,0.4046,"{np.str_('negative'): 0.2554, np.str_('neutral'): 0.34, np.str_('positive'): 0.4046}",labeled
835,"""It will be Imagine Dragons to Chicago the Musical to Beethovens 7th to Blink 182, to The Weeknd, to Ed Sheeran, to the Wonder Years""",2024-12-01,unknown_user,,Twitter (tweet_eval),en,tweet_eval_sentiment,neutral,Unknown,Unknown,False,imagine dragon chicago musical beethoven 7th blink 182 weeknd ed sheeran wonder year,"['imagine', 'dragon', 'chicago', 'musical', 'beethoven', '7th', 'blink', '182', 'weeknd', 'ed', 'sheeran', 'wonder', 'year']",13,84,positive,0.4528,"{np.str_('negative'): 0.1945, np.str_('neutral'): 0.3527, np.str_('positive'): 0.4528}",labeled
836,Kanye West . I'm just imagining his wife as 1st lady. Kim in the Whitehouse will we know every inch of the Whitehouse thru insta!,2024-02-10,unknown_user,,Twitter (tweet_eval),en,tweet_eval_sentiment,neutral,Unknown,Unknown,False,kanye west im imagining wife 1st lady kim whitehouse know every inch whitehouse thru insta,"['kanye', 'west', 'im', 'imagining', 'wife', '1st', 'lady', 'kim', 'whitehouse', 'know', 'every', 'inch', 'whitehouse', 'thru', 'insta']",15,90,neutral,0.4433,"{np.str_('negative'): 0.2241, np.str_('neutral'): 0.4433, np.str_('positive'): 0.3327}",labeled
837,All I really want is to Eric church to play Carolina on Friday,2024-08-28,unknown_user,,Twitter (tweet_eval),en,tweet_eval_sentiment,neutral,Unknown,Unknown,False,really want eric church play carolina friday,"['really', 'want', 'eric', 'church', 'play', 'carolina', 'friday']",7,44,neutral,0.4049,"{np.str_('negative'): 0.2472, np.str_('neutral'): 0.4049, np.str_('positive'): 0.3478}",labeled
838,@user My President I have my CV ready I know you have 4500 positions to fill - I AM READY #TrumpTransition #trumptransitionteam,2024-06-15,unknown_user,,Twitter (tweet_eval),en,tweet_eval_sentiment,positive,Trump,Unknown,False,president cv ready know 4500 position fill ready,"['president', 'cv', 'ready', 'know', '4500', 'position', 'fill', 'ready']",8,48,positive,0.4226,"{np.str_('negative'): 0.1858, np.str_('neutral'): 0.3916, np.str_('positive'): 0.4226}",labeled
839,fails to bring as much to the table .,2024-05-05,unknown_user,,Rotten Tomatoes,en,rotten_tomatoes,negative,Unknown,Unknown,False,fails bring much table,"['fails', 'bring', 'much', 'table']",4,22,positive,0.4046,"{np.str_('negative'): 0.2554, np.str_('neutral'): 0.34, np.str_('positive'): 0.4046}",labeled
840,Remembering #cabbagepatchdolls like the surge of Popularity of #Hatchimals takes toymaker by surprise | CTV News,2024-11-02,unknown_user,,Twitter (tweet_eval),en,tweet_eval_sentiment,neutral,Unknown,Unknown,False,remembering like surge popularity take toymaker surprise ctv news,"['remembering', 'like', 'surge', 'popularity', 'take', 'toymaker', 'surprise', 'ctv', 'news']",9,65,neutral,0.3564,"{np.str_('negative'): 0.2946, np.str_('neutral'): 0.3564, np.str_('positive'): 0.349}",labeled
841,@user first\u002c *Rondo. 2nd\u002c you know who\u2019s higher? Darko Millicic\u002c LeBron James\u002c Carmelo Anthony\u002c etc.,2025-04-02,unknown_user,,Twitter (tweet_eval),en,tweet_eval_sentiment,neutral,Unknown,Unknown,False,firstu002c rondo 2ndu002c know whou2019s higher darko millicicu002c lebron jamesu002c carmelo anthonyu002c etc,"['firstu002c', 'rondo', '2ndu002c', 'know', 'whou2019s', 'higher', 'darko', 'millicicu002c', 'lebron', 'jamesu002c', 'carmelo', 'anthonyu002c', 'etc']",13,110,neutral,0.4382,"{np.str_('negative'): 0.2333, np.str_('neutral'): 0.4382, np.str_('positive'): 0.3284}",labeled
842,"First saw this gem from Joe Sarno way back when, and I must say that after seeing it, I could never forget Jennifer Welles. At first I thought the film was moving a bit slower than i would expect for a Sarno film, but when Jennifer made her entrance, the first time I ever saw her",2024-09-23,unknown_user,,IMDB,en,imdb,positive,Unknown,Unknown,False,first saw gem joe sarno way back must say seeing could never forget jennifer welles first thought film moving bit slower would expect sarno film but jennifer made entrance first time ever saw,"['first', 'saw', 'gem', 'joe', 'sarno', 'way', 'back', 'must', 'say', 'seeing', 'could', 'never', 'forget', 'jennifer', 'welles', 'first', 'thought', 'film', 'moving', 'bit', 'slower', 'would', 'expect', 'sarno', 'film', 'but', 'jennifer', 'made', 'entrance', 'first', 'time', 'ever', 'saw']",33,191,positive,0.4627,"{np.str_('negative'): 0.3914, np.str_('neutral'): 0.1459, np.str_('positive'): 0.4627}",labeled
843,i can't remember the last time i saw worse stunt editing or cheaper action movie production values than in extreme ops .,2024-01-26,unknown_user,,Rotten Tomatoes,en,rotten_tomatoes,negative,Unknown,Unknown,False,cant remember last time saw worse stunt editing cheaper action movie production value extreme ops,"['cant', 'remember', 'last', 'time', 'saw', 'worse', 'stunt', 'editing', 'cheaper', 'action', 'movie', 'production', 'value', 'extreme', 'ops']",15,97,negative,0.4684,"{np.str_('negative'): 0.4684, np.str_('neutral'): 0.2501, np.str_('positive'): 0.2815}",labeled
844,"a low-budget affair , tadpole was shot on digital video , and the images often look smeary and blurry , to the point of distraction . then again , in a better movie , you might not have noticed .",2024-07-18,unknown_user,,Rotten Tomatoes,en,rotten_tomatoes,negative,Unknown,Unknown,False,lowbudget affair tadpole shot digital video image often look smeary blurry point distraction better movie might not noticed,"['lowbudget', 'affair', 'tadpole', 'shot', 'digital', 'video', 'image', 'often', 'look', 'smeary', 'blurry', 'point', 'distraction', 'better', 'movie', 'might', 'not', 'noticed']",18,123,positive,0.4523,"{np.str_('negative'): 0.3624, np.str_('neutral'): 0.1853, np.str_('positive'): 0.4523}",labeled
845,Late upload from the Bears game Sunday @ The Georgia Dome,2024-10-27,unknown_user,,Twitter (tweet_eval),en,tweet_eval_sentiment,neutral,Unknown,Unknown,False,late upload bear game sunday georgia dome,"['late', 'upload', 'bear', 'game', 'sunday', 'georgia', 'dome']",7,41,neutral,0.5534,"{np.str_('negative'): 0.1161, np.str_('neutral'): 0.5534, np.str_('positive'): 0.3305}",labeled
846,"Zodiac Killer (2005) was an interesting film from German born director Ulli Lommel. He directs, produced and co-stars in this latest production. Not only does he manage to make an interesting film on the cheap. But he reaches a new low when Herr Lommel works in footage from nearl",2024-12-23,unknown_user,,IMDB,en,imdb,positive,Unknown,Unknown,False,zodiac killer 2005 interesting film german born director ulli lommel directs produced costars latest production not manage make interesting film cheap but reach new low herr lommel work footage nearl,"['zodiac', 'killer', '2005', 'interesting', 'film', 'german', 'born', 'director', 'ulli', 'lommel', 'directs', 'produced', 'costars', 'latest', 'production', 'not', 'manage', 'make', 'interesting', 'film', 'cheap', 'but', 'reach', 'new', 'low', 'herr', 'lommel', 'work', 'footage', 'nearl']",30,199,positive,0.5279,"{np.str_('negative'): 0.2848, np.str_('neutral'): 0.1874, np.str_('positive'): 0.5279}",labeled
847,#maybehisfoundation can pay his legal fees🙄🙄 #AuditTheVote #StillWithHer Donald Trump and the Lawsuit Presidency,2024-08-15,unknown_user,,Twitter (tweet_eval),en,tweet_eval_sentiment,neutral,Trump,Unknown,False,pay legal fee facewithrollingeyes facewithrollingeyes Trump lawsuit presidency,"['pay', 'legal', 'fee', 'facewithrollingeyes', 'facewithrollingeyes', 'Trump', 'lawsuit', 'presidency']",8,78,neutral,0.4027,"{np.str_('negative'): 0.3672, np.str_('neutral'): 0.4027, np.str_('positive'): 0.2301}",labeled
848,"Actually, Goldie Hawn is from Washington (Takoma Park, Maryland), but I digress. This is sort of a Mr. Smith goes to Washington type of movie, with some variations but the same premise. I taped this movie off of cable years ago because I had a huge crush on Goldie Hawn. The story",2024-09-18,unknown_user,,IMDB,en,imdb,positive,Unknown,Conservatives,False,actually goldie hawn washington takoma park maryland but digress sort mr smith go washington type movie variation but premise taped movie cable year ago huge crush goldie hawn story,"['actually', 'goldie', 'hawn', 'washington', 'takoma', 'park', 'maryland', 'but', 'digress', 'sort', 'mr', 'smith', 'go', 'washington', 'type', 'movie', 'variation', 'but', 'premise', 'taped', 'movie', 'cable', 'year', 'ago', 'huge', 'crush', 'goldie', 'hawn', 'story']",29,181,negative,0.5103,"{np.str_('negative'): 0.5103, np.str_('neutral'): 0.1517, np.str_('positive'): 0.338}",labeled
849,"ultimate x is a ride , basically the kind of greatest-hits reel that might come with a subscription to espn the magazine .",2024-07-27,unknown_user,,Rotten Tomatoes,en,rotten_tomatoes,positive,Unknown,Unknown,False,ultimate ride basically kind greatesthits reel might come subscription espn magazine,"['ultimate', 'ride', 'basically', 'kind', 'greatesthits', 'reel', 'might', 'come', 'subscription', 'espn', 'magazine']",11,84,positive,0.5583,"{np.str_('negative'): 0.2348, np.str_('neutral'): 0.2069, np.str_('positive'): 0.5583}",labeled
850,what was subtle and mystifying in the novella is now broad and farcical .,2025-02-10,unknown_user,,Rotten Tomatoes,en,rotten_tomatoes,negative,Unknown,Unknown,False,subtle mystifying novella broad farcical,"['subtle', 'mystifying', 'novella', 'broad', 'farcical']",5,40,positive,0.4046,"{np.str_('negative'): 0.2554, np.str_('neutral'): 0.34, np.str_('positive'): 0.4046}",labeled
851,"apart from dazzling cinematography , we've seen just about everything in blue crush in one form or the other .",2024-01-09,unknown_user,,Rotten Tomatoes,en,rotten_tomatoes,negative,Unknown,Unknown,False,apart dazzling cinematography weve seen everything blue crush one form,"['apart', 'dazzling', 'cinematography', 'weve', 'seen', 'everything', 'blue', 'crush', 'one', 'form']",10,70,negative,0.4036,"{np.str_('negative'): 0.4036, np.str_('neutral'): 0.1968, np.str_('positive'): 0.3996}",labeled
852,Go conservative w/ 600 yd offense\u002c then kick ball to best player in #ACC when it\u2019s only way you can lose.  That about sum up TOB\u2019s 4th Q?,2024-02-16,unknown_user,,Twitter (tweet_eval),en,tweet_eval_sentiment,negative,Unknown,Conservatives,False,go conservative 600 yd offenseu002c kick ball best player itu2019s way lose sum tobu2019s 4th,"['go', 'conservative', '600', 'yd', 'offenseu002c', 'kick', 'ball', 'best', 'player', 'itu2019s', 'way', 'lose', 'sum', 'tobu2019s', '4th']",15,93,positive,0.5647,"{np.str_('negative'): 0.2113, np.str_('neutral'): 0.224, np.str_('positive'): 0.5647}",labeled
853,"""Our Thor is ready to meet you at the #HaloAndPartners event, today through Friday. 98-124 Brewery Road London N7 9PG""",2024-07-24,unknown_user,,Twitter (tweet_eval),en,tweet_eval_sentiment,positive,Unknown,Unknown,False,thor ready meet event today friday 98124 brewery road london n7 9pg,"['thor', 'ready', 'meet', 'event', 'today', 'friday', '98124', 'brewery', 'road', 'london', 'n7', '9pg']",12,67,positive,0.5215,"{np.str_('negative'): 0.1042, np.str_('neutral'): 0.3743, np.str_('positive'): 0.5215}",labeled
854,fails to convince the audience that these brats will ever be anything more than losers .,2024-10-24,unknown_user,,Rotten Tomatoes,en,rotten_tomatoes,negative,Unknown,Unknown,False,fails convince audience brat ever anything loser,"['fails', 'convince', 'audience', 'brat', 'ever', 'anything', 'loser']",7,48,negative,0.4225,"{np.str_('negative'): 0.4225, np.str_('neutral'): 0.2057, np.str_('positive'): 0.3718}",labeled
855,"""The Celtics may have lost last night, but at least the Lakers did too!""",2025-03-27,unknown_user,,Twitter (tweet_eval),en,tweet_eval_sentiment,neutral,Unknown,Unknown,False,celtic may lost last night but least lakers,"['celtic', 'may', 'lost', 'last', 'night', 'but', 'least', 'lakers']",8,43,neutral,0.5059,"{np.str_('negative'): 0.0755, np.str_('neutral'): 0.5059, np.str_('positive'): 0.4187}",labeled
856,@user indeed you may\u002c or you can have the little warbler who flew all the way from Siberia only to hit the lighthouse on Bardsey...,2025-01-26,unknown_user,,Twitter (tweet_eval),en,tweet_eval_sentiment,neutral,Unknown,Unknown,False,indeed mayu002c little warbler flew way siberia hit lighthouse bardsey,"['indeed', 'mayu002c', 'little', 'warbler', 'flew', 'way', 'siberia', 'hit', 'lighthouse', 'bardsey']",10,70,positive,0.4149,"{np.str_('negative'): 0.3618, np.str_('neutral'): 0.2233, np.str_('positive'): 0.4149}",labeled
857,Just heard that Caitlyn Jenner may be charged with Manslaughter after being involved in a fata... via @user,2024-05-18,unknown_user,,Twitter (tweet_eval),en,tweet_eval_sentiment,neutral,Unknown,Unknown,False,heard caitlyn jenner may charged manslaughter involved fata via,"['heard', 'caitlyn', 'jenner', 'may', 'charged', 'manslaughter', 'involved', 'fata', 'via']",9,63,positive,0.4046,"{np.str_('negative'): 0.2554, np.str_('neutral'): 0.34, np.str_('positive'): 0.4046}",labeled
858,Gucci bags subconscious mind brashness january break the seal the dichotomous thy cat far out rise versus indu...,2024-12-07,unknown_user,,Twitter (tweet_eval),en,tweet_eval_sentiment,negative,Unknown,Unknown,False,gucci bag subconscious mind brashness january break seal dichotomous thy cat far rise versus indu,"['gucci', 'bag', 'subconscious', 'mind', 'brashness', 'january', 'break', 'seal', 'dichotomous', 'thy', 'cat', 'far', 'rise', 'versus', 'indu']",15,97,positive,0.4046,"{np.str_('negative'): 0.2554, np.str_('neutral'): 0.34, np.str_('positive'): 0.4046}",labeled
859,BROCK LESNAR VS THE UNDERTAKER  supporting lesnar butttttt. May the best man win #summerslam,2024-06-23,unknown_user,,Twitter (tweet_eval),en,tweet_eval_sentiment,positive,Unknown,Unknown,False,brock lesnar v undertaker supporting lesnar butttttt may best man win,"['brock', 'lesnar', 'v', 'undertaker', 'supporting', 'lesnar', 'butttttt', 'may', 'best', 'man', 'win']",11,69,positive,0.5623,"{np.str_('negative'): 0.1479, np.str_('neutral'): 0.2897, np.str_('positive'): 0.5623}",labeled
860,some1 come wait in line with me Thursday at 3@target bc briana is being a bitch,2024-12-23,unknown_user,,Twitter (tweet_eval),en,tweet_eval_sentiment,negative,Unknown,Unknown,False,some1 come wait line thursday bc briana bitch,"['some1', 'come', 'wait', 'line', 'thursday', 'bc', 'briana', 'bitch']",8,45,positive,0.5632,"{np.str_('negative'): 0.2044, np.str_('neutral'): 0.2324, np.str_('positive'): 0.5632}",labeled
861,If you're thinking about voting for Donald Trump you might want to read this article 1st,2024-08-28,unknown_user,,Twitter (tweet_eval),en,tweet_eval_sentiment,positive,Trump,Unknown,False,youre thinking voting Trump might want read article 1st,"['youre', 'thinking', 'voting', 'Trump', 'might', 'want', 'read', 'article', '1st']",9,55,neutral,0.3892,"{np.str_('negative'): 0.3077, np.str_('neutral'): 0.3892, np.str_('positive'): 0.3031}",labeled
862,VOA60 America- Ukraine President Poroshenko says he spoke to President-elect Trump by phone,2024-09-17,unknown_user,,Twitter (tweet_eval),en,tweet_eval_sentiment,neutral,Trump,Unknown,False,voa60 america ukraine president poroshenko say spoke presidentelect trump phone,"['voa60', 'america', 'ukraine', 'president', 'poroshenko', 'say', 'spoke', 'presidentelect', 'trump', 'phone']",10,79,neutral,0.4076,"{np.str_('negative'): 0.3796, np.str_('neutral'): 0.4076, np.str_('positive'): 0.2128}",labeled
863,"@user let\u2019s get the Goodwin family to Rupp for the 1st home game & make Landen the \""""""""Y\""""""""! #RIPLane""",2024-01-24,unknown_user,,Twitter (tweet_eval),en,tweet_eval_sentiment,neutral,Unknown,Unknown,False,letu2019s get goodwin family rupp 1st home game make landen,"['letu2019s', 'get', 'goodwin', 'family', 'rupp', '1st', 'home', 'game', 'make', 'landen']",10,59,neutral,0.4771,"{np.str_('negative'): 0.1414, np.str_('neutral'): 0.4771, np.str_('positive'): 0.3815}",labeled
864,"""Dustin Johnson drains a long putt to take the lead. Eh, let me know when he does that late on a Sunday in a major. #PGAChampionship""",2025-01-12,unknown_user,,Twitter (tweet_eval),en,tweet_eval_sentiment,neutral,Boris Johnson,Unknown,False,dustin johnson drain long putt take lead eh let know late sunday major,"['dustin', 'johnson', 'drain', 'long', 'putt', 'take', 'lead', 'eh', 'let', 'know', 'late', 'sunday', 'major']",13,70,neutral,0.4112,"{np.str_('negative'): 0.2191, np.str_('neutral'): 0.4112, np.str_('positive'): 0.3697}",labeled
865,too long to turn his movie in an unexpected direction ,2024-08-09,unknown_user,,SST-2,en,sst2,positive,Unknown,Unknown,False,long turn movie unexpected direction,"['long', 'turn', 'movie', 'unexpected', 'direction']",5,36,positive,0.465,"{np.str_('negative'): 0.3028, np.str_('neutral'): 0.2322, np.str_('positive'): 0.465}",labeled
866,"Tigerland follows the lives of a group of recently drafted men into the army who are called up to fight in Vietnam in 1971.<br /><br />At this point, America knows they are fighting a loosing battle, and the director takes us through a 16mm handheld documentary shot film of the l",2025-01-27,unknown_user,,IMDB,en,imdb,positive,Unknown,Unknown,False,tigerland follows life group recently drafted men army called fight vietnam 1971 point america know fighting loosing battle director take u 16mm handheld documentary shot film,"['tigerland', 'follows', 'life', 'group', 'recently', 'drafted', 'men', 'army', 'called', 'fight', 'vietnam', '1971', 'point', 'america', 'know', 'fighting', 'loosing', 'battle', 'director', 'take', 'u', '16mm', 'handheld', 'documentary', 'shot', 'film']",26,175,positive,0.4374,"{np.str_('negative'): 0.3524, np.str_('neutral'): 0.2103, np.str_('positive'): 0.4374}",labeled
867,Death penalty for Shariatpur war criminal Edris via @user,2024-12-04,unknown_user,,Twitter (tweet_eval),en,tweet_eval_sentiment,negative,Unknown,Unknown,False,death penalty shariatpur war criminal edris via,"['death', 'penalty', 'shariatpur', 'war', 'criminal', 'edris', 'via']",7,47,positive,0.4046,"{np.str_('negative'): 0.2554, np.str_('neutral'): 0.34, np.str_('positive'): 0.4046}",labeled
868,"""RT @user I just realized the Teen Choice Awards were tonight at 8! =) I hope Rob, Kristen, and anything Twilight related wins!""",2025-04-16,unknown_user,,Twitter (tweet_eval),en,tweet_eval_sentiment,positive,Unknown,Unknown,False,rt realized teen choice award tonight hope rob kristen anything twilight related win,"['rt', 'realized', 'teen', 'choice', 'award', 'tonight', 'hope', 'rob', 'kristen', 'anything', 'twilight', 'related', 'win']",13,84,positive,0.4673,"{np.str_('negative'): 0.2099, np.str_('neutral'): 0.3228, np.str_('positive'): 0.4673}",labeled
869,"""My belated Christmas Eve #JohnFlemingBlog - Bras, a drag king, lesbians and the IRA -",2024-12-28,unknown_user,,Twitter (tweet_eval),en,tweet_eval_sentiment,neutral,Unknown,Unknown,False,belated christmas eve bra drag king lesbian ira,"['belated', 'christmas', 'eve', 'bra', 'drag', 'king', 'lesbian', 'ira']",8,47,positive,0.4046,"{np.str_('negative'): 0.2554, np.str_('neutral'): 0.34, np.str_('positive'): 0.4046}",labeled
870,One of many things that Islam has taught me is to look upon charity as something that we all must do every day that the sun rises. Powerful.,2024-10-05,unknown_user,,Twitter (tweet_eval),en,tweet_eval_sentiment,positive,Unknown,Unknown,False,one many thing islam taught look upon charity something must every day sun rise powerful,"['one', 'many', 'thing', 'islam', 'taught', 'look', 'upon', 'charity', 'something', 'must', 'every', 'day', 'sun', 'rise', 'powerful']",15,88,positive,0.5366,"{np.str_('negative'): 0.2349, np.str_('neutral'): 0.2285, np.str_('positive'): 0.5366}",labeled
871,Awesome week coming up. Are you ready for some football ? Ravens v. Dream Team Thursday at 7:30 and Redskins v....,2024-05-12,unknown_user,,Twitter (tweet_eval),en,tweet_eval_sentiment,positive,Unknown,Unknown,False,awesome week coming ready football raven dream team thursday 730 redskin,"['awesome', 'week', 'coming', 'ready', 'football', 'raven', 'dream', 'team', 'thursday', '730', 'redskin']",11,72,positive,0.4876,"{np.str_('negative'): 0.1767, np.str_('neutral'): 0.3357, np.str_('positive'): 0.4876}",labeled
872,"""If my queen is in the 26th place, THE QUEEN must be in the first one #MTVStars Lady Gaga""",2024-12-26,unknown_user,,Twitter (tweet_eval),en,tweet_eval_sentiment,neutral,Unknown,Unknown,False,queen 26th place queen must first one lady gaga,"['queen', '26th', 'place', 'queen', 'must', 'first', 'one', 'lady', 'gaga']",9,47,neutral,0.3829,"{np.str_('negative'): 0.269, np.str_('neutral'): 0.3829, np.str_('positive'): 0.3481}",labeled
873,Music of the Sun\u002c A Girl Like Me\u002c Good Girl Gone Bad\u002c Rated R\u002c LOUD\u002c Talk That Talk and finally _________?,2024-05-22,unknown_user,,Twitter (tweet_eval),en,tweet_eval_sentiment,neutral,Unknown,Unknown,False,music sunu002c girl like meu002c good girl gone badu002c rated ru002c loudu002c talk talk finally,"['music', 'sunu002c', 'girl', 'like', 'meu002c', 'good', 'girl', 'gone', 'badu002c', 'rated', 'ru002c', 'loudu002c', 'talk', 'talk', 'finally']",15,97,negative,0.3788,"{np.str_('negative'): 0.3788, np.str_('neutral'): 0.3628, np.str_('positive'): 0.2585}",labeled
874,This guy is going in the mail tomorrow addressed to the Georgia Athletic Dept.,2024-09-04,unknown_user,,Twitter (tweet_eval),en,tweet_eval_sentiment,neutral,Unknown,Unknown,False,guy going mail tomorrow addressed georgia athletic dept,"['guy', 'going', 'mail', 'tomorrow', 'addressed', 'georgia', 'athletic', 'dept']",8,55,positive,0.474,"{np.str_('negative'): 0.1257, np.str_('neutral'): 0.4003, np.str_('positive'): 0.474}",labeled
875,"as a witness to several greek-american weddings -- but , happily , a victim of none -- i can testify to the comparative accuracy of ms . vardalos' memories and insights .",2024-11-10,unknown_user,,Rotten Tomatoes,en,rotten_tomatoes,positive,Unknown,Unknown,False,witness several greekamerican wedding but happily victim none testify comparative accuracy m vardalos memory insight,"['witness', 'several', 'greekamerican', 'wedding', 'but', 'happily', 'victim', 'none', 'testify', 'comparative', 'accuracy', 'm', 'vardalos', 'memory', 'insight']",15,116,positive,0.4046,"{np.str_('negative'): 0.2554, np.str_('neutral'): 0.34, np.str_('positive'): 0.4046}",labeled
876,Choirs off next Friday or the one after that... Tryna get a handful of people to go out somewhere for dinner... Anyone interested??,2024-04-30,unknown_user,,Twitter (tweet_eval),en,tweet_eval_sentiment,neutral,Unknown,Unknown,False,choir next friday one tryna get handful people go somewhere dinner anyone interested,"['choir', 'next', 'friday', 'one', 'tryna', 'get', 'handful', 'people', 'go', 'somewhere', 'dinner', 'anyone', 'interested']",13,84,positive,0.4436,"{np.str_('negative'): 0.294, np.str_('neutral'): 0.2624, np.str_('positive'): 0.4436}",labeled
877,"""I feel like tomorrow on Live with Kelly and Michael, they're gonna show the video of Shawn singing I Don't Even Know Your Name, I'm excited!""",2024-10-10,unknown_user,,Twitter (tweet_eval),en,tweet_eval_sentiment,positive,Unknown,Unknown,False,feel like tomorrow live kelly michael theyre gon na show video shawn singing dont even know name im excited,"['feel', 'like', 'tomorrow', 'live', 'kelly', 'michael', 'theyre', 'gon', 'na', 'show', 'video', 'shawn', 'singing', 'dont', 'even', 'know', 'name', 'im', 'excited']",19,107,positive,0.501,"{np.str_('negative'): 0.289, np.str_('neutral'): 0.21, np.str_('positive'): 0.501}",labeled
878,Al-Akhbar said #Russia and #Hezbollah will now maintain ongoing contact on operational issues in #Syria.https://t.co/VEh27IAc89,2024-08-08,unknown_user,,Twitter (tweet_eval),en,tweet_eval_sentiment,neutral,Unknown,Unknown,False,alakhbar said maintain ongoing contact operational issue,"['alakhbar', 'said', 'maintain', 'ongoing', 'contact', 'operational', 'issue']",7,56,neutral,0.5348,"{np.str_('negative'): 0.271, np.str_('neutral'): 0.5348, np.str_('positive'): 0.1942}",labeled
879,Mannequin Challenge Part 2. Peep me being fat with the whipped cream 😂 #mannequinchallenge,2024-12-01,unknown_user,,Twitter (tweet_eval),en,tweet_eval_sentiment,neutral,Unknown,Unknown,False,mannequin challenge part peep fat whipped cream facewithtearsofjoy,"['mannequin', 'challenge', 'part', 'peep', 'fat', 'whipped', 'cream', 'facewithtearsofjoy']",8,66,positive,0.4158,"{np.str_('negative'): 0.258, np.str_('neutral'): 0.3263, np.str_('positive'): 0.4158}",labeled
880,Obamacare if you have called Marco Rubio a puppet Jeb Bush who s going over and complimented me.,2024-11-16,unknown_user,,Twitter (tweet_eval),en,tweet_eval_sentiment,negative,Obama,Unknown,False,obamacare called marco rubio puppet jeb bush going complimented,"['obamacare', 'called', 'marco', 'rubio', 'puppet', 'jeb', 'bush', 'going', 'complimented']",9,63,positive,0.4657,"{np.str_('negative'): 0.3081, np.str_('neutral'): 0.2262, np.str_('positive'): 0.4657}",labeled
881,"""RT @user Sanchez didn't know Plax would sneak in for a play yesterday. \""""""""I wish I would have hit him,\"""""""" he said. Got pressured by D #nyj""",2024-10-07,unknown_user,,Twitter (tweet_eval),en,tweet_eval_sentiment,negative,Unknown,Unknown,False,rt sanchez didnt know plax would sneak play yesterday wish would hit said got pressured,"['rt', 'sanchez', 'didnt', 'know', 'plax', 'would', 'sneak', 'play', 'yesterday', 'wish', 'would', 'hit', 'said', 'got', 'pressured']",15,87,neutral,0.5619,"{np.str_('negative'): 0.262, np.str_('neutral'): 0.5619, np.str_('positive'): 0.1761}",labeled
882,SPOILER ALERT!!! Watch the Teen Choice Awards on Studio 23 this Sunday\u002c Christina Grimmie might be there. Have a GOOD WEEKEND!,2025-01-29,unknown_user,,Twitter (tweet_eval),en,tweet_eval_sentiment,positive,Unknown,Unknown,False,spoiler alert watch teen choice award studio 23 sundayu002c christina grimmie might good weekend,"['spoiler', 'alert', 'watch', 'teen', 'choice', 'award', 'studio', '23', 'sundayu002c', 'christina', 'grimmie', 'might', 'good', 'weekend']",14,96,positive,0.5966,"{np.str_('negative'): 0.2566, np.str_('neutral'): 0.1468, np.str_('positive'): 0.5966}",labeled
883,This sounds like when Sarah Palin was interviewed and didn't know the answer.  Claimed she was being set up.,2024-06-23,unknown_user,,Twitter (tweet_eval),en,tweet_eval_sentiment,negative,Unknown,Unknown,False,sound like sarah palin interviewed didnt know answer claimed set,"['sound', 'like', 'sarah', 'palin', 'interviewed', 'didnt', 'know', 'answer', 'claimed', 'set']",10,64,neutral,0.4263,"{np.str_('negative'): 0.3344, np.str_('neutral'): 0.4263, np.str_('positive'): 0.2393}",labeled
884,@user I have English tomorrow but it honestly doesn\u2019t bother me for some reason. Rella always makes my day. Don\u2019t ask,2025-01-12,unknown_user,,Twitter (tweet_eval),en,tweet_eval_sentiment,positive,Unknown,Unknown,False,english tomorrow but honestly doesnu2019t bother reason rella always make day donu2019t ask,"['english', 'tomorrow', 'but', 'honestly', 'doesnu2019t', 'bother', 'reason', 'rella', 'always', 'make', 'day', 'donu2019t', 'ask']",13,91,positive,0.63,"{np.str_('negative'): 0.1266, np.str_('neutral'): 0.2433, np.str_('positive'): 0.63}",labeled
885,sophisticated and surprising ,2024-04-07,unknown_user,,SST-2,en,sst2,positive,Unknown,Unknown,False,sophisticated surprising,"['sophisticated', 'surprising']",2,24,positive,0.4046,"{np.str_('negative'): 0.2554, np.str_('neutral'): 0.34, np.str_('positive'): 0.4046}",labeled
886,Can someone please drive me and @user to and from Darien Lake tomorrow for Jason Aldean we will pay you!!,2024-06-19,unknown_user,,Twitter (tweet_eval),en,tweet_eval_sentiment,neutral,Unknown,Unknown,False,someone please drive darien lake tomorrow jason aldean pay,"['someone', 'please', 'drive', 'darien', 'lake', 'tomorrow', 'jason', 'aldean', 'pay']",9,58,neutral,0.5731,"{np.str_('negative'): 0.2015, np.str_('neutral'): 0.5731, np.str_('positive'): 0.2254}",labeled
887,"this is sandler running on empty , repeating what he's already done way too often .",2025-05-05,unknown_user,,Rotten Tomatoes,en,rotten_tomatoes,negative,Unknown,Unknown,False,sandler running empty repeating he already done way often,"['sandler', 'running', 'empty', 'repeating', 'he', 'already', 'done', 'way', 'often']",9,57,positive,0.4147,"{np.str_('negative'): 0.36, np.str_('neutral'): 0.2253, np.str_('positive'): 0.4147}",labeled
888,if you are confident Yakub was innocent  why you not push tiger before 30 july ?,2024-07-14,unknown_user,,Twitter (tweet_eval),en,tweet_eval_sentiment,neutral,Unknown,Unknown,False,confident yakub innocent not push tiger 30 july,"['confident', 'yakub', 'innocent', 'not', 'push', 'tiger', '30', 'july']",8,47,positive,0.4046,"{np.str_('negative'): 0.2554, np.str_('neutral'): 0.34, np.str_('positive'): 0.4046}",labeled
889,"this quiet , introspective and entertaining independent is worth seeking .",2024-10-02,unknown_user,,Rotten Tomatoes,en,rotten_tomatoes,positive,Unknown,Unknown,False,quiet introspective entertaining independent worth seeking,"['quiet', 'introspective', 'entertaining', 'independent', 'worth', 'seeking']",6,58,positive,0.4046,"{np.str_('negative'): 0.2554, np.str_('neutral'): 0.34, np.str_('positive'): 0.4046}",labeled
890,A Leonard Cohen and Jeff Buckley album just in time for black friday? #buymethat,2024-02-21,unknown_user,,Twitter (tweet_eval),en,tweet_eval_sentiment,neutral,Unknown,Unknown,False,leonard cohen jeff buckley album time black friday,"['leonard', 'cohen', 'jeff', 'buckley', 'album', 'time', 'black', 'friday']",8,50,neutral,0.4378,"{np.str_('negative'): 0.1362, np.str_('neutral'): 0.4378, np.str_('positive'): 0.426}",labeled
891,Zayn's roller coaster is the most emotional of all emotional roller coasters,2025-03-06,unknown_user,,Twitter (tweet_eval),en,tweet_eval_sentiment,positive,Unknown,Unknown,False,zayns roller coaster emotional emotional roller coaster,"['zayns', 'roller', 'coaster', 'emotional', 'emotional', 'roller', 'coaster']",7,55,positive,0.4046,"{np.str_('negative'): 0.2554, np.str_('neutral'): 0.34, np.str_('positive'): 0.4046}",labeled
892,Rahul Gandhi the kid is planning jail bharo with all his supporters on 19 Dec. Great. The judge will have less trouble arriving at verdict.,2024-07-26,unknown_user,,Twitter (tweet_eval),en,tweet_eval_sentiment,neutral,Rahul Gandhi,Unknown,False,RahulGandhi kid planning jail bharo supporter 19 dec great judge less trouble arriving verdict,"['RahulGandhi', 'kid', 'planning', 'jail', 'bharo', 'supporter', '19', 'dec', 'great', 'judge', 'less', 'trouble', 'arriving', 'verdict']",14,94,positive,0.5375,"{np.str_('negative'): 0.2229, np.str_('neutral'): 0.2397, np.str_('positive'): 0.5375}",labeled
893,"""Bad Blood has just reached 400,000,000 views on @user It's Taylor Swift 4th video to do so.",2024-09-21,unknown_user,,Twitter (tweet_eval),en,tweet_eval_sentiment,positive,Unknown,Unknown,False,bad blood reached 400000000 view taylor swift 4th video,"['bad', 'blood', 'reached', '400000000', 'view', 'taylor', 'swift', '4th', 'video']",9,55,neutral,0.3547,"{np.str_('negative'): 0.3, np.str_('neutral'): 0.3547, np.str_('positive'): 0.3453}",labeled
894,the script is too mainstream and the psychology too textbook to intrigue .,2024-08-12,unknown_user,,Rotten Tomatoes,en,rotten_tomatoes,negative,Unknown,Unknown,False,script mainstream psychology textbook intrigue,"['script', 'mainstream', 'psychology', 'textbook', 'intrigue']",5,46,positive,0.4046,"{np.str_('negative'): 0.2554, np.str_('neutral'): 0.34, np.str_('positive'): 0.4046}",labeled
895,son of the bride may be a good half-hour too long but comes replete with a flattering sense of mystery and quietness .,2024-09-30,unknown_user,,Rotten Tomatoes,en,rotten_tomatoes,positive,Unknown,Unknown,False,son bride may good halfhour long but come replete flattering sense mystery quietness,"['son', 'bride', 'may', 'good', 'halfhour', 'long', 'but', 'come', 'replete', 'flattering', 'sense', 'mystery', 'quietness']",13,84,positive,0.6101,"{np.str_('negative'): 0.1813, np.str_('neutral'): 0.2087, np.str_('positive'): 0.6101}",labeled
896,@user Will you be on Minecraft now? Also can't wait to see you at Insomnia! Are you there on Sunday?,2025-01-04,unknown_user,,Twitter (tweet_eval),en,tweet_eval_sentiment,positive,Unknown,Unknown,False,minecraft also cant wait see insomnia sunday,"['minecraft', 'also', 'cant', 'wait', 'see', 'insomnia', 'sunday']",7,44,positive,0.5113,"{np.str_('negative'): 0.1983, np.str_('neutral'): 0.2904, np.str_('positive'): 0.5113}",labeled
897,Dallas!!! Are you ready to come have a great night with us?! We can't wait to blow the roof off with you!,2025-03-04,unknown_user,,Twitter (tweet_eval),en,tweet_eval_sentiment,positive,Unknown,Unknown,False,dallas ready come great night u cant wait blow roof,"['dallas', 'ready', 'come', 'great', 'night', 'u', 'cant', 'wait', 'blow', 'roof']",10,51,positive,0.6986,"{np.str_('negative'): 0.0981, np.str_('neutral'): 0.2033, np.str_('positive'): 0.6986}",labeled
898,@user Agreed. Although it seemed like Atleti was still hungover from the Juve game. Any chance of the Azzurri game on Saturday?,2024-01-25,unknown_user,,Twitter (tweet_eval),en,tweet_eval_sentiment,negative,Unknown,Unknown,False,agreed although seemed like atleti still hungover juve game chance azzurri game saturday,"['agreed', 'although', 'seemed', 'like', 'atleti', 'still', 'hungover', 'juve', 'game', 'chance', 'azzurri', 'game', 'saturday']",13,88,neutral,0.5156,"{np.str_('negative'): 0.1602, np.str_('neutral'): 0.5156, np.str_('positive'): 0.3242}",labeled
899,"""The instrumental versoin of """"4th of July"""" in Paper Towns is one of the best things ever""",2024-08-31,unknown_user,,Twitter (tweet_eval),en,tweet_eval_sentiment,positive,Unknown,Unknown,False,instrumental versoin 4th july paper town one best thing ever,"['instrumental', 'versoin', '4th', 'july', 'paper', 'town', 'one', 'best', 'thing', 'ever']",10,60,positive,0.649,"{np.str_('negative'): 0.1412, np.str_('neutral'): 0.2099, np.str_('positive'): 0.649}",labeled
901,"I saw this movie a few months ago on cable, and it was fantastic. William H Macy is one of my favorite actors, and his performance was just amazing. He makes you care for his character, even when he is clearly doing the wrong thing, and Neve Campbell gives a performance that is w",2024-01-18,unknown_user,,IMDB,en,imdb,positive,Unknown,Unknown,False,saw movie month ago cable fantastic william macy one favorite actor performance amazing make care character even clearly wrong thing neve campbell give performance,"['saw', 'movie', 'month', 'ago', 'cable', 'fantastic', 'william', 'macy', 'one', 'favorite', 'actor', 'performance', 'amazing', 'make', 'care', 'character', 'even', 'clearly', 'wrong', 'thing', 'neve', 'campbell', 'give', 'performance']",24,163,positive,0.635,"{np.str_('negative'): 0.2929, np.str_('neutral'): 0.0721, np.str_('positive'): 0.635}",labeled
902,@user @user @user Warren may be rich but he is a Moron. Anybody who backed Obama on anything is,2024-01-12,unknown_user,,Twitter (tweet_eval),en,tweet_eval_sentiment,negative,Obama,Unknown,False,warren may rich but moron anybody backed Obama anything,"['warren', 'may', 'rich', 'but', 'moron', 'anybody', 'backed', 'Obama', 'anything']",9,55,neutral,0.5211,"{np.str_('negative'): 0.2864, np.str_('neutral'): 0.5211, np.str_('positive'): 0.1926}",labeled
903,"even in the summertime , the most restless young audience deserves the dignity of an action hero motivated by something more than franchise possibilities .",2024-05-28,unknown_user,,Rotten Tomatoes,en,rotten_tomatoes,negative,Unknown,Unknown,False,even summertime restless young audience deserves dignity action hero motivated something franchise possibility,"['even', 'summertime', 'restless', 'young', 'audience', 'deserves', 'dignity', 'action', 'hero', 'motivated', 'something', 'franchise', 'possibility']",13,110,negative,0.4897,"{np.str_('negative'): 0.4897, np.str_('neutral'): 0.2698, np.str_('positive'): 0.2405}",labeled
904,@user hi Ben ^_^ hope to see you in Seattle in October! I'm moving there from Ireland. Yay!,2024-10-29,unknown_user,,Twitter (tweet_eval),en,tweet_eval_sentiment,positive,Unknown,Unknown,False,hi ben hope see seattle october im moving ireland yay,"['hi', 'ben', 'hope', 'see', 'seattle', 'october', 'im', 'moving', 'ireland', 'yay']",10,53,positive,0.5179,"{np.str_('negative'): 0.2412, np.str_('neutral'): 0.2409, np.str_('positive'): 0.5179}",labeled
905,Legal framework for challenging U.S. election by brilliant Larry @user,2025-03-19,unknown_user,,Twitter (tweet_eval),en,tweet_eval_sentiment,positive,Unknown,Unknown,False,legal framework challenging u election brilliant larry,"['legal', 'framework', 'challenging', 'u', 'election', 'brilliant', 'larry']",7,54,positive,0.4046,"{np.str_('negative'): 0.2554, np.str_('neutral'): 0.34, np.str_('positive'): 0.4046}",labeled
906,"Trump Stock In Dakota Access Oil Pipeline Raises Questions via @user And he was working on Carrier, Indians were hurt",2024-08-23,unknown_user,,Twitter (tweet_eval),en,tweet_eval_sentiment,neutral,Trump,Unknown,False,trump stock dakota access oil pipeline raise question via working carrier indian hurt,"['trump', 'stock', 'dakota', 'access', 'oil', 'pipeline', 'raise', 'question', 'via', 'working', 'carrier', 'indian', 'hurt']",13,85,negative,0.3978,"{np.str_('negative'): 0.3978, np.str_('neutral'): 0.3072, np.str_('positive'): 0.295}",labeled
907,"""totally intended to boycott Miss USA show, but how in the world did Maryland come in 5th?! Three of those other girls gave terrible answers.""",2025-02-01,unknown_user,,Twitter (tweet_eval),en,tweet_eval_sentiment,negative,Unknown,Unknown,False,totally intended boycott miss usa show but world maryland come 5th three girl gave terrible answer,"['totally', 'intended', 'boycott', 'miss', 'usa', 'show', 'but', 'world', 'maryland', 'come', '5th', 'three', 'girl', 'gave', 'terrible', 'answer']",16,98,positive,0.431,"{np.str_('negative'): 0.2715, np.str_('neutral'): 0.2975, np.str_('positive'): 0.431}",labeled
908,Great story about Sam Smith on CBS Sunday Morning...Sam talked about how his success came when he exposed his...,2024-11-14,unknown_user,,Twitter (tweet_eval),en,tweet_eval_sentiment,positive,Unknown,Conservatives,False,great story sam smith cbs sunday morningsam talked success came exposed,"['great', 'story', 'sam', 'smith', 'cbs', 'sunday', 'morningsam', 'talked', 'success', 'came', 'exposed']",11,71,positive,0.4802,"{np.str_('negative'): 0.2092, np.str_('neutral'): 0.3106, np.str_('positive'): 0.4802}",labeled
909,@user I'm happy to see the #Nats sat Zimmerman over Harper...Harvey owns Harper #Mets,2024-12-17,unknown_user,,Twitter (tweet_eval),en,tweet_eval_sentiment,neutral,Unknown,Unknown,False,im happy see sat zimmerman harperharvey owns harper,"['im', 'happy', 'see', 'sat', 'zimmerman', 'harperharvey', 'owns', 'harper']",8,51,positive,0.5197,"{np.str_('negative'): 0.1899, np.str_('neutral'): 0.2904, np.str_('positive'): 0.5197}",labeled
910,"First off, let me say that I am a great believer in Fanpro stuff. I see it as a way to continue a good show long after it has been cancelled. Star Trek Voyages and Star Wars Revelations are examples of decent efforts. So I have a soft-spot for fanpro stuff that means I'll overloo",2025-02-06,unknown_user,,IMDB,en,imdb,negative,Unknown,Unknown,False,first let say great believer fanpro stuff see way continue good show long cancelled star trek voyage star war revelation example decent effort softspot fanpro stuff mean ill overloo,"['first', 'let', 'say', 'great', 'believer', 'fanpro', 'stuff', 'see', 'way', 'continue', 'good', 'show', 'long', 'cancelled', 'star', 'trek', 'voyage', 'star', 'war', 'revelation', 'example', 'decent', 'effort', 'softspot', 'fanpro', 'stuff', 'mean', 'ill', 'overloo']",29,181,positive,0.4249,"{np.str_('negative'): 0.334, np.str_('neutral'): 0.2411, np.str_('positive'): 0.4249}",labeled
911,mckay deflates his piece of puffery with a sour cliche and heavy doses of mean-spiritedness,2024-06-16,unknown_user,,Rotten Tomatoes,en,rotten_tomatoes,negative,Unknown,Unknown,False,mckay deflates piece puffery sour cliche heavy dos meanspiritedness,"['mckay', 'deflates', 'piece', 'puffery', 'sour', 'cliche', 'heavy', 'dos', 'meanspiritedness']",9,67,positive,0.4046,"{np.str_('negative'): 0.2554, np.str_('neutral'): 0.34, np.str_('positive'): 0.4046}",labeled
912,Erdogan has drowned a country in blood for votes at the ballot box,2024-01-09,unknown_user,,Twitter (tweet_eval),en,tweet_eval_sentiment,negative,Unknown,Unknown,False,erdogan drowned country blood vote ballot box,"['erdogan', 'drowned', 'country', 'blood', 'vote', 'ballot', 'box']",7,45,neutral,0.3705,"{np.str_('negative'): 0.3442, np.str_('neutral'): 0.3705, np.str_('positive'): 0.2853}",labeled
913,Nissan Titan : Eleven accidents with 22 cars in just over five hours Saturday - Riverhead LOCAL,2024-02-05,unknown_user,,Twitter (tweet_eval),en,tweet_eval_sentiment,negative,Unknown,Unknown,False,nissan titan eleven accident 22 car five hour saturday riverhead local,"['nissan', 'titan', 'eleven', 'accident', '22', 'car', 'five', 'hour', 'saturday', 'riverhead', 'local']",11,70,positive,0.4428,"{np.str_('negative'): 0.2174, np.str_('neutral'): 0.3398, np.str_('positive'): 0.4428}",labeled
914,"""I really want Justin to take a picture with Kendall,Miley,Ariana and Zayn on Sunday""",2024-10-28,unknown_user,,Twitter (tweet_eval),en,tweet_eval_sentiment,neutral,Unknown,Unknown,False,really want justin take picture kendallmileyariana zayn sunday,"['really', 'want', 'justin', 'take', 'picture', 'kendallmileyariana', 'zayn', 'sunday']",8,62,neutral,0.4487,"{np.str_('negative'): 0.23, np.str_('neutral'): 0.4487, np.str_('positive'): 0.3213}",labeled
915,"@user You will be receiving a new seasoncard, your Juventus ticket may be paper ticket that is sent to you.",2025-02-10,unknown_user,,Twitter (tweet_eval),en,tweet_eval_sentiment,neutral,Unknown,Unknown,False,receiving new seasoncard juventus ticket may paper ticket sent,"['receiving', 'new', 'seasoncard', 'juventus', 'ticket', 'may', 'paper', 'ticket', 'sent']",9,62,neutral,0.502,"{np.str_('negative'): 0.128, np.str_('neutral'): 0.502, np.str_('positive'): 0.37}",labeled
916,Who going to Club Bodi tomorrow,2024-05-23,unknown_user,,Twitter (tweet_eval),en,tweet_eval_sentiment,neutral,Unknown,Unknown,False,going club bodi tomorrow,"['going', 'club', 'bodi', 'tomorrow']",4,24,positive,0.5328,"{np.str_('negative'): 0.149, np.str_('neutral'): 0.3182, np.str_('positive'): 0.5328}",labeled
917,"@user Father God, the ravages of Boko Haram have got to be brought to an end. May Your mighty Hand seal their fate and bring peace.""",2024-10-15,unknown_user,,Twitter (tweet_eval),en,tweet_eval_sentiment,negative,Unknown,Unknown,False,father god ravage boko haram got brought end may mighty hand seal fate bring peace,"['father', 'god', 'ravage', 'boko', 'haram', 'got', 'brought', 'end', 'may', 'mighty', 'hand', 'seal', 'fate', 'bring', 'peace']",15,82,positive,0.4507,"{np.str_('negative'): 0.2583, np.str_('neutral'): 0.291, np.str_('positive'): 0.4507}",labeled
918,@user can u imagine if Sarah palin did this. Rex huppke would be mocking her all day! But a dem says it ...,2024-10-03,unknown_user,,Twitter (tweet_eval),en,tweet_eval_sentiment,negative,Unknown,Unknown,False,imagine sarah palin rex huppke would mocking day but Democrats say,"['imagine', 'sarah', 'palin', 'rex', 'huppke', 'would', 'mocking', 'day', 'but', 'Democrats', 'say']",11,66,positive,0.4112,"{np.str_('negative'): 0.2572, np.str_('neutral'): 0.3316, np.str_('positive'): 0.4112}",labeled
919,"""Spending Sunday with the family at Galvins, Hilton Hotel. Great views, great food even better drink.""",2024-10-08,unknown_user,,Twitter (tweet_eval),en,tweet_eval_sentiment,positive,Unknown,Unknown,False,spending sunday family galvins hilton hotel great view great food even better drink,"['spending', 'sunday', 'family', 'galvins', 'hilton', 'hotel', 'great', 'view', 'great', 'food', 'even', 'better', 'drink']",13,83,positive,0.6015,"{np.str_('negative'): 0.1472, np.str_('neutral'): 0.2514, np.str_('positive'): 0.6015}",labeled
920,my iTunes is fucking up and isn't even letting me buy Calibraska so I'll definitely gift tomorrow or once I figure it out I'm sorry,2025-05-01,unknown_user,,Twitter (tweet_eval),en,tweet_eval_sentiment,negative,Unknown,Unknown,False,itunes fucking isnt even letting buy calibraska ill definitely gift tomorrow figure im sorry,"['itunes', 'fucking', 'isnt', 'even', 'letting', 'buy', 'calibraska', 'ill', 'definitely', 'gift', 'tomorrow', 'figure', 'im', 'sorry']",14,92,positive,0.4048,"{np.str_('negative'): 0.1987, np.str_('neutral'): 0.3965, np.str_('positive'): 0.4048}",labeled
921,The defense of the US elections from the Obama Admin came amidst hacking fears & allegations of hacking from Russi…,2024-07-10,unknown_user,,Twitter (tweet_eval),en,tweet_eval_sentiment,neutral,Obama,Unknown,False,defense u election Obama admin came amidst hacking fear allegation hacking russi…,"['defense', 'u', 'election', 'Obama', 'admin', 'came', 'amidst', 'hacking', 'fear', 'allegation', 'hacking', 'russi…']",12,81,neutral,0.5211,"{np.str_('negative'): 0.2864, np.str_('neutral'): 0.5211, np.str_('positive'): 0.1926}",labeled
922,"Does anything at all happen in this movie. There are only the bizarre short scenes where I didn't know what the hell was going on so that doesn't count. This movie is sooo boring it hurts, and this is coming from a person who likes it when movies are about making movies. Confused",2024-10-04,unknown_user,,IMDB,en,imdb,negative,Unknown,Unknown,False,anything happen movie bizarre short scene didnt know hell going doesnt count movie sooo boring hurt coming person like movie making movie confused,"['anything', 'happen', 'movie', 'bizarre', 'short', 'scene', 'didnt', 'know', 'hell', 'going', 'doesnt', 'count', 'movie', 'sooo', 'boring', 'hurt', 'coming', 'person', 'like', 'movie', 'making', 'movie', 'confused']",23,146,negative,0.4548,"{np.str_('negative'): 0.4548, np.str_('neutral'): 0.1829, np.str_('positive'): 0.3623}",labeled
923,Ok all y\u2019all Catholics\u002c tomorrow be a holy day of obligation. Be sure to get y\u2019all a$$ to mass.,2025-04-13,unknown_user,,Twitter (tweet_eval),en,tweet_eval_sentiment,positive,Unknown,Unknown,False,ok yu2019all catholicsu002c tomorrow holy day obligation sure get yu2019all mass,"['ok', 'yu2019all', 'catholicsu002c', 'tomorrow', 'holy', 'day', 'obligation', 'sure', 'get', 'yu2019all', 'mass']",11,80,positive,0.5942,"{np.str_('negative'): 0.1141, np.str_('neutral'): 0.2917, np.str_('positive'): 0.5942}",labeled
924,a true pleasure .,2024-04-30,unknown_user,,Rotten Tomatoes,en,rotten_tomatoes,positive,Unknown,Unknown,False,true pleasure,"['true', 'pleasure']",2,13,positive,0.5715,"{np.str_('negative'): 0.2209, np.str_('neutral'): 0.2076, np.str_('positive'): 0.5715}",labeled
925,Put Saturday in your diary if you want a pair of Nike Air Presto. There will only be 80 pairs in store at Nike!,2024-03-20,unknown_user,,Twitter (tweet_eval),en,tweet_eval_sentiment,positive,Unknown,Unknown,False,put saturday diary want pair nike air presto 80 pair store nike,"['put', 'saturday', 'diary', 'want', 'pair', 'nike', 'air', 'presto', '80', 'pair', 'store', 'nike']",12,63,neutral,0.3797,"{np.str_('negative'): 0.2424, np.str_('neutral'): 0.3797, np.str_('positive'): 0.3779}",labeled
926,My dad and sister will try out Daredevil series tomorrow. They really liked Ant-Man when I recommended it to them...  HEHEHEHEHE!,2024-12-16,unknown_user,,Twitter (tweet_eval),en,tweet_eval_sentiment,positive,Unknown,Unknown,False,dad sister try daredevil series tomorrow really liked antman recommended hehehehehe,"['dad', 'sister', 'try', 'daredevil', 'series', 'tomorrow', 'really', 'liked', 'antman', 'recommended', 'hehehehehe']",11,83,positive,0.3963,"{np.str_('negative'): 0.216, np.str_('neutral'): 0.3878, np.str_('positive'): 0.3963}",labeled
927,c\u2019mon y\u2019all. Taylor won that award more than once already. the fact that Blake got it this time shouldn\u2019t really piss any of you off.,2025-04-03,unknown_user,,Twitter (tweet_eval),en,tweet_eval_sentiment,negative,Unknown,Unknown,False,cu2019mon yu2019all taylor won award already fact blake got time shouldnu2019t really piss,"['cu2019mon', 'yu2019all', 'taylor', 'won', 'award', 'already', 'fact', 'blake', 'got', 'time', 'shouldnu2019t', 'really', 'piss']",13,90,neutral,0.3594,"{np.str_('negative'): 0.3389, np.str_('neutral'): 0.3594, np.str_('positive'): 0.3017}",labeled
928,The happy NASA video as #Curiosity landed = nerd equivalent of the live feeds of bubble teams making the NCAA Tourney on Selection Sunday,2024-08-08,unknown_user,,Twitter (tweet_eval),en,tweet_eval_sentiment,positive,Unknown,Unknown,False,happy nasa video landed nerd equivalent live feed bubble team making ncaa tourney selection sunday,"['happy', 'nasa', 'video', 'landed', 'nerd', 'equivalent', 'live', 'feed', 'bubble', 'team', 'making', 'ncaa', 'tourney', 'selection', 'sunday']",15,98,positive,0.5372,"{np.str_('negative'): 0.2109, np.str_('neutral'): 0.2518, np.str_('positive'): 0.5372}",labeled
929,"@user @user sadly this is affecting us too.Relief turned down,rateable value up..awaiting response about 2nd appeal from LCC""",2024-04-11,unknown_user,,Twitter (tweet_eval),en,tweet_eval_sentiment,negative,Unknown,Unknown,False,sadly affecting u toorelief turned downrateable value upawaiting response 2nd appeal lcc,"['sadly', 'affecting', 'u', 'toorelief', 'turned', 'downrateable', 'value', 'upawaiting', 'response', '2nd', 'appeal', 'lcc']",12,88,neutral,0.3916,"{np.str_('negative'): 0.2274, np.str_('neutral'): 0.3916, np.str_('positive'): 0.381}",labeled
930,"Sorry everyone,,, I know this is supposed to be an ""art"" film,, but wow, they should have handed out guns at the screening so people could blow their brains out and not watch. Although the scene design and photographic direction was excellent, this story is too painful to watch. ",2024-10-26,unknown_user,,IMDB,en,imdb,negative,Unknown,Conservatives,False,sorry everyone know supposed art film but wow handed gun screening people could blow brain not watch although scene design photographic direction excellent story painful watch,"['sorry', 'everyone', 'know', 'supposed', 'art', 'film', 'but', 'wow', 'handed', 'gun', 'screening', 'people', 'could', 'blow', 'brain', 'not', 'watch', 'although', 'scene', 'design', 'photographic', 'direction', 'excellent', 'story', 'painful', 'watch']",26,175,negative,0.4434,"{np.str_('negative'): 0.4434, np.str_('neutral'): 0.1863, np.str_('positive'): 0.3703}",labeled
931,STONE COLD STEVE AUSTIN &amp; Wooooo RIC FLAIR is sat next to #WWESuperman RIGHT NOW here in the hotel bar. #FlyingHigh. #WWE #Summerslam week!,2024-01-31,unknown_user,,Twitter (tweet_eval),en,tweet_eval_sentiment,positive,Unknown,Unknown,False,stone cold steve austin amp wooooo ric flair sat next right hotel bar week,"['stone', 'cold', 'steve', 'austin', 'amp', 'wooooo', 'ric', 'flair', 'sat', 'next', 'right', 'hotel', 'bar', 'week']",14,74,positive,0.4672,"{np.str_('negative'): 0.2184, np.str_('neutral'): 0.3144, np.str_('positive'): 0.4672}",labeled
932,"""#EddyK Sunday inspiration: Where will your wedding be? How about an urban chic celebration in beautiful Milan, fashion capital of the world!""",2024-12-06,unknown_user,,Twitter (tweet_eval),en,tweet_eval_sentiment,positive,Unknown,Unknown,False,sunday inspiration wedding urban chic celebration beautiful milan fashion capital world,"['sunday', 'inspiration', 'wedding', 'urban', 'chic', 'celebration', 'beautiful', 'milan', 'fashion', 'capital', 'world']",11,87,neutral,0.5571,"{np.str_('negative'): 0.1525, np.str_('neutral'): 0.5571, np.str_('positive'): 0.2904}",labeled
933,@user @user @user im terrified of needles and HIV and sex can give HIV and condoms may protect from it,2025-02-20,unknown_user,,Twitter (tweet_eval),en,tweet_eval_sentiment,negative,Unknown,Unknown,False,im terrified needle hiv sex give hiv condom may protect,"['im', 'terrified', 'needle', 'hiv', 'sex', 'give', 'hiv', 'condom', 'may', 'protect']",10,55,positive,0.4693,"{np.str_('negative'): 0.2297, np.str_('neutral'): 0.301, np.str_('positive'): 0.4693}",labeled
934,"""Tickets to see Ant-Man with @user and @user this Friday! Looking forward to it, heard such mixed reactions to the film""",2024-07-06,unknown_user,,Twitter (tweet_eval),en,tweet_eval_sentiment,positive,Unknown,Unknown,False,ticket see antman friday looking forward heard mixed reaction film,"['ticket', 'see', 'antman', 'friday', 'looking', 'forward', 'heard', 'mixed', 'reaction', 'film']",10,66,positive,0.5894,"{np.str_('negative'): 0.1693, np.str_('neutral'): 0.2413, np.str_('positive'): 0.5894}",labeled
935,College Night is tomorrow at ICC!  Come to the ICC CougarPlex to meet with reps from over 80 colleges IN ONE...,2025-02-23,unknown_user,,Twitter (tweet_eval),en,tweet_eval_sentiment,neutral,Unknown,Unknown,False,college night tomorrow icc come icc cougarplex meet rep 80 college one,"['college', 'night', 'tomorrow', 'icc', 'come', 'icc', 'cougarplex', 'meet', 'rep', '80', 'college', 'one']",12,70,positive,0.4491,"{np.str_('negative'): 0.2344, np.str_('neutral'): 0.3165, np.str_('positive'): 0.4491}",labeled
936,No! R u sure? I didnt even know Milan is polluted . I thought all time is cleaned. To know I'm in LA to take the sun .,2024-07-01,unknown_user,,Twitter (tweet_eval),en,tweet_eval_sentiment,neutral,Unknown,Unknown,False,no sure didnt even know milan polluted thought time cleaned know im la take sun,"['no', 'sure', 'didnt', 'even', 'know', 'milan', 'polluted', 'thought', 'time', 'cleaned', 'know', 'im', 'la', 'take', 'sun']",15,79,neutral,0.5715,"{np.str_('negative'): 0.1864, np.str_('neutral'): 0.5715, np.str_('positive'): 0.242}",labeled
937,gay dogs may make you horny but just pan lions makes you cum,2024-03-13,unknown_user,,Twitter (tweet_eval),en,tweet_eval_sentiment,neutral,Unknown,Unknown,False,gay dog may make horny but pan lion make cum,"['gay', 'dog', 'may', 'make', 'horny', 'but', 'pan', 'lion', 'make', 'cum']",10,44,positive,0.5348,"{np.str_('negative'): 0.2128, np.str_('neutral'): 0.2524, np.str_('positive'): 0.5348}",labeled
938,"""My mama going to Jacksonville Saturday \u002cI would go but she want let me \u002cI\u2019m on \""""""""punishment\"""""""".!""",2024-09-22,unknown_user,,Twitter (tweet_eval),en,tweet_eval_sentiment,negative,Unknown,Unknown,False,mama going jacksonville saturday u002ci would go but want let u002ciu2019m punishment,"['mama', 'going', 'jacksonville', 'saturday', 'u002ci', 'would', 'go', 'but', 'want', 'let', 'u002ciu2019m', 'punishment']",12,85,positive,0.3833,"{np.str_('negative'): 0.2941, np.str_('neutral'): 0.3226, np.str_('positive'): 0.3833}",labeled
939,Hillary Clinton’s Thanksgiving surprise spearheaded by 6-year-old boy #p2  #uniteblue,2024-09-18,unknown_user,,Twitter (tweet_eval),en,tweet_eval_sentiment,neutral,Unknown,Unknown,False,hillary clinton thanksgiving surprise spearheaded 6yearold boy,"['hillary', 'clinton', 'thanksgiving', 'surprise', 'spearheaded', '6yearold', 'boy']",7,62,neutral,0.4549,"{np.str_('negative'): 0.2363, np.str_('neutral'): 0.4549, np.str_('positive'): 0.3087}",labeled
940,"it throws quirky characters , odd situations , and off-kilter dialogue at us , all as if to say , "" look at this ! this is an interesting movie ! "" but the film itself is ultimately quite unengaging .",2024-07-05,unknown_user,,Rotten Tomatoes,en,rotten_tomatoes,negative,Unknown,Unknown,False,throw quirky character odd situation offkilter dialogue u say look interesting movie but film ultimately quite unengaging,"['throw', 'quirky', 'character', 'odd', 'situation', 'offkilter', 'dialogue', 'u', 'say', 'look', 'interesting', 'movie', 'but', 'film', 'ultimately', 'quite', 'unengaging']",17,121,negative,0.5439,"{np.str_('negative'): 0.5439, np.str_('neutral'): 0.0775, np.str_('positive'): 0.3786}",labeled
941,Festival girl: I definitely want to see at least the end of Paul McCartney tonight! Her friend: OMG yes.  Paul played on Friday...,2024-11-06,unknown_user,,Twitter (tweet_eval),en,tweet_eval_sentiment,positive,Unknown,Unknown,False,festival girl definitely want see least end paul mccartney tonight friend omg yes paul played friday,"['festival', 'girl', 'definitely', 'want', 'see', 'least', 'end', 'paul', 'mccartney', 'tonight', 'friend', 'omg', 'yes', 'paul', 'played', 'friday']",16,100,positive,0.4273,"{np.str_('negative'): 0.2097, np.str_('neutral'): 0.363, np.str_('positive'): 0.4273}",labeled
942,@user a) I only just now found out about Force Friday what the hell. b) Amazon Prime those blasters.,2024-11-19,unknown_user,,Twitter (tweet_eval),en,tweet_eval_sentiment,neutral,Unknown,Unknown,False,found force friday hell amazon prime blaster,"['found', 'force', 'friday', 'hell', 'amazon', 'prime', 'blaster']",7,44,neutral,0.438,"{np.str_('negative'): 0.1297, np.str_('neutral'): 0.438, np.str_('positive'): 0.4323}",labeled
943,"Dear journalists, please quit with the Joe Biden stories &amp; speculation. He's not even our 3rd choice. Sincerely, Democrats everywhere.",2024-11-28,unknown_user,,Twitter (tweet_eval),en,tweet_eval_sentiment,negative,Biden,Democrats,False,dear journalist please quit Biden story amp speculation he not even 3rd choice sincerely Democrats everywhere,"['dear', 'journalist', 'please', 'quit', 'Biden', 'story', 'amp', 'speculation', 'he', 'not', 'even', '3rd', 'choice', 'sincerely', 'Democrats', 'everywhere']",16,109,negative,0.4142,"{np.str_('negative'): 0.4142, np.str_('neutral'): 0.3396, np.str_('positive'): 0.2462}",labeled
944,Today is Thor's day (Thursday)  So in honor of Thor's day let's get hammered!!!   But first let's start with a...,2025-03-11,unknown_user,,Twitter (tweet_eval),en,tweet_eval_sentiment,positive,Unknown,Unknown,False,today thor day thursday honor thor day let get hammered but first let start,"['today', 'thor', 'day', 'thursday', 'honor', 'thor', 'day', 'let', 'get', 'hammered', 'but', 'first', 'let', 'start']",14,75,positive,0.4785,"{np.str_('negative'): 0.2314, np.str_('neutral'): 0.2901, np.str_('positive'): 0.4785}",labeled
945,"@user Muslims will take the """"5th"""" on that one.""",2024-11-18,unknown_user,,Twitter (tweet_eval),en,tweet_eval_sentiment,neutral,Unknown,Unknown,False,muslim take 5th one,"['muslim', 'take', '5th', 'one']",4,19,neutral,0.457,"{np.str_('negative'): 0.2076, np.str_('neutral'): 0.457, np.str_('positive'): 0.3354}",labeled
946,Can't wait for Raw tomorrow night. Brock Lesnar and Undertaker both in the same arena. That's going to be awesome!,2025-02-21,unknown_user,,Twitter (tweet_eval),en,tweet_eval_sentiment,positive,Unknown,Unknown,False,cant wait raw tomorrow night brock lesnar undertaker arena thats going awesome,"['cant', 'wait', 'raw', 'tomorrow', 'night', 'brock', 'lesnar', 'undertaker', 'arena', 'thats', 'going', 'awesome']",12,78,positive,0.6031,"{np.str_('negative'): 0.1281, np.str_('neutral'): 0.2688, np.str_('positive'): 0.6031}",labeled
947,"""Sadly the fair at Splash Dance on Sunday has been cancelled due to flooding, but you can still get your fix of...",2024-05-07,unknown_user,,Twitter (tweet_eval),en,tweet_eval_sentiment,negative,Unknown,Unknown,False,sadly fair splash dance sunday cancelled due flooding but still get fix,"['sadly', 'fair', 'splash', 'dance', 'sunday', 'cancelled', 'due', 'flooding', 'but', 'still', 'get', 'fix']",12,71,positive,0.4318,"{np.str_('negative'): 0.1532, np.str_('neutral'): 0.415, np.str_('positive'): 0.4318}",labeled
948,"""'WWE Raw': Undertaker and Brock Lesnar Brawl for It All: Sunday night at Battleground, the Undertaker cut down...",2024-12-29,unknown_user,,Twitter (tweet_eval),en,tweet_eval_sentiment,neutral,Unknown,Unknown,False,wwe raw undertaker brock lesnar brawl sunday night battleground undertaker cut,"['wwe', 'raw', 'undertaker', 'brock', 'lesnar', 'brawl', 'sunday', 'night', 'battleground', 'undertaker', 'cut']",11,78,neutral,0.5043,"{np.str_('negative'): 0.0733, np.str_('neutral'): 0.5043, np.str_('positive'): 0.4224}",labeled
949,Finding it hard to believe this season is Bale's 3rd season as Real Madrid player.,2024-12-09,unknown_user,,Twitter (tweet_eval),en,tweet_eval_sentiment,neutral,Unknown,Unknown,False,finding hard believe season bale 3rd season real madrid player,"['finding', 'hard', 'believe', 'season', 'bale', '3rd', 'season', 'real', 'madrid', 'player']",10,62,neutral,0.4884,"{np.str_('negative'): 0.2299, np.str_('neutral'): 0.4884, np.str_('positive'): 0.2818}",labeled
950,""" the kid stays in the picture "" is a great story , terrifically told by the man who wrote it but this cliff notes edition is a cheat .",2024-02-22,unknown_user,,Rotten Tomatoes,en,rotten_tomatoes,negative,Unknown,Conservatives,False,kid stay picture great story terrifically told man wrote but cliff note edition cheat,"['kid', 'stay', 'picture', 'great', 'story', 'terrifically', 'told', 'man', 'wrote', 'but', 'cliff', 'note', 'edition', 'cheat']",14,85,positive,0.4666,"{np.str_('negative'): 0.3069, np.str_('neutral'): 0.2266, np.str_('positive'): 0.4666}",labeled
951,Obama was adopted by Dumham's 2nd husband Soetero and his name changed to Barry Soetero. No record it was changed Bj,2024-04-17,unknown_user,,Twitter (tweet_eval),en,tweet_eval_sentiment,neutral,Obama,Unknown,False,Obama adopted dumhams 2nd husband soetero name changed barry soetero no record changed bj,"['Obama', 'adopted', 'dumhams', '2nd', 'husband', 'soetero', 'name', 'changed', 'barry', 'soetero', 'no', 'record', 'changed', 'bj']",14,89,neutral,0.5197,"{np.str_('negative'): 0.2604, np.str_('neutral'): 0.5197, np.str_('positive'): 0.2199}",labeled
952,"""We are no longer where we were on 7 January, when the rampage began at the offices of Charlie Hebdo. The war has...",2024-02-08,unknown_user,,Twitter (tweet_eval),en,tweet_eval_sentiment,neutral,Unknown,Unknown,False,no longer january rampage began office charlie hebdo war,"['no', 'longer', 'january', 'rampage', 'began', 'office', 'charlie', 'hebdo', 'war']",9,56,positive,0.4046,"{np.str_('negative'): 0.2554, np.str_('neutral'): 0.34, np.str_('positive'): 0.4046}",labeled
953,In case you forgot Panthers are horrible on defense. Pathetic. Ranked 27th against run and their top CB (Gamble) is out w/ injury. #Cowboys,2024-12-03,unknown_user,,Twitter (tweet_eval),en,tweet_eval_sentiment,negative,Unknown,Unknown,False,case forgot panther horrible defense pathetic ranked 27th against run top cb gamble injury,"['case', 'forgot', 'panther', 'horrible', 'defense', 'pathetic', 'ranked', '27th', 'against', 'run', 'top', 'cb', 'gamble', 'injury']",14,90,positive,0.3704,"{np.str_('negative'): 0.3395, np.str_('neutral'): 0.2901, np.str_('positive'): 0.3704}",labeled
954,The best all around RB in the #NFL wears black & gold. #Steelers,2025-05-09,unknown_user,,Twitter (tweet_eval),en,tweet_eval_sentiment,positive,Unknown,Unknown,False,best around rb wear black gold,"['best', 'around', 'rb', 'wear', 'black', 'gold']",6,30,positive,0.5835,"{np.str_('negative'): 0.1105, np.str_('neutral'): 0.306, np.str_('positive'): 0.5835}",labeled
955,Bob Marley vs Funkstar de Luxe ~ Sun is Shining (Extended Club Mix) Gonna be a Hot One this weekend in the UK.,2024-04-10,unknown_user,,Twitter (tweet_eval),en,tweet_eval_sentiment,positive,Unknown,Unknown,False,bob marley v funkstar de luxe sun shining extended club mix gon na hot one weekend uk,"['bob', 'marley', 'v', 'funkstar', 'de', 'luxe', 'sun', 'shining', 'extended', 'club', 'mix', 'gon', 'na', 'hot', 'one', 'weekend', 'uk']",17,85,positive,0.5698,"{np.str_('negative'): 0.1737, np.str_('neutral'): 0.2565, np.str_('positive'): 0.5698}",labeled
956,Divas!  Movie night is tomorrow!  Meet at Fazoli's at 5:30pm for dinner.  We will walk over to AMC for the 7:05pm showing of Paper Towns!,2024-09-30,unknown_user,,Twitter (tweet_eval),en,tweet_eval_sentiment,neutral,Unknown,Unknown,False,diva movie night tomorrow meet fazolis 530pm dinner walk amc 705pm showing paper town,"['diva', 'movie', 'night', 'tomorrow', 'meet', 'fazolis', '530pm', 'dinner', 'walk', 'amc', '705pm', 'showing', 'paper', 'town']",14,85,positive,0.6073,"{np.str_('negative'): 0.103, np.str_('neutral'): 0.2897, np.str_('positive'): 0.6073}",labeled
957,I love real friends and ptv and taking back Sunday and fiatc and neck deep and knuckle puck and ymas and tonight alive and nirvana and,2025-05-05,unknown_user,,Twitter (tweet_eval),en,tweet_eval_sentiment,positive,Unknown,Unknown,False,love real friend ptv taking back sunday fiatc neck deep knuckle puck ymas tonight alive nirvana,"['love', 'real', 'friend', 'ptv', 'taking', 'back', 'sunday', 'fiatc', 'neck', 'deep', 'knuckle', 'puck', 'ymas', 'tonight', 'alive', 'nirvana']",16,95,positive,0.5292,"{np.str_('negative'): 0.1317, np.str_('neutral'): 0.3391, np.str_('positive'): 0.5292}",labeled
958,@user I work in Medicaid benefit determination and it blows my mind that some of my clients may have voted for Trump.,2024-05-18,unknown_user,,Twitter (tweet_eval),en,tweet_eval_sentiment,negative,Trump,Unknown,False,work medicaid benefit determination blow mind client may voted trump,"['work', 'medicaid', 'benefit', 'determination', 'blow', 'mind', 'client', 'may', 'voted', 'trump']",10,68,negative,0.3546,"{np.str_('negative'): 0.3546, np.str_('neutral'): 0.3341, np.str_('positive'): 0.3113}",labeled
959,ford deserves to be remembered at oscar time for crafting this wonderful portrait of a conflicted soldier .,2024-08-11,unknown_user,,Rotten Tomatoes,en,rotten_tomatoes,positive,Unknown,Unknown,False,ford deserves remembered oscar time crafting wonderful portrait conflicted soldier,"['ford', 'deserves', 'remembered', 'oscar', 'time', 'crafting', 'wonderful', 'portrait', 'conflicted', 'soldier']",10,82,positive,0.383,"{np.str_('negative'): 0.2927, np.str_('neutral'): 0.3243, np.str_('positive'): 0.383}",labeled
960,Still my favorite pose of you\u002c :) Pancakes tomorrow\u002c glad you\u2019re here\u002c we missed DJ Marcus! Sweet dreams!,2025-03-23,unknown_user,,Twitter (tweet_eval),en,tweet_eval_sentiment,positive,Unknown,Unknown,False,still favorite pose youu002c pancake tomorrowu002c glad youu2019re hereu002c missed dj marcus sweet dream,"['still', 'favorite', 'pose', 'youu002c', 'pancake', 'tomorrowu002c', 'glad', 'youu2019re', 'hereu002c', 'missed', 'dj', 'marcus', 'sweet', 'dream']",14,105,positive,0.5752,"{np.str_('negative'): 0.1944, np.str_('neutral'): 0.2303, np.str_('positive'): 0.5752}",labeled
961,@user please talk truth to power with your pops us deplorables dont want bitch romney,2024-06-22,unknown_user,,Twitter (tweet_eval),en,tweet_eval_sentiment,negative,Unknown,Unknown,False,please talk truth power pop u deplorables dont want bitch romney,"['please', 'talk', 'truth', 'power', 'pop', 'u', 'deplorables', 'dont', 'want', 'bitch', 'romney']",11,64,neutral,0.4286,"{np.str_('negative'): 0.3561, np.str_('neutral'): 0.4286, np.str_('positive'): 0.2153}",labeled
962,@user bitch you sucked dick you got more than a bumper sticker and you may have been a Bentley but now you a prius,2025-05-02,unknown_user,,Twitter (tweet_eval),en,tweet_eval_sentiment,negative,Unknown,Unknown,False,bitch sucked dick got bumper sticker may bentley but prius,"['bitch', 'sucked', 'dick', 'got', 'bumper', 'sticker', 'may', 'bentley', 'but', 'prius']",10,58,neutral,0.4722,"{np.str_('negative'): 0.203, np.str_('neutral'): 0.4722, np.str_('positive'): 0.3248}",labeled
963,To play Temple Run\u002c To watch HIMYM Season 8\u002c orrrrr...to sleep in readiness for tomorrow\u2019s morning interview - decisions are hard to make!:(,2024-05-04,unknown_user,,Twitter (tweet_eval),en,tweet_eval_sentiment,negative,Unknown,Unknown,False,play temple runu002c watch himym season 8u002c orrrrrto sleep readiness tomorrowu2019s morning interview decision hard make,"['play', 'temple', 'runu002c', 'watch', 'himym', 'season', '8u002c', 'orrrrrto', 'sleep', 'readiness', 'tomorrowu2019s', 'morning', 'interview', 'decision', 'hard', 'make']",16,123,positive,0.4814,"{np.str_('negative'): 0.2137, np.str_('neutral'): 0.3048, np.str_('positive'): 0.4814}",labeled
964,@user I may have read that in the way that Seinfeld greeted Newman.,2024-09-11,unknown_user,,Twitter (tweet_eval),en,tweet_eval_sentiment,positive,Unknown,Unknown,False,may read way seinfeld greeted newman,"['may', 'read', 'way', 'seinfeld', 'greeted', 'newman']",6,36,positive,0.4147,"{np.str_('negative'): 0.36, np.str_('neutral'): 0.2253, np.str_('positive'): 0.4147}",labeled
965,"""After Arsenal sell Song to Barcelona we may as well sell Vermalen,give Szczesny away on a free and make sure our complete spine has gone.""",2024-07-24,unknown_user,,Twitter (tweet_eval),en,tweet_eval_sentiment,negative,Unknown,Unknown,False,arsenal sell song barcelona may well sell vermalengive szczesny away free make sure complete spine gone,"['arsenal', 'sell', 'song', 'barcelona', 'may', 'well', 'sell', 'vermalengive', 'szczesny', 'away', 'free', 'make', 'sure', 'complete', 'spine', 'gone']",16,103,positive,0.5519,"{np.str_('negative'): 0.2113, np.str_('neutral'): 0.2367, np.str_('positive'): 0.5519}",labeled
966,@user Good deal. I'll be in Newport Sunday w/ friends as well as the 17th in Dayton!! #HeresToAnother,2024-07-22,unknown_user,,Twitter (tweet_eval),en,tweet_eval_sentiment,positive,Unknown,Unknown,False,good deal ill newport sunday friend well 17th dayton,"['good', 'deal', 'ill', 'newport', 'sunday', 'friend', 'well', '17th', 'dayton']",9,52,positive,0.6154,"{np.str_('negative'): 0.1798, np.str_('neutral'): 0.2048, np.str_('positive'): 0.6154}",labeled
967,Having a day off today yesterday went absolutely terribly and I was at foo fighters last night so will be back tomorrow. Enjoy your Sunday's,2025-03-19,unknown_user,,Twitter (tweet_eval),en,tweet_eval_sentiment,negative,Unknown,Unknown,False,day today yesterday went absolutely terribly foo fighter last night back tomorrow enjoy sunday,"['day', 'today', 'yesterday', 'went', 'absolutely', 'terribly', 'foo', 'fighter', 'last', 'night', 'back', 'tomorrow', 'enjoy', 'sunday']",14,94,neutral,0.4848,"{np.str_('negative'): 0.0822, np.str_('neutral'): 0.4848, np.str_('positive'): 0.433}",labeled
968,"In China, #Obama and Kim Jong Un Are Actors and Best Friendshttps://t.co/VisWZ3HHrV",2024-10-18,unknown_user,,Twitter (tweet_eval),en,tweet_eval_sentiment,negative,Obama,Unknown,False,china kim jong un actor best friend,"['china', 'kim', 'jong', 'un', 'actor', 'best', 'friend']",7,35,positive,0.48,"{np.str_('negative'): 0.2935, np.str_('neutral'): 0.2264, np.str_('positive'): 0.48}",labeled
969,July 8th... It\u2019s goin down at DAR Constitution Hall... I\u2019m gonna make this last part rhyme... MB Y\u2019ALL!!!!!,2024-02-04,unknown_user,,Twitter (tweet_eval),en,tweet_eval_sentiment,neutral,Unknown,Unknown,False,july 8th itu2019s goin dar constitution hall iu2019m gon na make last part rhyme mb yu2019all,"['july', '8th', 'itu2019s', 'goin', 'dar', 'constitution', 'hall', 'iu2019m', 'gon', 'na', 'make', 'last', 'part', 'rhyme', 'mb', 'yu2019all']",16,93,positive,0.4823,"{np.str_('negative'): 0.2236, np.str_('neutral'): 0.2941, np.str_('positive'): 0.4823}",labeled
970,Day 5 Advent Gift Countdown - 'Gold Standard'  #20moresleeps #christmasgifts #luxuryhampers…,2024-06-15,unknown_user,,Twitter (tweet_eval),en,tweet_eval_sentiment,neutral,Unknown,Unknown,False,day advent gift countdown gold standard,"['day', 'advent', 'gift', 'countdown', 'gold', 'standard']",6,39,positive,0.5424,"{np.str_('negative'): 0.1693, np.str_('neutral'): 0.2883, np.str_('positive'): 0.5424}",labeled
971,SUNDAY'S PRACTICES..... I hope you can join us.  8:30am. Hot Yoga w/ Deirdre Trama 9:00am. Open Flow Clarissa...,2025-01-08,unknown_user,,Twitter (tweet_eval),en,tweet_eval_sentiment,neutral,Unknown,Unknown,False,sunday practice hope join u 830am hot yoga deirdre trama 900am open flow clarissa,"['sunday', 'practice', 'hope', 'join', 'u', '830am', 'hot', 'yoga', 'deirdre', 'trama', '900am', 'open', 'flow', 'clarissa']",14,81,positive,0.5056,"{np.str_('negative'): 0.1937, np.str_('neutral'): 0.3007, np.str_('positive'): 0.5056}",labeled
972,"@user @user  One of my 1st music videos in the 90\u2019s is \""""""""Bad Blood\"""""""" of @user \u2019s dad .  An AIDS awareness video of Francis M.""",2025-02-26,unknown_user,,Twitter (tweet_eval),en,tweet_eval_sentiment,neutral,Unknown,Unknown,False,one 1st music video 90u2019s bad blood u2019s dad aid awareness video francis,"['one', '1st', 'music', 'video', '90u2019s', 'bad', 'blood', 'u2019s', 'dad', 'aid', 'awareness', 'video', 'francis']",13,77,positive,0.3576,"{np.str_('negative'): 0.2911, np.str_('neutral'): 0.3513, np.str_('positive'): 0.3576}",labeled
973,Ready for the Pride Parade on Sunday? Here's the route so you can plan ahead: -#PEAKMornings,2024-07-11,unknown_user,,Twitter (tweet_eval),en,tweet_eval_sentiment,positive,Unknown,Unknown,False,ready pride parade sunday here route plan ahead,"['ready', 'pride', 'parade', 'sunday', 'here', 'route', 'plan', 'ahead']",8,47,positive,0.5285,"{np.str_('negative'): 0.1387, np.str_('neutral'): 0.3328, np.str_('positive'): 0.5285}",labeled
974,"Saturday arvo, sunshine, #homebrew and the Grateful Dead.    Perfect!",2025-04-17,unknown_user,,Twitter (tweet_eval),en,tweet_eval_sentiment,positive,Unknown,Unknown,False,saturday arvo sunshine grateful dead perfect,"['saturday', 'arvo', 'sunshine', 'grateful', 'dead', 'perfect']",6,44,positive,0.4428,"{np.str_('negative'): 0.2174, np.str_('neutral'): 0.3398, np.str_('positive'): 0.4428}",labeled
975,"@user best one ever 7th track Dr.Dre on the beat ft. Biggie\u002c2pac\u002cBig L\u002c& Big Pun...song is gonna be called \""""""""We Ain\u2019t Dead\"""""""" lmaooo""",2024-09-20,unknown_user,,Twitter (tweet_eval),en,tweet_eval_sentiment,positive,Unknown,Unknown,False,best one ever 7th track drdre beat ft biggieu002c2pacu002cbig lu002c big punsong gon na called ainu2019t dead lmaooo,"['best', 'one', 'ever', '7th', 'track', 'drdre', 'beat', 'ft', 'biggieu002c2pacu002cbig', 'lu002c', 'big', 'punsong', 'gon', 'na', 'called', 'ainu2019t', 'dead', 'lmaooo']",18,116,positive,0.6953,"{np.str_('negative'): 0.1302, np.str_('neutral'): 0.1745, np.str_('positive'): 0.6953}",labeled
976,I may need to get TweetBot for my iPod just for the mute function.,2025-02-14,unknown_user,,Twitter (tweet_eval),en,tweet_eval_sentiment,neutral,Unknown,Unknown,False,may need get tweetbot ipod mute function,"['may', 'need', 'get', 'tweetbot', 'ipod', 'mute', 'function']",7,40,positive,0.4601,"{np.str_('negative'): 0.1608, np.str_('neutral'): 0.3791, np.str_('positive'): 0.4601}",labeled
977,I was thinking about Niall and how he was really cute at 16 and then I remembered his 22nd birthday is in five days and I can't cope with it,2024-09-14,unknown_user,,Twitter (tweet_eval),en,tweet_eval_sentiment,positive,Unknown,Unknown,False,thinking niall really cute 16 remembered 22nd birthday five day cant cope,"['thinking', 'niall', 'really', 'cute', '16', 'remembered', '22nd', 'birthday', 'five', 'day', 'cant', 'cope']",12,73,positive,0.4207,"{np.str_('negative'): 0.1804, np.str_('neutral'): 0.3988, np.str_('positive'): 0.4207}",labeled
978,"despite all evidence to the contrary , this clunker has somehow managed to pose as an actual feature movie , the kind that charges full admission and gets hyped on tv and purports to amuse small children and ostensible adults .",2024-01-06,unknown_user,,Rotten Tomatoes,en,rotten_tomatoes,negative,Unknown,Unknown,False,despite evidence contrary clunker somehow managed pose actual feature movie kind charge full admission get hyped tv purport amuse small child ostensible adult,"['despite', 'evidence', 'contrary', 'clunker', 'somehow', 'managed', 'pose', 'actual', 'feature', 'movie', 'kind', 'charge', 'full', 'admission', 'get', 'hyped', 'tv', 'purport', 'amuse', 'small', 'child', 'ostensible', 'adult']",23,158,negative,0.5096,"{np.str_('negative'): 0.5096, np.str_('neutral'): 0.1602, np.str_('positive'): 0.3302}",labeled
979,"@user It's the #NFLGirlUKFFDraft on Monday, you all set? Feeling confident? Or does being in Milan mean auto draft for you! Ha""",2024-02-10,unknown_user,,Twitter (tweet_eval),en,tweet_eval_sentiment,neutral,Unknown,Unknown,False,monday set feeling confident milan mean auto draft ha,"['monday', 'set', 'feeling', 'confident', 'milan', 'mean', 'auto', 'draft', 'ha']",9,53,neutral,0.586,"{np.str_('negative'): 0.243, np.str_('neutral'): 0.586, np.str_('positive'): 0.171}",labeled
980,"""Since Sunday is National Ice Cream Day, we wanted to give you the scoop on some of our favorite places near our resort destinations:...""",2024-01-14,unknown_user,,Twitter (tweet_eval),en,tweet_eval_sentiment,positive,Unknown,Unknown,False,since sunday national ice cream day wanted give scoop favorite place near resort destination,"['since', 'sunday', 'national', 'ice', 'cream', 'day', 'wanted', 'give', 'scoop', 'favorite', 'place', 'near', 'resort', 'destination']",14,92,positive,0.5043,"{np.str_('negative'): 0.2365, np.str_('neutral'): 0.2592, np.str_('positive'): 0.5043}",labeled
981,@user  Always a good time with Sharknado and Twitter. Plays again Saturday at 7,2024-02-06,unknown_user,,Twitter (tweet_eval),en,tweet_eval_sentiment,positive,Unknown,Unknown,False,always good time sharknado twitter play saturday,"['always', 'good', 'time', 'sharknado', 'twitter', 'play', 'saturday']",7,48,positive,0.5229,"{np.str_('negative'): 0.2647, np.str_('neutral'): 0.2125, np.str_('positive'): 0.5229}",labeled
982,Epidemics and spread of endemic diseases are enhanced by the collapse of health services in #Yemen as a result of...,2025-01-29,unknown_user,,Twitter (tweet_eval),en,tweet_eval_sentiment,negative,Unknown,Unknown,False,epidemic spread endemic disease enhanced collapse health service result,"['epidemic', 'spread', 'endemic', 'disease', 'enhanced', 'collapse', 'health', 'service', 'result']",9,71,positive,0.4046,"{np.str_('negative'): 0.2554, np.str_('neutral'): 0.34, np.str_('positive'): 0.4046}",labeled
983,So I'll start watching the 1st season of Game of Thrones tonight. Weee :),2024-12-29,unknown_user,,Twitter (tweet_eval),en,tweet_eval_sentiment,positive,Unknown,Unknown,False,ill start watching 1st season game throne tonight weee,"['ill', 'start', 'watching', '1st', 'season', 'game', 'throne', 'tonight', 'weee']",9,54,neutral,0.5314,"{np.str_('negative'): 0.1169, np.str_('neutral'): 0.5314, np.str_('positive'): 0.3518}",labeled
984,@user do you have info for The Vamps in Brussels tomorrow?,2024-09-01,unknown_user,,Twitter (tweet_eval),en,tweet_eval_sentiment,neutral,Unknown,Unknown,False,info vamp brussels tomorrow,"['info', 'vamp', 'brussels', 'tomorrow']",4,27,positive,0.5274,"{np.str_('negative'): 0.1372, np.str_('neutral'): 0.3354, np.str_('positive'): 0.5274}",labeled
985,@user it may have been written it just probably wasn't completely finished or nobody knew about Calibraska yet,2024-10-28,unknown_user,,Twitter (tweet_eval),en,tweet_eval_sentiment,neutral,Unknown,Unknown,False,may written probably wasnt completely finished nobody knew calibraska yet,"['may', 'written', 'probably', 'wasnt', 'completely', 'finished', 'nobody', 'knew', 'calibraska', 'yet']",10,73,positive,0.4046,"{np.str_('negative'): 0.2554, np.str_('neutral'): 0.34, np.str_('positive'): 0.4046}",labeled
986,I listen to Fleetwood Mac so much I think it may be unhealthy,2024-05-06,unknown_user,,Twitter (tweet_eval),en,tweet_eval_sentiment,neutral,Unknown,Unknown,False,listen fleetwood mac much think may unhealthy,"['listen', 'fleetwood', 'mac', 'much', 'think', 'may', 'unhealthy']",7,45,neutral,0.4455,"{np.str_('negative'): 0.1649, np.str_('neutral'): 0.4455, np.str_('positive'): 0.3896}",labeled
987,"@user Hi there and best from Milan,ITALY; if Dgates made you angry as per NYT may I ask why? Xxx filippo""",2024-05-19,unknown_user,,Twitter (tweet_eval),en,tweet_eval_sentiment,positive,Unknown,Unknown,False,hi best milanitaly dgates made angry per nyt may ask xxx filippo,"['hi', 'best', 'milanitaly', 'dgates', 'made', 'angry', 'per', 'nyt', 'may', 'ask', 'xxx', 'filippo']",12,64,positive,0.6426,"{np.str_('negative'): 0.1312, np.str_('neutral'): 0.2262, np.str_('positive'): 0.6426}",labeled
988,an exquisitely crafted and acted tale . ,2024-02-26,unknown_user,,SST-2,en,sst2,positive,Unknown,Unknown,False,exquisitely crafted acted tale,"['exquisitely', 'crafted', 'acted', 'tale']",4,30,positive,0.4046,"{np.str_('negative'): 0.2554, np.str_('neutral'): 0.34, np.str_('positive'): 0.4046}",labeled
989,We used to do an all Bob Dylan all night all request hour.....,2024-07-29,unknown_user,,Twitter (tweet_eval),en,tweet_eval_sentiment,neutral,Unknown,Unknown,False,used bob dylan night request hour,"['used', 'bob', 'dylan', 'night', 'request', 'hour']",6,33,neutral,0.5059,"{np.str_('negative'): 0.0755, np.str_('neutral'): 0.5059, np.str_('positive'): 0.4187}",labeled
990,too many improbabilities and rose-colored situations temper what could've been an impacting film .,2025-03-21,unknown_user,,Rotten Tomatoes,en,rotten_tomatoes,negative,Unknown,Unknown,False,many improbability rosecolored situation temper couldve impacting film,"['many', 'improbability', 'rosecolored', 'situation', 'temper', 'couldve', 'impacting', 'film']",8,70,positive,0.5315,"{np.str_('negative'): 0.3576, np.str_('neutral'): 0.1109, np.str_('positive'): 0.5315}",labeled
991,"""This morning, despite it being a holiday here, I went to yoga. Tomorrow night starts 7pm yoga and I just don't know if I'll do that too.""",2024-08-02,unknown_user,,Twitter (tweet_eval),en,tweet_eval_sentiment,neutral,Unknown,Unknown,False,morning despite holiday went yoga tomorrow night start 7pm yoga dont know ill,"['morning', 'despite', 'holiday', 'went', 'yoga', 'tomorrow', 'night', 'start', '7pm', 'yoga', 'dont', 'know', 'ill']",13,77,neutral,0.4641,"{np.str_('negative'): 0.2054, np.str_('neutral'): 0.4641, np.str_('positive'): 0.3305}",labeled
992,and they don't care about the finer points that may get in way of their tirades. Reactions to that Charlie Hebdo thing were esp instructive,2025-01-28,unknown_user,,Twitter (tweet_eval),en,tweet_eval_sentiment,neutral,Unknown,Unknown,False,dont care finer point may get way tirade reaction charlie hebdo thing esp instructive,"['dont', 'care', 'finer', 'point', 'may', 'get', 'way', 'tirade', 'reaction', 'charlie', 'hebdo', 'thing', 'esp', 'instructive']",14,85,negative,0.4368,"{np.str_('negative'): 0.4368, np.str_('neutral'): 0.2126, np.str_('positive'): 0.3506}",labeled
993,No better way to end the night than with Paul McCartney. Until tomorrow! #goodnightlolla #Lollapalooza,2024-12-23,unknown_user,,Twitter (tweet_eval),en,tweet_eval_sentiment,positive,Unknown,Unknown,False,no better way end night paul mccartney tomorrow,"['no', 'better', 'way', 'end', 'night', 'paul', 'mccartney', 'tomorrow']",8,47,positive,0.5525,"{np.str_('negative'): 0.1696, np.str_('neutral'): 0.278, np.str_('positive'): 0.5525}",labeled
994,is prime escapist fare . ,2024-10-22,unknown_user,,SST-2,en,sst2,positive,Unknown,Unknown,False,prime escapist fare,"['prime', 'escapist', 'fare']",3,19,positive,0.4046,"{np.str_('negative'): 0.2554, np.str_('neutral'): 0.34, np.str_('positive'): 0.4046}",labeled
995,we may get the full visceral impact of a ruthless army on the warpath but no sense of the devilish complexity of the balkans conflict .,2024-07-29,unknown_user,,Rotten Tomatoes,en,rotten_tomatoes,negative,Unknown,Unknown,False,may get full visceral impact ruthless army warpath but no sense devilish complexity balkan conflict,"['may', 'get', 'full', 'visceral', 'impact', 'ruthless', 'army', 'warpath', 'but', 'no', 'sense', 'devilish', 'complexity', 'balkan', 'conflict']",15,99,positive,0.4046,"{np.str_('negative'): 0.2554, np.str_('neutral'): 0.34, np.str_('positive'): 0.4046}",labeled
996,"the film is grossly contradictory in conveying its social message , if indeed there is one .",2024-04-29,unknown_user,,Rotten Tomatoes,en,rotten_tomatoes,negative,Unknown,Conservatives,False,film grossly contradictory conveying social message indeed one,"['film', 'grossly', 'contradictory', 'conveying', 'social', 'message', 'indeed', 'one']",8,62,positive,0.5315,"{np.str_('negative'): 0.3576, np.str_('neutral'): 0.1109, np.str_('positive'): 0.5315}",labeled
997,Hearing that #ToKillAMockingbird and #GoSetAWatchman have identical passages gives more reason not to read it... Watchman is a 1st draft!,2024-03-19,unknown_user,,Twitter (tweet_eval),en,tweet_eval_sentiment,negative,Unknown,Unknown,False,hearing identical passage give reason not read watchman 1st draft,"['hearing', 'identical', 'passage', 'give', 'reason', 'not', 'read', 'watchman', '1st', 'draft']",10,65,positive,0.4223,"{np.str_('negative'): 0.1754, np.str_('neutral'): 0.4023, np.str_('positive'): 0.4223}",labeled
998,Breaking nose: Amazon prime day is rescheduled to the 50th of winter solstice to return on black friday. #goodnews #amazonprimeday,2024-10-06,unknown_user,,Twitter (tweet_eval),en,tweet_eval_sentiment,neutral,Unknown,Unknown,False,breaking nose amazon prime day rescheduled 50th winter solstice return black friday,"['breaking', 'nose', 'amazon', 'prime', 'day', 'rescheduled', '50th', 'winter', 'solstice', 'return', 'black', 'friday']",12,83,positive,0.4972,"{np.str_('negative'): 0.0978, np.str_('neutral'): 0.405, np.str_('positive'): 0.4972}",labeled
999,"Found an ancient ipod nano, I may have to keep it.",2025-02-14,unknown_user,,Twitter (tweet_eval),en,tweet_eval_sentiment,positive,Unknown,Unknown,False,found ancient ipod nano may keep,"['found', 'ancient', 'ipod', 'nano', 'may', 'keep']",6,32,positive,0.4046,"{np.str_('negative'): 0.2554, np.str_('neutral'): 0.34, np.str_('positive'): 0.4046}",labeled
1000,"Tennis-Tough tests from the start for Federer, Murray: NEW YORK, Aug 30 (Reuters) - Roger Federer and Andy Mur...",2024-10-09,unknown_user,,Twitter (tweet_eval),en,tweet_eval_sentiment,positive,Unknown,Unknown,False,tennistough test start federer murray new york aug 30 reuters roger federer andy mur,"['tennistough', 'test', 'start', 'federer', 'murray', 'new', 'york', 'aug', '30', 'reuters', 'roger', 'federer', 'andy', 'mur']",14,84,neutral,0.5423,"{np.str_('negative'): 0.1471, np.str_('neutral'): 0.5423, np.str_('positive'): 0.3106}",labeled
