id,text,timestamp,user,location,source,language,query,true_sentiment,politician,party,is_sarcastic
1,its oscar nomination ,2024-11-13,unknown_user,,SST-2,en,sst2,positive,Unknown,Unknown,False
2,@user oohh may i know you something? are you a muslim or orientalist? you seem to hate islam,2024-11-07,unknown_user,,Twitter (tweet_eval),en,tweet_eval_sentiment,neutral,Unknown,Unknown,False
3,Oh great\u002c weather warning for Tayside and I\u2019m going to Dundee tomorrow.  Hope I don\u2019t get stranded up there #help,2024-12-04,unknown_user,,Twitter (tweet_eval),en,tweet_eval_sentiment,positive,Unknown,Unknown,False
4,"as teen movies go , "" orange county "" is a refreshing change",2024-10-15,unknown_user,,Rotten Tomatoes,en,rotten_tomatoes,positive,Unknown,Unknown,False
5,it almost feels as if the movie is more interested in entertaining itself than in amusing us .,2025-02-05,unknown_user,,Rotten Tomatoes,en,rotten_tomatoes,negative,Unknown,Unknown,False
6,See Win% on 1st Serve for Serena : Get more than the #usopen tennis score with #IBMSports.,2024-05-17,unknown_user,,Twitter (tweet_eval),en,tweet_eval_sentiment,positive,Unknown,Unknown,False
7,Islam in Bangladesh is like the multiple colors of a mirror under the sun  There is love in these images. A...,2024-10-27,unknown_user,,Twitter (tweet_eval),en,tweet_eval_sentiment,positive,Unknown,Unknown,False
8,"I'm sure deep in the recesses of Jack Blacks mind the character of Nacho Libre is absolutely hilarious but no it isn't. You can tell ol Jacks having a whale of a time hammin it up playing a smarmy, slimy Mexican friar with dreams of becoming a wrestler but this movie is a total m",2024-08-26,unknown_user,,IMDB,en,imdb,negative,Unknown,Unknown,False
9,in its lack of poetic frissons ,2024-05-26,unknown_user,,SST-2,en,sst2,negative,Unknown,Unknown,False
10,"add yet another hat to a talented head , clooney 's a good director . ",2024-02-24,unknown_user,,SST-2,en,sst2,positive,Unknown,Unknown,False
11,is its utter sincerity . ,2025-02-03,unknown_user,,SST-2,en,sst2,positive,Unknown,Unknown,False
12,"The 8th video about Planned Parenthood has come out.  In light of this, it's important to remember that for...",2025-04-14,unknown_user,,Twitter (tweet_eval),en,tweet_eval_sentiment,neutral,Unknown,Unknown,False
13,Rick Perry has stopped paying staff &amp; rumors of Rand Paul implosion are everywhere. Are these the 1st 2 out?,2024-03-16,unknown_user,,Twitter (tweet_eval),en,tweet_eval_sentiment,neutral,Unknown,Unknown,False
14,"Pope Francis USA tshirts on sale for $10 to Mr. Hylka-room 219 by Thursday 3pm. These will be worn 9/23, the day the pope arrives in the US.",2024-04-05,unknown_user,,Twitter (tweet_eval),en,tweet_eval_sentiment,positive,Unknown,Unknown,False
15,More about nothing X Wale Friday Night Lights X J.Cole The Movie X Gucci  The Lonny Breaux Collection X Frank Ocean   Is mixtapes you need,2024-11-04,unknown_user,,Twitter (tweet_eval),en,tweet_eval_sentiment,neutral,Unknown,Unknown,False
16,"sc2 is an autopilot hollywood concoction lacking in imagination and authentic christmas spirit , yet it's geared toward an audience full of masters of both .",2025-05-02,unknown_user,,Rotten Tomatoes,en,rotten_tomatoes,negative,Unknown,Unknown,False
17,"If he looked any shade of brown skin he would have been. These ""Deplorables"" are really starting to come out ofthe…",2025-02-17,unknown_user,,Twitter (tweet_eval),en,tweet_eval_sentiment,negative,Unknown,Unknown,False
18,#UNDP The DPRK is not here. Such traitorous actions cannot be tolerated. Praise to Kim Jong-un. #SydMUN16,2024-07-21,unknown_user,,Twitter (tweet_eval),en,tweet_eval_sentiment,negative,Unknown,Unknown,False
19,1st movie of the night: The Vow,2024-10-09,unknown_user,,Twitter (tweet_eval),en,tweet_eval_sentiment,neutral,Unknown,Unknown,False
20,Imagine going home before Sunday and missing Snoop Dogg hahahaha,2024-02-15,unknown_user,,Twitter (tweet_eval),en,tweet_eval_sentiment,positive,Unknown,Unknown,False
21,@user DAVID BLAINE DOES MAGIC AT KANYE WEST. Kanye doesn't really have a *great* time.,2024-06-05,unknown_user,,Twitter (tweet_eval),en,tweet_eval_sentiment,neutral,Unknown,Unknown,False
22,"Like Tarzan the Ape Man (1932), only more so. There's more of everything, more animals, more varied African tribes, and scenes in which the thought must be, if this was good with three or four lions, forty would be better. Tarzan wrestles with crocodilesthe the crocodile machine",2024-10-07,unknown_user,,IMDB,en,imdb,positive,Unknown,Unknown,False
23,@user reminds me day I was walked btw IBM bldgs in S.Fla Sun for health; hot; I past 2 guys digging a 4x8' cable trench 10' deep,2025-05-13,unknown_user,,Twitter (tweet_eval),en,tweet_eval_sentiment,neutral,Unknown,Unknown,False
24,"thanks to haynes' absolute control of the film's mood , and buoyed by three terrific performances , far from heaven actually pulls off this stylistic juggling act .",2024-01-16,unknown_user,,Rotten Tomatoes,en,rotten_tomatoes,positive,Unknown,Unknown,False
25,Last friday was a blast. I really missed mamox coz shes the only one who understands me when it comes to kpop. (we even sang 2pm's go crazy),2024-09-18,unknown_user,,Twitter (tweet_eval),en,tweet_eval_sentiment,positive,Unknown,Unknown,False
26,Putting together a preview story for the CMU field hockey team. They're hosting Kent State Saturday with the MAC Championship on the line.,2024-04-03,unknown_user,,Twitter (tweet_eval),en,tweet_eval_sentiment,neutral,Unknown,Conservatives,False
27,"""Cliff Avril on whether he would have been healthy to play on Sunday (Lions on bye): \""""""""I would have played.\""""""""""",2024-12-29,unknown_user,,Twitter (tweet_eval),en,tweet_eval_sentiment,neutral,Unknown,Unknown,False
28,This movie has everything typical horror movies lack. Although some things are far fetched we are dealing with quality snow man engineers. The only preview i can reveal is that i cant wait for Jackzilla. Dare i say oscar winner. This is a perfect date movie. I advise all men for ,2024-08-08,unknown_user,,IMDB,en,imdb,positive,Unknown,Unknown,False
29,Can\u2019t wait for ISS tomorrow.... Not but at least ill have Kenna with me,2024-01-27,unknown_user,,Twitter (tweet_eval),en,tweet_eval_sentiment,positive,Unknown,Unknown,False
30,@user Sumlin just mixing it up or is Murray the 2nd half an?,2024-04-05,unknown_user,,Twitter (tweet_eval),en,tweet_eval_sentiment,neutral,Unknown,Unknown,False
31,I went to the Marijuana March\u002c but I do not remember what happened there.,2025-01-10,unknown_user,,Twitter (tweet_eval),en,tweet_eval_sentiment,neutral,Unknown,Unknown,False
32,@user when will your 2013 dates at the MGM Grand will be released? I wanna meet you for my 30th birthday on March 10th! #Bucketlist,2025-03-22,unknown_user,,Twitter (tweet_eval),en,tweet_eval_sentiment,neutral,Unknown,Unknown,False
33,@user @user Not a Fox fan but I respect MK. Good luck with your book dear!,2024-10-23,unknown_user,,Twitter (tweet_eval),en,tweet_eval_sentiment,positive,Unknown,Unknown,False
34,"@user Drain the swamp? Obamacare? Int allegiances? Interrogation? Climate change? Clinton being charged? Gigantic wall? Yeah, exactly.",2025-02-19,unknown_user,,Twitter (tweet_eval),en,tweet_eval_sentiment,negative,Obama,Unknown,False
35,"""Tomorrow, September 13th 8pm-midnight Cafe Asia , link to buy a ticket if you're interested will follow this tweet""",2024-04-06,unknown_user,,Twitter (tweet_eval),en,tweet_eval_sentiment,neutral,Unknown,Unknown,False
36,"""4 Jan Cracking the case of Charles Dickens THE MYSTERY OF EDWIN DROOD and the madcap musical it inspired @user",2025-05-13,unknown_user,,Twitter (tweet_eval),en,tweet_eval_sentiment,neutral,Unknown,Unknown,False
37,Just found out we have 91 Appointments n we are shooting for 120 on Monday - Huntsville\u002c AL are you ready for us?!?!  #NMAE @user,2025-02-23,unknown_user,,Twitter (tweet_eval),en,tweet_eval_sentiment,neutral,Unknown,Unknown,False
38,"""29 March 1987 - Wrestlemania III-93,173 watch Hulk Hogan beat Andre the Giant.",2024-02-07,unknown_user,,Twitter (tweet_eval),en,tweet_eval_sentiment,positive,Unknown,Unknown,False
39,Did you just tell me Lucas scott leaves in the 5th season of tree hill? #YOUJUSTRUINEDMYLIFE,2024-01-08,unknown_user,,Twitter (tweet_eval),en,tweet_eval_sentiment,negative,Unknown,Unknown,False
40,@user the 6th edition was great too! i traveled around 5 islands in Vanuatu & New Caledonia,2024-07-05,unknown_user,,Twitter (tweet_eval),en,tweet_eval_sentiment,positive,Unknown,Unknown,False
41,Is it fair to expect more from Christians at the work place? More on that this Sunday. #GospelAtWork,2025-01-25,unknown_user,,Twitter (tweet_eval),en,tweet_eval_sentiment,neutral,Unknown,Unknown,False
42,"""Baha , as if I'm singing in front of people at Bluesfest tomorrow ! Everyone is going to be so great! #sinkingin #feelingsick""",2024-09-28,unknown_user,,Twitter (tweet_eval),en,tweet_eval_sentiment,positive,Unknown,Unknown,False
43,Happy to know that Delhi Police had found today the missing girl from India gate on 28 sept 2014,2024-04-06,unknown_user,,Twitter (tweet_eval),en,tweet_eval_sentiment,positive,Unknown,Unknown,False
44,the guys still feels counterproductive ,2025-03-18,unknown_user,,SST-2,en,sst2,negative,Unknown,Unknown,False
45,trying to break your heart an attraction it desperately needed ,2024-07-17,unknown_user,,SST-2,en,sst2,positive,Unknown,Unknown,False
46,If this is the end for @user I once again have to commend @user for his emotional Gary Carter memorial show in February,2024-12-04,unknown_user,,Twitter (tweet_eval),en,tweet_eval_sentiment,neutral,Unknown,Unknown,False
47,Love @user ! We need to see more of her on @user . Maybe replace @user ?,2025-03-13,unknown_user,,Twitter (tweet_eval),en,tweet_eval_sentiment,positive,Unknown,Unknown,False
48,"1st watched 8/26/2001 - 8 out of 10 (Dir-John Cassavetes): Well-done early independent film by Cassavetes introduced a style that was much different than what Hollywood shows it's audience. This movie also introduced some very taboo subjects, especially the actual racism that pro",2024-12-07,unknown_user,,IMDB,en,imdb,positive,Unknown,Unknown,False
49,@user were on just before yee at Castlepalooza next Sat. Deezer stage though. Buzztown! There's a good crew about that day,2024-07-23,unknown_user,,Twitter (tweet_eval),en,tweet_eval_sentiment,positive,Unknown,Unknown,False
50,Toni Gonzaga will be in Legazpi on October 30. Huhuhuhu. I wanna cry i want to come but how? I dont have money. Waaaah @user,2024-05-17,unknown_user,,Twitter (tweet_eval),en,tweet_eval_sentiment,negative,Unknown,Unknown,False
51,@user @user may I please have the picture of the seatplan for The Vamps Concert please,2024-11-05,unknown_user,,Twitter (tweet_eval),en,tweet_eval_sentiment,neutral,Unknown,Unknown,False
52,"Microsoft brings Outlook to Apple Watch: Microsoft made a bigger push in the wearables market on Thursday, but...",2024-10-24,unknown_user,,Twitter (tweet_eval),en,tweet_eval_sentiment,neutral,Unknown,Unknown,False
53,Church blocks sexual contraception and education. Government blocks the Death Penalty. No wonder there's a population bubble.,2024-08-10,unknown_user,,Twitter (tweet_eval),en,tweet_eval_sentiment,negative,Unknown,Unknown,False
54,"this flick is fun , and host to some truly excellent sequences . ",2024-04-10,unknown_user,,SST-2,en,sst2,positive,Unknown,Unknown,False
55,samuel beckett applied to the iranian voting process .,2024-11-12,unknown_user,,Rotten Tomatoes,en,rotten_tomatoes,positive,Unknown,Unknown,False
56,#BeyDay fun fact: Beyonce swept the hair off the floor of her mother's salon for her 1st job. #HumbleBeginnings,2024-10-09,unknown_user,,Twitter (tweet_eval),en,tweet_eval_sentiment,positive,Unknown,Unknown,False
57,"#NationalFastFoodDay Should we be promoting a industry that has led to obesity,high cholesterol?#letsmakeamericaskinnyagain  @user",2025-05-05,unknown_user,,Twitter (tweet_eval),en,tweet_eval_sentiment,negative,Unknown,Unknown,False
58,At the 10th Annual Cloud Expo @user,2024-04-02,unknown_user,,Twitter (tweet_eval),en,tweet_eval_sentiment,neutral,Unknown,Unknown,False
59,"After ""Central City"" loses its mob boss to murder, partner-in-crime Robert Armstrong (as ""Doc"" Rogers) decides to take drastic measures To preserve criminal continuity, he recruits the dead mobster's milquetoast son, Richard Cromwell (as Edward ""Baby Face"" Morgan), to run the fam",2024-01-17,unknown_user,,IMDB,en,imdb,negative,Unknown,Unknown,False
60,The Accounting Career Fair is this Friday! Be sure to engage with us by using #kubusfair--you might win an iPad mini!,2024-09-29,unknown_user,,Twitter (tweet_eval),en,tweet_eval_sentiment,neutral,Unknown,Unknown,False
61,would like to get to milan for the world tour appearance of  maestro Zubin Mehta in may,2024-06-24,unknown_user,,Twitter (tweet_eval),en,tweet_eval_sentiment,neutral,Unknown,Unknown,False
62,Dean Ambrose and Roman Regins might have found their 3rd partner because he is going to want payback #Raw,2025-03-31,unknown_user,,Twitter (tweet_eval),en,tweet_eval_sentiment,neutral,Unknown,Unknown,False
63,i miss you like the moon misses the sun at twilight,2024-10-30,unknown_user,,Twitter (tweet_eval),en,tweet_eval_sentiment,positive,Unknown,Unknown,False
64,Nebraska doesn't land Gesell...a Top 100 guy in your state and you don't get him.  C'mon #Nebrasketball,2024-12-04,unknown_user,,Twitter (tweet_eval),en,tweet_eval_sentiment,negative,Unknown,Unknown,False
65,a movie with a real anarchic flair .,2024-09-15,unknown_user,,Rotten Tomatoes,en,rotten_tomatoes,positive,Unknown,Unknown,False
66,"""If you hate Kanye West, just listen to Runaway. It may change your perspective on his personality.""",2024-08-21,unknown_user,,Twitter (tweet_eval),en,tweet_eval_sentiment,positive,Unknown,Unknown,False
67,"passion , lip-synching , tragedy , and lots of really really high notes . for me , this opera isn't a favorite , so it's a long time before the fat lady sings .",2024-12-15,unknown_user,,Rotten Tomatoes,en,rotten_tomatoes,negative,Unknown,Unknown,False
68,Friday Night Lights with Mitt! #tcot #tlot #bcot #ccot #gop #nra #ocra #sgp #teaparty #twisters #breitbart #Israel,2024-07-02,unknown_user,,Twitter (tweet_eval),en,tweet_eval_sentiment,neutral,Unknown,Republicans,False
69,"""May I know @user How you can be so sure that Yakub is Innocent? Any Proof?""",2024-05-05,unknown_user,,Twitter (tweet_eval),en,tweet_eval_sentiment,neutral,Unknown,Unknown,False
70,It's Prince George's 2nd birthday! With the following hashtag you can congratulate the little Prince. We wish His...,2024-02-07,unknown_user,,Twitter (tweet_eval),en,tweet_eval_sentiment,positive,Unknown,Unknown,False
71,sungkyunkwan scandal on ABS-CBN.. i just finished the series yesterday..:))))) i may sound like a spoiler now <evil laugh>,2024-02-04,unknown_user,,Twitter (tweet_eval),en,tweet_eval_sentiment,neutral,Unknown,Unknown,False
72,THE EVIL THAT MEN DO by IRON MAIDEN was no.5 in the UK charts on 20 August 1988,2025-03-16,unknown_user,,Twitter (tweet_eval),en,tweet_eval_sentiment,neutral,Unknown,Unknown,False
73,I am in line to meet E L James! Guess I should start on #fiftyshades for the 4th time! @user #FiftyShadesOfGrey,2025-01-31,unknown_user,,Twitter (tweet_eval),en,tweet_eval_sentiment,neutral,Unknown,Unknown,False
74,"@user Tonight at @user Tomorrow we'll start there and bus to Toyota at 2, or you can meet us at Toyota from 4-7""",2025-03-04,unknown_user,,Twitter (tweet_eval),en,tweet_eval_sentiment,neutral,Unknown,Unknown,False
75,@user it's girls night ! We Go out somewhere to sat and then moomba ! Are you like jealous ?,2024-04-07,unknown_user,,Twitter (tweet_eval),en,tweet_eval_sentiment,neutral,Unknown,Unknown,False
76,Floyd Mayweather confirmed September 12 will be his last fight and he's happy to go out 48-0,2024-02-05,unknown_user,,Twitter (tweet_eval),en,tweet_eval_sentiment,neutral,Unknown,Unknown,False
77,"""In 4th Form our English teacher made us study Kane and Abel by Jeffrey Archer. Scarred for life. From the shitty writing, not the sex scenes""",2025-01-07,unknown_user,,Twitter (tweet_eval),en,tweet_eval_sentiment,negative,Unknown,Unknown,False
78,"1. Shes a model not a comedian 2. It was political agenda at a music award 3.Melania is the cheap shot, ridicule Tr…",2024-10-31,unknown_user,,Twitter (tweet_eval),en,tweet_eval_sentiment,negative,Unknown,Unknown,False
79,@user - Martin Bryant's weapons & ammo' were all legally obtained. PM Howard gave us strong gun control laws #Nationals trash them,2025-01-11,unknown_user,,Twitter (tweet_eval),en,tweet_eval_sentiment,negative,Unknown,Unknown,False
80,"I was reticent to see this flick before reading the external reviews and user comments posted here. Why? Firstly because Mick Malloy's humour can (in my humble opinion) be pretty crass and over the top, evidenced by his ill fated shemozzle of a television show some years back. An",2024-05-25,unknown_user,,IMDB,en,imdb,positive,Unknown,Unknown,False
81,I should dress up as randy Orton tomorrow bc he's basically a super hero,2024-04-13,unknown_user,,Twitter (tweet_eval),en,tweet_eval_sentiment,positive,Unknown,Unknown,False
82,Marine Le Pen storms into the lead in French election polls | World | News | Daily Express...crows the Express.,2024-10-08,unknown_user,,Twitter (tweet_eval),en,tweet_eval_sentiment,neutral,Unknown,Unknown,False
83,"@user see the attacks on iran by christofascist zionist cabal. Primarily for oil, 2nd, for hegemony. groups get scared. they see libya""",2025-03-24,unknown_user,,Twitter (tweet_eval),en,tweet_eval_sentiment,negative,Unknown,Unknown,False
84,"just had a bad dream about digi mon and you were in it, you left me in ASDA car park alone too (digi was where pets at home is) @user",2024-09-02,unknown_user,,Twitter (tweet_eval),en,tweet_eval_sentiment,neutral,Unknown,Unknown,False
85,"@user @user Both young, talented with potential. Kane's 1st season was ace, struggled since. Martial still raw.risks in both""",2025-02-25,unknown_user,,Twitter (tweet_eval),en,tweet_eval_sentiment,neutral,Unknown,Unknown,False
86,The Raiders need to represent tonight!,2024-07-25,unknown_user,,Twitter (tweet_eval),en,tweet_eval_sentiment,positive,Unknown,Unknown,False
87,I just found out Sharknado 3 comes out tomorrow night. I'm beyond excited,2025-03-22,unknown_user,,Twitter (tweet_eval),en,tweet_eval_sentiment,positive,Unknown,Unknown,False
88,"""Spent the majority of my day riding Boris Bikes, playing a crazy game of frizbi and just general lobstering in the sun :) #Summer2012""",2025-02-05,unknown_user,,Twitter (tweet_eval),en,tweet_eval_sentiment,positive,Unknown,Unknown,False
89,Monday Night Football #TeamTexans all day & tomorrow... #MNS,2024-04-14,unknown_user,,Twitter (tweet_eval),en,tweet_eval_sentiment,neutral,Unknown,Unknown,False
90,Biggest problem with UFC is that Dana White seems to feed sheep to lions for ticket sales. It's not exactly fixed but it may as well be.,2024-11-09,unknown_user,,Twitter (tweet_eval),en,tweet_eval_sentiment,negative,Unknown,Unknown,False
91,"@user ""Speak American"" that may just sum up how stupid Sarah Palin is. I thought they spoke English in the US or a bastersised version.",2024-06-14,unknown_user,,Twitter (tweet_eval),en,tweet_eval_sentiment,negative,Unknown,Unknown,False
92,Andrew Luck is going to be on the September 10th cover of the Rolling Stone. That's badass.,2024-01-26,unknown_user,,Twitter (tweet_eval),en,tweet_eval_sentiment,positive,Unknown,Unknown,False
93,Sunday is Pride Day! Come tomorrow to @user to see Pride Parade and enjoy the day with exciting entertainment!,2024-05-04,unknown_user,,Twitter (tweet_eval),en,tweet_eval_sentiment,positive,Unknown,Unknown,False
94,"""Super Eagles' Head Coach, Sunday Oliseh has made some adjustments to the group of home -based professionals as...",2025-04-10,unknown_user,,Twitter (tweet_eval),en,tweet_eval_sentiment,neutral,Unknown,Unknown,False
95,"""FEC Holds Valedictory Session For Maku, 6 Other Ministers: The Federal Executive Council (FEC) on Wednesday he...",2024-01-01,unknown_user,,Twitter (tweet_eval),en,tweet_eval_sentiment,neutral,Unknown,Conservatives,False
96,"one of those films where the characters inhabit that special annex of hell where adults behave like kids , children behave like adults and everyone screams at the top of their lungs no matter what the situation .",2024-06-27,unknown_user,,Rotten Tomatoes,en,rotten_tomatoes,negative,Unknown,Unknown,False
97,June 23rd ladies free till 11!! Thas all you need to know! Don't miss this one! Heat wave vol1 will be previ,2024-12-06,unknown_user,,Twitter (tweet_eval),en,tweet_eval_sentiment,positive,Unknown,Unknown,False
98,"""As liberals raised fears about hacked voting machines..""Months after the donald did.#AuditTheVotehttps://t.co/p2eyQyFpQL via @user",2025-01-18,unknown_user,,Twitter (tweet_eval),en,tweet_eval_sentiment,negative,Unknown,Liberal,False
99,Michael  Just heard Green Day's 'Time of our life' for the 1st time since leaving florida and i burst into tears. I miss...  Penderg,2024-01-03,unknown_user,,Twitter (tweet_eval),en,tweet_eval_sentiment,negative,Unknown,Unknown,False
100,Omg! I wish this was myself. I'm going to digi fest tomorrow..but don't have vip.,2024-12-29,unknown_user,,Twitter (tweet_eval),en,tweet_eval_sentiment,positive,Unknown,Unknown,False
101,"even as i valiantly struggled to remain interested , or at least conscious , i could feel my eyelids . . . getting . . . very . . . heavy . . .",2024-08-25,unknown_user,,Rotten Tomatoes,en,rotten_tomatoes,negative,Unknown,Unknown,False
102,"""Yoga, the sunrise and a nice long run easy Sunday morning""",2024-12-23,unknown_user,,Twitter (tweet_eval),en,tweet_eval_sentiment,positive,Unknown,Unknown,False
103,"the screenplay by james eric , james horton and director peter o'fallon . . . is so pat it makes your teeth hurt .",2024-07-18,unknown_user,,Rotten Tomatoes,en,rotten_tomatoes,negative,Unknown,Unknown,False
104,"@user On Model 3 delivery... One man's opinion, but yikes.",2024-01-06,unknown_user,,Twitter (tweet_eval),en,tweet_eval_sentiment,neutral,Unknown,Unknown,False
105,@user You played a Janet Jackson joint around 2am on Thursday NIght/Friday morning. No verses. Almost just an instrumental loop.,2024-09-27,unknown_user,,Twitter (tweet_eval),en,tweet_eval_sentiment,positive,Unknown,Unknown,False
106,@user I may have mentioned that I had just came back from Jurassic World and was sleepy when TLing. I can't recall my thoughts.,2024-08-08,unknown_user,,Twitter (tweet_eval),en,tweet_eval_sentiment,neutral,Unknown,Unknown,False
107,"The weakest of the 'old' crew Star Trek films, this film suffers from an awful script and obvious budget constraints, particularly in the mishandled finale. The bones of a good movie are here, and the directing from Shatner is not as bad as is commonly made out, but the character",2024-09-13,unknown_user,,IMDB,en,imdb,negative,Unknown,Unknown,False
108,flawless ,2024-10-23,unknown_user,,SST-2,en,sst2,positive,Unknown,Unknown,False
109,Got a PandoMonthly ticket to hear a fireside chat w/ Reid Hoffman Thursday in SF. I\u2019ll report on it or hopefully a buddy can fill in for me.,2024-04-12,unknown_user,,Twitter (tweet_eval),en,tweet_eval_sentiment,neutral,Unknown,Unknown,False
110,C'mon... It's pretty hard to form the Harper govt without Harper!!! Wait... maybe they have another Harper...,2024-11-14,unknown_user,,Twitter (tweet_eval),en,tweet_eval_sentiment,positive,Unknown,Unknown,False
111,"the most brilliant and brutal uk crime film since jack carter went back to newcastle , the first half of gangster no. 1 drips with style and , at times , blood . ",2025-05-07,unknown_user,,SST-2,en,sst2,positive,Unknown,Unknown,False
112,This picture sums it all up!  I am headed on my 2nd earned trip with Younique in just a few days. I got my...,2024-09-12,unknown_user,,Twitter (tweet_eval),en,tweet_eval_sentiment,positive,Unknown,Unknown,False
113,all mood and no movie .,2025-02-08,unknown_user,,Rotten Tomatoes,en,rotten_tomatoes,negative,Unknown,Unknown,False
114,"samira makhmalbaf as a very distinctive sensibility , working to develop her own film language with conspicuous success ",2025-03-16,unknown_user,,SST-2,en,sst2,positive,Unknown,Unknown,False
115,"An absolute classic of 80's scare flix. This one isn't like any other as it pits pint-size, wild-eyed, psychotic youngsters with an urge to kill against all the grown-ups in town. Bud from JUST ONE OF THE GUYS (80's gold again) plays one of the killer-kids and he's paired up with",2024-04-27,unknown_user,,IMDB,en,imdb,positive,Unknown,Unknown,False
116,David Price is gonna be hellafun every 5th day.,2024-06-10,unknown_user,,Twitter (tweet_eval),en,tweet_eval_sentiment,positive,Unknown,Unknown,False
117,"@user don't know if you saw, but Simmons and Jalen's nba preview is out tomorrow. Which means Simmons is back!""",2024-01-04,unknown_user,,Twitter (tweet_eval),en,tweet_eval_sentiment,positive,Unknown,Unknown,False
118,"1) may be wrong, but if I read it right, Bernie Sanders majored in Political Science and then went straight to a life of running for office",2025-04-05,unknown_user,,Twitter (tweet_eval),en,tweet_eval_sentiment,neutral,Unknown,Unknown,False
119,"""If Rousey's fighting in Oz, that mean I can be out &amp; about on a 'pretty nice little Saturday' of errands as white brahs Twitter slobber?""",2024-03-12,unknown_user,,Twitter (tweet_eval),en,tweet_eval_sentiment,neutral,Unknown,Unknown,False
120,Qatar should receive the same help from Hezbollah that Israel got from Qatar in last Gaza war.,2024-02-24,unknown_user,,Twitter (tweet_eval),en,tweet_eval_sentiment,neutral,Unknown,Unknown,False
121,Kirk\u2019s Bike Shop: Support the businesses you love and Shop Small this November 24th.,2024-07-15,unknown_user,,Twitter (tweet_eval),en,tweet_eval_sentiment,neutral,Unknown,Unknown,False
122,Check Out Charlie Rose with Adel al-Jubeir; Bill Carter (March 5\u002c 2002): Adel al-Jubeir\u002c adviser to the Crown Pr...,2024-10-07,unknown_user,,Twitter (tweet_eval),en,tweet_eval_sentiment,neutral,Unknown,Unknown,False
123,Friday's Top 10: Gerald Green rises above the everyone in Friday's Top 10.,2025-02-26,unknown_user,,Twitter (tweet_eval),en,tweet_eval_sentiment,neutral,Unknown,Unknown,False
124,Kim Kardashian's 'Kimoji' app broke the App Store: Kim launched Kimoji's Monday -- Kim-themed emojis -- and the response was crazy.,2025-01-02,unknown_user,,Twitter (tweet_eval),en,tweet_eval_sentiment,positive,Unknown,Unknown,False
125,Majority of Australians know technique as #Fracking ABC anti-renewables Chris_Mahlsman editorialized #CSG as cover #ClimateCriminal #Spin,2024-01-06,unknown_user,,Twitter (tweet_eval),en,tweet_eval_sentiment,neutral,Unknown,Unknown,False
126,Everyone desperate to see Paper Towns tomorrow - seen it!!! So good tho hope you all enjoy it if you haven't seen it already it's amazing,2025-01-24,unknown_user,,Twitter (tweet_eval),en,tweet_eval_sentiment,positive,Unknown,Unknown,False
127,Jennifer Lawrence waxed lyrical about Amy Schumer's physique on Monday to chat show hos...,2024-04-14,unknown_user,,Twitter (tweet_eval),en,tweet_eval_sentiment,neutral,Unknown,Unknown,False
128,"one of those pictures whose promising , if rather precious , premise is undercut by amateurish execution .",2024-05-17,unknown_user,,Rotten Tomatoes,en,rotten_tomatoes,negative,Unknown,Unknown,False
129,Arianators please help me. I\u2019m a girl who\u2019s body is very sore and just asking for Ariana & Jennette\u2019s goodluck for tomorrow. PLEASE :(,2024-04-10,unknown_user,,Twitter (tweet_eval),en,tweet_eval_sentiment,negative,Unknown,Unknown,False
130,Europe AA prices may firm on Asian supply\u002c but not in Q4 - buyers: LONDON (ICIS)--Buyers in the European acrylat...,2024-08-26,unknown_user,,Twitter (tweet_eval),en,tweet_eval_sentiment,neutral,Unknown,Unknown,False
131,a sobering and powerful documentary about the most severe kind of personal loss : rejection by one's mother .,2024-09-03,unknown_user,,Rotten Tomatoes,en,rotten_tomatoes,positive,Unknown,Unknown,False
132,"comedian , like its subjects , delivers the goods and audiences will have a fun , no-frills ride .",2024-09-10,unknown_user,,Rotten Tomatoes,en,rotten_tomatoes,positive,Unknown,Unknown,False
133,Catch up on the top 5 business articles from 11/23 #uber #airbnb $URBN #urbanoutfitters $CTRP,2025-05-11,unknown_user,,Twitter (tweet_eval),en,tweet_eval_sentiment,neutral,Unknown,Unknown,False
134,Kugan Cassius interviewing Ricky Burns on his Dec 15th fight! Is Rick the only World Champ still working part time?!..,2024-03-09,unknown_user,,Twitter (tweet_eval),en,tweet_eval_sentiment,neutral,Unknown,Unknown,False
135,Reckless Moron. 😡🌪🇺🇸#trumptransitionteam #notmypresident #fucktrump #jewishresistance…,2024-03-24,unknown_user,,Twitter (tweet_eval),en,tweet_eval_sentiment,negative,Trump,Unknown,False
136,candid camera on methamphetamines .,2024-12-06,unknown_user,,Rotten Tomatoes,en,rotten_tomatoes,positive,Unknown,Unknown,False
137,What will see tomorrow?? Mad face?? Bitter face?? Screw you people.. We've paid to see his happy smile!!,2025-01-27,unknown_user,,Twitter (tweet_eval),en,tweet_eval_sentiment,negative,Unknown,Unknown,False
138,"Jerry Garcia / Grateful Dead -  CNN report from the evening of August 9, 1995 I was watching",2025-01-01,unknown_user,,Twitter (tweet_eval),en,tweet_eval_sentiment,neutral,Unknown,Unknown,False
139,Love that James Bond montage at the end of Super Sunday by Sky,2024-07-03,unknown_user,,Twitter (tweet_eval),en,tweet_eval_sentiment,positive,Unknown,Unknown,False
140,"""Once again Dustin Johnson is leading early in the tourny, which means he has plenty of time to screw it up on ether Saturday or Sunday""",2024-01-03,unknown_user,,Twitter (tweet_eval),en,tweet_eval_sentiment,negative,Boris Johnson,Unknown,False
141,World Bank  approves US$50 million for  improving compliance with industrial wastewater treatment regulations in Vietnam - Oct 25th,2024-01-07,unknown_user,,Twitter (tweet_eval),en,tweet_eval_sentiment,positive,Unknown,Unknown,False
142,@user I saw the drummer from Frankie and the Heartstrings in town on Saturday.,2024-12-25,unknown_user,,Twitter (tweet_eval),en,tweet_eval_sentiment,neutral,Unknown,Unknown,False
143,Super Eagles play Tanzania today.   Most Nigerians are just waiting for them to lose so they lambast Sunday oliseh and the whole of NFF.,2024-01-19,unknown_user,,Twitter (tweet_eval),en,tweet_eval_sentiment,neutral,Unknown,Unknown,False
144,"""On Monday my next blog post """"Smells like team spirit"""" will go live. Will it reach Nirvana? :)""",2025-05-08,unknown_user,,Twitter (tweet_eval),en,tweet_eval_sentiment,positive,Unknown,Unknown,False
145,Maybe Chanel's finest moment #BlackFriday #screamQueens,2024-10-21,unknown_user,,Twitter (tweet_eval),en,tweet_eval_sentiment,positive,Unknown,Unknown,False
146,"@user I met you in LAX in august I've been trying to get a follow from you since I met u, follow me pls?",2024-08-20,unknown_user,,Twitter (tweet_eval),en,tweet_eval_sentiment,positive,Unknown,Unknown,False
147,@user Now we want Dunkin' Donuts for breakfast. We may just have to get those tomorrow morning. Thanks for the (unintentional) suggestion!,2024-07-01,unknown_user,,Twitter (tweet_eval),en,tweet_eval_sentiment,positive,Unknown,Unknown,False
148,"the narrator and the other characters try to convince us that acting transfigures esther , but she's never seen speaking on stage ; one feels cheated , and esther seems to remain an unchanged dullard .",2025-01-14,unknown_user,,Rotten Tomatoes,en,rotten_tomatoes,negative,Unknown,Unknown,False
149,saw the potential success inherent in the mixture of bullock bubble and hugh goo ,2024-04-24,unknown_user,,SST-2,en,sst2,positive,Unknown,Unknown,False
150,"Going to bed, can't wait to see for myself the ""anti-hetero male campaign"" that Magic Mike XXL is apparently leading tomorrow.  Goodnight!",2025-04-11,unknown_user,,Twitter (tweet_eval),en,tweet_eval_sentiment,positive,Unknown,Unknown,False
151,"""John Danks retires the Royals lineup in order in the 3rd, 4th and 5th innings. White Sox still leading 6-0, top of 6.""",2025-02-18,unknown_user,,Twitter (tweet_eval),en,tweet_eval_sentiment,neutral,Unknown,Unknown,False
152,"Originally aired as an ABC Movie of the Week. This involves two young innocent female college students who are railroaded into a prison camp in a little Southern town. They aren't allowed phone calls and nobody knows they're there. What follows is rape, torture, beatings, humilia",2024-02-06,unknown_user,,IMDB,en,imdb,negative,Unknown,Unknown,False
153,"Although this show has been off the air since 1973, after viewing a DVD set I borrowed at our library, I felt compelled to say a bit about it.<br /><br />I can remember when it was the only color show on television in the 1960s, and sometimes there would be a little ""Sunday Night",2024-08-11,unknown_user,,IMDB,en,imdb,positive,Unknown,Unknown,False
154,"This thing works on all levels -- it's intense as a thriller, full of Lars von Trier homages, but also very much its own film -- and it does have a message: happiness comes from within, best personified in the wounded soldier who practically (and, believe it or not, humorously) d",2024-07-04,unknown_user,,IMDB,en,imdb,positive,Unknown,Unknown,False
155,You can tell I'm off my meds by the fact that I'm sat in the dark listening to David Bowie,2024-04-01,unknown_user,,Twitter (tweet_eval),en,tweet_eval_sentiment,negative,Unknown,Unknown,False
156,@user I admire the relationship U have with your family.  Lol iron man\u2019s a pretty suitable costume. Good Luck Monday Go Saints!,2024-11-15,unknown_user,,Twitter (tweet_eval),en,tweet_eval_sentiment,positive,Unknown,Unknown,False
157,"boldly engineering a collision between tawdry b-movie flamboyance and grandiose spiritual anomie , rose's film , true to its source material , provides a tenacious demonstration of death as the great equalizer .",2024-02-23,unknown_user,,Rotten Tomatoes,en,rotten_tomatoes,positive,Unknown,Unknown,False
158,"Hello. I am Paul Raddick, a.k.a. Panic Attack of WTAF, Channel 29 in Philadelphia. Let me tell you about this god awful movie that powered on Adam Sandler's film career but was digitized after a short time.<br /><br />Going Overboard is about an aspiring comedian played by Sandle",2024-11-04,unknown_user,,IMDB,en,imdb,negative,Unknown,Unknown,False
159,"is no solace here , no entertainment value , merely a fierce lesson in where filmmaking can take us ",2024-07-18,unknown_user,,SST-2,en,sst2,negative,Unknown,Unknown,False
160,"""Deep Learning Students worth 5 million to 10 million""- Wall Street Journal #goals",2024-10-14,unknown_user,,Twitter (tweet_eval),en,tweet_eval_sentiment,neutral,Unknown,Unknown,False
161,zhang . . . has done an amazing job of getting realistic performances from his mainly nonprofessional cast .,2024-04-18,unknown_user,,Rotten Tomatoes,en,rotten_tomatoes,positive,Unknown,Unknown,False
162,@user I know it's so good! There's a marathon on comedy central. And yeah that really blows. Do you work tomorrow?,2024-02-27,unknown_user,,Twitter (tweet_eval),en,tweet_eval_sentiment,positive,Unknown,Unknown,False
163,"The acting was horrible. The special effects, while exceptional, dominated the movie. The writing was pathetic, and the dialogue was unbelievable. And the silly little love story between Liv Tyler and Ben Affleck was out of place.<br /><br />But the worst offense of ""Armageddon"" ",2025-01-09,unknown_user,,IMDB,en,imdb,negative,Unknown,Conservatives,False
164,"""So Watchman is an earlier draft of Mockingbird?? People have been had in getting excited for this. C'mon public, you're better than this.""",2025-04-28,unknown_user,,Twitter (tweet_eval),en,tweet_eval_sentiment,negative,Unknown,Unknown,False
165,the fact that so many will vote for a socialist fake liar for President is very very frightening and may bring America to ruin!,2024-04-08,unknown_user,,Twitter (tweet_eval),en,tweet_eval_sentiment,negative,Unknown,Unknown,False
166,"""Also, Paper Towns was AMAZING. (@AnselElgort making an appearance was the cherry on top &amp; I may or may not have freaked in the theater)""",2024-09-04,unknown_user,,Twitter (tweet_eval),en,tweet_eval_sentiment,positive,Unknown,Unknown,False
167,the ending feels at odds with the rest of the film .,2025-04-29,unknown_user,,Rotten Tomatoes,en,rotten_tomatoes,positive,Unknown,Unknown,False
168,The Wednesday iPad edition is out now - including Tom Segal\u2019s Pricewise advice and brilliant previews for Juddmonte International day,2024-01-12,unknown_user,,Twitter (tweet_eval),en,tweet_eval_sentiment,positive,Unknown,Unknown,False
169,"""Later today: Cowboys and Aliens, good food, My Chemical Romance and Blink 182 show with @user and her friends. Jazzed 2 teh max!""",2024-11-23,unknown_user,,Twitter (tweet_eval),en,tweet_eval_sentiment,positive,Unknown,Unknown,False
170,"This was intolerable. (SPOILER #1) Protagonists avoid the pointless disclosure of agonizing truths to their loved ones, lest they surrender said status and assume the roles of Antagonists. (SPOILER #2) The writers would have us believe that the exposure of multiple transgressions",2024-09-06,unknown_user,,IMDB,en,imdb,negative,Unknown,Unknown,False
171,Today's Tesla cars will become tomorrow's self-driving cars (CNET Update) #windowsphone,2024-01-03,unknown_user,,Twitter (tweet_eval),en,tweet_eval_sentiment,positive,Unknown,Unknown,False
172,"Victor Sjostrom, who is the grandfather of Swedish cinema, directed this stark, existentialist film about atonement, betrayal, death, forgiveness, guilt, redemption, and the bleakest moments of the human condition. He stars as David Holm, a no good-nick who responds to a moment o",2024-03-28,unknown_user,,IMDB,en,imdb,positive,Unknown,Unknown,False
173,"Whoever gave this movie rave reviews needs to see more movies.<br /><br />A loser takes his camera and photographs his mental family. The movie is filled with idiots and includes live ""teabagging"". That should sum it all up for you.<br /><br />Do not waste your time. You may want",2024-05-13,unknown_user,,IMDB,en,imdb,negative,Unknown,Unknown,False
174,Match my grind 😏,2024-08-15,unknown_user,,Twitter (tweet_eval),en,tweet_eval_sentiment,neutral,Unknown,Unknown,False
175,🎶 Browse this site for more information on Dallas 3D Printing. This...,2025-04-17,unknown_user,,Twitter (tweet_eval),en,tweet_eval_sentiment,positive,Unknown,Unknown,False
176,"in all , an interesting look at the life of the campaign-trail press , especially ones that do n't really care for the candidate ",2024-07-08,unknown_user,,SST-2,en,sst2,positive,Unknown,Unknown,False
177,Trump Supporters Protest CNN in Los Angeles via @user,2024-04-29,unknown_user,,Twitter (tweet_eval),en,tweet_eval_sentiment,neutral,Trump,Unknown,False
178,@user aww!! Thank U too!! <13  Have a Nice Swift Day you too!! :) and good luck for tomorrow!! I hope you have a wonderfull Day! :),2024-11-29,unknown_user,,Twitter (tweet_eval),en,tweet_eval_sentiment,positive,Unknown,Unknown,False
179,"a heartbreakingly thoughtful minor classic , the work of a genuine and singular artist .",2024-07-25,unknown_user,,Rotten Tomatoes,en,rotten_tomatoes,positive,Unknown,Unknown,False
180,Haggins flipped by Hoya linebacker\u002c but he gets the 1st down!  1st and goal at the 5!,2024-12-14,unknown_user,,Twitter (tweet_eval),en,tweet_eval_sentiment,neutral,Unknown,Unknown,False
181,#Aleppo : Despite Russian airstrikes the Regime has failed to advance and the Opposition have killed 250 militiamen in the last 48 hours.,2024-03-13,unknown_user,,Twitter (tweet_eval),en,tweet_eval_sentiment,neutral,Unknown,Unknown,False
182,Good morning Auburn Family! Today feels like a good day to beat Nick Saban and Bama at...everything! #thatincludesbeingbetterchristians,2025-01-19,unknown_user,,Twitter (tweet_eval),en,tweet_eval_sentiment,positive,Unknown,Unknown,False
183,it's August 22nd and Frank Ocean's album has still not dropped.,2024-09-12,unknown_user,,Twitter (tweet_eval),en,tweet_eval_sentiment,negative,Unknown,Unknown,False
184,David Price has a lead in the 6th so basically this game is over,2024-03-26,unknown_user,,Twitter (tweet_eval),en,tweet_eval_sentiment,neutral,Unknown,Unknown,False
185,#teens with fat pussys zac efron and vanessa have sex,2024-09-12,unknown_user,,Twitter (tweet_eval),en,tweet_eval_sentiment,negative,Unknown,Unknown,False
186,"When I first saw this film in the 1980's, I was in my middle teenage years and somewhat reluctant to see this since I considered myself grown up and out of the ""Sesame Street/Muppets"" age. I honestly don't remember if I liked it at the time or not. However, somewhere in college I",2025-03-23,unknown_user,,IMDB,en,imdb,positive,Unknown,Unknown,False
187,you'll end up moved .,2024-11-18,unknown_user,,Rotten Tomatoes,en,rotten_tomatoes,positive,Unknown,Unknown,False
188,the only thing scary about feardotcom is that the filmmakers and studio are brazen enough to attempt to pass this stinker off as a scary movie .,2024-10-29,unknown_user,,Rotten Tomatoes,en,rotten_tomatoes,negative,Unknown,Unknown,False
189,@user @user Now that's awesome. Have his autograph but that's as close as I ever got to meeting him Lol. Did meet Bob Dylan tho!,2024-06-24,unknown_user,,Twitter (tweet_eval),en,tweet_eval_sentiment,positive,Unknown,Unknown,False
190,"well , jason's gone to manhattan and hell , i guess a space station in the year 2455 can be crossed off the list of ideas for the inevitable future sequels ( hey , don't shoot the messenger ) .",2024-12-30,unknown_user,,Rotten Tomatoes,en,rotten_tomatoes,negative,Unknown,Unknown,False
191,@user I may have over did the score but I still think Alabama is gunna win,2024-08-30,unknown_user,,Twitter (tweet_eval),en,tweet_eval_sentiment,neutral,Unknown,Unknown,False
192,#HeadiesAll of you famzing live at the #Headies and dnt knw where Eko Hotel n suite dey..May ur twitter connection be bad.#GodPunishU,2025-02-07,unknown_user,,Twitter (tweet_eval),en,tweet_eval_sentiment,negative,Unknown,Unknown,False
193,"""I got Reggie Wayne in the 4th, then worked it and got Miles Austin in the 5th @user",2025-05-12,unknown_user,,Twitter (tweet_eval),en,tweet_eval_sentiment,neutral,Unknown,Unknown,False
194,"""It's September 8th and Frank Ocean still ain't released an album, thought Abel bought you time? Nah.""",2025-02-22,unknown_user,,Twitter (tweet_eval),en,tweet_eval_sentiment,neutral,Unknown,Unknown,False
195,SAD asks Rahul Gandhi what action he has taken against Congress leaders for  Nov 10 congregation#Pb  @user  @user,2024-09-28,unknown_user,,Twitter (tweet_eval),en,tweet_eval_sentiment,neutral,Rahul Gandhi,INC (Congress),False
196,"@user The massacre on March 11 in Karm al-Zaitoun was similar: 25 children killed with knives, 20 women:",2025-02-02,unknown_user,,Twitter (tweet_eval),en,tweet_eval_sentiment,negative,Unknown,Unknown,False
197,Help your support for Uber in Maryland #Uber,2024-04-03,unknown_user,,Twitter (tweet_eval),en,tweet_eval_sentiment,neutral,Unknown,Unknown,False
198,a charmer from belgium .,2024-10-11,unknown_user,,Rotten Tomatoes,en,rotten_tomatoes,positive,Unknown,Unknown,False
199,@user oh man I had the same feeling Sunday when my Packers hung on to beat the Dolphins LOL,2025-04-18,unknown_user,,Twitter (tweet_eval),en,tweet_eval_sentiment,neutral,Unknown,Unknown,False
200,"though an important political documentary , this does not really make the case the kissinger should be tried as a war criminal .",2025-02-09,unknown_user,,Rotten Tomatoes,en,rotten_tomatoes,positive,Unknown,Unknown,False
201,What? The Jaguars may trade to get Tim Tebow from the Jets? God is Good\u002c teams still want him. #TestifyhisGreatness,2024-03-19,unknown_user,,Twitter (tweet_eval),en,tweet_eval_sentiment,positive,Unknown,Unknown,False
202,"[screenwriter] pimental took the farrelly brothers comedy and feminized it , but it is a rather poor imitation .",2024-09-07,unknown_user,,Rotten Tomatoes,en,rotten_tomatoes,negative,Unknown,Unknown,False
203,abrupt ,2024-02-20,unknown_user,,SST-2,en,sst2,negative,Unknown,Unknown,False
204,@user sure? Magneto McKellen is leading out the Pride parade in town on Saturday,2025-05-12,unknown_user,,Twitter (tweet_eval),en,tweet_eval_sentiment,positive,Unknown,Unknown,False
205,"""http://t.co/N0ynB9vr, Tudou merger may be in jeopardy, report says, Bloomberg notes: See the rest of the story he...",2024-08-16,unknown_user,,Twitter (tweet_eval),en,tweet_eval_sentiment,negative,Unknown,Conservatives,False
206,"""Practicing for my show tomorrow night. You should come, it's FREE!  @ The Lair",2024-11-13,unknown_user,,Twitter (tweet_eval),en,tweet_eval_sentiment,positive,Unknown,Unknown,False
207,I\u2019m just looking forward to the Knicks verse Nets game on Thursday! Carmelo Anthony verse Deron Williams my two favorite players!,2025-02-08,unknown_user,,Twitter (tweet_eval),en,tweet_eval_sentiment,positive,Unknown,Unknown,False
208,Because the night belongs to lovers -> Nuit blanche :0) #video #art #love,2024-05-29,unknown_user,,Twitter (tweet_eval),en,tweet_eval_sentiment,positive,Unknown,Unknown,False
209,GIRLS GONE WILD will be filming LIVE @ Stoneys THIS SATURDAY!!! #BACP 10-2am $10 at the door!,2025-01-28,unknown_user,,Twitter (tweet_eval),en,tweet_eval_sentiment,neutral,Unknown,Unknown,False
210,I'm going to be so emo tomorrow at the concert bc the best buy theater is so special bc thats where i first saw shawn headline a show ever,2024-09-27,unknown_user,,Twitter (tweet_eval),en,tweet_eval_sentiment,positive,Unknown,Unknown,False
211,"@user Harry Potter, Percy Jackson, Thursday Next, Game of Thrones, or Pillars of the Earth are mine. #SS15",2024-03-25,unknown_user,,Twitter (tweet_eval),en,tweet_eval_sentiment,positive,Unknown,Unknown,False
212,Omg! I just want to run my fingers thru Michael Easton's gorgeous hair! Watching Friday's #GH.,2024-09-29,unknown_user,,Twitter (tweet_eval),en,tweet_eval_sentiment,positive,Unknown,Unknown,False
213,#Trump Gorges On Himself During Thanksgiving Feast @user,2025-04-28,unknown_user,,Twitter (tweet_eval),en,tweet_eval_sentiment,neutral,Trump,Unknown,False
214,Rio Ferdinand thinks Manchester United may have signed the next David Beckham:,2025-02-27,unknown_user,,Twitter (tweet_eval),en,tweet_eval_sentiment,positive,Unknown,Unknown,False
215,"Hello, BTLs.  Every single one of you consumes BBC content even indirectly.  Stop whining.",2024-03-12,unknown_user,,Twitter (tweet_eval),en,tweet_eval_sentiment,negative,Unknown,Unknown,False
216,"@user Those are some big words, I'm hyped. I'm getting it tomorrow, Amazon Prime is a beautiful thing.",2024-10-15,unknown_user,,Twitter (tweet_eval),en,tweet_eval_sentiment,positive,Unknown,Unknown,False
217,Nuno Espirito Santo has been a nice surprise. Valencia currently 2nd in La Liga. Beat Atletico Madrid on the weekend.,2024-10-17,unknown_user,,Twitter (tweet_eval),en,tweet_eval_sentiment,positive,Unknown,Unknown,False
218,@user all I'm thinking about is how zayn left on March 25TH rip,2024-05-25,unknown_user,,Twitter (tweet_eval),en,tweet_eval_sentiment,neutral,Unknown,Unknown,False
219,"""It's Friday, Friday Gotta get down on Friday Everybody's lookin' forward to the weekend, weekend -. Rebecca Black""",2024-11-21,unknown_user,,Twitter (tweet_eval),en,tweet_eval_sentiment,positive,Unknown,Unknown,False
220,got one floor ticket for Kenny Chesney and Jason Aldean tomorrow night for 100$ who's coming with me?,2025-01-06,unknown_user,,Twitter (tweet_eval),en,tweet_eval_sentiment,neutral,Unknown,Unknown,False
221,"the reason to see "" sade "" lay with the chemistry and complex relationship between the marquis ( auteil ) and emilie ( le besco ) .",2024-06-27,unknown_user,,Rotten Tomatoes,en,rotten_tomatoes,positive,Unknown,Unknown,False
222,Photos: A Thanksgiving protest against Dakota Access pipeline - The Boston Globe,2024-09-02,unknown_user,,Twitter (tweet_eval),en,tweet_eval_sentiment,neutral,Unknown,Unknown,False
223,If they did can I take a guess and say Grayson Allen?,2025-04-15,unknown_user,,Twitter (tweet_eval),en,tweet_eval_sentiment,neutral,Unknown,Unknown,False
224,Just posted a new episode of #StraightTalk with @user Tipp FM on Podomatic:,2024-05-19,unknown_user,,Twitter (tweet_eval),en,tweet_eval_sentiment,neutral,Unknown,Unknown,False
225,"disney aficionados will notice distinct parallels between this story and the 1971 musical "" bedknobs and broomsticks , "" which also dealt with british children rediscovering the power of fantasy during wartime .",2024-07-06,unknown_user,,Rotten Tomatoes,en,rotten_tomatoes,positive,Unknown,Conservatives,False
226,it's fascinating to see how bettany and mcdowell play off each other .,2024-06-29,unknown_user,,Rotten Tomatoes,en,rotten_tomatoes,positive,Unknown,Unknown,False
227,Bill Cosby Live at the Winspear Opera House on June 9th! #billcosby,2024-02-09,unknown_user,,Twitter (tweet_eval),en,tweet_eval_sentiment,neutral,Unknown,Unknown,False
228,@user Curtis is going down as the 2nd best Mets FA signing(Beltran #1),2024-04-17,unknown_user,,Twitter (tweet_eval),en,tweet_eval_sentiment,positive,Unknown,Unknown,False
229,New changes to @user Service Agreement may mean less privacy. Learn some of the changes to Windows 10 on our Facebook or Google+,2024-12-21,unknown_user,,Twitter (tweet_eval),en,tweet_eval_sentiment,neutral,Unknown,Unknown,False
230,"""Rebecca Black's """"""""Friday"""""""" is still at the top of my playlist. #coolkid""",2024-02-25,unknown_user,,Twitter (tweet_eval),en,tweet_eval_sentiment,positive,Unknown,Unknown,False
231,briana's mum said that briana is 34 weeks pregnant which falls around the 30th of april and louis is in london by then,2024-09-22,unknown_user,,Twitter (tweet_eval),en,tweet_eval_sentiment,neutral,Unknown,Unknown,False
232,@user Morning Huda. Happy Friday.wishing everyone a great weekend. Could you play wrecking ball for Eric Church. Thanks.,2025-02-24,unknown_user,,Twitter (tweet_eval),en,tweet_eval_sentiment,positive,Unknown,Unknown,False
233,"""On Wall Street, bulls are upbeat at the conclusion of a volatile week. Housing Starts +6.3%. #Marketsong: """"""""Friday On My Mind"""""""" by Easybeats""",2025-04-20,unknown_user,,Twitter (tweet_eval),en,tweet_eval_sentiment,positive,Unknown,Unknown,False
234,sharp ,2025-03-01,unknown_user,,SST-2,en,sst2,positive,Unknown,Unknown,False
235,"Pickin' on the Grateful Dead: A Tribute by Pickin' On (CD, May-1997, CMH) NEW",2024-11-23,unknown_user,,Twitter (tweet_eval),en,tweet_eval_sentiment,neutral,Unknown,Unknown,False
236,"@user @user @user @user  Appears Jill Stein, Hillary Clinton and George Soros work…",2024-05-08,unknown_user,,Twitter (tweet_eval),en,tweet_eval_sentiment,neutral,Unknown,Unknown,False
237,Gucci multitude libido self-command december appear the twain thine module an in earnings as far as approving ...,2024-07-22,unknown_user,,Twitter (tweet_eval),en,tweet_eval_sentiment,neutral,Unknown,Unknown,False
238,Some concept art done by the late Ralph McQuarrie. May the force be with you.,2024-09-19,unknown_user,,Twitter (tweet_eval),en,tweet_eval_sentiment,positive,Unknown,Unknown,False
239,University of Western Australia fear that the recent illegal action tests of ICC may be based on unreliable evidence.,2024-01-19,unknown_user,,Twitter (tweet_eval),en,tweet_eval_sentiment,neutral,Unknown,Unknown,False
240,"a scary , action-packed chiller ",2024-07-14,unknown_user,,SST-2,en,sst2,positive,Unknown,Unknown,False
241,"this rather superficial arthouse middle-brow film knows how to please a crowd , and that's about all it does well .",2024-05-11,unknown_user,,Rotten Tomatoes,en,rotten_tomatoes,negative,Unknown,Unknown,False
242,"without a doubt, one of the most racially prejudiced films i've ever seen, with the prejudice being levelled against Hayden Panettiere as she has to move into a tough inner city school. She is constantly called ""white girl"" and other slurs based on her colour. Firstly would this ",2024-06-30,unknown_user,,IMDB,en,imdb,negative,Unknown,Unknown,False
243,"""31 games played with Inter and I sit in 5th, 4 points behind city rivals Milan in my final CL spot. 2nd to last game I face them """"away""""...""",2024-03-23,unknown_user,,Twitter (tweet_eval),en,tweet_eval_sentiment,neutral,Unknown,Unknown,False
244,Carly Fiorina on the Rise After Thursday Night's Debate - She &amp; Trump are like oil and water.,2025-03-18,unknown_user,,Twitter (tweet_eval),en,tweet_eval_sentiment,positive,Trump,Unknown,False
245,Come play the @user 15th Ball Challenge and you could score a Nokia tablet! #15thShot #yougotthis,2024-05-06,unknown_user,,Twitter (tweet_eval),en,tweet_eval_sentiment,positive,Unknown,Unknown,False
246,"Don't wait for the herd to act against vaccines because the herd takes their orders from government, newspapers,...",2024-11-10,unknown_user,,Twitter (tweet_eval),en,tweet_eval_sentiment,negative,Unknown,Unknown,False
247,"@user I am in favor of Marine Le Pen for France, i love how leftists always project baselessly. I am not in favor of crooked clinton",2024-10-07,unknown_user,,Twitter (tweet_eval),en,tweet_eval_sentiment,neutral,Unknown,Unknown,False
248,@user Hey Girl\u002c Excited to see the New Jersey Shore tomorrow! :),2024-02-01,unknown_user,,Twitter (tweet_eval),en,tweet_eval_sentiment,positive,Unknown,Unknown,False
249,Staying positive today with the talented George Harrison. Bad day? The sun always rises the next#herecomesthesun,2024-10-14,unknown_user,,Twitter (tweet_eval),en,tweet_eval_sentiment,positive,Harris,Unknown,False
250,@user Franko's RBI single in the top of the 1st gives Gray a 1-0 heading to the bottom. Atta way!,2024-07-09,unknown_user,,Twitter (tweet_eval),en,tweet_eval_sentiment,positive,Unknown,Unknown,False
251,@user @user More good news may O and Carter can have a beer summit in the Gaza strip,2025-04-08,unknown_user,,Twitter (tweet_eval),en,tweet_eval_sentiment,positive,Unknown,Unknown,False
252,@user but wrong on gay gene.  However bad fatherly figure or lack there of may be the issue and vice a versa for a lesbian,2024-03-05,unknown_user,,Twitter (tweet_eval),en,tweet_eval_sentiment,negative,Unknown,Unknown,False
253,Going to go watch the 36 Saints movie on my tv.  Night! Cya tomorrow. Oh I watched Big Brother. LOL!,2024-06-24,unknown_user,,Twitter (tweet_eval),en,tweet_eval_sentiment,positive,Unknown,Unknown,False
254,Mort Zuckerman\u002c WSJDon\u2019t be fooled by the headline unemployment number of 8.1% announced on Friday. The reason the number dropped to 8.1%...,2024-07-04,unknown_user,,Twitter (tweet_eval),en,tweet_eval_sentiment,neutral,Unknown,Unknown,False
255,"the documentary does little , apart from raising the topic , to further stoke the conversation .",2025-01-31,unknown_user,,Rotten Tomatoes,en,rotten_tomatoes,negative,Unknown,Unknown,False
256,Copper river salmon season is just days away from starting...Call us on May 17th for pricing,2025-04-18,unknown_user,,Twitter (tweet_eval),en,tweet_eval_sentiment,neutral,Unknown,Unknown,False
257,2 Episodes of Westworld down. 8 to go.,2024-07-25,unknown_user,,Twitter (tweet_eval),en,tweet_eval_sentiment,positive,Unknown,Unknown,False
258,Mets 3B David Wright crushed the ball deep to left on the third pitch of his 1st at-bat,2024-04-16,unknown_user,,Twitter (tweet_eval),en,tweet_eval_sentiment,positive,Unknown,Unknown,False
259,"Of the three remakes of this plot, I like them all, I have all three on VHS and in addition have a copy of this one on DVD. There is just enough variation in the scripts to make all three entertaining and re-watchable. In addition has any other film been remade three times with s",2025-03-06,unknown_user,,IMDB,en,imdb,positive,Unknown,Unknown,False
260,Tina Fey and Amy Poehler will host the Golden Globe Awards: In what may be the smartest thing the Hollywood Fore...,2024-09-16,unknown_user,,Twitter (tweet_eval),en,tweet_eval_sentiment,positive,Unknown,Unknown,False
261,Saw Margaret Cho tonight at Leicester Square Theatre. Brilliant woman\u002c intuitive\u002c insightful\u002c sexy. She\u2019s here til 31st u must go!!,2024-11-10,unknown_user,,Twitter (tweet_eval),en,tweet_eval_sentiment,positive,Unknown,Unknown,False
262,"""15-30 on Murray's serve, but the Scot more up than down finally and grabs the hold of serve with a couple of aces.  Andy up 4-3* 3rd set.""",2024-06-09,unknown_user,,Twitter (tweet_eval),en,tweet_eval_sentiment,positive,Unknown,Unknown,False
263,Win @user tickets right now for their impressive 3D-enhanced performance at the Kirby Center this Tuesday:,2025-04-27,unknown_user,,Twitter (tweet_eval),en,tweet_eval_sentiment,positive,Unknown,Unknown,False
264,I wanted to read the other comments before leaving my review and the majority definately rules: This movie is aweful! From the acting to the non-realistic animation to the countless errors. I was actually hoping that the flaps would have been extended by a stretch of the imaginat,2025-04-09,unknown_user,,IMDB,en,imdb,negative,Unknown,Unknown,False
265,I think that this film has become an important record of the most horrifying aspect of the East German regime - the imprisonment of its people by what the regime called its anti-fascist protective wall. It is a document of desperation and courage not to be missed. I would however,2024-04-14,unknown_user,,IMDB,en,imdb,positive,Unknown,Unknown,False
266,Had a great conversation with a guy at 16th & Mission after he gave me his last book for World Book Day. It was nifty\u002c dude!,2024-02-06,unknown_user,,Twitter (tweet_eval),en,tweet_eval_sentiment,positive,Unknown,Unknown,False
267,Courageous & compelling story telling of terrible trap for civilians #Mosul #Mosuloffensive @user,2025-03-09,unknown_user,,Twitter (tweet_eval),en,tweet_eval_sentiment,neutral,Unknown,Conservatives,False
268,I had to march to get MLK day as a recognized holiday in Greenville\u002c mind you I 16yrs old when I did it!,2024-11-29,unknown_user,,Twitter (tweet_eval),en,tweet_eval_sentiment,neutral,Unknown,Unknown,False
269,"@user I must say your book nearly made me cry, because i paid money for it, haa haa just kiddin. What you want to be when grow up?",2025-03-05,unknown_user,,Twitter (tweet_eval),en,tweet_eval_sentiment,neutral,Unknown,Unknown,False
270,Today (July 28th \u201912) is Milk Chocolate Day. Bring it on. #milkchocolateday,2024-03-12,unknown_user,,Twitter (tweet_eval),en,tweet_eval_sentiment,positive,Unknown,Unknown,False
271,"David Cameron, Theresa May - you turn you back on this - you shame us all. Bri",2024-01-01,unknown_user,,Twitter (tweet_eval),en,tweet_eval_sentiment,negative,Unknown,Unknown,False
272,"""oh, hi! just listening to sam smith's """"like i can"""" and weeping! happy wednesday!""",2024-10-29,unknown_user,,Twitter (tweet_eval),en,tweet_eval_sentiment,positive,Unknown,Unknown,False
273,cremaster 3 is at once a tough pill to swallow and a minor miracle of self-expression . ,2024-05-16,unknown_user,,SST-2,en,sst2,positive,Unknown,Unknown,False
274,"OK let's get right to the point. We have five recent college grads (must have majored in the F word) going out on a weekend camping trip. They run into someone who is in need of help, but instead of trying to assist him, they decide to set him on fire instead. Nice bunch of peopl",2025-04-08,unknown_user,,IMDB,en,imdb,negative,Unknown,Unknown,False
275,@user may be worth you investigating what happened to the wwe wrestler recently as part of this programme! Seth Rollins is the guy...,2024-01-14,unknown_user,,Twitter (tweet_eval),en,tweet_eval_sentiment,neutral,Unknown,Unknown,False
276,"""But with poverty defenders, midfielders from Galatasaray and Olympiakos and a captain that works as cancer in your team, you may expect to""",2024-07-22,unknown_user,,Twitter (tweet_eval),en,tweet_eval_sentiment,negative,Unknown,Unknown,False
277,I'll be live streaming the sad Giants fans via @user this Saturday night at MetLife after @user beats the Giants again. #JAXvsNYG,2024-04-21,unknown_user,,Twitter (tweet_eval),en,tweet_eval_sentiment,positive,Unknown,Unknown,False
278,"whenever you think you've figured out late marriage , it throws you for a loop .",2025-05-09,unknown_user,,Rotten Tomatoes,en,rotten_tomatoes,positive,Unknown,Unknown,False
279,Shawn with little kids may just be the cutest thing on the face of this planet,2024-02-27,unknown_user,,Twitter (tweet_eval),en,tweet_eval_sentiment,positive,Unknown,Unknown,False
280,"""In other news, had a great Saturday on the town with @user and my old uni friend at a David Bowie tribute orchestra :P""",2024-09-01,unknown_user,,Twitter (tweet_eval),en,tweet_eval_sentiment,positive,Unknown,Unknown,False
281,a solid film ... but more conscientious than it is truly stirring . ,2024-12-06,unknown_user,,SST-2,en,sst2,positive,Unknown,Unknown,False
282,That Kris Bryant 9th inning home run was the turning point in the season.,2024-02-14,unknown_user,,Twitter (tweet_eval),en,tweet_eval_sentiment,positive,Unknown,Unknown,False
283,"has enough wit , energy and geniality to please not only the fanatical adherents on either side , but also people who know nothing about the subject and think they're not interested .",2024-04-29,unknown_user,,Rotten Tomatoes,en,rotten_tomatoes,positive,Unknown,Unknown,False
284,The Anti-trump Riots Are A Smoke Screen The Real Goal – Eliminate The Electoral College:,2024-01-01,unknown_user,,Twitter (tweet_eval),en,tweet_eval_sentiment,negative,Trump,Unknown,False
285,@user @user i seized some in our neighborhood on EID's 2nd day but faced some anger frm their families' side :( so gave thm back,2025-01-09,unknown_user,,Twitter (tweet_eval),en,tweet_eval_sentiment,negative,Unknown,Unknown,False
286,@user Same could be said about Marie Colvin. I may not liked him\u002c nor his employer but he never harmed anyone and he has family.,2024-04-29,unknown_user,,Twitter (tweet_eval),en,tweet_eval_sentiment,neutral,Unknown,Unknown,False
287,"""tonight I dreamed of being in Orleans with the bus lines of Milan, and the IperCoop of Piazza Lodi instead of the Carrefour of Place d'Arc.""",2024-10-06,unknown_user,,Twitter (tweet_eval),en,tweet_eval_sentiment,neutral,Unknown,Unknown,False
288,it's a perfect show of respect to just one of those underrated professionals who deserve but rarely receive it .,2025-03-04,unknown_user,,Rotten Tomatoes,en,rotten_tomatoes,positive,Unknown,Unknown,False
289,"""Cate Blanchett isn't a tall poppy, she's a redwood. Long may she continue to grow. #AACTAs""",2025-04-18,unknown_user,,Twitter (tweet_eval),en,tweet_eval_sentiment,positive,Unknown,Unknown,False
290,interesting how the US will now see Latin America. The ice cream is really good and so is the health system. Get Cuba to run Obamacare.,2024-12-22,unknown_user,,Twitter (tweet_eval),en,tweet_eval_sentiment,neutral,Obama,Unknown,False
291,First time I've been called off in a while and couldn't ask for a better day to have off. Plus Jason Aldean is tomorrow!,2024-08-17,unknown_user,,Twitter (tweet_eval),en,tweet_eval_sentiment,positive,Unknown,Unknown,False
292,(Part I) Dead Network Walking: Why Google+ May Be On its Way Out: Google is phasing out many of the capabiliti...,2024-08-31,unknown_user,,Twitter (tweet_eval),en,tweet_eval_sentiment,negative,Unknown,Unknown,False
293,"""via GigaOM: Facebook may have solved mobile, but Google is still struggling with it",2024-12-01,unknown_user,,Twitter (tweet_eval),en,tweet_eval_sentiment,neutral,Unknown,Unknown,False
294,looking and stylish ,2024-08-25,unknown_user,,SST-2,en,sst2,positive,Unknown,Unknown,False
295,I'm only ok with 3rd floor playing Snoop Dogg this early because I'm still on a gangsta rap high after seeing Straight Outta Compton #dope,2024-04-10,unknown_user,,Twitter (tweet_eval),en,tweet_eval_sentiment,neutral,Unknown,Unknown,False
296,"There's fake news, and then there's bulls**t news.",2024-01-21,unknown_user,,Twitter (tweet_eval),en,tweet_eval_sentiment,negative,Unknown,Unknown,False
297,"will undoubtedly play well in european markets , where mr . besson is a brand name , and in asia , where ms . shu is an institution , but american audiences will probably find it familiar and insufficiently cathartic .",2025-02-09,unknown_user,,Rotten Tomatoes,en,rotten_tomatoes,negative,Unknown,Unknown,False
298,"""'A Bee Gees tune was on the radio, the sun was out and the smell of bacon wafted through the air.' #guesthouse""",2025-03-31,unknown_user,,Twitter (tweet_eval),en,tweet_eval_sentiment,neutral,Unknown,Unknown,False
299,it's a beautifully accomplished lyrical meditation on a bunch of despondent and vulnerable characters living in the renown chelsea hotel . . .,2024-12-23,unknown_user,,Rotten Tomatoes,en,rotten_tomatoes,positive,Unknown,Unknown,False
300,Adamawa to pay prayer warriors N200m to pray against Boko Haram. At 1st I thought this was a joke. Now I know money's the root of all evils.,2024-10-03,unknown_user,,Twitter (tweet_eval),en,tweet_eval_sentiment,negative,Unknown,Unknown,False
301,#Thailand Washington - US President Barack Obama vowed Wednesday as he visited storm-ravaged New Jersey shore to...,2024-03-26,unknown_user,,Twitter (tweet_eval),en,tweet_eval_sentiment,neutral,Obama,Unknown,False
302,"@user yeah honestly, going up to see my Gran plus my cousin got tickets for the edinburgh derby on Sunday. Yeah course you can""",2025-04-21,unknown_user,,Twitter (tweet_eval),en,tweet_eval_sentiment,positive,Unknown,Unknown,False
303,I saw this movie as a very young girl (I'm 27 now) and it scared me witless for years. I had nightmares about every aspect of this film from the way it was drawn to the music to (obviously) the violence. My parents still argue about who allowed me to watch it and both of them say,2025-01-02,unknown_user,,IMDB,en,imdb,negative,Unknown,Unknown,False
304,Kris Bryant flies out to the warning track. Almost had his 4th hit of the night. #Cubs,2024-08-24,unknown_user,,Twitter (tweet_eval),en,tweet_eval_sentiment,neutral,Unknown,Unknown,False
305,I'm going to see the Foo Fighters tonight in Edinburgh! I expect to be 10% a better human being tomorrow morning!...,2025-03-12,unknown_user,,Twitter (tweet_eval),en,tweet_eval_sentiment,positive,Unknown,Unknown,False
306,"Big rock candy mountain is amazing. i watched it when i was little, and still do to this day.(senior in high school). if i could imagine heaven, that is what it would look like. i wish i could live in big rock candy mountain where candy grows on trees. Zach Hyman is profs, and my",2025-03-28,unknown_user,,IMDB,en,imdb,positive,Unknown,Unknown,False
307,... the kind of entertainment that parents love to have their kids see . ,2024-01-02,unknown_user,,SST-2,en,sst2,positive,Unknown,Unknown,False
308,It would be poetic if Nintendo became a Sony 2nd Party Developer. It would also make choosing consoles every generation very easy,2024-07-21,unknown_user,,Twitter (tweet_eval),en,tweet_eval_sentiment,positive,Unknown,Unknown,False
309,TFI Friday is just Chris Evans having a mid life crisis live on TV,2024-10-13,unknown_user,,Twitter (tweet_eval),en,tweet_eval_sentiment,negative,Unknown,Unknown,False
310,@user you did an amazing job.....Can u fly to Indiana and sing to me for my birthday tomorrow,2024-11-19,unknown_user,,Twitter (tweet_eval),en,tweet_eval_sentiment,positive,Unknown,Unknown,False
311,@user @user no!  Some bad hombres doesn't excuse you from being a good person. If you need help...,2024-11-07,unknown_user,,Twitter (tweet_eval),en,tweet_eval_sentiment,neutral,Unknown,Unknown,False
312,No. What sets you apart is that you're such hypocrites. Now allow a peaceful transition of power to #Trump. Typical…,2024-03-30,unknown_user,,Twitter (tweet_eval),en,tweet_eval_sentiment,negative,Trump,Unknown,False
313,I'm supposed to see Frank Ocean tomorrow. Then he pulled another houdini and won't be going to FYF.,2025-04-16,unknown_user,,Twitter (tweet_eval),en,tweet_eval_sentiment,negative,Unknown,Unknown,False
314,"@user Sorry to hear that, Naruto.  Hopefully things will turn around for you very soon.  And good luck with 1st semester!""",2024-01-15,unknown_user,,Twitter (tweet_eval),en,tweet_eval_sentiment,neutral,Unknown,Unknown,False
315,"You want a movie that'll take you places? Well this is a good pick. If you were an adolescent in the era portrayed in this film--the hayday of Motown--or if you want to reach back and see what your parents made so much noise about, I suggest you pick up this flick and give it a w",2025-03-17,unknown_user,,IMDB,en,imdb,positive,Unknown,Unknown,False
316,pathetic junk ,2024-11-16,unknown_user,,SST-2,en,sst2,negative,Unknown,Unknown,False
317,.@pimping_is_easy @user @user #hamas is killing #Palestine. Here's the leader's son telling truth,2024-05-11,unknown_user,,Twitter (tweet_eval),en,tweet_eval_sentiment,negative,Unknown,Unknown,False
318,Netflix and Hulu stats - Seinfeld still killing it;,2025-04-07,unknown_user,,Twitter (tweet_eval),en,tweet_eval_sentiment,positive,Unknown,Unknown,False
319,"""Rahul Gandhi's inaugural address at the 31st Plenary Session of INTUC, today, at Talkatora Stadium. #RGwithWorkers",2024-01-28,unknown_user,,Twitter (tweet_eval),en,tweet_eval_sentiment,neutral,Rahul Gandhi,Unknown,False
320,"""\""""""""@ForeverJeTi: Tiffany will be one of the MCs along with CNBlue\u2019s Yonghwa and Beast\u2019s Gikwang for SBS KPOP Super Concert on November 10.\""""""""""",2024-12-09,unknown_user,,Twitter (tweet_eval),en,tweet_eval_sentiment,neutral,Unknown,Unknown,False
321,"@user haha! Seriously, though, it reminds me of the Seinfeld character Jimmy. ""Jimmy liked worship this Sunday.""  #chsocm",2024-04-21,unknown_user,,Twitter (tweet_eval),en,tweet_eval_sentiment,positive,Unknown,Unknown,False
322,"despite its raucous intent , xxx is as conventional as a nike ad and as rebellious as spring break .",2024-09-10,unknown_user,,Rotten Tomatoes,en,rotten_tomatoes,negative,Unknown,Unknown,False
323,"@user It's against the Constitution to turn Christians into 2nd class citizens for disagreeing with homosexuality, like it or not""",2024-09-18,unknown_user,,Twitter (tweet_eval),en,tweet_eval_sentiment,negative,Unknown,Unknown,False
324,Fashion Star tomorrow.... Should be a fun long day,2024-06-21,unknown_user,,Twitter (tweet_eval),en,tweet_eval_sentiment,positive,Unknown,Unknown,False
325,"""Greg Abbott/AG Ken Paxton cost taxpayers $741,000 in legal fees in gay marriage case. Can you say frivolous lawsuit?",2024-09-01,unknown_user,,Twitter (tweet_eval),en,tweet_eval_sentiment,negative,Unknown,Unknown,False
326,the emotions are raw and will strike a nerve with anyone who 's ever had family trauma . ,2025-03-16,unknown_user,,SST-2,en,sst2,positive,Unknown,Unknown,False
327,#MuhammadAli Muhammad Ali VS Sonny Liston 1965 Signed Autographed Framed #Photo Steine #Legend #Boxer,2024-01-04,unknown_user,,Twitter (tweet_eval),en,tweet_eval_sentiment,neutral,Unknown,Unknown,False
328,the film 's hero is a bore and his innocence soon becomes a questionable kind of inexcusable dumb innocence . ,2024-09-02,unknown_user,,SST-2,en,sst2,negative,Unknown,Unknown,False
329,"""Well, beautiful people the actual album in full glory will arrive today ready for tomorrow at the Horn! Thanks to @user you guys rock""",2025-04-15,unknown_user,,Twitter (tweet_eval),en,tweet_eval_sentiment,positive,Unknown,Unknown,False
330,Here Is Everything You Should Know About Melania Trumphttps://t.co/eH6V4gxcDF,2024-06-29,unknown_user,,Twitter (tweet_eval),en,tweet_eval_sentiment,positive,Trump,Unknown,False
331,"""Would the bigger story be 3rd straight major for @user or win by an am from Ireland, Paul Dunne, @user Hmmm""",2024-03-13,unknown_user,,Twitter (tweet_eval),en,tweet_eval_sentiment,neutral,Unknown,Conservatives,False
332,"it has the air of a surprisingly juvenile lark , a pop-influenced prank whose charms are immediately apparent and wear thin with repetition .",2024-04-13,unknown_user,,Rotten Tomatoes,en,rotten_tomatoes,negative,Unknown,Unknown,False
333,"""I had this written at like half 6 today and almost forgot to post it!   Featuring Wilco, Ant-Man, WHAS and more.""",2024-08-02,unknown_user,,Twitter (tweet_eval),en,tweet_eval_sentiment,neutral,Unknown,Unknown,False
334,Sampdoria-Milan: The Rossoneri squad: Here is the squad of Milan. AC Milan face U.C. Sampdoria on Thursday eve...,2025-02-07,unknown_user,,Twitter (tweet_eval),en,tweet_eval_sentiment,neutral,Unknown,Unknown,False
335,Can anyone take me home from the alonso game tomorrow,2025-01-31,unknown_user,,Twitter (tweet_eval),en,tweet_eval_sentiment,neutral,Unknown,Unknown,False
336,"""To compare, Anderson Silva also has won 8 bonuses and made $475,000. If Lytle gets a bonus tonight, the $65k would be his 2nd biggest one.""",2024-09-15,unknown_user,,Twitter (tweet_eval),en,tweet_eval_sentiment,neutral,Unknown,Unknown,False
337,"""Watching \""""Red Tails\"""" 4 the 1st time""",2024-09-09,unknown_user,,Twitter (tweet_eval),en,tweet_eval_sentiment,neutral,Unknown,Unknown,False
338,Gucci - Sun Valley! #Zone6 what you know about that?,2024-07-26,unknown_user,,Twitter (tweet_eval),en,tweet_eval_sentiment,neutral,Unknown,Unknown,False
339,warm and exotic .,2024-03-23,unknown_user,,Rotten Tomatoes,en,rotten_tomatoes,positive,Unknown,Unknown,False
340,I need someone to come see Ed Sheeran with me this Saturday in Dallas,2025-01-19,unknown_user,,Twitter (tweet_eval),en,tweet_eval_sentiment,neutral,Unknown,Unknown,False
341,"""Would never vote for Kane for president, mostly with Kim Kardashian as his wife. No way in hell is she going to be the 1st lady""",2025-05-12,unknown_user,,Twitter (tweet_eval),en,tweet_eval_sentiment,negative,Unknown,Unknown,False
342,foster breathes life into a roll that could have otherwise been bland and run of the mill .,2024-06-18,unknown_user,,Rotten Tomatoes,en,rotten_tomatoes,positive,Unknown,Unknown,False
343,"@user @user I don't either. Complete mystery. Also, I may have just been chair dancing to Heartbreaker by Mariah Carey.",2025-01-17,unknown_user,,Twitter (tweet_eval),en,tweet_eval_sentiment,neutral,Unknown,Unknown,False
344,"like being trapped inside a huge video game , where exciting , inane images keep popping past your head and the same illogical things keep happening over and over again .",2024-04-27,unknown_user,,Rotten Tomatoes,en,rotten_tomatoes,negative,Unknown,Unknown,False
345,with such confidence ,2025-01-29,unknown_user,,SST-2,en,sst2,positive,Unknown,Unknown,False
346,"Following his 2nd round knock-out last night, we make Conor McGregor 4/7 to defeat Jose Aldo...http://t.co/1qZWXTAJ3Y",2024-12-03,unknown_user,,Twitter (tweet_eval),en,tweet_eval_sentiment,positive,Unknown,Unknown,False
347,Awe @user is retiring. 1st pro tennis match I ever watched live was Andy vs Feliciano under the lights in Indian Wells! #goodtimes,2025-03-08,unknown_user,,Twitter (tweet_eval),en,tweet_eval_sentiment,positive,Unknown,Unknown,False
348,"even with all those rough edges safely sanded down , the american insomnia is still pretty darned good .",2024-04-13,unknown_user,,Rotten Tomatoes,en,rotten_tomatoes,positive,Unknown,Unknown,False
349,keenest pleasures ,2025-01-26,unknown_user,,SST-2,en,sst2,positive,Unknown,Unknown,False
350,"the vitality of the actors keeps the intensity of the film high , even as the strafings blend together .",2025-02-17,unknown_user,,Rotten Tomatoes,en,rotten_tomatoes,positive,Unknown,Unknown,False
351,"End (the myth of) rape culture.  Kurt Cobain may have written ""Rape Me"" as an anti-rape protest song, but...",2024-07-27,unknown_user,,Twitter (tweet_eval),en,tweet_eval_sentiment,neutral,Unknown,Unknown,False
352,@user Never trust Comey😡 if it wasn't for him we would have Hillary 😠 F Comey!! Get rid of him,2024-03-10,unknown_user,,Twitter (tweet_eval),en,tweet_eval_sentiment,negative,Unknown,Unknown,False
353,If I rise tomorrow and there's no sign of 1) Zayn throwing a public tantrum or 2) Nicki taking over the world then I'm checking out of life,2024-01-24,unknown_user,,Twitter (tweet_eval),en,tweet_eval_sentiment,neutral,Unknown,Unknown,False
354,"a pathetic exploitation film that tries to seem sincere , and just seems worse for the effort .",2024-06-04,unknown_user,,Rotten Tomatoes,en,rotten_tomatoes,negative,Unknown,Unknown,False
355,@user fancy going to the leonard cohen concert with me n my madre november 9? It should be heavenly,2024-04-09,unknown_user,,Twitter (tweet_eval),en,tweet_eval_sentiment,positive,Unknown,Unknown,False
356,@user @user @user answer to you question = Nazi,2024-07-20,unknown_user,,Twitter (tweet_eval),en,tweet_eval_sentiment,negative,Unknown,Unknown,False
357,check your brain and your secret agent decoder ring at the door because you don't want to think too much about what's going on . the movie does has some entertainment value - how much depends on how well you like chris rock .,2024-01-07,unknown_user,,Rotten Tomatoes,en,rotten_tomatoes,negative,Unknown,Unknown,False
358,John cena and the primetime players vs the The new day members Big E and Kofi Kingston and Seth Rollins now on wwe monday night raw 9/7/2015,2025-02-07,unknown_user,,Twitter (tweet_eval),en,tweet_eval_sentiment,neutral,Unknown,Unknown,False
359,"Don't build walls, divest from fossil fuels! Climate Change Will Stir ‘Unimaginable’ Refugee Crisis -https://t.co/dgfcOHjIRZ",2024-03-31,unknown_user,,Twitter (tweet_eval),en,tweet_eval_sentiment,negative,Unknown,Unknown,False
360,A fine afternoon photographing the Pride parade on Saturday afternoon. #BeHappy #PrideGlasgow #Pride2015,2024-12-12,unknown_user,,Twitter (tweet_eval),en,tweet_eval_sentiment,positive,Unknown,Unknown,False
361,( the kid 's ) just too bratty for sympathy ,2024-11-15,unknown_user,,SST-2,en,sst2,negative,Unknown,Unknown,False
362,COP22 Marrakech: Women Rising for Climate Justice #EmilyArasim #UnitedNations,2024-02-08,unknown_user,,Twitter (tweet_eval),en,tweet_eval_sentiment,neutral,Unknown,Unknown,False
363,"I may be biased, I am the author of the novel The Hungry Bachelors Club, self-published in 1994. The screenplay was written by my good friend and hungry bachelor, Fred Dresch, who was the inspiration for the character Marlon in the film. I couldn't be more pleased with the traile",2024-07-28,unknown_user,,IMDB,en,imdb,positive,Unknown,Unknown,False
364,'s just plain lurid ,2024-10-20,unknown_user,,SST-2,en,sst2,negative,Unknown,Unknown,False
365,"chicago offers much colorful eye candy , including the spectacle of gere in his dancing shoes , hoofing and crooning with the best of them .",2025-04-20,unknown_user,,Rotten Tomatoes,en,rotten_tomatoes,positive,Unknown,Unknown,False
366,Not sure if it's 14 august or Eid ul fitar.,2024-06-20,unknown_user,,Twitter (tweet_eval),en,tweet_eval_sentiment,neutral,Unknown,Unknown,False
367,"a full world has been presented onscreen , not some series of carefully structured plot points building to a pat resolution . ",2025-03-20,unknown_user,,SST-2,en,sst2,positive,Unknown,Unknown,False
368,@user and you think the sun shines of out Tony Blair's ass....you are no better than a paid shill,2024-08-25,unknown_user,,Twitter (tweet_eval),en,tweet_eval_sentiment,negative,Unknown,Unknown,False
369,@user @user oh my god I'm obsessed. Soo upset they don't have the 4th season on Netflix though,2024-05-27,unknown_user,,Twitter (tweet_eval),en,tweet_eval_sentiment,positive,Unknown,Unknown,False
370,"@user @user Nazi philosophy defined: Breathtaking douchebag stuff. Also, a form of Socialism",2024-08-21,unknown_user,,Twitter (tweet_eval),en,tweet_eval_sentiment,negative,Unknown,Unknown,False
371,an odd drama set in the world of lingerie models and bar dancers in the midwest that held my interest precisely because it did n't try to . ,2024-07-28,unknown_user,,SST-2,en,sst2,positive,Unknown,Unknown,False
372,@user i'm going to try to wake up for Yoga on the Beach tomorrow ^^ It's later on Sundays so I might actually make it...,2024-07-02,unknown_user,,Twitter (tweet_eval),en,tweet_eval_sentiment,positive,Unknown,Unknown,False
373,@user So...the party of the robots?,2024-02-21,unknown_user,,Twitter (tweet_eval),en,tweet_eval_sentiment,neutral,Unknown,Unknown,False
374,"the movie occasionally threatens to become didactic , but it's too grounded in the reality of its characters to go over the edge . a touch of humor or an unexpected plot twist always pulls it back .",2024-08-10,unknown_user,,Rotten Tomatoes,en,rotten_tomatoes,positive,Unknown,Unknown,False
375,@user we'll see you on 2 May in Milan,2024-05-30,unknown_user,,Twitter (tweet_eval),en,tweet_eval_sentiment,neutral,Unknown,Unknown,False
376,Tennessee Tech\u2019s Steve Payne says Murray State does things the right way - Oct 24 @ 6:47 PM ET,2024-08-06,unknown_user,,Twitter (tweet_eval),en,tweet_eval_sentiment,positive,Unknown,Unknown,False
377,"""Tribe Uses Homers to Set Sale; Indians 3, White Sox 2: The Indians beat Chris Sale and the White Sox, 3-2, Mon...",2024-08-26,unknown_user,,Twitter (tweet_eval),en,tweet_eval_sentiment,neutral,Unknown,Unknown,False
378,@user I finally got moto g 3rd gen but its camera is not good as my Nokia lumia 720 is there something wrong in the unit which I got,2025-04-21,unknown_user,,Twitter (tweet_eval),en,tweet_eval_sentiment,neutral,Unknown,Unknown,False
379,1st time to watch PBA. Best Seat on the House!! Thanx sahia! =) @ SMART Araneta Coliseum,2024-09-21,unknown_user,,Twitter (tweet_eval),en,tweet_eval_sentiment,positive,Unknown,Unknown,False
380,@user @user @user Don:Please have the Conway girl send this to all the deplorables that voted for the 2016  scam,2024-10-18,unknown_user,,Twitter (tweet_eval),en,tweet_eval_sentiment,negative,Unknown,Unknown,False
381,@user perfect @user,2024-04-04,unknown_user,,Twitter (tweet_eval),en,tweet_eval_sentiment,neutral,Unknown,Unknown,False
382,"things really get weird , though not particularly scary : ",2025-02-25,unknown_user,,SST-2,en,sst2,negative,Unknown,Unknown,False
383,"@user Yep, that's Putin's girl, same as Bernie and Trump puppets.",2025-02-10,unknown_user,,Twitter (tweet_eval),en,tweet_eval_sentiment,negative,Trump,Unknown,False
384,@user tweeting\u002c beats me to the punch. I\u2019m sure he aims to beat everybody else tomorrow night in NNS race #NASCAR,2024-11-02,unknown_user,,Twitter (tweet_eval),en,tweet_eval_sentiment,neutral,Unknown,Unknown,False
385,"All Cheney could say is that's it's Obama's fault...classic, as if Iran started its nuke program on Jan 1st 2009",2024-09-02,unknown_user,,Twitter (tweet_eval),en,tweet_eval_sentiment,negative,Obama,Unknown,False
386,Oh! So bummed @user has no rooms avail on the 16th! Where the heck am I supposed to stay when I see Madonna?,2024-10-01,unknown_user,,Twitter (tweet_eval),en,tweet_eval_sentiment,negative,Unknown,Unknown,False
387,Clearly an attempt to scare people people into supporting more gun control,2024-03-19,unknown_user,,Twitter (tweet_eval),en,tweet_eval_sentiment,negative,Unknown,Unknown,False
388,Sweet Sunday morning with the King...  Bob Marley #reggaemusic #emancipateyourself,2024-06-16,unknown_user,,Twitter (tweet_eval),en,tweet_eval_sentiment,positive,Unknown,Unknown,False
389,National Ice Cream day on Sunday and now it's National Hot Dog Day? Is the calendar trying to kill me???,2024-01-08,unknown_user,,Twitter (tweet_eval),en,tweet_eval_sentiment,negative,Unknown,Unknown,False
390,We may as well be part of China the day Kanye West gets to the White House.,2024-05-16,unknown_user,,Twitter (tweet_eval),en,tweet_eval_sentiment,negative,Unknown,Unknown,False
391,"""School starts on monday, I want to crai.""",2024-05-25,unknown_user,,Twitter (tweet_eval),en,tweet_eval_sentiment,negative,Unknown,Unknown,False
392,"""Do you own a Nissan Titan in Mesa, Jim Click wants to be your one stop  automotive destination. Visit us at",2024-10-09,unknown_user,,Twitter (tweet_eval),en,tweet_eval_sentiment,neutral,Unknown,Unknown,False
393,Glad tomorrow is my last day at the Skate Center . Working one day a week is a joke ! Lol . #GottaFindANewJob,2025-01-13,unknown_user,,Twitter (tweet_eval),en,tweet_eval_sentiment,positive,Unknown,Unknown,False
394,Baron Corbin might actually have the 2nd best job in the world next to Brock Lesnar   Arrive Squash/Get Paid Leave Repeat,2025-04-12,unknown_user,,Twitter (tweet_eval),en,tweet_eval_sentiment,positive,Unknown,Unknown,False
395,kinnear gives a tremendous performance .,2024-12-22,unknown_user,,Rotten Tomatoes,en,rotten_tomatoes,positive,Unknown,Unknown,False
396,"""Still have 2 x Foo Fighters tickets for sale for tomorrow at the Milton Keynes bowl @ 4pm.  Unable to go, message me for details.""",2024-11-22,unknown_user,,Twitter (tweet_eval),en,tweet_eval_sentiment,neutral,Unknown,Unknown,False
397,"""HEROES! Well, almost. These four lucky residents scored gigs in 'Ant-Man.' Check out the story tomorrow!",2025-04-10,unknown_user,,Twitter (tweet_eval),en,tweet_eval_sentiment,positive,Unknown,Conservatives,False
398,Only reason im excited for tomorrow is the AC/DC concert,2025-05-04,unknown_user,,Twitter (tweet_eval),en,tweet_eval_sentiment,positive,Unknown,Unknown,False
399,"@user Deeply inspired by David Bowie - ashes to ashes and pink floyd, set the controls for the heart of the sun = depressing game""",2024-10-28,unknown_user,,Twitter (tweet_eval),en,tweet_eval_sentiment,negative,Unknown,Unknown,False
400,an estrogen opera so intensely feminine that it serves as the antidote ( and cannier doppelganger ) to diesel's xxx flex-a-thon .,2024-02-06,unknown_user,,Rotten Tomatoes,en,rotten_tomatoes,positive,Unknown,Unknown,False
401,"@user ""As conservatives, we also care about your sexuality though"".",2024-07-22,unknown_user,,Twitter (tweet_eval),en,tweet_eval_sentiment,negative,Unknown,Conservatives,False
402,"""Can't wait for tomorrow's headline: """"Nicki beats the hell out of Miley at VMA after party""""""",2024-02-24,unknown_user,,Twitter (tweet_eval),en,tweet_eval_sentiment,positive,Unknown,Unknown,False
403,directed the film from the back of a taxicab ,2024-06-01,unknown_user,,SST-2,en,sst2,negative,Unknown,Unknown,False
404,"@user u 2 missed it. statement was plotted to take attention away from UK national Rahul Gandhi. 2ndly, such BS ll hit fan in Apr.""",2024-11-21,unknown_user,,Twitter (tweet_eval),en,tweet_eval_sentiment,negative,Rahul Gandhi,INC (Congress),False
405,Tomorrow is National Ice Cream Day! Here's every place you can get free ice cream:,2024-02-15,unknown_user,,Twitter (tweet_eval),en,tweet_eval_sentiment,positive,Unknown,Unknown,False
406,Nice video of latest tests @user for self-driving cars. Easy ride 🚗,2025-01-16,unknown_user,,Twitter (tweet_eval),en,tweet_eval_sentiment,positive,Unknown,Unknown,False
407,I could listen to the black Friday songs Kendrick and cole dropped all day man fr,2024-03-21,unknown_user,,Twitter (tweet_eval),en,tweet_eval_sentiment,positive,Unknown,Unknown,False
408,Why the Electoral College must choose Clinton. #faithlesselectors #hamiltonelectors #ElectoralCollege #StillWithHer,2025-03-31,unknown_user,,Twitter (tweet_eval),en,tweet_eval_sentiment,positive,Unknown,Unknown,False
409,Foo Fighters and The Vamps on the same list?!! thats why i love New Music Friday playlist on Spotify @user,2024-12-20,unknown_user,,Twitter (tweet_eval),en,tweet_eval_sentiment,positive,Unknown,Unknown,False
410,@user You lied your way through the entire campaign. not going to believe u now. Hiring racists and and white supremacists. SAD,2024-12-22,unknown_user,,Twitter (tweet_eval),en,tweet_eval_sentiment,negative,Unknown,Unknown,False
411,Jim Murphy as a conflict resolution adviser? the most inspired choice since Tony Blair became a peace envoy :-/,2024-12-13,unknown_user,,Twitter (tweet_eval),en,tweet_eval_sentiment,neutral,Unknown,Unknown,False
412,@user Mr. Arici didn't even pretend to donate to charity while paying to undermine our country with a dictator?,2024-09-27,unknown_user,,Twitter (tweet_eval),en,tweet_eval_sentiment,neutral,Unknown,Unknown,False
413,@user I guess the world's super power putting a brutal economic embargo didn't hurt Cuba at all,2025-04-11,unknown_user,,Twitter (tweet_eval),en,tweet_eval_sentiment,neutral,Unknown,Unknown,False
414,"""Carly Fiorina: 'Game On': Carly Fiorina explained on Fox News Sunday this morning that the presidential """"race ...",2024-11-24,unknown_user,,Twitter (tweet_eval),en,tweet_eval_sentiment,neutral,Unknown,Unknown,False
415,@user Your mail monday with Fps Russia was such a tease lol,2024-08-10,unknown_user,,Twitter (tweet_eval),en,tweet_eval_sentiment,negative,Unknown,Unknown,False
416,"""this Monday 21st of December, 7:30 PM in Jerusalem, the (unofficial) embassy of Iran will be opened by a group of...",2024-01-31,unknown_user,,Twitter (tweet_eval),en,tweet_eval_sentiment,neutral,Unknown,Unknown,False
417,"""90% of Muslims may be good individually. But, in a mob, 95%of Muslims are just fanatic idiots.",2024-05-10,unknown_user,,Twitter (tweet_eval),en,tweet_eval_sentiment,negative,Unknown,Unknown,False
418,"""This Sunday join us for \""""""""Living in the Valley.\""""""""",2025-01-02,unknown_user,,Twitter (tweet_eval),en,tweet_eval_sentiment,neutral,Unknown,Unknown,False
419,"""Finally sat and watched it. David Bowie's #Blackstar is PERFECT. More of this, less of everything else.""",2025-01-06,unknown_user,,Twitter (tweet_eval),en,tweet_eval_sentiment,positive,Unknown,Unknown,False
420,Brook Lopez gets a short shot +1\u002c #brooklynnets lead 71-56 w/ 4:20 to play in the 3rd quarter. #hellobrooklyn,2024-11-16,unknown_user,,Twitter (tweet_eval),en,tweet_eval_sentiment,neutral,Unknown,Unknown,False
421,Made a 96 on that paper that was due the Monday after Thanksgiving break!,2024-07-05,unknown_user,,Twitter (tweet_eval),en,tweet_eval_sentiment,neutral,Unknown,Unknown,False
422,Isn't Japan's debt large too: The Mainichi answers common questions readers may have about Japan's large debts...,2025-01-25,unknown_user,,Twitter (tweet_eval),en,tweet_eval_sentiment,negative,Unknown,Unknown,False
423,"""My verdict on Paper Towns: solid 8/10. Very nice, simply done. May have fallen in love with Nat Wolff's acting more than humanly possible.""",2024-09-03,unknown_user,,Twitter (tweet_eval),en,tweet_eval_sentiment,positive,Unknown,Unknown,False
424,"""Kanye West is wrong. It may be more pleasant to think that success is binary, but it's definitely not.""",2024-05-23,unknown_user,,Twitter (tweet_eval),en,tweet_eval_sentiment,negative,Unknown,Unknown,False
425,"quirky , charming and ",2024-10-15,unknown_user,,SST-2,en,sst2,positive,Unknown,Unknown,False
426,what more can be expected from a college comedy that's target audience hasn't graduated from junior high school ?,2025-03-16,unknown_user,,Rotten Tomatoes,en,rotten_tomatoes,negative,Unknown,Unknown,False
427,"@user go to sleep you have school tomorrow""",2025-05-12,unknown_user,,Twitter (tweet_eval),en,tweet_eval_sentiment,neutral,Unknown,Unknown,False
428,Tonight - we test one of our Nuit Blanche projects! Nuit Blanche is coming up! What are we doing you ask?,2025-05-01,unknown_user,,Twitter (tweet_eval),en,tweet_eval_sentiment,neutral,Unknown,Unknown,False
429,"with a story inspired by the tumultuous surroundings of los angeles , where feelings of marginalization loom for every dreamer with a burst bubble , the dogwalker has a few characters and ideas , but it never manages to put them on the same path .",2024-06-27,unknown_user,,Rotten Tomatoes,en,rotten_tomatoes,negative,Unknown,Conservatives,False
430,I get it now he told @user  tomorrow so she wouldn't come. Dang nobody likes Calle.,2024-12-05,unknown_user,,Twitter (tweet_eval),en,tweet_eval_sentiment,negative,Unknown,Unknown,False
431,Voter registration is on-going. Tweet @user for directions to where you can register in your constituency#NiShowPower,2024-01-09,unknown_user,,Twitter (tweet_eval),en,tweet_eval_sentiment,neutral,Unknown,Unknown,False
432,"it's more enjoyable than i expected , though , and that's because the laughs come from fairly basic comedic constructs . cinematic pratfalls given a working over . the cast is spot on and the mood is laid back .",2024-02-19,unknown_user,,Rotten Tomatoes,en,rotten_tomatoes,positive,Unknown,Unknown,False
433,POWERFUL #AUDIO #TEACHINGS = #ConservativeReview #MarkLevin #CommonCore #Immigration #Conservatism #DanielHorowitz,2024-01-01,unknown_user,,Twitter (tweet_eval),en,tweet_eval_sentiment,neutral,Unknown,Conservatives,False
434,The Anti-Trump Riots are a Smokescreen to Abolish the Electoral college:,2024-02-06,unknown_user,,Twitter (tweet_eval),en,tweet_eval_sentiment,negative,Trump,Unknown,False
435,#Yanukovych seems much more willing to take questions from the media than @user often is! #UkrAine,2025-02-03,unknown_user,,Twitter (tweet_eval),en,tweet_eval_sentiment,neutral,Unknown,Unknown,False
436,Pumpkin spice flavor is already back at dunkin and I don't know how to feel because it's still august,2024-10-02,unknown_user,,Twitter (tweet_eval),en,tweet_eval_sentiment,positive,Unknown,Unknown,False
437,LOL --> China Censors ‘Kim Fatty the Third’ From Search Results After North... by #prchovanec via @user,2025-03-04,unknown_user,,Twitter (tweet_eval),en,tweet_eval_sentiment,neutral,Unknown,Unknown,False
438,Not bashing on Calibraska because I liked it but true because so many girls are not here for the music.,2024-06-02,unknown_user,,Twitter (tweet_eval),en,tweet_eval_sentiment,positive,Unknown,Unknown,False
439,Lin picks up a loose ball and just trucks Stuckey. Unfortunately\u002c that\u2019s not allowed\u002c to bench with 4th foul as Pistons reclaim lead\u002c 67-65.,2025-01-23,unknown_user,,Twitter (tweet_eval),en,tweet_eval_sentiment,negative,Unknown,Unknown,False
440,the ups and downs of friendships ,2025-04-30,unknown_user,,SST-2,en,sst2,positive,Unknown,Unknown,False
441,"NBC should be ashamed. I wouldn't allow my children to see this. I definitely would tell my church to stay away. This movie is proof as to why NBC has always been a 3rd rate network The producers, actors, and writers should get on their knees and beg God's forgiveness for making ",2024-10-10,unknown_user,,IMDB,en,imdb,negative,Unknown,Unknown,False
442,Kind of a throwback to Eid when the sun and I guess wind was in our faces,2025-04-11,unknown_user,,Twitter (tweet_eval),en,tweet_eval_sentiment,neutral,Unknown,Unknown,False
443,"Coming from Kiarostami, this art-house visual and sound exposition is a surprise. For a director known for his narratives and keen observation of humans, especially children, this excursion into minimalist cinematography begs for questions: Why did he do it? Was it to keep him bu",2025-03-11,unknown_user,,IMDB,en,imdb,negative,Unknown,Unknown,False
444,Temple\u002c Drexel\u002c Penn\u002c NY SD\u002c state of NJ - closed for Monday and Tuesday. Philly SD? Still thinking about it. #thatmakessense #noitdoesnt,2024-03-08,unknown_user,,Twitter (tweet_eval),en,tweet_eval_sentiment,negative,Unknown,Unknown,False
445,"uneven , self-conscious but often hilarious spoof .",2024-09-15,unknown_user,,Rotten Tomatoes,en,rotten_tomatoes,positive,Unknown,Unknown,False
446,"Walking home after the film, I was humming the familiar waltz music that Natalia and Alexandre were dancing to. I've heard that before - where? Ah, from Kubrick's ""Eyes Wide Shut"" (track 2), 'got it just as I arrived at the door. It's ""Waltz No. 2 from Jazz Suite No. 2"" composed ",2025-03-12,unknown_user,,IMDB,en,imdb,positive,Unknown,Unknown,False
447,One for your diary. We have reindeer's coming to the garden centre on Saturday the 8th of December.,2024-09-09,unknown_user,,Twitter (tweet_eval),en,tweet_eval_sentiment,neutral,Unknown,Unknown,False
448,"the action switches between past and present , but the material link is too tenuous to anchor the emotional connections that purport to span a 125-year divide . ",2024-12-05,unknown_user,,SST-2,en,sst2,negative,Unknown,Unknown,False
449,Donald Trump lied?  What?  Never!  Donald Trump never says anything without having seriously meant it! *Sarcasm!De…,2024-08-01,unknown_user,,Twitter (tweet_eval),en,tweet_eval_sentiment,negative,Trump,Unknown,False
450,@user @user the video wasn't aimed about gun control rather mental issues that this young boy struggle w/,2025-02-22,unknown_user,,Twitter (tweet_eval),en,tweet_eval_sentiment,negative,Unknown,Unknown,False
451,"though it runs 163 minutes , safe conduct is anything but languorous . it's packed to bursting with incident , and with scores of characters , some fictional , some from history .",2024-04-14,unknown_user,,Rotten Tomatoes,en,rotten_tomatoes,positive,Unknown,Conservatives,False
452,"#Eurozone BREAKING: Vladimir Putin admits Kim Jong-un is better in every way and would ""love to see... [his] face"" #SydMUN16",2024-09-05,unknown_user,,Twitter (tweet_eval),en,tweet_eval_sentiment,positive,Unknown,Unknown,False
453,Braille and Large Print Game Night is this coming Tuesday at MLK Jr. Library Room 215 from 6pm to 8pm. See you there!,2025-02-17,unknown_user,,Twitter (tweet_eval),en,tweet_eval_sentiment,neutral,Unknown,Unknown,False
454,speaks eloquently about the symbiotic relationship between art and life .,2025-02-03,unknown_user,,Rotten Tomatoes,en,rotten_tomatoes,positive,Unknown,Unknown,False
455,Anything keeping me going is the Zac Brown Band concert in November,2024-05-12,unknown_user,,Twitter (tweet_eval),en,tweet_eval_sentiment,positive,Unknown,Unknown,False
456,"@user if I buy you a ticket to Ed Sheeran in Dallas on September 5th, will you go with me""",2024-12-11,unknown_user,,Twitter (tweet_eval),en,tweet_eval_sentiment,neutral,Unknown,Unknown,False
457,@user @user yeah but then again Kane has respect for Abby and still butts heads with her so it may happen,2025-02-19,unknown_user,,Twitter (tweet_eval),en,tweet_eval_sentiment,neutral,Unknown,Unknown,False
458,@user @user I'm now seriously tempted to re-read the 1st book and see if Cara fits. I still need to see Paper towns though,2024-05-25,unknown_user,,Twitter (tweet_eval),en,tweet_eval_sentiment,positive,Unknown,Unknown,False
459,I haven't even officially started working at Dunkin yet and I already don't want to go in tomorrow lol,2025-04-10,unknown_user,,Twitter (tweet_eval),en,tweet_eval_sentiment,negative,Unknown,Unknown,False
460,"""Advertising is getting so aggressive, just saw a billboard asking """"""""will you get HIV today? will you get HIV tonight? How about tomorrow?""""""""""",2024-09-27,unknown_user,,Twitter (tweet_eval),en,tweet_eval_sentiment,negative,Unknown,Unknown,False
461,all analyze that proves is that there is really only one movie's worth of decent gags to be gleaned from the premise .,2024-06-25,unknown_user,,Rotten Tomatoes,en,rotten_tomatoes,negative,Unknown,Unknown,False
462,@user it has a scene where Ice Cube sits at a lap top and says.. this his funny.. and his wife says You finished? Friday is dope.,2025-04-07,unknown_user,,Twitter (tweet_eval),en,tweet_eval_sentiment,positive,Unknown,Unknown,False
463,"@user doing a #XF3DayHiatus watch over the weekend! Sat Bad Blood, Sun Arcadia, Mon PMP all at 8pm EST - join in the fun!""",2024-09-27,unknown_user,,Twitter (tweet_eval),en,tweet_eval_sentiment,positive,Unknown,Unknown,False
464,"""Seeing Frank Ocean in two days, is literally the one and only thing on my mind, until 10:45 p.m., Saturday night.""",2024-08-21,unknown_user,,Twitter (tweet_eval),en,tweet_eval_sentiment,positive,Unknown,Unknown,False
465,@user i think i go tomorrow. Cuz im on my way to my dad first cuz i have no money to go to interlaken T.T i just hope hes there tomorow,2024-03-02,unknown_user,,Twitter (tweet_eval),en,tweet_eval_sentiment,negative,Unknown,Unknown,False
466,Tomorrow: Read about the very special playhouse Prince George will receive #shepherdshut #royals @user,2024-02-13,unknown_user,,Twitter (tweet_eval),en,tweet_eval_sentiment,neutral,Unknown,Unknown,False
467,30 Seconds to Mars - Night of the Hunter (Shannon Leto Remix) - Single - 18 Sep 2012,2024-11-05,unknown_user,,Twitter (tweet_eval),en,tweet_eval_sentiment,neutral,Unknown,Unknown,False
468,@user live @user Fairground ex bengkel 6 Oct 2012. be there lads... enjoy the show,2024-12-18,unknown_user,,Twitter (tweet_eval),en,tweet_eval_sentiment,positive,Unknown,Unknown,False
469,Kendrick Lamar may (or may not) have brought out the best (or worst) of me.,2024-10-02,unknown_user,,Twitter (tweet_eval),en,tweet_eval_sentiment,neutral,Unknown,Unknown,False
470,offers that rare combination of entertainment and education .,2024-07-02,unknown_user,,Rotten Tomatoes,en,rotten_tomatoes,positive,Unknown,Unknown,False
471,"""Angry Rodgers denies Sterling refused to play for England: Roy Hodgson claimed on Tuesday the winger was """"""""too ...",2025-04-12,unknown_user,,Twitter (tweet_eval),en,tweet_eval_sentiment,negative,Unknown,Unknown,False
472,#ThrowbackThursday: our weekly dive into the Toyota archives: Every Thursday we take a look ... #toyota #usedcars,2024-08-18,unknown_user,,Twitter (tweet_eval),en,tweet_eval_sentiment,neutral,Unknown,Unknown,False
473,@user Sad..but not the 1st time &amp; I'm a sports fan &amp; a kids for education bluff..its all Scott Walker..you cant feel but sad for Wi.,2024-08-13,unknown_user,,Twitter (tweet_eval),en,tweet_eval_sentiment,negative,Unknown,Unknown,False
474,Chris Bosh may not be easy on the eyes\u002c but he has a freakin beautiful family!,2024-04-25,unknown_user,,Twitter (tweet_eval),en,tweet_eval_sentiment,positive,Unknown,Unknown,False
475,"The future of 3D printing? formnext 2016 showcases new tech from Nano Dimension, HP, others - #3dp",2024-08-23,unknown_user,,Twitter (tweet_eval),en,tweet_eval_sentiment,neutral,Unknown,Unknown,False
476,"""Al Pacino to play Joe Paterno in biopic..this is going to be his 2nd film where he says \""""""""Say hello to my little friend\"""""""" -@sethmeyers21""",2024-11-10,unknown_user,,Twitter (tweet_eval),en,tweet_eval_sentiment,neutral,Unknown,Unknown,False
477,They may as well start talking about Kim Kardashian's new camel coat...,2025-03-31,unknown_user,,Twitter (tweet_eval),en,tweet_eval_sentiment,neutral,Unknown,Unknown,False
478,got me looking at this paper Mars rules Tuesday and its color is Red and nights ago it was  a Blood Moon now  checking date @user,2024-12-19,unknown_user,,Twitter (tweet_eval),en,tweet_eval_sentiment,neutral,Unknown,Unknown,False
479,"Meet your new (old) favorite endless runner for iOS, Race the Sun - Macworld",2024-02-22,unknown_user,,Twitter (tweet_eval),en,tweet_eval_sentiment,neutral,Unknown,Unknown,False
480,@user I hope you make history Sunday. Show Seth Rollins what being champion is all about,2024-07-30,unknown_user,,Twitter (tweet_eval),en,tweet_eval_sentiment,positive,Unknown,Conservatives,False
481,"@user Definitely starting my weekend with Rickard's Cardigan, several pounds of wings and Monday Night football.""",2024-06-16,unknown_user,,Twitter (tweet_eval),en,tweet_eval_sentiment,positive,Unknown,Unknown,False
482,#RaulCastro: #Cuban #government will not #allow to be named after #Fidel the street and put him monuments…,2024-12-27,unknown_user,,Twitter (tweet_eval),en,tweet_eval_sentiment,neutral,Unknown,Unknown,False
483,"Jay-z may not be the best looking guy, but he proves to others that looks aren't everything",2024-07-04,unknown_user,,Twitter (tweet_eval),en,tweet_eval_sentiment,positive,Unknown,Unknown,False
484,Playstation Vita will receive great additions and games: As you may have seen with our previous blog post on the...,2024-04-18,unknown_user,,Twitter (tweet_eval),en,tweet_eval_sentiment,positive,Unknown,Unknown,False
485,"#Iraq, #Mosul | #Iraqi_Forces regains control on neighborhoods east of Mosulhttps://t.co/etDq7hxPvQ#mosuloffensive #MosulAid #journalism",2024-11-06,unknown_user,,Twitter (tweet_eval),en,tweet_eval_sentiment,positive,Unknown,Unknown,False
486,"#UN #UnitedNations: Security en #Mexico Must be Handled by Civilians, not the Army",2024-09-22,unknown_user,,Twitter (tweet_eval),en,tweet_eval_sentiment,neutral,Unknown,Unknown,False
487,Putin calls Saakashvili’s appointment as Odessa governor ‘spit in Ukraine’s face’https://t.co/J2RyKnvbes,2024-10-06,unknown_user,,Twitter (tweet_eval),en,tweet_eval_sentiment,neutral,Unknown,Unknown,False
488,"This girl is straight delusional! Hillary ain't going to jail.  She might visit one, but go...LOLOL",2024-07-14,unknown_user,,Twitter (tweet_eval),en,tweet_eval_sentiment,neutral,Unknown,Unknown,False
489,"The Stunts sequences (as well as the Special Effects) are Brilliant, in this movie. Michael Scherer must be one of Canadas BEST Stunt Co-ordinators of all time. The explosion in the Café, is a wonderful combination of Stunts, Special Effects AND Visual Effects. The Director HAD a",2024-10-31,unknown_user,,IMDB,en,imdb,positive,Unknown,Unknown,False
490,"""It's 16 Oct 1834 and the ancient Houses of Parliament are on fire: @user is 'live'-tweeting this """"""""forgotten national catastrophe""""""""""",2024-06-26,unknown_user,,Twitter (tweet_eval),en,tweet_eval_sentiment,negative,Unknown,Unknown,False
491,Moto G (2nd Generation) Just Rs.8099 pay with SBI card Black White,2024-08-13,unknown_user,,Twitter (tweet_eval),en,tweet_eval_sentiment,neutral,Unknown,Unknown,False
492,Dustin Johnson dealt with another major disappointment after shooting +3 &amp; going from leading after 2 at -10 to being tied for 22nd &amp; at -7,2025-03-11,unknown_user,,Twitter (tweet_eval),en,tweet_eval_sentiment,negative,Boris Johnson,Unknown,False
493,an enjoyably half-wit remake of the venerable italian comedy big deal on madonna street .,2024-03-28,unknown_user,,Rotten Tomatoes,en,rotten_tomatoes,positive,Unknown,Unknown,False
494,Had a dream last night that EJ started Sunday against the Vikings and threw for over 400 yards and 5 TDs...a man can dream right?,2024-04-12,unknown_user,,Twitter (tweet_eval),en,tweet_eval_sentiment,positive,Unknown,Unknown,False
495,People are boycotting these 50 brands to protest Trump via @user,2024-02-26,unknown_user,,Twitter (tweet_eval),en,tweet_eval_sentiment,negative,Trump,Unknown,False
496,if only merchant paid more attention the story . ,2024-11-12,unknown_user,,SST-2,en,sst2,negative,Unknown,Conservatives,False
497,I had a dream about #Richonne last night 😊 | #Michonne #RickGrimes #OTP #TWD #TheWalkingDead,2025-01-04,unknown_user,,Twitter (tweet_eval),en,tweet_eval_sentiment,positive,Unknown,Unknown,False
498,"""Ice Cube , T Pain , Ashanti , Baby Bash , 2nd to None Live at Queen mary sept 12th. I got tickets if you need any $45 about 40 left""",2024-06-23,unknown_user,,Twitter (tweet_eval),en,tweet_eval_sentiment,neutral,Unknown,Unknown,False
499,minor film ,2024-12-21,unknown_user,,SST-2,en,sst2,negative,Unknown,Unknown,False
500,"""Joe Kelly limited the White Sox to two runs in 7 1/3 innings, snagging the win on Monday. #RedSox #MLB""",2024-06-24,unknown_user,,Twitter (tweet_eval),en,tweet_eval_sentiment,neutral,Unknown,Unknown,False
501,Da bulls will be good until drose gets back...I figure they will b a solid 4th seed when he returns,2025-03-29,unknown_user,,Twitter (tweet_eval),en,tweet_eval_sentiment,positive,Unknown,Unknown,False
502,"this hastily mounted production exists only to capitalize on hopkins' inclination to play hannibal lecter again , even though harris has no immediate inclination to provide a fourth book .",2025-05-06,unknown_user,,Rotten Tomatoes,en,rotten_tomatoes,negative,Harris,Unknown,False
503,@user @user Hate to see it. Dustin Johnson on the 1st. #headsgone,2024-09-22,unknown_user,,Twitter (tweet_eval),en,tweet_eval_sentiment,neutral,Boris Johnson,Unknown,False
504,"Comey, Russians, Facebook, stein, sanders, Assange, vote machine hackers, and now Obama",2024-01-02,unknown_user,,Twitter (tweet_eval),en,tweet_eval_sentiment,negative,Obama,Unknown,False
505,"scotland looks wonderful , the fans are often funny fanatics , the showdown sure beats a bad day of golf ",2025-01-21,unknown_user,,SST-2,en,sst2,positive,Unknown,Unknown,False
506,familiar but utterly delightful .,2025-04-03,unknown_user,,Rotten Tomatoes,en,rotten_tomatoes,positive,Unknown,Unknown,False
507,"@user @user @user @user @user read my articles. #Israel treats #Hamas daughter, people from #Gaza",2024-06-13,unknown_user,,Twitter (tweet_eval),en,tweet_eval_sentiment,neutral,Unknown,Unknown,False
508,"""it is, we may note, the goodness and loving-kindness of God our Savior that is the true model for Christians in our daily lives""",2025-01-17,unknown_user,,Twitter (tweet_eval),en,tweet_eval_sentiment,positive,Unknown,Unknown,False
509,@user same haha. Yo I had 9th overall pick in a PPR. Went Dez over Julio. Feel like Cowboys have to throw a ton with Murray gone,2024-06-28,unknown_user,,Twitter (tweet_eval),en,tweet_eval_sentiment,neutral,Unknown,Unknown,False
510,Ylianna Guerra Miss Texas USA won 1st runner up at Miss USA. So proud to say she comes from the Valley and made it this far!,2025-05-10,unknown_user,,Twitter (tweet_eval),en,tweet_eval_sentiment,positive,Unknown,Unknown,False
511,#AllStar 2011 Panini Gold Standard Stars Memorabilia 19 #LaMarcusAldridge Basketball #Card,2024-07-05,unknown_user,,Twitter (tweet_eval),en,tweet_eval_sentiment,neutral,Unknown,Unknown,False
512,"""it's august 8th and still no Frank Ocean album, when will this terror end""",2024-08-04,unknown_user,,Twitter (tweet_eval),en,tweet_eval_sentiment,negative,Unknown,Unknown,False
513,Sharknado 3 release and @user 's 29th birthday on the same day. Coincidence...? HBD Andrew!!!,2024-06-28,unknown_user,,Twitter (tweet_eval),en,tweet_eval_sentiment,positive,Unknown,Unknown,False
514,@user @user @user @user it's a data point. Being triggered by data points also something liberals do. Don't be  dumb,2025-05-09,unknown_user,,Twitter (tweet_eval),en,tweet_eval_sentiment,negative,Unknown,Liberal,False
515,@user  Saudi Arabia &amp; Many other Foreign countries may want to debate ya on that one! Lol,2025-04-07,unknown_user,,Twitter (tweet_eval),en,tweet_eval_sentiment,neutral,Unknown,Unknown,False
516,"""if Everton get beat tonight, do u think Moyes will walk out? I think he should.""",2025-02-11,unknown_user,,Twitter (tweet_eval),en,tweet_eval_sentiment,neutral,Unknown,Unknown,False
517,opening up ,2025-05-08,unknown_user,,SST-2,en,sst2,positive,Unknown,Unknown,False
518,"""Me after listening to """"Black Friday"""" by Kendrick for the first time",2024-08-25,unknown_user,,Twitter (tweet_eval),en,tweet_eval_sentiment,neutral,Unknown,Unknown,False
519,"""I'm going to visit PASRB, SEB, SPR and SMB's holes tomorrow for the #SpookyMiniPutt!! Hoping for some hole-in-ones!!! #GCWCC2012""",2024-05-17,unknown_user,,Twitter (tweet_eval),en,tweet_eval_sentiment,positive,Unknown,Unknown,False
520,"What exactly do people expect when they watch an Al Adamson film? Are they expecting classic cinema that is wonderful beyond belief and will leave them with lasting memories? You'd think so by some of the reviews. Al Adamson's films are trashy and sleazy and cheesy, not much more",2024-04-06,unknown_user,,IMDB,en,imdb,positive,Unknown,Unknown,False
521,Shawn will perform at Best Buy Theater on the 8th of September along with his Island Records family. #IslandLifeNYC,2024-01-31,unknown_user,,Twitter (tweet_eval),en,tweet_eval_sentiment,neutral,Unknown,Unknown,False
522,Hyung Jun's interview is super long! Can't believe it took me 45 minutes.. Am I this slow..,2025-01-08,unknown_user,,Twitter (tweet_eval),en,tweet_eval_sentiment,neutral,Unknown,Unknown,False
523,Rory McIlroy on top of the world after beating a resurgent Tiger Woods at the Honda Classic in Flori,2024-12-06,unknown_user,,Twitter (tweet_eval),en,tweet_eval_sentiment,positive,Unknown,Unknown,False
524,@user @user @user Hillary needs to fire up her Transition team That would certainly get Trump back on the 3am tweets,2025-02-06,unknown_user,,Twitter (tweet_eval),en,tweet_eval_sentiment,neutral,Trump,Unknown,False
525,a beautifully tooled action thriller about love and terrorism in korea .,2024-10-18,unknown_user,,Rotten Tomatoes,en,rotten_tomatoes,positive,Unknown,Unknown,False
526,Watched some of the #CMAAwards b/c of Hayden Panettiere & saw Carrie Underwood do gangnam style! lol It will be the 1st billion views video!,2024-05-06,unknown_user,,Twitter (tweet_eval),en,tweet_eval_sentiment,positive,Unknown,Unknown,False
527,"Phosphorus: highly flamable: A person who is affected by Phosphorus is energetic, outgoing, hyperactive, sociable,…",2024-04-03,unknown_user,,Twitter (tweet_eval),en,tweet_eval_sentiment,neutral,Unknown,Unknown,False
528,Oracle - Stock Market Crash Black Wednesday Rally Crushes the Bears,2024-09-12,unknown_user,,Twitter (tweet_eval),en,tweet_eval_sentiment,neutral,Unknown,Unknown,False
529,does n't wrap the proceedings up neatly ,2024-08-01,unknown_user,,SST-2,en,sst2,negative,Unknown,Unknown,False
530,Who\u2019s next then? The Togo team of Emmanuel Adebayor (TOT)\u002c that\u2019s who. 1-1 away from 1st leg. 0-0 after 30 mins of the 2nd.,2025-04-29,unknown_user,,Twitter (tweet_eval),en,tweet_eval_sentiment,neutral,Unknown,Unknown,False
531,"""29 November 1989- The UVF gunned down IRA man Liam Ryan and Michael Devlin at the Battery Bar in Ardboe, Co Tyrone",2024-01-12,unknown_user,,Twitter (tweet_eval),en,tweet_eval_sentiment,negative,Unknown,Unknown,False
532,"a gentle , compassionate drama about grief and healing .",2025-03-20,unknown_user,,Rotten Tomatoes,en,rotten_tomatoes,positive,Unknown,Unknown,False
533,Hawks vs rockets today\u002chawks vs thunder Sunday.so glad the NBA is back,2024-04-14,unknown_user,,Twitter (tweet_eval),en,tweet_eval_sentiment,positive,Unknown,Unknown,False
534,I want to go watch Denzel\u2019s new movie tomorrow! Someone take meeeeeeeeeee.,2024-10-17,unknown_user,,Twitter (tweet_eval),en,tweet_eval_sentiment,neutral,Unknown,Unknown,False
535,@user maybe you need to keep your opion to yourself about the cy young award .,2024-01-25,unknown_user,,Twitter (tweet_eval),en,tweet_eval_sentiment,neutral,Unknown,Unknown,False
536,"""Kanye West may be a good rapper, but Eminem is the rap god""",2025-04-30,unknown_user,,Twitter (tweet_eval),en,tweet_eval_sentiment,positive,Unknown,Unknown,False
537,Bitch idgaf if you don't want to go to school tomorrow John Cena lost,2024-03-15,unknown_user,,Twitter (tweet_eval),en,tweet_eval_sentiment,negative,Unknown,Unknown,False
538,Does he mean a tv or a giant iPad?,2024-06-11,unknown_user,,Twitter (tweet_eval),en,tweet_eval_sentiment,neutral,Unknown,Unknown,False
539,"it's an entertaining movie , and the effects , boosted to the size of a downtown hotel , will all but take you to outer space .",2024-04-30,unknown_user,,Rotten Tomatoes,en,rotten_tomatoes,positive,Unknown,Unknown,False
540,"""Official: Real Madrid and Atletico Madrid will face off Sunday October 4, will be played at 20:30, at the Calderon.""",2025-01-28,unknown_user,,Twitter (tweet_eval),en,tweet_eval_sentiment,neutral,Unknown,Unknown,False
541,"@user Hey doll, I will be riding with the cast of Sons of Anarchy for a charity event supporting the military on Aug 28th.""",2025-01-30,unknown_user,,Twitter (tweet_eval),en,tweet_eval_sentiment,neutral,Unknown,Unknown,False
542,Really hope the Red Sox play better than this on Saturday when I'm at the game,2024-07-30,unknown_user,,Twitter (tweet_eval),en,tweet_eval_sentiment,neutral,Unknown,Unknown,False
543,"""One more game and @user are toast from the playoffs as @user beat New York 87-70 at MSG to lead series 3-0, Game 4 on ABC Sunday.""",2024-12-31,unknown_user,,Twitter (tweet_eval),en,tweet_eval_sentiment,neutral,Unknown,Unknown,False
544,Gucci gob spiritual being promise august nurse the dyad yours being friendly relations procural unto functiona...,2024-03-11,unknown_user,,Twitter (tweet_eval),en,tweet_eval_sentiment,positive,Unknown,Unknown,False
545,oms on my birthday (Dec. 18th Tuesday) i want lap dances! EVERYBODY know i stay with like 50 singles in my pocket !!!,2024-08-21,unknown_user,,Twitter (tweet_eval),en,tweet_eval_sentiment,positive,Unknown,Unknown,False
546,"this picture is murder by numbers , and as easy to be bored by as your abc's , despite a few whopping shootouts .",2024-02-04,unknown_user,,Rotten Tomatoes,en,rotten_tomatoes,negative,Unknown,Unknown,False
547,The Coast Guard Station Port O'Connor boatcrews had a busy day Friday with two search and rescue operations.,2024-12-25,unknown_user,,Twitter (tweet_eval),en,tweet_eval_sentiment,neutral,Unknown,Unknown,False
548,"Thank God I watched this at a friend's place and did not pay for it. The plot is horribly transparent and the whole movie felt like an episode of a TV show. If you have any knowledge of computers or electronics, watch out. You will feel feel like the movie is an insult to your in",2024-12-24,unknown_user,,IMDB,en,imdb,negative,Unknown,Unknown,False
549,;) Seven Penny Stocks to Watch with Heavy Volume for Friday medical marijuana inc,2025-03-03,unknown_user,,Twitter (tweet_eval),en,tweet_eval_sentiment,neutral,Unknown,Unknown,False
550,Madonna is in concert tonight in St. Louis.  All the women are dressing like 80s whores.  Some of them may even go to the concert.,2024-03-12,unknown_user,,Twitter (tweet_eval),en,tweet_eval_sentiment,negative,Unknown,Unknown,False
551,One of the first things I noticed that allowed this culture to stand out among the rest was during the wake at Sole's place. An aerial shot is used to show Sole being flowered with kisses by a sea of women. I believed this was a commentary on the closeness that women had for each,2024-08-27,unknown_user,,IMDB,en,imdb,negative,Unknown,Unknown,False
552,children and adults enamored of all things pokemon won't be disappointed .,2024-12-16,unknown_user,,Rotten Tomatoes,en,rotten_tomatoes,negative,Unknown,Unknown,False
553,Isn't it remarkable how well Paul Dunne is handling this lead #TheOpen2015 some leaderboard for tomorrow,2024-05-12,unknown_user,,Twitter (tweet_eval),en,tweet_eval_sentiment,positive,Unknown,Unknown,False
554,"@user @user achieve just ends"" = fighting ANY attempt to prove citizenship to vote. You call it voter suppression.#Insanity",2024-05-24,unknown_user,,Twitter (tweet_eval),en,tweet_eval_sentiment,neutral,Unknown,Unknown,False
555,ONE LAST TIME HAPPY 22ND BIRTHDAY LIAM ANd Goodnight Shawn all the love,2025-02-17,unknown_user,,Twitter (tweet_eval),en,tweet_eval_sentiment,positive,Unknown,Unknown,False
556,I have 1 Chris Brown concert tickets for sale for this Thursday. It's a lawn seats so let me know if you're interested.,2024-07-31,unknown_user,,Twitter (tweet_eval),en,tweet_eval_sentiment,positive,Unknown,Unknown,False
557,"My former Cambridge contemporary Simon Heffer, today a writer and journalist, has put forward the theory that, just as British film-makers in the eighties were often critical of what they called ""Thatcher's Britain"", the Ealing comedies were intended as satires on ""Attlee's Brita",2024-02-04,unknown_user,,IMDB,en,imdb,positive,Unknown,Unknown,False
558,"""Listening to terrace talk on Radio City on a saturday pure brilliance,Merseyside Derby history plus the Saints a LEGEND #YNWALFC2012""",2024-09-07,unknown_user,,Twitter (tweet_eval),en,tweet_eval_sentiment,positive,Unknown,Conservatives,False
559,"#Recount2016 #UniteBlue <Silly suckersJill Stein Now Can’t ‘Guarantee’ Money Will Go to Recount, Changes $$$ Goal",2024-07-18,unknown_user,,Twitter (tweet_eval),en,tweet_eval_sentiment,neutral,Unknown,Unknown,False
560,If you're not watching surprise John Cena vines on Sunday morning then are you really doing Saturday night right?,2024-03-10,unknown_user,,Twitter (tweet_eval),en,tweet_eval_sentiment,neutral,Unknown,Unknown,False
561,Could be an Iron Bowl Sunday in Greensboro on PGA Tour with Bud Cauley and Jason Dufner near the lead. And UGA\u2019s Harris English.,2025-05-05,unknown_user,,Twitter (tweet_eval),en,tweet_eval_sentiment,neutral,Harris,Unknown,False
562,Thor thinks he's a lap dog and a face cleaner... Fun personality for sure :) He will be with us again tomorrow in...,2025-04-14,unknown_user,,Twitter (tweet_eval),en,tweet_eval_sentiment,positive,Unknown,Unknown,False
563,has all the scenic appeal of a cesspool .,2024-02-28,unknown_user,,Rotten Tomatoes,en,rotten_tomatoes,negative,Unknown,Unknown,False
564,this is n't a stand up and cheer flick ; it 's a sit down and ponder affair ,2024-07-22,unknown_user,,SST-2,en,sst2,positive,Unknown,Unknown,False
565,Where's the best place to buy a @user jersey?? @user @user @user @user,2024-07-11,unknown_user,,Twitter (tweet_eval),en,tweet_eval_sentiment,neutral,Unknown,Unknown,False
566,malcolm mcdowell is cool . paul bettany is cool . paul bettany playing malcolm mcdowell ? cool .,2024-05-09,unknown_user,,Rotten Tomatoes,en,rotten_tomatoes,positive,Unknown,Unknown,False
567,"""No white T's, No ball cap. $500 CASH to the Women in the sexiest RED dress... Raffles for Moet Rose & a pair of Red Bottoms.  September 1st""",2024-11-02,unknown_user,,Twitter (tweet_eval),en,tweet_eval_sentiment,positive,Unknown,Unknown,False
568,some remarkable achival film about how shanghai ( of all places ) served jews who escaped the holocaust .,2024-08-08,unknown_user,,Rotten Tomatoes,en,rotten_tomatoes,positive,Unknown,Unknown,False
569,"@user Hi, my name is Dayle, abd you're my inspiration ! :) (RT/Follow if you see this?)47""",2025-05-06,unknown_user,,Twitter (tweet_eval),en,tweet_eval_sentiment,positive,Unknown,Unknown,False
570,Trynna go to IHOP but all my friends are asleep so I may just go by myself #WHENINDOUBTPANCAKEITOUT,2024-05-25,unknown_user,,Twitter (tweet_eval),en,tweet_eval_sentiment,positive,Unknown,Unknown,False
571,@user but then I have to leave the house early to get dunkin and I've already accepted the fact that I'm going to be late tomorrow,2024-11-09,unknown_user,,Twitter (tweet_eval),en,tweet_eval_sentiment,neutral,Unknown,Unknown,False
572,"Science shud probe the genetic difference between the two base type of PPL,by their world view:Rightists & LEFTISTS:https://t.co/Eh0C879rbw",2024-07-03,unknown_user,,Twitter (tweet_eval),en,tweet_eval_sentiment,neutral,Unknown,Unknown,False
573,Justin Bieber tells fans to buy NHS Choir song and make it Christmas No 1,2024-01-24,unknown_user,,Twitter (tweet_eval),en,tweet_eval_sentiment,neutral,Unknown,Unknown,False
574,Ian Bennett is responsible for the majority of my favorite music right now. Thank you. I also think he may have deleted his Twitter.,2024-02-11,unknown_user,,Twitter (tweet_eval),en,tweet_eval_sentiment,positive,Unknown,Unknown,False
575,"you'll be left with the sensation of having just witnessed a great performance and , perhaps , give in to the urge to get on your feet and shake it .",2024-07-10,unknown_user,,Rotten Tomatoes,en,rotten_tomatoes,positive,Unknown,Unknown,False
576,Obama comes back to win 2nd debate with Romney on points: (AGI) New York - A more agressive Barack Obama forcefu...,2024-09-24,unknown_user,,Twitter (tweet_eval),en,tweet_eval_sentiment,neutral,Obama,Unknown,False
577,"""Happy May Day Folks! Be it celebrating the spring day of the yearly cycle, or singing Billy Bragg and talking about IWD, Have a Great Day!""",2024-04-01,unknown_user,,Twitter (tweet_eval),en,tweet_eval_sentiment,positive,Unknown,Unknown,False
578,sometimes you just need to obnoxiously sing along to mariah carey on a rainy tuesday morning,2025-03-02,unknown_user,,Twitter (tweet_eval),en,tweet_eval_sentiment,positive,Unknown,Unknown,False
579,A select person keeps reblogging certain set pieces from Magic Mike XXL onto my tumblr dash. Sis. SISTER. May God bless and keep you.,2025-02-07,unknown_user,,Twitter (tweet_eval),en,tweet_eval_sentiment,positive,Unknown,Unknown,False
580,@user @user Just saw you do the Sun. ev news  Great job.  Sad to hear about Frank Gifford..Sure Kathy Lee is devastated.,2024-06-26,unknown_user,,Twitter (tweet_eval),en,tweet_eval_sentiment,neutral,Unknown,Unknown,False
581,@user iThink they may introduce the iphone 6S but my cuzzo said the AppleWatch Red and new macbook size,2024-10-26,unknown_user,,Twitter (tweet_eval),en,tweet_eval_sentiment,neutral,Unknown,Unknown,False
582,December 4th only cause I used the beginning in my Jay-Z speech for class,2024-06-29,unknown_user,,Twitter (tweet_eval),en,tweet_eval_sentiment,positive,Unknown,Unknown,False
583,"@user @user Now, now, some of them are coming over to support Bernie Sanders, because he makes sense, but then they may agree?",2024-03-25,unknown_user,,Twitter (tweet_eval),en,tweet_eval_sentiment,positive,Unknown,Unknown,False
584,"""When Randy Orton won The WHC at Summerslam against hmm,I forgot his Name I remember Chris then B.I forgot the rest..",2024-06-16,unknown_user,,Twitter (tweet_eval),en,tweet_eval_sentiment,neutral,Unknown,Unknown,False
585,Saturday Movie Matinee: Carly Fiorina Won the Debate Going Away via @user,2024-07-21,unknown_user,,Twitter (tweet_eval),en,tweet_eval_sentiment,positive,Unknown,Unknown,False
586,In good conscience (which is really absent) dems never intended to release the poor from bondage to the gov dole. Q…,2025-03-10,unknown_user,,Twitter (tweet_eval),en,tweet_eval_sentiment,negative,Unknown,Unknown,False
587,"""Nirbhaya's parents meet Rahul Gandhi ahead of debate on Juvenile Bill in RS New Delhi, Dec 22 (UNI) Ahead of the...",2024-03-23,unknown_user,,Twitter (tweet_eval),en,tweet_eval_sentiment,neutral,Rahul Gandhi,INC (Congress),False
588,"@user Tell us abou the teenagers Saudi Arabia is chopping heads off. C'mon, peope want to know.  #BoycottSaudiArabia""",2024-12-01,unknown_user,,Twitter (tweet_eval),en,tweet_eval_sentiment,negative,Unknown,Unknown,False
589,a bad movie that happened to good actors .,2024-09-12,unknown_user,,Rotten Tomatoes,en,rotten_tomatoes,negative,Unknown,Unknown,False
590,diane lane's sophisticated performance can't rescue adrian lyne's unfaithful from its sleazy moralizing .,2024-09-24,unknown_user,,Rotten Tomatoes,en,rotten_tomatoes,negative,Unknown,Unknown,False
591,Kris Bryant grounds out to 2nd stranding Dexter Fowler 90 feet away after 5 the #Cubs trail the Rockies 5-1,2024-04-21,unknown_user,,Twitter (tweet_eval),en,tweet_eval_sentiment,neutral,Unknown,Unknown,False
592,Did you know that 'David Price' was Trending Topic on Saturday 22 for 7 hours in Canada? #trndnl,2025-03-19,unknown_user,,Twitter (tweet_eval),en,tweet_eval_sentiment,neutral,Unknown,Unknown,False
593,"@user David Beckham was once the 2nd best player in the world,playing for one of the biggest clubs too. A lot of context to that",2024-04-13,unknown_user,,Twitter (tweet_eval),en,tweet_eval_sentiment,positive,Unknown,Unknown,False
594,"a smart , sweet and playful romantic comedy .",2024-12-16,unknown_user,,Rotten Tomatoes,en,rotten_tomatoes,positive,Unknown,Unknown,False
595,@user @user @user and may i remind you that 4/5D look up to Michael Jackson lol,2024-03-17,unknown_user,,Twitter (tweet_eval),en,tweet_eval_sentiment,positive,Unknown,Unknown,False
596,Imagine Danica and Danielle meeting @user on Friday and the feeling you get to say that you helped out. #amazing #JBMeetDanica,2024-07-11,unknown_user,,Twitter (tweet_eval),en,tweet_eval_sentiment,positive,Unknown,Unknown,False
597,@user @user @user Founders apparently were wise enough to see the abortion that SF has become,2024-04-25,unknown_user,,Twitter (tweet_eval),en,tweet_eval_sentiment,neutral,Unknown,Unknown,False
598,"ultimately , jane learns her place as a girl , softens up and loses some of the intensity that made her an interesting character to begin with .",2025-02-05,unknown_user,,Rotten Tomatoes,en,rotten_tomatoes,negative,Unknown,Unknown,False
599,@user They'd look kinda cute together and atleast she's not a racist nazi so that's an upgrade,2024-11-04,unknown_user,,Twitter (tweet_eval),en,tweet_eval_sentiment,positive,Unknown,Unknown,False
600,"""We're on our way to Hoover, AL for SEC Media Days tomorrow, but tonight, we'll be cheering on @user in the Miss USA pageant!""",2024-03-30,unknown_user,,Twitter (tweet_eval),en,tweet_eval_sentiment,positive,Unknown,Unknown,False
601,Pre-order this super awesome Riot Fest shirt with all the bands on it as Chicago wards. We'd be in about the 5th...,2024-08-23,unknown_user,,Twitter (tweet_eval),en,tweet_eval_sentiment,positive,Unknown,Unknown,False
602,Messi's 100 international goals for Barcelona #fcblive  [via @user,2024-10-10,unknown_user,,Twitter (tweet_eval),en,tweet_eval_sentiment,positive,Unknown,Unknown,False
603,@user Whatever plans you may have with your family\u002c have a beautiful weekend\u002c Ying! #FF,2025-02-18,unknown_user,,Twitter (tweet_eval),en,tweet_eval_sentiment,positive,Unknown,Unknown,False
604,@user you need to come to the Houston Rodeo in march!,2024-08-15,unknown_user,,Twitter (tweet_eval),en,tweet_eval_sentiment,positive,Unknown,Unknown,False
605,Dont wanna mae any1 mad but trump(along w/most of his cabinet) is a straight white male he aint going no where whether theres a recount/not.,2025-05-12,unknown_user,,Twitter (tweet_eval),en,tweet_eval_sentiment,negative,Trump,Unknown,False
606,#SignsYouNeedToGrowUp you still hit up the Skate Center on Friday Nights,2024-10-02,unknown_user,,Twitter (tweet_eval),en,tweet_eval_sentiment,neutral,Unknown,Unknown,False
607,De La Soul's Eye Know playing in Pret - the perfect Monday tonic!,2024-03-14,unknown_user,,Twitter (tweet_eval),en,tweet_eval_sentiment,positive,Unknown,Unknown,False
608,Sat in the library trying to give laryngitis to several people via mind-power. ESPECIALLY the Liverpudlian girl. #STFU,2024-07-29,unknown_user,,Twitter (tweet_eval),en,tweet_eval_sentiment,negative,Unknown,Unknown,False
609,spiteful ,2024-01-21,unknown_user,,SST-2,en,sst2,negative,Unknown,Unknown,False
610,Doug Wead We are not out\u002c We are Up! The fight has just begun! Vote Ron Paul tomorrow Tuesday 5/15 in #OR & #NE #peace,2025-04-24,unknown_user,,Twitter (tweet_eval),en,tweet_eval_sentiment,positive,Unknown,Unknown,False
611,LiiiiiiiiiiiiiiiiiiiiiiiiiiiiiiiiiiSTOOoOoO pa RompER DC STAR nightclub 4 the 1st time SINCE 08 !!! ToY Readyy ! #dmvsofficialhost,2025-02-13,unknown_user,,Twitter (tweet_eval),en,tweet_eval_sentiment,positive,Unknown,Unknown,False
612,"""C'mon, @user Rahul Gandhi has decimated the Congress, but you're still in the party #SoniaRahulHazirHo",2025-03-19,unknown_user,,Twitter (tweet_eval),en,tweet_eval_sentiment,negative,Rahul Gandhi,INC (Congress),False
613,@user come over tomorrow? :) my mom isn\u2019t staying there with me she has to stay with the big dogs at the old house until Gordon,2024-05-17,unknown_user,,Twitter (tweet_eval),en,tweet_eval_sentiment,positive,Unknown,Unknown,False
614,Can I just fast forward to the Ed Sheeran concert Saturday,2025-04-29,unknown_user,,Twitter (tweet_eval),en,tweet_eval_sentiment,positive,Unknown,Unknown,False
615,beneath clouds is a succinct low-budget film whose compelling characters and intelligent script are exactly what was missing from rabbit-proof fence .,2024-07-30,unknown_user,,Rotten Tomatoes,en,rotten_tomatoes,positive,Unknown,Unknown,False
616,RT @user It's Kerry's birthday tonight on Big Brother. Be prepared for a Jedward in hot pants. AT 10PM. it's the Penultimate e ...,2025-03-31,unknown_user,,Twitter (tweet_eval),en,tweet_eval_sentiment,neutral,Unknown,Unknown,False
617,@user I've had several problems with Amazon Prime - Customer service has been a nightmare especially if your items are from 3rd party vendor,2025-02-12,unknown_user,,Twitter (tweet_eval),en,tweet_eval_sentiment,negative,Unknown,Unknown,False
618,"@user  Morning Simon, r u going to see Cowboys and Aliens preview on Monday or Tuesday at Lpool ONE?""",2024-08-06,unknown_user,,Twitter (tweet_eval),en,tweet_eval_sentiment,neutral,Unknown,Unknown,False
619,'Beauty and the Beast' 25th Anniversary: 20 Facts You Didn't Know by @user #beautyandthebeast,2025-02-11,unknown_user,,Twitter (tweet_eval),en,tweet_eval_sentiment,neutral,Unknown,Unknown,False
620,Very gruesome terrible injury for Marcus Lattimore (2nd year in a row) be strong\u002c the injury was similar to Mcgahee from 2003 Fiesta Bowl.,2025-03-04,unknown_user,,Twitter (tweet_eval),en,tweet_eval_sentiment,negative,Unknown,Unknown,False
621,"Minimum wage increases have, in my head!",2024-03-02,unknown_user,,Twitter (tweet_eval),en,tweet_eval_sentiment,neutral,Unknown,Unknown,False
622,"an intelligent , earnest , intimate film that drops the ball only when it pauses for blunt exposition to make sure you're getting its metaphysical point .",2025-05-01,unknown_user,,Rotten Tomatoes,en,rotten_tomatoes,positive,Unknown,Unknown,False
623,is not a bad film . ,2024-01-10,unknown_user,,SST-2,en,sst2,positive,Unknown,Unknown,False
624,a movie that takes such a speedy swan dive from `` promising '' ,2024-09-30,unknown_user,,SST-2,en,sst2,negative,Unknown,Unknown,False
625,Rousey to fight former boxer - Mixed martial arts star Ronda Rousey said Friday she will face female boxer Holly H...,2024-01-29,unknown_user,,Twitter (tweet_eval),en,tweet_eval_sentiment,neutral,Unknown,Unknown,False
626,"@user how did I miss you at The Kee on Tues? We all missed you at @user """"""""Dockside Glow"""""""" in Muskoka. Congrats on new line!""",2024-01-01,unknown_user,,Twitter (tweet_eval),en,tweet_eval_sentiment,positive,Unknown,Unknown,False
627,So Briana is allowed to smoke but not allowed to take photos by fans because it may affect the baby oKAY THEN.,2024-09-07,unknown_user,,Twitter (tweet_eval),en,tweet_eval_sentiment,negative,Unknown,Unknown,False
628,"@user Disregarding that...I mean, c'mon. Seriously... Nintendo. Japan. In the 80s. You really think they went that route?",2024-10-22,unknown_user,,Twitter (tweet_eval),en,tweet_eval_sentiment,neutral,Unknown,Unknown,False
629,"David Beckham scored a goal for parents Monday, striking back against all the critics who tell us they know how...",2025-05-07,unknown_user,,Twitter (tweet_eval),en,tweet_eval_sentiment,positive,Unknown,Unknown,False
630,"If you look at the one thing that conservatives #value, that liberals do not, it is truth.",2024-05-06,unknown_user,,Twitter (tweet_eval),en,tweet_eval_sentiment,negative,Unknown,Conservatives,False
631,Iran-Backed Houthis in Yemen Fire Missile Into Saudi Arabia: A missile fired from Yemen Saturday struck the Sa...,2025-04-14,unknown_user,,Twitter (tweet_eval),en,tweet_eval_sentiment,negative,Unknown,Unknown,False
632,This song says everything about a break up ...Rope To Hang by Neil McSweeney: Dir. Sat Johal of Crows Nest Films,2024-02-22,unknown_user,,Twitter (tweet_eval),en,tweet_eval_sentiment,neutral,Unknown,Unknown,False
633,the thing looks like a made-for-home-video quickie .,2024-01-28,unknown_user,,Rotten Tomatoes,en,rotten_tomatoes,negative,Unknown,Unknown,False
634,Where could the Il Divo guys be performing tomorrow night? Tell us where you think they are,2024-02-12,unknown_user,,Twitter (tweet_eval),en,tweet_eval_sentiment,neutral,Unknown,Unknown,False
635,So bummed I'm not going to Kenny Chesney and Jason Aldean tomorrow,2025-04-29,unknown_user,,Twitter (tweet_eval),en,tweet_eval_sentiment,neutral,Unknown,Unknown,False
636,"<br /><br />`The Last Frontier' is a superior western that overcomes numerous deficiencies in weaving its tale of trappers Jed (Victor Mature), Gus (James Whitmore) and Mongo (Pat Hogan) and their relationships with the army, particularly Captain Riordon (Guy Madison), Colonel Ma",2025-01-25,unknown_user,,IMDB,en,imdb,positive,Unknown,Unknown,False
637,"""i may not be JOHN LEGEND to give you """"ALL OF ME"""" but i can be ED SHEERAN to """"LOVE YOU TILL WERE 70""""  Good Evening. :)""",2025-01-27,unknown_user,,Twitter (tweet_eval),en,tweet_eval_sentiment,positive,Unknown,Unknown,False
638,"Basically, this is a very good film. It is very different from Seagal's other films though, which unfortunately may turn off some of his fans. Unlike some of the other films, this does not feel like a 'Seagal vehicle'. You get to see plenty of the other characters as well and all",2024-07-20,unknown_user,,IMDB,en,imdb,positive,Unknown,Unknown,False
639,AC/DC is rocking out Perth's Domain Stadium in November... and we want you to be there!  Listen out for the cue...,2024-01-27,unknown_user,,Twitter (tweet_eval),en,tweet_eval_sentiment,positive,Unknown,Unknown,False
640,very ,2025-02-12,unknown_user,,SST-2,en,sst2,positive,Unknown,Unknown,False
641,Tryna get wavy after work tomorrow it\u2019s been a while,2024-10-13,unknown_user,,Twitter (tweet_eval),en,tweet_eval_sentiment,neutral,Unknown,Unknown,False
642,"""As channel btwn east & west #Ukraine has huge potential as producer & hub"" At business roundtable w @user /JL",2025-03-23,unknown_user,,Twitter (tweet_eval),en,tweet_eval_sentiment,neutral,Unknown,Unknown,False
643,"a delightful , if minor , pastry of a movie .",2024-02-27,unknown_user,,Rotten Tomatoes,en,rotten_tomatoes,positive,Unknown,Unknown,False
644,Eating spaghetti and watching Jurassic park on my Saturday night. Not even mad about it. Great movie great food.,2024-03-07,unknown_user,,Twitter (tweet_eval),en,tweet_eval_sentiment,positive,Unknown,Unknown,False
645,And tomorrow she wants to go to the movies. And the day after I think we're going to Disneyland.,2024-04-16,unknown_user,,Twitter (tweet_eval),en,tweet_eval_sentiment,positive,Unknown,Unknown,False
646,"@user I will when I get back.. I'm still in Florida but I get back next Tuesday, well get it in for sure""",2024-09-19,unknown_user,,Twitter (tweet_eval),en,tweet_eval_sentiment,positive,Unknown,Unknown,False
647,"Joe Biden will meet with AFL-CIO president, further fueling talk that he may enter the White House race. I predict a Labor Day announcement.",2024-02-22,unknown_user,,Twitter (tweet_eval),en,tweet_eval_sentiment,neutral,Biden,Unknown,False
648,French President Francois Hollande is due to hold talks on Monday with the heads of the World Bank and other top economic bodies.,2024-09-17,unknown_user,,Twitter (tweet_eval),en,tweet_eval_sentiment,neutral,Unknown,Unknown,False
649,"""Justin Bieber may have a number 1 single, but he still visits Santa Claus:",2024-09-28,unknown_user,,Twitter (tweet_eval),en,tweet_eval_sentiment,neutral,Unknown,Unknown,False
650,"an unsettling , memorable cinematic experience that does its predecessors proud .",2024-02-08,unknown_user,,Rotten Tomatoes,en,rotten_tomatoes,positive,Unknown,Unknown,False
651,I just wanna go see Ed Sheeran on Thursday ://,2024-11-05,unknown_user,,Twitter (tweet_eval),en,tweet_eval_sentiment,positive,Unknown,Unknown,False
652,"that rare documentary that incorporates so much of human experience -- drama , conflict , tears and surprise -- that it transcends the normal divisions between fiction and nonfiction film .",2024-02-28,unknown_user,,Rotten Tomatoes,en,rotten_tomatoes,positive,Unknown,Unknown,False
653,@user But BECAUSE you spent hours on something you will be more likely to toss money at it. Death is a super harsh penalty.,2024-01-14,unknown_user,,Twitter (tweet_eval),en,tweet_eval_sentiment,negative,Unknown,Unknown,False
654,Up to the 4th episode of True Blood 2nd season.  It gets better & better.,2024-11-26,unknown_user,,Twitter (tweet_eval),en,tweet_eval_sentiment,positive,Unknown,Unknown,False
655,"A George Soros Connected Company Provided Voting Technology In 16 States, Including Key Swing States #Trump",2025-05-13,unknown_user,,Twitter (tweet_eval),en,tweet_eval_sentiment,neutral,Trump,Unknown,False
656,I wanted to see Columbiana for my birthday but it comes out on the 26th *rolls eyes* Guess ill go see it in Clemson.,2024-10-07,unknown_user,,Twitter (tweet_eval),en,tweet_eval_sentiment,neutral,Unknown,Unknown,False
657,Pink Friday is Nicki's best.  And the Pink Print is a sloppy mess.,2024-06-22,unknown_user,,Twitter (tweet_eval),en,tweet_eval_sentiment,positive,Unknown,Unknown,False
658,"some writer dude , i think his name was , uh , michael zaidan , was supposed to have like written the screenplay or something ",2024-08-12,unknown_user,,SST-2,en,sst2,negative,Unknown,Unknown,False
659,If I make a game as a #windows10 Universal App. Will #xboxone owners be able to download and play it in November? @user @user,2025-05-02,unknown_user,,Twitter (tweet_eval),en,tweet_eval_sentiment,neutral,Unknown,Unknown,False
660,"At the #NBAwards finalist reading, the poets were on 🔥. I've been reading these all day & they are brilliant. I can…",2024-03-12,unknown_user,,Twitter (tweet_eval),en,tweet_eval_sentiment,positive,Unknown,Unknown,False
661,Iran said on Monday that Israeli lobbying was behind a new measure passed by the U.S.,2025-01-09,unknown_user,,Twitter (tweet_eval),en,tweet_eval_sentiment,neutral,Unknown,Unknown,False
662,bland actors ,2024-09-08,unknown_user,,SST-2,en,sst2,negative,Unknown,Unknown,False
663,Banging on The #RollingStones on a Friday night with @user to start the weekend - after-hour Nirvana.,2024-08-25,unknown_user,,Twitter (tweet_eval),en,tweet_eval_sentiment,positive,Unknown,Unknown,False
664,Don't need make up to cover up. #WhatMakesYouBeautiful #OneDirection #1DHarry,2024-02-27,unknown_user,,Twitter (tweet_eval),en,tweet_eval_sentiment,neutral,Unknown,Unknown,False
665,@user Everton are the 2nd highest users of the long ball this season. Wilshere has time and a selling club on his side. #feederclub,2025-02-19,unknown_user,,Twitter (tweet_eval),en,tweet_eval_sentiment,neutral,Unknown,Unknown,False
666,"every joke is repeated at least four times . every joke is repeated at least four times . every joke is repeated at least--annoying , isn't it ?",2024-07-20,unknown_user,,Rotten Tomatoes,en,rotten_tomatoes,negative,Unknown,Unknown,False
667,#Westworld S01 is nothing less than a MASTERPIECE. Phenomenal finale. And im gonna stay away from all the theories.,2025-03-07,unknown_user,,Twitter (tweet_eval),en,tweet_eval_sentiment,positive,Unknown,Unknown,False
668,a behind the scenes look at the training and dedication that goes into becoming a world-class fencer and the champion that's made a difference to nyc inner-city youth .,2024-07-19,unknown_user,,Rotten Tomatoes,en,rotten_tomatoes,positive,Unknown,Unknown,False
669,@user  A trunk show by Pipa & bella & EKSMS on Nov 1st @ Escobar with complimentary Cocktail workshop & designer Jewelry.RSVP to us,2024-10-10,unknown_user,,Twitter (tweet_eval),en,tweet_eval_sentiment,neutral,Unknown,Unknown,False
670,"@user @user plenty of other news sources with riots, just look. Not to mention anti-trump  assaults",2024-10-05,unknown_user,,Twitter (tweet_eval),en,tweet_eval_sentiment,neutral,Trump,Unknown,False
671,@user @user Purge the voter registration records,2024-07-23,unknown_user,,Twitter (tweet_eval),en,tweet_eval_sentiment,neutral,Unknown,Unknown,False
672,"an awful lot like one of [spears'] music videos in content -- except that it goes on for at least 90 more minutes and , worse , that you have to pay if you want to see it .",2024-02-18,unknown_user,,Rotten Tomatoes,en,rotten_tomatoes,negative,Unknown,Unknown,False
673,I dont even think briana is sure when she got pregnant,2025-03-29,unknown_user,,Twitter (tweet_eval),en,tweet_eval_sentiment,neutral,Unknown,Unknown,False
674,"@user i'm more upset by the racist, stereotypical shit that every fucking store under the sun sells around St. Patrick's day.""",2024-01-16,unknown_user,,Twitter (tweet_eval),en,tweet_eval_sentiment,negative,Unknown,Unknown,False
675,@user hey did you hear that the popular vote is up 2MM for Hillary and it doesn't mean shit?,2024-05-02,unknown_user,,Twitter (tweet_eval),en,tweet_eval_sentiment,negative,Unknown,Unknown,False
676,Kunle Afolayan has raised the bar to another level with October 1. Not sure there are many who can meet up or raise the bar in Nigeria!!!,2024-04-27,unknown_user,,Twitter (tweet_eval),en,tweet_eval_sentiment,positive,Unknown,Unknown,False
677,I stay up til 6:30 every morning just to watch Between the Lions.,2024-10-21,unknown_user,,Twitter (tweet_eval),en,tweet_eval_sentiment,neutral,Unknown,Unknown,False
678,Juan  Just heard Green Day's 'Time of our life' for the 1st time since leaving florida and i burst into tears. I miss everyone...  Kellogg,2024-07-21,unknown_user,,Twitter (tweet_eval),en,tweet_eval_sentiment,negative,Unknown,Unknown,False
679,[NEWS] Stuck-Up Sunday: Shepard Fairey - Andre the Giant Uncut Sticker Sheet - @user @user,2024-01-01,unknown_user,,Twitter (tweet_eval),en,tweet_eval_sentiment,neutral,Unknown,Unknown,False
680,"If you're looking for work in #Palestine, TX, check out this #job: #Retail #Hiring #CareerArc",2024-05-17,unknown_user,,Twitter (tweet_eval),en,tweet_eval_sentiment,neutral,Unknown,Unknown,False
681,WHEN I THINK OF YOU by JANET JACKSON was no.15 in the UK charts on 1 September 1986,2024-12-30,unknown_user,,Twitter (tweet_eval),en,tweet_eval_sentiment,neutral,Unknown,Unknown,False
682,#NowPlaying Adi?s - Ricky Martin,2024-11-05,unknown_user,,Twitter (tweet_eval),en,tweet_eval_sentiment,neutral,Unknown,Unknown,False
683,"@user I have yet to find even one patient who benefitted from it. And, Medicare and Medicaid are broke systems. #RepealACA",2025-01-12,unknown_user,,Twitter (tweet_eval),en,tweet_eval_sentiment,negative,Unknown,Unknown,False
684,"This is one of the worst movies I have ever seen. However, the little slave girl, Alice and Jared Harris imitating Christopher Walken is what makes this movie entertaining. Alice's smoking, drinking and uncanny way of showing up when her name is called is strange and interesting.",2024-07-21,unknown_user,,IMDB,en,imdb,negative,Harris,Unknown,False
685,Ay up @user You still want me to get you a pair of tickets for the Sunderland match on 2nd Jan (7.45pm ko)?,2025-01-11,unknown_user,,Twitter (tweet_eval),en,tweet_eval_sentiment,neutral,Unknown,Unknown,False
686,@user how many do you need? I have to get them from mrs murray and we can meet sometime friday,2024-09-21,unknown_user,,Twitter (tweet_eval),en,tweet_eval_sentiment,neutral,Unknown,Unknown,False
687,"I'm sorry to report that I have seen this film several times. When it bombed at the box office, it was repeated nightly for about a month on HBO. And I watched it over and over because television in general is so bad--or was at that time. I no longer watch, so it might be wonderf",2024-09-16,unknown_user,,IMDB,en,imdb,negative,Unknown,Unknown,False
688,"""In a reversal, Carly Fiorina now likely to make main stage at the next Republican debate: Carly Fiorina may ha...",2024-06-23,unknown_user,,Twitter (tweet_eval),en,tweet_eval_sentiment,positive,Unknown,Republicans,False
689,"Trump defendendo Steve Bannon: ""But Steve went to Harvard, he was a, you know, he was very successful,  he was a Naval officer (+)",2024-06-15,unknown_user,,Twitter (tweet_eval),en,tweet_eval_sentiment,neutral,Trump,Unknown,False
690,#Dodgers roll after Sharknado.  That's just fact.,2025-04-26,unknown_user,,Twitter (tweet_eval),en,tweet_eval_sentiment,neutral,Unknown,Unknown,False
691,I TOO CAN HEAR THE BELLS WATCHING ZAC EFRON IN THIS MOVIE,2025-02-22,unknown_user,,Twitter (tweet_eval),en,tweet_eval_sentiment,positive,Unknown,Unknown,False
692,"December 8 begins the Pope's ""year of mercy"".",2025-02-04,unknown_user,,Twitter (tweet_eval),en,tweet_eval_sentiment,positive,Unknown,Unknown,False
693,I have been astonished at the reaction of the liberals. Horrifying.,2025-03-13,unknown_user,,Twitter (tweet_eval),en,tweet_eval_sentiment,negative,Unknown,Liberal,False
694,"""Don't miss Allison DeBona from Ballet West &amp; the CW's """"""""Breaking Pointe"""""""" teaching this Thursday at 1:30pm sign in early!",2024-09-14,unknown_user,,Twitter (tweet_eval),en,tweet_eval_sentiment,positive,Unknown,Unknown,False
695,Israel it's terrorism. #Israel #free_palestine  #science #math #ACT #SAT #scholarship #highered,2024-01-07,unknown_user,,Twitter (tweet_eval),en,tweet_eval_sentiment,negative,Unknown,Unknown,False
696,Coming up in the 4pm (Eastern) hour\u002c another chance for you to win tickets to tomorrow night\u2019s Hudson Family...,2025-05-07,unknown_user,,Twitter (tweet_eval),en,tweet_eval_sentiment,neutral,Unknown,Unknown,False
697,Trying to slowly transition myself into vegetarianism.,2025-04-01,unknown_user,,Twitter (tweet_eval),en,tweet_eval_sentiment,neutral,Unknown,Unknown,False
698,"""I'm going to Paramore at Rock Im Park in Nuremburg, Germany - Jun 8",2024-05-14,unknown_user,,Twitter (tweet_eval),en,tweet_eval_sentiment,neutral,Unknown,Unknown,False
699,Obama Downplays Trump Trade Agenda  O can stick TPP & his 0 legacy #tcot #pjneet #maga #lnyhbt #wakeupamerica #tgdn,2024-07-18,unknown_user,,Twitter (tweet_eval),en,tweet_eval_sentiment,negative,Trump,Unknown,False
700,[INFO]Tiffany will be the MC for SBS K-Pop Super Concert in USA on Nov 10 SBS K-Pop Super Concert in America on Nov 10,2024-12-13,unknown_user,,Twitter (tweet_eval),en,tweet_eval_sentiment,neutral,Unknown,Unknown,False
701,And Josh Hamilton. Really this whole team right now. Incredible. Get punched in the mouth in the 8th and then do this. Awesome.,2024-07-22,unknown_user,,Twitter (tweet_eval),en,tweet_eval_sentiment,positive,Unknown,Unknown,False
702,Amazing that Derrick\u002c on his 28th birthday\u002c gets called up from the D League to an incredible franchise like the San Antonio Spurs.,2024-06-27,unknown_user,,Twitter (tweet_eval),en,tweet_eval_sentiment,positive,Unknown,Unknown,False
703,Word on the street is that Ben Affleck will be at Rick's tomorrow night.,2024-12-01,unknown_user,,Twitter (tweet_eval),en,tweet_eval_sentiment,neutral,Unknown,Unknown,False
704,John Cena Vs Seth Rollins RAW July 27th 2015 Cena Won by making the fake Champ T by @user - via @user,2025-02-12,unknown_user,,Twitter (tweet_eval),en,tweet_eval_sentiment,neutral,Unknown,Unknown,False
705,little action ,2025-02-21,unknown_user,,SST-2,en,sst2,negative,Unknown,Unknown,False
706,Tryna prepare myself for this concert Sunday. Two of the greatest Hip-Hop/R&B artist on the same stage\u002c same,2024-06-06,unknown_user,,Twitter (tweet_eval),en,tweet_eval_sentiment,positive,Unknown,Unknown,False
707,"Harper,s high standards for candidate selection, Dauphin Swan River MP running for the 3rd time un nominated, stamped by Harper",2025-01-11,unknown_user,,Twitter (tweet_eval),en,tweet_eval_sentiment,neutral,Unknown,Unknown,False
708,"this is one of the most visually stunning and thematically moving epics in recent memory , and in spite of numerous minor flaws , scorsese's best in more than a decade .",2024-04-23,unknown_user,,Rotten Tomatoes,en,rotten_tomatoes,positive,Unknown,Unknown,False
709,"""We've got some stories about that. Coach Stoops has a history of being #TooTurnt Swindle told him Sat. """"""""You got too much juice.""""""""""",2024-05-06,unknown_user,,Twitter (tweet_eval),en,tweet_eval_sentiment,neutral,Unknown,Conservatives,False
710,press the delete key .,2024-07-04,unknown_user,,Rotten Tomatoes,en,rotten_tomatoes,negative,Unknown,Unknown,False
711,nicely serves as an examination of a society in transition .,2024-08-22,unknown_user,,Rotten Tomatoes,en,rotten_tomatoes,positive,Unknown,Unknown,False
712,"as gamely as the movie tries to make sense of its title character , there remains a huge gap between the film's creepy , clean-cut dahmer ( jeremy renner ) and fiendish acts that no amount of earnest textbook psychologizing can bridge .",2024-04-22,unknown_user,,Rotten Tomatoes,en,rotten_tomatoes,negative,Unknown,Unknown,False
713,Super Sunday Football indeed! Love the Merseyside Derby!,2024-06-23,unknown_user,,Twitter (tweet_eval),en,tweet_eval_sentiment,positive,Unknown,Unknown,False
714,Look at Usher and this fancy footwork #ThankYouObama,2024-03-13,unknown_user,,Twitter (tweet_eval),en,tweet_eval_sentiment,positive,Obama,Unknown,False
715,"""Our account will be very active for International Fashion Month New York, London, Milan and Paris all the action from Thursday""",2024-07-10,unknown_user,,Twitter (tweet_eval),en,tweet_eval_sentiment,neutral,Unknown,Unknown,False
716,Monday was Gucci but then it went downhill,2024-04-18,unknown_user,,Twitter (tweet_eval),en,tweet_eval_sentiment,negative,Unknown,Unknown,False
717,@user @user Well aren\u2019t you good!  Happy anniversary. May many owls serenade you with Ricky Martin songs.,2025-01-16,unknown_user,,Twitter (tweet_eval),en,tweet_eval_sentiment,positive,Unknown,Unknown,False
718,Which camera rep are you most excited to see at Demo Days on Nov 16 & 17? (Nikon\u002c Canon\u002c Tamron\u002c Sony\u002c Sigma etc...),2025-04-28,unknown_user,,Twitter (tweet_eval),en,tweet_eval_sentiment,neutral,Unknown,Unknown,False
719,Obama's free trade agreement with the cartels. He exports guns and imports drugs using our money to do it #Teaparty #2nd,2024-05-01,unknown_user,,Twitter (tweet_eval),en,tweet_eval_sentiment,negative,Obama,Unknown,False
720,a loquacious and dreary piece of business .,2024-05-04,unknown_user,,Rotten Tomatoes,en,rotten_tomatoes,negative,Unknown,Unknown,False
721,SCOTUS cannot make law only rule on it. Get real America.  Unless it's healthcare.Then they feel they can.,2024-06-25,unknown_user,,Twitter (tweet_eval),en,tweet_eval_sentiment,negative,Unknown,Unknown,False
722,THE SKINNY: Breezy may be getting it from RiRi AND ex\u002c KT. Getting that cake! cake! cake! and eating it too. <3...,2024-02-13,unknown_user,,Twitter (tweet_eval),en,tweet_eval_sentiment,neutral,Unknown,Unknown,False
723,How cam called obj over to him was just as disrespectful when Kendrick called out Cole 1st and last name on control and not everybody else,2025-01-01,unknown_user,,Twitter (tweet_eval),en,tweet_eval_sentiment,negative,Unknown,Unknown,False
724,@user @user the deplorables hate CNN.,2024-03-25,unknown_user,,Twitter (tweet_eval),en,tweet_eval_sentiment,neutral,Unknown,Unknown,False
725,"despite all the closed-door hanky-panky , the film is essentially juiceless .",2024-08-11,unknown_user,,Rotten Tomatoes,en,rotten_tomatoes,negative,Unknown,Unknown,False
726,Vernon RCMP Cracking Down on Medical Marijuana Dispensaries,2024-01-31,unknown_user,,Twitter (tweet_eval),en,tweet_eval_sentiment,neutral,Unknown,Unknown,False
727,David Wright doing David Wright things. On to the 13th still 5-5,2024-10-08,unknown_user,,Twitter (tweet_eval),en,tweet_eval_sentiment,neutral,Unknown,Unknown,False
728,TOMORROW I WILL FINALLY SEE KENDRICK LAMAR LIVE IN CONCERT!!!!!!!! i think im going to cry,2024-08-03,unknown_user,,Twitter (tweet_eval),en,tweet_eval_sentiment,positive,Unknown,Unknown,False
729,Black Friday? You mean VOLT GREEN Friday! Join us tonight 730e from SLC! @user vs @user on @user,2024-12-07,unknown_user,,Twitter (tweet_eval),en,tweet_eval_sentiment,neutral,Unknown,Unknown,False
730,#RedSox Saltalamacchia is the 4th catcher to hit 16+ HR in back-to-back seasons for BOS. Others: Carlton Fisk\u002c Rich Gedman\u002c Jason Varitek.,2024-04-02,unknown_user,,Twitter (tweet_eval),en,tweet_eval_sentiment,neutral,Unknown,Unknown,False
731,Do anybody else agree that Cole and Kendrick did better on each other song with the black friday,2024-09-15,unknown_user,,Twitter (tweet_eval),en,tweet_eval_sentiment,positive,Unknown,Unknown,False
732,engagingly captures the maddening and magnetic ebb and flow of friendship .,2024-09-30,unknown_user,,Rotten Tomatoes,en,rotten_tomatoes,positive,Unknown,Unknown,False
733,Last day of Eid is feeling like Sunday before Monday.,2024-09-28,unknown_user,,Twitter (tweet_eval),en,tweet_eval_sentiment,neutral,Unknown,Unknown,False
734,Is anyone going to AC/DC at Ford field next Tuesday?,2024-04-19,unknown_user,,Twitter (tweet_eval),en,tweet_eval_sentiment,positive,Unknown,Unknown,False
735,FEC hold farewell session for seven ministers - President Goodluck Jonathan on Wednesday led the Federal Executive...,2025-01-01,unknown_user,,Twitter (tweet_eval),en,tweet_eval_sentiment,neutral,Unknown,Unknown,False
736,"@user @user @user @user Madonna's albums may flop, but she can still gross high from a tour nowadays.",2024-09-02,unknown_user,,Twitter (tweet_eval),en,tweet_eval_sentiment,neutral,Unknown,Unknown,False
737,"""Niall's going to be 22 in 12 days NO ONE'S GONNA BE 22, I'LL LOCK HIM IN FOREVER21!1! *prepares squad* C'mon!""",2024-03-14,unknown_user,,Twitter (tweet_eval),en,tweet_eval_sentiment,positive,Unknown,Unknown,False
738,.@repjohnlewis #NBAwards acceptance speech has been viewed over 1.6 million times at @user,2024-01-13,unknown_user,,Twitter (tweet_eval),en,tweet_eval_sentiment,neutral,Unknown,Unknown,False
739,"""Who is the best? 2NE1, with their first full concert on Dec 1 at the Singapore Indoor Stadium. Tickets go on sale Oct 19.""",2025-01-24,unknown_user,,Twitter (tweet_eval),en,tweet_eval_sentiment,positive,Unknown,Unknown,False
740,Hulk Hogan won't have a good day tomorrow when he realises everyone has been treating him like a world class cunt,2024-04-03,unknown_user,,Twitter (tweet_eval),en,tweet_eval_sentiment,negative,Unknown,Unknown,False
741,"Ashley Graham Lands First British Vogue Cover, Explains Why Hitting the Beauty Jackpot Is Not ... #weightloss",2024-05-02,unknown_user,,Twitter (tweet_eval),en,tweet_eval_sentiment,neutral,Unknown,Unknown,False
742,uploading random pics! Lol this is me last Sunday at a show at the Adrienne Arsht Center!,2025-03-16,unknown_user,,Twitter (tweet_eval),en,tweet_eval_sentiment,neutral,Unknown,Unknown,False
743,Looking forward to speaking about Email Marketing at the @user Social Media Conference tomorrow in Grand Bend....,2024-12-18,unknown_user,,Twitter (tweet_eval),en,tweet_eval_sentiment,positive,Unknown,Unknown,False
744,"*playing guesstures*me ""when you get your nails done!""gage ""OH ITS MEDICARE!!""😂😂😭",2024-08-02,unknown_user,,Twitter (tweet_eval),en,tweet_eval_sentiment,negative,Unknown,Unknown,False
745,"we've seen the hippie-turned-yuppie plot before , but there's an enthusiastic charm in <i ? fire that makes the formula fresh again .",2024-12-14,unknown_user,,Rotten Tomatoes,en,rotten_tomatoes,positive,Unknown,Unknown,False
746,Leonard Cohen is also the most compelling gnostic philosopher,2025-03-25,unknown_user,,Twitter (tweet_eval),en,tweet_eval_sentiment,positive,Unknown,Unknown,False
747,Lost some respect for Nicki after that. You may be a queen in the rap world but when u start shit at an award show u look like garbage #VMAs,2025-04-29,unknown_user,,Twitter (tweet_eval),en,tweet_eval_sentiment,negative,Unknown,Unknown,False
748,Attend the September 9 ICS TechTalk about the IBM Connections #Cloud Q3 Update: #socbiz,2024-03-09,unknown_user,,Twitter (tweet_eval),en,tweet_eval_sentiment,positive,Unknown,Unknown,False
749,Why are people looking forward to Foo Fighters tomorrow and not the fact it's my birthday?,2024-11-17,unknown_user,,Twitter (tweet_eval),en,tweet_eval_sentiment,neutral,Unknown,Unknown,False
750,Possibly going to Comic Con in Santa Fe. Can I make a Mikasa scout outfit before the 24th? it's on!,2024-08-03,unknown_user,,Twitter (tweet_eval),en,tweet_eval_sentiment,positive,Unknown,Unknown,False
751,Undertaker vs Issac Yankem is the main event. Possibly the 1st Taker vs Kane singles match. #Raw96 #WWENetwork,2024-09-17,unknown_user,,Twitter (tweet_eval),en,tweet_eval_sentiment,positive,Unknown,Unknown,False
752,@user exactly! Why aren't we verifying the voter registration system? IDs for noncitizens should differ  @user @user,2025-01-13,unknown_user,,Twitter (tweet_eval),en,tweet_eval_sentiment,neutral,Unknown,Unknown,False
753,"Who's ready for 0.12.1 Build 12 Tomorrow, Might be the last build till it come to iOS !",2024-09-02,unknown_user,,Twitter (tweet_eval),en,tweet_eval_sentiment,positive,Unknown,Unknown,False
754,Goal tomorrow at the state fair is to win a bob Marley hat with the braids,2024-01-27,unknown_user,,Twitter (tweet_eval),en,tweet_eval_sentiment,positive,Unknown,Unknown,False
755,big-hearted and frequently ,2025-01-16,unknown_user,,SST-2,en,sst2,positive,Unknown,Unknown,False
756,"@user @user ?Vietnam embargo, Cuba embargo... Nigeria meetings.But this is different?How?",2024-03-23,unknown_user,,Twitter (tweet_eval),en,tweet_eval_sentiment,neutral,Unknown,Unknown,False
757,I hope they're not suggesting calvin and Zayn fighting because let's face it...Zayn may be tiny but he's got fast hands,2024-06-11,unknown_user,,Twitter (tweet_eval),en,tweet_eval_sentiment,negative,Unknown,Unknown,False
758,gasp ,2024-04-04,unknown_user,,SST-2,en,sst2,positive,Unknown,Unknown,False
759,Obama hopeful his reset with Nigeria can boost fight against Boko Haram: President Obama on Monday praised new...,2024-03-12,unknown_user,,Twitter (tweet_eval),en,tweet_eval_sentiment,neutral,Obama,Unknown,False
760,"by and large this is mr . kilmer's movie , and it's his strongest performance since the doors .",2024-04-09,unknown_user,,Rotten Tomatoes,en,rotten_tomatoes,positive,Unknown,Unknown,False
761,"so fiendishly cunning that even the most jaded cinema audiences will leave the auditorium feeling dizzy , confused , and totally disorientated . not to mention absolutely refreshed .",2025-02-04,unknown_user,,Rotten Tomatoes,en,rotten_tomatoes,positive,Unknown,Unknown,False
762,Still in search of the really Dayna Santullo. She's been missing since she willingly passed on a Chris Brown concert on Saturday,2024-01-11,unknown_user,,Twitter (tweet_eval),en,tweet_eval_sentiment,negative,Unknown,Unknown,False
763,Inkigayo with @user YAY This is our Saturday Night <3  #kpop_stream,2024-01-20,unknown_user,,Twitter (tweet_eval),en,tweet_eval_sentiment,neutral,Unknown,Unknown,False
764,uhh Oracle if there is no spoon what am I eating this 4th can of Spaghettios with?,2024-06-24,unknown_user,,Twitter (tweet_eval),en,tweet_eval_sentiment,neutral,Unknown,Unknown,False
765,#TopStory of the Week: Microsoft joins Linux Foundation in another step toward greater openness,2024-06-08,unknown_user,,Twitter (tweet_eval),en,tweet_eval_sentiment,positive,Unknown,Conservatives,False
766,"satin rouge is not a new , or inventive , journey , but it's encouraging to see a three-dimensional , average , middle-aged woman's experience of self-discovery handled with such sensitivity .",2024-09-22,unknown_user,,Rotten Tomatoes,en,rotten_tomatoes,positive,Unknown,Unknown,False
767,#Loanwatch: Ben Amos is a doubt for tonight\u2019s Hull City game vs Doncaster (2nd round League Cup)\u002c with a groin problem.,2024-11-07,unknown_user,,Twitter (tweet_eval),en,tweet_eval_sentiment,negative,Unknown,Unknown,False
768,Foes to city\u002c HISD\u002c HCC bond measures emerge. The antis make 1st appearance just 3 wks b4 election day.,2024-08-27,unknown_user,,Twitter (tweet_eval),en,tweet_eval_sentiment,neutral,Unknown,Unknown,False
769,"""If the sky,if the world ends,if the sun sets and the rivers turn red.if we get lost in the twilight,somewhere I know we""""ll be alright""",2024-06-16,unknown_user,,Twitter (tweet_eval),en,tweet_eval_sentiment,positive,Unknown,Unknown,False
770,"@user Free Webinar Friday 8/28: The Consulting Lifestyle with Charles M, Associate Partner - IBM. Sign up:",2025-01-29,unknown_user,,Twitter (tweet_eval),en,tweet_eval_sentiment,positive,Unknown,Unknown,False
771,@user @user To paraphrase Seinfeld: are you going to double dip?  This pic (of wax cover) looks much different than 1st pic.,2024-05-07,unknown_user,,Twitter (tweet_eval),en,tweet_eval_sentiment,neutral,Unknown,Unknown,False
772,@user @user @user Great questions &amp; answers. Those there got to see the 10th Amendment Rick Perry we all love!  #Perry2016,2024-10-01,unknown_user,,Twitter (tweet_eval),en,tweet_eval_sentiment,positive,Unknown,Unknown,False
773,@user @user Just got off the phone with Nike. The official release of the t-shirts will be next Tuesday. Be......aroused.,2025-03-10,unknown_user,,Twitter (tweet_eval),en,tweet_eval_sentiment,positive,Unknown,Unknown,False
774,I see that Jill Stein filed to have a vote recount in Wisconsin. I wonder how much she received from the Clinton foundation for her service,2025-03-16,unknown_user,,Twitter (tweet_eval),en,tweet_eval_sentiment,neutral,Unknown,Unknown,False
775,"""Dana White says if Ronda wants an immediate rematch, she'll get it. Other commitments may take precedence.""",2025-03-16,unknown_user,,Twitter (tweet_eval),en,tweet_eval_sentiment,neutral,Unknown,Unknown,False
776,@user GTFO my planet!  You look like a living advertisement for abortion.  Sad!,2024-05-28,unknown_user,,Twitter (tweet_eval),en,tweet_eval_sentiment,negative,Unknown,Unknown,False
777,Egypt&#039;s new president Mohamed Morsi on Monday described the relationship between the U.S. and Egypt as some ...,2024-03-21,unknown_user,,Twitter (tweet_eval),en,tweet_eval_sentiment,neutral,Unknown,Unknown,False
778,the kind of sweet-and-sour insider movie that film buffs will eat up like so much gelati .,2024-10-11,unknown_user,,Rotten Tomatoes,en,rotten_tomatoes,positive,Unknown,Unknown,False
779,Tomorrow ill be with Tracy DiMarco at Hollywood Tans shooting a video and interview wiyh @user,2024-11-08,unknown_user,,Twitter (tweet_eval),en,tweet_eval_sentiment,neutral,Unknown,Unknown,False
780,"this insightful , oscar-nominated documentary , in which children on both sides of the ever-escalating conflict have their say away from watchful parental eyes , gives peace yet another chance .",2024-12-09,unknown_user,,Rotten Tomatoes,en,rotten_tomatoes,positive,Unknown,Unknown,False
781,Cba with school tomorrow\u002c ugh whats the point,2024-02-07,unknown_user,,Twitter (tweet_eval),en,tweet_eval_sentiment,negative,Unknown,Unknown,False
782,Netflix it is on this Friday night.,2024-09-03,unknown_user,,Twitter (tweet_eval),en,tweet_eval_sentiment,neutral,Unknown,Unknown,False
783,Does everyone not realize the Voice is rigged. Ie cassadee pope sang in the signed band Hey Monday. Or Dia was half of Meg & Dia.,2024-04-10,unknown_user,,Twitter (tweet_eval),en,tweet_eval_sentiment,negative,Unknown,Unknown,False
784,take away all the cliches and the carbon copy scenes from every drug movie we've seen and all you have left are john leguizamo's cool jackets .,2024-04-13,unknown_user,,Rotten Tomatoes,en,rotten_tomatoes,negative,Unknown,Unknown,False
785,the film lapses too often into sugary sentiment and withholds delivery on the pell-mell pyrotechnics its punchy style promises .,2024-03-24,unknown_user,,Rotten Tomatoes,en,rotten_tomatoes,negative,Unknown,Unknown,False
786,a deliciously nonsensical comedy about a city coming apart at its seams .,2024-12-10,unknown_user,,Rotten Tomatoes,en,rotten_tomatoes,positive,Unknown,Unknown,False
787,Finish taking the Cashee math prep... (-.-) ...Stupid 7th grade math I don't even remember was on it... #Prep,2024-05-30,unknown_user,,Twitter (tweet_eval),en,tweet_eval_sentiment,negative,Unknown,Unknown,False
788,Retweeted AFP news agency (@AFP):#UPDATE Maduro calls US court ruling convicting nephews for drug trafficking...,2024-05-03,unknown_user,,Twitter (tweet_eval),en,tweet_eval_sentiment,neutral,Unknown,Unknown,False
789,I drenched the old iPod nano (6th gen) in isopropanol and it actually worked! The screen will never look the same but totally worth it.,2024-07-23,unknown_user,,Twitter (tweet_eval),en,tweet_eval_sentiment,positive,Unknown,Unknown,False
790,UFC's Dana White says Holly Holm will wait for Ronda Rousey: Holly Holm may want to fight sooner than a rematc...,2024-07-03,unknown_user,,Twitter (tweet_eval),en,tweet_eval_sentiment,neutral,Unknown,Unknown,False
791,"a playful iranian parable about openness , particularly the need for people of diverse political perspectives to get along despite their ideological differences .",2024-12-20,unknown_user,,Rotten Tomatoes,en,rotten_tomatoes,positive,Unknown,Unknown,False
792,a wonderfully warm human drama ,2025-02-08,unknown_user,,SST-2,en,sst2,positive,Unknown,Unknown,False
793,"it's another stale , kill-by-numbers flick , complete with blade-thin characters and terrible , pun-laden dialogue .",2025-01-02,unknown_user,,Rotten Tomatoes,en,rotten_tomatoes,negative,Unknown,Unknown,False
794,Excited to have nothing to do but sit around Orono with no classes tomorrow,2025-04-05,unknown_user,,Twitter (tweet_eval),en,tweet_eval_sentiment,positive,Unknown,Unknown,False
795,Can I just go back to June 19th and relive seeing Paul McCartney,2024-10-25,unknown_user,,Twitter (tweet_eval),en,tweet_eval_sentiment,positive,Unknown,Unknown,False
796,"""Caitlyn Jenner and her ex-wife, Kris Jenner, have reportedly been feuding over everything under the sun, #Teamfollower #Follow #ifollowback""",2024-09-12,unknown_user,,Twitter (tweet_eval),en,tweet_eval_sentiment,neutral,Unknown,Unknown,False
797,"... a solid , well-formed satire . ",2024-10-07,unknown_user,,SST-2,en,sst2,positive,Unknown,Unknown,False
798,@user Boring #XFACTOR. Seen it all before #XFACTOR. @user Let\u2019s have something new for Autumn and no more Dancing on Ice in January.,2024-10-10,unknown_user,,Twitter (tweet_eval),en,tweet_eval_sentiment,negative,Unknown,Unknown,False
799,I come through the drive through at dunkin just about every Sunday and it's been two weeks since my regular doughnut girl has been there.,2024-02-18,unknown_user,,Twitter (tweet_eval),en,tweet_eval_sentiment,neutral,Unknown,Unknown,False
800,The 1st Black woman to ever host the Academy Awards was=>@WhoopiGoldberg! I want to be like her! #BlackHistoryMoment,2024-03-17,unknown_user,,Twitter (tweet_eval),en,tweet_eval_sentiment,positive,Unknown,Conservatives,False
801,"""Following his defeat to the Undertaker tomorrow night, Brock Lesnar will travel to Old Trafford on Monday for a medical #ITK""",2024-02-21,unknown_user,,Twitter (tweet_eval),en,tweet_eval_sentiment,neutral,Unknown,Unknown,False
802,Meeting for the 27th time as professionals (and 5000th+ time overall) Serena and Venus Williams faced-off...,2025-04-18,unknown_user,,Twitter (tweet_eval),en,tweet_eval_sentiment,positive,Unknown,Unknown,False
803,Wonderful trilogy of chef-studio dinners - first one is tomorrow night with the chef from Paley's Place.,2024-07-12,unknown_user,,Twitter (tweet_eval),en,tweet_eval_sentiment,positive,Unknown,Unknown,False
804,Unable to import #pesticides due to embargo there were no #beehive losses. Now #Cuba exports valuable organic honey,2024-05-14,unknown_user,,Twitter (tweet_eval),en,tweet_eval_sentiment,neutral,Unknown,Unknown,False
805,"Breaking from the ""11th commandment,"" Scott Walker targets Jeb Bush in a new video",2025-01-09,unknown_user,,Twitter (tweet_eval),en,tweet_eval_sentiment,neutral,Unknown,Unknown,False
806,May have smoked a blunt with Jay-Z at the @user show last nigh trying to remember..No big deal but i want his connect shits fire !!!,2025-02-15,unknown_user,,Twitter (tweet_eval),en,tweet_eval_sentiment,positive,Unknown,Unknown,False
807,"@user Yea but since it's such a short notice, B/G is the simplest thing to do. Haha but Decades Tuesday don't sound too bad.""",2024-12-22,unknown_user,,Twitter (tweet_eval),en,tweet_eval_sentiment,positive,Unknown,Unknown,False
808,balance all the formulaic equations in the long-winded heist comedy ,2024-03-05,unknown_user,,SST-2,en,sst2,negative,Unknown,Unknown,False
809,Wish today was Thursday! Tom Brady and @user take the field for the real deal tomorrow and I'm toooo excited! #BeerWingsFootball,2024-06-13,unknown_user,,Twitter (tweet_eval),en,tweet_eval_sentiment,positive,Unknown,Unknown,False
810,So this is Stephen Kinnock's actual proposal on how to tackle immigration concerns. wow. Majority of EU citizens su…,2024-07-04,unknown_user,,Twitter (tweet_eval),en,tweet_eval_sentiment,neutral,Unknown,Unknown,False
811,"ultimately , the message of trouble every day seems to be that all sexual desire disrupts life's stasis .",2025-02-05,unknown_user,,Rotten Tomatoes,en,rotten_tomatoes,positive,Unknown,Unknown,False
812,"Bernie Sanders may care about the issues, but does he really understand them? That is the question.",2024-08-08,unknown_user,,Twitter (tweet_eval),en,tweet_eval_sentiment,negative,Unknown,Unknown,False
813,Shane Stewart made an overnight trip to the Eldora Speedway wear he grabbed is 18th win of the season on Sunday!,2025-05-07,unknown_user,,Twitter (tweet_eval),en,tweet_eval_sentiment,neutral,Unknown,Unknown,False
814,Time to watch the #NJPW equivalent of Kane versus Seth Rollins from Wednesday's #G1Climax,2024-01-24,unknown_user,,Twitter (tweet_eval),en,tweet_eval_sentiment,neutral,Unknown,Unknown,False
815,@user oct 30th in Houston but if you trying to go to Oracle it's the 9th of February.,2025-03-11,unknown_user,,Twitter (tweet_eval),en,tweet_eval_sentiment,neutral,Unknown,Unknown,False
816,a$ap mob are at fucking earls court on the 30th for red bull culture class and its motherfucking sold out fucking FUCK,2024-11-06,unknown_user,,Twitter (tweet_eval),en,tweet_eval_sentiment,negative,Unknown,Unknown,False
817,"a wishy-washy melodramatic movie that shows us plenty of sturm und drung , but explains its characters' decisions only unsatisfactorily .",2024-07-10,unknown_user,,Rotten Tomatoes,en,rotten_tomatoes,negative,Unknown,Unknown,False
818,got 2nd row tix for Primus at the Kirby Center! 1st concert tour in 3D with Surround Sound!,2024-03-01,unknown_user,,Twitter (tweet_eval),en,tweet_eval_sentiment,neutral,Unknown,Unknown,False
819,@user if your answer to the first question is Prince George then I do believe it is today his birthday not tomorrow,2024-12-02,unknown_user,,Twitter (tweet_eval),en,tweet_eval_sentiment,neutral,Unknown,Unknown,False
820,I think john cena may struggle with the concept of object permanence,2024-03-08,unknown_user,,Twitter (tweet_eval),en,tweet_eval_sentiment,neutral,Unknown,Unknown,False
821,"@user I'm still with you 💯 and no matter what the networks say, you are a hero to all of us & the real winner #StillWithHer",2025-01-24,unknown_user,,Twitter (tweet_eval),en,tweet_eval_sentiment,positive,Unknown,Unknown,False
822,"The New Yorker, Nov 16, 2015:  ""The Hispanics love me,"" despite that he proposes building a wall on the Mexican border....#DonaldTrumpQuotes",2025-04-06,unknown_user,,Twitter (tweet_eval),en,tweet_eval_sentiment,neutral,Trump,Unknown,False
823,"i wish windtalkers had had more faith in the dramatic potential of this true story . this would have been better than the fiction it has concocted , and there still could have been room for the war scenes .",2024-06-24,unknown_user,,Rotten Tomatoes,en,rotten_tomatoes,negative,Unknown,Conservatives,False
824,@user @user Negative! 90\u2019s would be the Poetic Justice look or how they dressed in Friday.,2024-04-07,unknown_user,,Twitter (tweet_eval),en,tweet_eval_sentiment,negative,Unknown,Unknown,False
825,Might not be able to get a free taco tomorrow. As Napoleon Dynamite would say\u002c dang it!,2024-03-11,unknown_user,,Twitter (tweet_eval),en,tweet_eval_sentiment,negative,Unknown,Unknown,False
826,Happy Tuesday. Your batting average is no worse than that of Jose Iglesias. Hopefully that gets you through the day.,2024-11-07,unknown_user,,Twitter (tweet_eval),en,tweet_eval_sentiment,positive,Unknown,Unknown,False
827,Gregg Williams will attend St. Louis Rams game Sunday\u002c ESPN reports: Jonathan Vilma points out the interesting t...,2024-09-13,unknown_user,,Twitter (tweet_eval),en,tweet_eval_sentiment,neutral,Unknown,Unknown,False
828,Bringing The World To Virtual Reality With Google Earth VR.,2024-12-14,unknown_user,,Twitter (tweet_eval),en,tweet_eval_sentiment,neutral,Unknown,Unknown,False
829,throwback to my like 8th birthday when my bff at the time @user got me the Mariah Carey CD. Lol only cause my bday is coming up!,2024-11-14,unknown_user,,Twitter (tweet_eval),en,tweet_eval_sentiment,positive,Unknown,Unknown,False
830,with which it tries to pump life into overworked elements from eastwood 's dirty harry period ,2024-01-13,unknown_user,,SST-2,en,sst2,negative,Unknown,Unknown,False
831,RT @user opening ceremony Fri 8.30 amNZ v Tonga 9.15am OH v happy as he has Friday off  &lt;YAY. Might make ANZAC biscuits #RWC,2024-03-21,unknown_user,,Twitter (tweet_eval),en,tweet_eval_sentiment,positive,Unknown,Unknown,False
832,"Just what is the point of this film? It starts off as one film, then changes track, cheating us of a resolution to that film and ends as another movie which is nothing but a pale, pale imitation of so many other schlock-horror flicks you've ever seen. The overall impression is co",2024-06-24,unknown_user,,IMDB,en,imdb,negative,Unknown,Unknown,False
833,"Watch @user give powerful speech accepting a @user #NBAwards 'Read my child, read.'",2024-10-29,unknown_user,,Twitter (tweet_eval),en,tweet_eval_sentiment,positive,Unknown,Unknown,False
834,zac efron as link larkin 👅💦,2024-12-16,unknown_user,,Twitter (tweet_eval),en,tweet_eval_sentiment,neutral,Unknown,Unknown,False
835,"""It will be Imagine Dragons to Chicago the Musical to Beethovens 7th to Blink 182, to The Weeknd, to Ed Sheeran, to the Wonder Years""",2024-12-01,unknown_user,,Twitter (tweet_eval),en,tweet_eval_sentiment,neutral,Unknown,Unknown,False
836,Kanye West . I'm just imagining his wife as 1st lady. Kim in the Whitehouse will we know every inch of the Whitehouse thru insta!,2024-02-10,unknown_user,,Twitter (tweet_eval),en,tweet_eval_sentiment,neutral,Unknown,Unknown,False
837,All I really want is to Eric church to play Carolina on Friday,2024-08-28,unknown_user,,Twitter (tweet_eval),en,tweet_eval_sentiment,neutral,Unknown,Unknown,False
838,@user My President I have my CV ready I know you have 4500 positions to fill - I AM READY #TrumpTransition #trumptransitionteam,2024-06-15,unknown_user,,Twitter (tweet_eval),en,tweet_eval_sentiment,positive,Trump,Unknown,False
839,fails to bring as much to the table .,2024-05-05,unknown_user,,Rotten Tomatoes,en,rotten_tomatoes,negative,Unknown,Unknown,False
840,Remembering #cabbagepatchdolls like the surge of Popularity of #Hatchimals takes toymaker by surprise | CTV News,2024-11-02,unknown_user,,Twitter (tweet_eval),en,tweet_eval_sentiment,neutral,Unknown,Unknown,False
841,@user first\u002c *Rondo. 2nd\u002c you know who\u2019s higher? Darko Millicic\u002c LeBron James\u002c Carmelo Anthony\u002c etc.,2025-04-02,unknown_user,,Twitter (tweet_eval),en,tweet_eval_sentiment,neutral,Unknown,Unknown,False
842,"First saw this gem from Joe Sarno way back when, and I must say that after seeing it, I could never forget Jennifer Welles. At first I thought the film was moving a bit slower than i would expect for a Sarno film, but when Jennifer made her entrance, the first time I ever saw her",2024-09-23,unknown_user,,IMDB,en,imdb,positive,Unknown,Unknown,False
843,i can't remember the last time i saw worse stunt editing or cheaper action movie production values than in extreme ops .,2024-01-26,unknown_user,,Rotten Tomatoes,en,rotten_tomatoes,negative,Unknown,Unknown,False
844,"a low-budget affair , tadpole was shot on digital video , and the images often look smeary and blurry , to the point of distraction . then again , in a better movie , you might not have noticed .",2024-07-18,unknown_user,,Rotten Tomatoes,en,rotten_tomatoes,negative,Unknown,Unknown,False
845,Late upload from the Bears game Sunday @ The Georgia Dome,2024-10-27,unknown_user,,Twitter (tweet_eval),en,tweet_eval_sentiment,neutral,Unknown,Unknown,False
846,"Zodiac Killer (2005) was an interesting film from German born director Ulli Lommel. He directs, produced and co-stars in this latest production. Not only does he manage to make an interesting film on the cheap. But he reaches a new low when Herr Lommel works in footage from nearl",2024-12-23,unknown_user,,IMDB,en,imdb,positive,Unknown,Unknown,False
847,#maybehisfoundation can pay his legal fees🙄🙄 #AuditTheVote #StillWithHer Donald Trump and the Lawsuit Presidency,2024-08-15,unknown_user,,Twitter (tweet_eval),en,tweet_eval_sentiment,neutral,Trump,Unknown,False
848,"Actually, Goldie Hawn is from Washington (Takoma Park, Maryland), but I digress. This is sort of a Mr. Smith goes to Washington type of movie, with some variations but the same premise. I taped this movie off of cable years ago because I had a huge crush on Goldie Hawn. The story",2024-09-18,unknown_user,,IMDB,en,imdb,positive,Unknown,Conservatives,False
849,"ultimate x is a ride , basically the kind of greatest-hits reel that might come with a subscription to espn the magazine .",2024-07-27,unknown_user,,Rotten Tomatoes,en,rotten_tomatoes,positive,Unknown,Unknown,False
850,what was subtle and mystifying in the novella is now broad and farcical .,2025-02-10,unknown_user,,Rotten Tomatoes,en,rotten_tomatoes,negative,Unknown,Unknown,False
851,"apart from dazzling cinematography , we've seen just about everything in blue crush in one form or the other .",2024-01-09,unknown_user,,Rotten Tomatoes,en,rotten_tomatoes,negative,Unknown,Unknown,False
852,Go conservative w/ 600 yd offense\u002c then kick ball to best player in #ACC when it\u2019s only way you can lose.  That about sum up TOB\u2019s 4th Q?,2024-02-16,unknown_user,,Twitter (tweet_eval),en,tweet_eval_sentiment,negative,Unknown,Conservatives,False
853,"""Our Thor is ready to meet you at the #HaloAndPartners event, today through Friday. 98-124 Brewery Road London N7 9PG""",2024-07-24,unknown_user,,Twitter (tweet_eval),en,tweet_eval_sentiment,positive,Unknown,Unknown,False
854,fails to convince the audience that these brats will ever be anything more than losers .,2024-10-24,unknown_user,,Rotten Tomatoes,en,rotten_tomatoes,negative,Unknown,Unknown,False
855,"""The Celtics may have lost last night, but at least the Lakers did too!""",2025-03-27,unknown_user,,Twitter (tweet_eval),en,tweet_eval_sentiment,neutral,Unknown,Unknown,False
856,@user indeed you may\u002c or you can have the little warbler who flew all the way from Siberia only to hit the lighthouse on Bardsey...,2025-01-26,unknown_user,,Twitter (tweet_eval),en,tweet_eval_sentiment,neutral,Unknown,Unknown,False
857,Just heard that Caitlyn Jenner may be charged with Manslaughter after being involved in a fata... via @user,2024-05-18,unknown_user,,Twitter (tweet_eval),en,tweet_eval_sentiment,neutral,Unknown,Unknown,False
858,Gucci bags subconscious mind brashness january break the seal the dichotomous thy cat far out rise versus indu...,2024-12-07,unknown_user,,Twitter (tweet_eval),en,tweet_eval_sentiment,negative,Unknown,Unknown,False
859,BROCK LESNAR VS THE UNDERTAKER  supporting lesnar butttttt. May the best man win #summerslam,2024-06-23,unknown_user,,Twitter (tweet_eval),en,tweet_eval_sentiment,positive,Unknown,Unknown,False
860,some1 come wait in line with me Thursday at 3@target bc briana is being a bitch,2024-12-23,unknown_user,,Twitter (tweet_eval),en,tweet_eval_sentiment,negative,Unknown,Unknown,False
861,If you're thinking about voting for Donald Trump you might want to read this article 1st,2024-08-28,unknown_user,,Twitter (tweet_eval),en,tweet_eval_sentiment,positive,Trump,Unknown,False
862,VOA60 America- Ukraine President Poroshenko says he spoke to President-elect Trump by phone,2024-09-17,unknown_user,,Twitter (tweet_eval),en,tweet_eval_sentiment,neutral,Trump,Unknown,False
863,"@user let\u2019s get the Goodwin family to Rupp for the 1st home game & make Landen the \""""""""Y\""""""""! #RIPLane""",2024-01-24,unknown_user,,Twitter (tweet_eval),en,tweet_eval_sentiment,neutral,Unknown,Unknown,False
864,"""Dustin Johnson drains a long putt to take the lead. Eh, let me know when he does that late on a Sunday in a major. #PGAChampionship""",2025-01-12,unknown_user,,Twitter (tweet_eval),en,tweet_eval_sentiment,neutral,Boris Johnson,Unknown,False
865,too long to turn his movie in an unexpected direction ,2024-08-09,unknown_user,,SST-2,en,sst2,positive,Unknown,Unknown,False
866,"Tigerland follows the lives of a group of recently drafted men into the army who are called up to fight in Vietnam in 1971.<br /><br />At this point, America knows they are fighting a loosing battle, and the director takes us through a 16mm handheld documentary shot film of the l",2025-01-27,unknown_user,,IMDB,en,imdb,positive,Unknown,Unknown,False
867,Death penalty for Shariatpur war criminal Edris via @user,2024-12-04,unknown_user,,Twitter (tweet_eval),en,tweet_eval_sentiment,negative,Unknown,Unknown,False
868,"""RT @user I just realized the Teen Choice Awards were tonight at 8! =) I hope Rob, Kristen, and anything Twilight related wins!""",2025-04-16,unknown_user,,Twitter (tweet_eval),en,tweet_eval_sentiment,positive,Unknown,Unknown,False
869,"""My belated Christmas Eve #JohnFlemingBlog - Bras, a drag king, lesbians and the IRA -",2024-12-28,unknown_user,,Twitter (tweet_eval),en,tweet_eval_sentiment,neutral,Unknown,Unknown,False
870,One of many things that Islam has taught me is to look upon charity as something that we all must do every day that the sun rises. Powerful.,2024-10-05,unknown_user,,Twitter (tweet_eval),en,tweet_eval_sentiment,positive,Unknown,Unknown,False
871,Awesome week coming up. Are you ready for some football ? Ravens v. Dream Team Thursday at 7:30 and Redskins v....,2024-05-12,unknown_user,,Twitter (tweet_eval),en,tweet_eval_sentiment,positive,Unknown,Unknown,False
872,"""If my queen is in the 26th place, THE QUEEN must be in the first one #MTVStars Lady Gaga""",2024-12-26,unknown_user,,Twitter (tweet_eval),en,tweet_eval_sentiment,neutral,Unknown,Unknown,False
873,Music of the Sun\u002c A Girl Like Me\u002c Good Girl Gone Bad\u002c Rated R\u002c LOUD\u002c Talk That Talk and finally _________?,2024-05-22,unknown_user,,Twitter (tweet_eval),en,tweet_eval_sentiment,neutral,Unknown,Unknown,False
874,This guy is going in the mail tomorrow addressed to the Georgia Athletic Dept.,2024-09-04,unknown_user,,Twitter (tweet_eval),en,tweet_eval_sentiment,neutral,Unknown,Unknown,False
875,"as a witness to several greek-american weddings -- but , happily , a victim of none -- i can testify to the comparative accuracy of ms . vardalos' memories and insights .",2024-11-10,unknown_user,,Rotten Tomatoes,en,rotten_tomatoes,positive,Unknown,Unknown,False
876,Choirs off next Friday or the one after that... Tryna get a handful of people to go out somewhere for dinner... Anyone interested??,2024-04-30,unknown_user,,Twitter (tweet_eval),en,tweet_eval_sentiment,neutral,Unknown,Unknown,False
877,"""I feel like tomorrow on Live with Kelly and Michael, they're gonna show the video of Shawn singing I Don't Even Know Your Name, I'm excited!""",2024-10-10,unknown_user,,Twitter (tweet_eval),en,tweet_eval_sentiment,positive,Unknown,Unknown,False
878,Al-Akhbar said #Russia and #Hezbollah will now maintain ongoing contact on operational issues in #Syria.https://t.co/VEh27IAc89,2024-08-08,unknown_user,,Twitter (tweet_eval),en,tweet_eval_sentiment,neutral,Unknown,Unknown,False
879,Mannequin Challenge Part 2. Peep me being fat with the whipped cream 😂 #mannequinchallenge,2024-12-01,unknown_user,,Twitter (tweet_eval),en,tweet_eval_sentiment,neutral,Unknown,Unknown,False
880,Obamacare if you have called Marco Rubio a puppet Jeb Bush who s going over and complimented me.,2024-11-16,unknown_user,,Twitter (tweet_eval),en,tweet_eval_sentiment,negative,Obama,Unknown,False
881,"""RT @user Sanchez didn't know Plax would sneak in for a play yesterday. \""""""""I wish I would have hit him,\"""""""" he said. Got pressured by D #nyj""",2024-10-07,unknown_user,,Twitter (tweet_eval),en,tweet_eval_sentiment,negative,Unknown,Unknown,False
882,SPOILER ALERT!!! Watch the Teen Choice Awards on Studio 23 this Sunday\u002c Christina Grimmie might be there. Have a GOOD WEEKEND!,2025-01-29,unknown_user,,Twitter (tweet_eval),en,tweet_eval_sentiment,positive,Unknown,Unknown,False
883,This sounds like when Sarah Palin was interviewed and didn't know the answer.  Claimed she was being set up.,2024-06-23,unknown_user,,Twitter (tweet_eval),en,tweet_eval_sentiment,negative,Unknown,Unknown,False
884,@user I have English tomorrow but it honestly doesn\u2019t bother me for some reason. Rella always makes my day. Don\u2019t ask,2025-01-12,unknown_user,,Twitter (tweet_eval),en,tweet_eval_sentiment,positive,Unknown,Unknown,False
885,sophisticated and surprising ,2024-04-07,unknown_user,,SST-2,en,sst2,positive,Unknown,Unknown,False
886,Can someone please drive me and @user to and from Darien Lake tomorrow for Jason Aldean we will pay you!!,2024-06-19,unknown_user,,Twitter (tweet_eval),en,tweet_eval_sentiment,neutral,Unknown,Unknown,False
887,"this is sandler running on empty , repeating what he's already done way too often .",2025-05-05,unknown_user,,Rotten Tomatoes,en,rotten_tomatoes,negative,Unknown,Unknown,False
888,if you are confident Yakub was innocent  why you not push tiger before 30 july ?,2024-07-14,unknown_user,,Twitter (tweet_eval),en,tweet_eval_sentiment,neutral,Unknown,Unknown,False
889,"this quiet , introspective and entertaining independent is worth seeking .",2024-10-02,unknown_user,,Rotten Tomatoes,en,rotten_tomatoes,positive,Unknown,Unknown,False
890,A Leonard Cohen and Jeff Buckley album just in time for black friday? #buymethat,2024-02-21,unknown_user,,Twitter (tweet_eval),en,tweet_eval_sentiment,neutral,Unknown,Unknown,False
891,Zayn's roller coaster is the most emotional of all emotional roller coasters,2025-03-06,unknown_user,,Twitter (tweet_eval),en,tweet_eval_sentiment,positive,Unknown,Unknown,False
892,Rahul Gandhi the kid is planning jail bharo with all his supporters on 19 Dec. Great. The judge will have less trouble arriving at verdict.,2024-07-26,unknown_user,,Twitter (tweet_eval),en,tweet_eval_sentiment,neutral,Rahul Gandhi,Unknown,False
893,"""Bad Blood has just reached 400,000,000 views on @user It's Taylor Swift 4th video to do so.",2024-09-21,unknown_user,,Twitter (tweet_eval),en,tweet_eval_sentiment,positive,Unknown,Unknown,False
894,the script is too mainstream and the psychology too textbook to intrigue .,2024-08-12,unknown_user,,Rotten Tomatoes,en,rotten_tomatoes,negative,Unknown,Unknown,False
895,son of the bride may be a good half-hour too long but comes replete with a flattering sense of mystery and quietness .,2024-09-30,unknown_user,,Rotten Tomatoes,en,rotten_tomatoes,positive,Unknown,Unknown,False
896,@user Will you be on Minecraft now? Also can't wait to see you at Insomnia! Are you there on Sunday?,2025-01-04,unknown_user,,Twitter (tweet_eval),en,tweet_eval_sentiment,positive,Unknown,Unknown,False
897,Dallas!!! Are you ready to come have a great night with us?! We can't wait to blow the roof off with you!,2025-03-04,unknown_user,,Twitter (tweet_eval),en,tweet_eval_sentiment,positive,Unknown,Unknown,False
898,@user Agreed. Although it seemed like Atleti was still hungover from the Juve game. Any chance of the Azzurri game on Saturday?,2024-01-25,unknown_user,,Twitter (tweet_eval),en,tweet_eval_sentiment,negative,Unknown,Unknown,False
899,"""The instrumental versoin of """"4th of July"""" in Paper Towns is one of the best things ever""",2024-08-31,unknown_user,,Twitter (tweet_eval),en,tweet_eval_sentiment,positive,Unknown,Unknown,False
900,hazy ,2025-04-30,unknown_user,,SST-2,en,sst2,negative,Unknown,Unknown,False
901,"I saw this movie a few months ago on cable, and it was fantastic. William H Macy is one of my favorite actors, and his performance was just amazing. He makes you care for his character, even when he is clearly doing the wrong thing, and Neve Campbell gives a performance that is w",2024-01-18,unknown_user,,IMDB,en,imdb,positive,Unknown,Unknown,False
902,@user @user @user Warren may be rich but he is a Moron. Anybody who backed Obama on anything is,2024-01-12,unknown_user,,Twitter (tweet_eval),en,tweet_eval_sentiment,negative,Obama,Unknown,False
903,"even in the summertime , the most restless young audience deserves the dignity of an action hero motivated by something more than franchise possibilities .",2024-05-28,unknown_user,,Rotten Tomatoes,en,rotten_tomatoes,negative,Unknown,Unknown,False
904,@user hi Ben ^_^ hope to see you in Seattle in October! I'm moving there from Ireland. Yay!,2024-10-29,unknown_user,,Twitter (tweet_eval),en,tweet_eval_sentiment,positive,Unknown,Unknown,False
905,Legal framework for challenging U.S. election by brilliant Larry @user,2025-03-19,unknown_user,,Twitter (tweet_eval),en,tweet_eval_sentiment,positive,Unknown,Unknown,False
906,"Trump Stock In Dakota Access Oil Pipeline Raises Questions via @user And he was working on Carrier, Indians were hurt",2024-08-23,unknown_user,,Twitter (tweet_eval),en,tweet_eval_sentiment,neutral,Trump,Unknown,False
907,"""totally intended to boycott Miss USA show, but how in the world did Maryland come in 5th?! Three of those other girls gave terrible answers.""",2025-02-01,unknown_user,,Twitter (tweet_eval),en,tweet_eval_sentiment,negative,Unknown,Unknown,False
908,Great story about Sam Smith on CBS Sunday Morning...Sam talked about how his success came when he exposed his...,2024-11-14,unknown_user,,Twitter (tweet_eval),en,tweet_eval_sentiment,positive,Unknown,Conservatives,False
909,@user I'm happy to see the #Nats sat Zimmerman over Harper...Harvey owns Harper #Mets,2024-12-17,unknown_user,,Twitter (tweet_eval),en,tweet_eval_sentiment,neutral,Unknown,Unknown,False
910,"First off, let me say that I am a great believer in Fanpro stuff. I see it as a way to continue a good show long after it has been cancelled. Star Trek Voyages and Star Wars Revelations are examples of decent efforts. So I have a soft-spot for fanpro stuff that means I'll overloo",2025-02-06,unknown_user,,IMDB,en,imdb,negative,Unknown,Unknown,False
911,mckay deflates his piece of puffery with a sour cliche and heavy doses of mean-spiritedness,2024-06-16,unknown_user,,Rotten Tomatoes,en,rotten_tomatoes,negative,Unknown,Unknown,False
912,Erdogan has drowned a country in blood for votes at the ballot box,2024-01-09,unknown_user,,Twitter (tweet_eval),en,tweet_eval_sentiment,negative,Unknown,Unknown,False
913,Nissan Titan : Eleven accidents with 22 cars in just over five hours Saturday - Riverhead LOCAL,2024-02-05,unknown_user,,Twitter (tweet_eval),en,tweet_eval_sentiment,negative,Unknown,Unknown,False
914,"""I really want Justin to take a picture with Kendall,Miley,Ariana and Zayn on Sunday""",2024-10-28,unknown_user,,Twitter (tweet_eval),en,tweet_eval_sentiment,neutral,Unknown,Unknown,False
915,"@user You will be receiving a new seasoncard, your Juventus ticket may be paper ticket that is sent to you.",2025-02-10,unknown_user,,Twitter (tweet_eval),en,tweet_eval_sentiment,neutral,Unknown,Unknown,False
916,Who going to Club Bodi tomorrow,2024-05-23,unknown_user,,Twitter (tweet_eval),en,tweet_eval_sentiment,neutral,Unknown,Unknown,False
917,"@user Father God, the ravages of Boko Haram have got to be brought to an end. May Your mighty Hand seal their fate and bring peace.""",2024-10-15,unknown_user,,Twitter (tweet_eval),en,tweet_eval_sentiment,negative,Unknown,Unknown,False
918,@user can u imagine if Sarah palin did this. Rex huppke would be mocking her all day! But a dem says it ...,2024-10-03,unknown_user,,Twitter (tweet_eval),en,tweet_eval_sentiment,negative,Unknown,Unknown,False
919,"""Spending Sunday with the family at Galvins, Hilton Hotel. Great views, great food even better drink.""",2024-10-08,unknown_user,,Twitter (tweet_eval),en,tweet_eval_sentiment,positive,Unknown,Unknown,False
920,my iTunes is fucking up and isn't even letting me buy Calibraska so I'll definitely gift tomorrow or once I figure it out I'm sorry,2025-05-01,unknown_user,,Twitter (tweet_eval),en,tweet_eval_sentiment,negative,Unknown,Unknown,False
921,The defense of the US elections from the Obama Admin came amidst hacking fears & allegations of hacking from Russi…,2024-07-10,unknown_user,,Twitter (tweet_eval),en,tweet_eval_sentiment,neutral,Obama,Unknown,False
922,"Does anything at all happen in this movie. There are only the bizarre short scenes where I didn't know what the hell was going on so that doesn't count. This movie is sooo boring it hurts, and this is coming from a person who likes it when movies are about making movies. Confused",2024-10-04,unknown_user,,IMDB,en,imdb,negative,Unknown,Unknown,False
923,Ok all y\u2019all Catholics\u002c tomorrow be a holy day of obligation. Be sure to get y\u2019all a$$ to mass.,2025-04-13,unknown_user,,Twitter (tweet_eval),en,tweet_eval_sentiment,positive,Unknown,Unknown,False
924,a true pleasure .,2024-04-30,unknown_user,,Rotten Tomatoes,en,rotten_tomatoes,positive,Unknown,Unknown,False
925,Put Saturday in your diary if you want a pair of Nike Air Presto. There will only be 80 pairs in store at Nike!,2024-03-20,unknown_user,,Twitter (tweet_eval),en,tweet_eval_sentiment,positive,Unknown,Unknown,False
926,My dad and sister will try out Daredevil series tomorrow. They really liked Ant-Man when I recommended it to them...  HEHEHEHEHE!,2024-12-16,unknown_user,,Twitter (tweet_eval),en,tweet_eval_sentiment,positive,Unknown,Unknown,False
927,c\u2019mon y\u2019all. Taylor won that award more than once already. the fact that Blake got it this time shouldn\u2019t really piss any of you off.,2025-04-03,unknown_user,,Twitter (tweet_eval),en,tweet_eval_sentiment,negative,Unknown,Unknown,False
928,The happy NASA video as #Curiosity landed = nerd equivalent of the live feeds of bubble teams making the NCAA Tourney on Selection Sunday,2024-08-08,unknown_user,,Twitter (tweet_eval),en,tweet_eval_sentiment,positive,Unknown,Unknown,False
929,"@user @user sadly this is affecting us too.Relief turned down,rateable value up..awaiting response about 2nd appeal from LCC""",2024-04-11,unknown_user,,Twitter (tweet_eval),en,tweet_eval_sentiment,negative,Unknown,Unknown,False
930,"Sorry everyone,,, I know this is supposed to be an ""art"" film,, but wow, they should have handed out guns at the screening so people could blow their brains out and not watch. Although the scene design and photographic direction was excellent, this story is too painful to watch. ",2024-10-26,unknown_user,,IMDB,en,imdb,negative,Unknown,Conservatives,False
931,STONE COLD STEVE AUSTIN &amp; Wooooo RIC FLAIR is sat next to #WWESuperman RIGHT NOW here in the hotel bar. #FlyingHigh. #WWE #Summerslam week!,2024-01-31,unknown_user,,Twitter (tweet_eval),en,tweet_eval_sentiment,positive,Unknown,Unknown,False
932,"""#EddyK Sunday inspiration: Where will your wedding be? How about an urban chic celebration in beautiful Milan, fashion capital of the world!""",2024-12-06,unknown_user,,Twitter (tweet_eval),en,tweet_eval_sentiment,positive,Unknown,Unknown,False
933,@user @user @user im terrified of needles and HIV and sex can give HIV and condoms may protect from it,2025-02-20,unknown_user,,Twitter (tweet_eval),en,tweet_eval_sentiment,negative,Unknown,Unknown,False
934,"""Tickets to see Ant-Man with @user and @user this Friday! Looking forward to it, heard such mixed reactions to the film""",2024-07-06,unknown_user,,Twitter (tweet_eval),en,tweet_eval_sentiment,positive,Unknown,Unknown,False
935,College Night is tomorrow at ICC!  Come to the ICC CougarPlex to meet with reps from over 80 colleges IN ONE...,2025-02-23,unknown_user,,Twitter (tweet_eval),en,tweet_eval_sentiment,neutral,Unknown,Unknown,False
936,No! R u sure? I didnt even know Milan is polluted . I thought all time is cleaned. To know I'm in LA to take the sun .,2024-07-01,unknown_user,,Twitter (tweet_eval),en,tweet_eval_sentiment,neutral,Unknown,Unknown,False
937,gay dogs may make you horny but just pan lions makes you cum,2024-03-13,unknown_user,,Twitter (tweet_eval),en,tweet_eval_sentiment,neutral,Unknown,Unknown,False
938,"""My mama going to Jacksonville Saturday \u002cI would go but she want let me \u002cI\u2019m on \""""""""punishment\"""""""".!""",2024-09-22,unknown_user,,Twitter (tweet_eval),en,tweet_eval_sentiment,negative,Unknown,Unknown,False
939,Hillary Clinton’s Thanksgiving surprise spearheaded by 6-year-old boy #p2  #uniteblue,2024-09-18,unknown_user,,Twitter (tweet_eval),en,tweet_eval_sentiment,neutral,Unknown,Unknown,False
940,"it throws quirky characters , odd situations , and off-kilter dialogue at us , all as if to say , "" look at this ! this is an interesting movie ! "" but the film itself is ultimately quite unengaging .",2024-07-05,unknown_user,,Rotten Tomatoes,en,rotten_tomatoes,negative,Unknown,Unknown,False
941,Festival girl: I definitely want to see at least the end of Paul McCartney tonight! Her friend: OMG yes.  Paul played on Friday...,2024-11-06,unknown_user,,Twitter (tweet_eval),en,tweet_eval_sentiment,positive,Unknown,Unknown,False
942,@user a) I only just now found out about Force Friday what the hell. b) Amazon Prime those blasters.,2024-11-19,unknown_user,,Twitter (tweet_eval),en,tweet_eval_sentiment,neutral,Unknown,Unknown,False
943,"Dear journalists, please quit with the Joe Biden stories &amp; speculation. He's not even our 3rd choice. Sincerely, Democrats everywhere.",2024-11-28,unknown_user,,Twitter (tweet_eval),en,tweet_eval_sentiment,negative,Biden,Democrats,False
944,Today is Thor's day (Thursday)  So in honor of Thor's day let's get hammered!!!   But first let's start with a...,2025-03-11,unknown_user,,Twitter (tweet_eval),en,tweet_eval_sentiment,positive,Unknown,Unknown,False
945,"@user Muslims will take the """"5th"""" on that one.""",2024-11-18,unknown_user,,Twitter (tweet_eval),en,tweet_eval_sentiment,neutral,Unknown,Unknown,False
946,Can't wait for Raw tomorrow night. Brock Lesnar and Undertaker both in the same arena. That's going to be awesome!,2025-02-21,unknown_user,,Twitter (tweet_eval),en,tweet_eval_sentiment,positive,Unknown,Unknown,False
947,"""Sadly the fair at Splash Dance on Sunday has been cancelled due to flooding, but you can still get your fix of...",2024-05-07,unknown_user,,Twitter (tweet_eval),en,tweet_eval_sentiment,negative,Unknown,Unknown,False
948,"""'WWE Raw': Undertaker and Brock Lesnar Brawl for It All: Sunday night at Battleground, the Undertaker cut down...",2024-12-29,unknown_user,,Twitter (tweet_eval),en,tweet_eval_sentiment,neutral,Unknown,Unknown,False
949,Finding it hard to believe this season is Bale's 3rd season as Real Madrid player.,2024-12-09,unknown_user,,Twitter (tweet_eval),en,tweet_eval_sentiment,neutral,Unknown,Unknown,False
950,""" the kid stays in the picture "" is a great story , terrifically told by the man who wrote it but this cliff notes edition is a cheat .",2024-02-22,unknown_user,,Rotten Tomatoes,en,rotten_tomatoes,negative,Unknown,Conservatives,False
951,Obama was adopted by Dumham's 2nd husband Soetero and his name changed to Barry Soetero. No record it was changed Bj,2024-04-17,unknown_user,,Twitter (tweet_eval),en,tweet_eval_sentiment,neutral,Obama,Unknown,False
952,"""We are no longer where we were on 7 January, when the rampage began at the offices of Charlie Hebdo. The war has...",2024-02-08,unknown_user,,Twitter (tweet_eval),en,tweet_eval_sentiment,neutral,Unknown,Unknown,False
953,In case you forgot Panthers are horrible on defense. Pathetic. Ranked 27th against run and their top CB (Gamble) is out w/ injury. #Cowboys,2024-12-03,unknown_user,,Twitter (tweet_eval),en,tweet_eval_sentiment,negative,Unknown,Unknown,False
954,The best all around RB in the #NFL wears black & gold. #Steelers,2025-05-09,unknown_user,,Twitter (tweet_eval),en,tweet_eval_sentiment,positive,Unknown,Unknown,False
955,Bob Marley vs Funkstar de Luxe ~ Sun is Shining (Extended Club Mix) Gonna be a Hot One this weekend in the UK.,2024-04-10,unknown_user,,Twitter (tweet_eval),en,tweet_eval_sentiment,positive,Unknown,Unknown,False
956,Divas!  Movie night is tomorrow!  Meet at Fazoli's at 5:30pm for dinner.  We will walk over to AMC for the 7:05pm showing of Paper Towns!,2024-09-30,unknown_user,,Twitter (tweet_eval),en,tweet_eval_sentiment,neutral,Unknown,Unknown,False
957,I love real friends and ptv and taking back Sunday and fiatc and neck deep and knuckle puck and ymas and tonight alive and nirvana and,2025-05-05,unknown_user,,Twitter (tweet_eval),en,tweet_eval_sentiment,positive,Unknown,Unknown,False
958,@user I work in Medicaid benefit determination and it blows my mind that some of my clients may have voted for Trump.,2024-05-18,unknown_user,,Twitter (tweet_eval),en,tweet_eval_sentiment,negative,Trump,Unknown,False
959,ford deserves to be remembered at oscar time for crafting this wonderful portrait of a conflicted soldier .,2024-08-11,unknown_user,,Rotten Tomatoes,en,rotten_tomatoes,positive,Unknown,Unknown,False
960,Still my favorite pose of you\u002c :) Pancakes tomorrow\u002c glad you\u2019re here\u002c we missed DJ Marcus! Sweet dreams!,2025-03-23,unknown_user,,Twitter (tweet_eval),en,tweet_eval_sentiment,positive,Unknown,Unknown,False
961,@user please talk truth to power with your pops us deplorables dont want bitch romney,2024-06-22,unknown_user,,Twitter (tweet_eval),en,tweet_eval_sentiment,negative,Unknown,Unknown,False
962,@user bitch you sucked dick you got more than a bumper sticker and you may have been a Bentley but now you a prius,2025-05-02,unknown_user,,Twitter (tweet_eval),en,tweet_eval_sentiment,negative,Unknown,Unknown,False
963,To play Temple Run\u002c To watch HIMYM Season 8\u002c orrrrr...to sleep in readiness for tomorrow\u2019s morning interview - decisions are hard to make!:(,2024-05-04,unknown_user,,Twitter (tweet_eval),en,tweet_eval_sentiment,negative,Unknown,Unknown,False
964,@user I may have read that in the way that Seinfeld greeted Newman.,2024-09-11,unknown_user,,Twitter (tweet_eval),en,tweet_eval_sentiment,positive,Unknown,Unknown,False
965,"""After Arsenal sell Song to Barcelona we may as well sell Vermalen,give Szczesny away on a free and make sure our complete spine has gone.""",2024-07-24,unknown_user,,Twitter (tweet_eval),en,tweet_eval_sentiment,negative,Unknown,Unknown,False
966,@user Good deal. I'll be in Newport Sunday w/ friends as well as the 17th in Dayton!! #HeresToAnother,2024-07-22,unknown_user,,Twitter (tweet_eval),en,tweet_eval_sentiment,positive,Unknown,Unknown,False
967,Having a day off today yesterday went absolutely terribly and I was at foo fighters last night so will be back tomorrow. Enjoy your Sunday's,2025-03-19,unknown_user,,Twitter (tweet_eval),en,tweet_eval_sentiment,negative,Unknown,Unknown,False
968,"In China, #Obama and Kim Jong Un Are Actors and Best Friendshttps://t.co/VisWZ3HHrV",2024-10-18,unknown_user,,Twitter (tweet_eval),en,tweet_eval_sentiment,negative,Obama,Unknown,False
969,July 8th... It\u2019s goin down at DAR Constitution Hall... I\u2019m gonna make this last part rhyme... MB Y\u2019ALL!!!!!,2024-02-04,unknown_user,,Twitter (tweet_eval),en,tweet_eval_sentiment,neutral,Unknown,Unknown,False
970,Day 5 Advent Gift Countdown - 'Gold Standard'  #20moresleeps #christmasgifts #luxuryhampers…,2024-06-15,unknown_user,,Twitter (tweet_eval),en,tweet_eval_sentiment,neutral,Unknown,Unknown,False
971,SUNDAY'S PRACTICES..... I hope you can join us.  8:30am. Hot Yoga w/ Deirdre Trama 9:00am. Open Flow Clarissa...,2025-01-08,unknown_user,,Twitter (tweet_eval),en,tweet_eval_sentiment,neutral,Unknown,Unknown,False
972,"@user @user  One of my 1st music videos in the 90\u2019s is \""""""""Bad Blood\"""""""" of @user \u2019s dad .  An AIDS awareness video of Francis M.""",2025-02-26,unknown_user,,Twitter (tweet_eval),en,tweet_eval_sentiment,neutral,Unknown,Unknown,False
973,Ready for the Pride Parade on Sunday? Here's the route so you can plan ahead: -#PEAKMornings,2024-07-11,unknown_user,,Twitter (tweet_eval),en,tweet_eval_sentiment,positive,Unknown,Unknown,False
974,"Saturday arvo, sunshine, #homebrew and the Grateful Dead.    Perfect!",2025-04-17,unknown_user,,Twitter (tweet_eval),en,tweet_eval_sentiment,positive,Unknown,Unknown,False
975,"@user best one ever 7th track Dr.Dre on the beat ft. Biggie\u002c2pac\u002cBig L\u002c& Big Pun...song is gonna be called \""""""""We Ain\u2019t Dead\"""""""" lmaooo""",2024-09-20,unknown_user,,Twitter (tweet_eval),en,tweet_eval_sentiment,positive,Unknown,Unknown,False
976,I may need to get TweetBot for my iPod just for the mute function.,2025-02-14,unknown_user,,Twitter (tweet_eval),en,tweet_eval_sentiment,neutral,Unknown,Unknown,False
977,I was thinking about Niall and how he was really cute at 16 and then I remembered his 22nd birthday is in five days and I can't cope with it,2024-09-14,unknown_user,,Twitter (tweet_eval),en,tweet_eval_sentiment,positive,Unknown,Unknown,False
978,"despite all evidence to the contrary , this clunker has somehow managed to pose as an actual feature movie , the kind that charges full admission and gets hyped on tv and purports to amuse small children and ostensible adults .",2024-01-06,unknown_user,,Rotten Tomatoes,en,rotten_tomatoes,negative,Unknown,Unknown,False
979,"@user It's the #NFLGirlUKFFDraft on Monday, you all set? Feeling confident? Or does being in Milan mean auto draft for you! Ha""",2024-02-10,unknown_user,,Twitter (tweet_eval),en,tweet_eval_sentiment,neutral,Unknown,Unknown,False
980,"""Since Sunday is National Ice Cream Day, we wanted to give you the scoop on some of our favorite places near our resort destinations:...""",2024-01-14,unknown_user,,Twitter (tweet_eval),en,tweet_eval_sentiment,positive,Unknown,Unknown,False
981,@user  Always a good time with Sharknado and Twitter. Plays again Saturday at 7,2024-02-06,unknown_user,,Twitter (tweet_eval),en,tweet_eval_sentiment,positive,Unknown,Unknown,False
982,Epidemics and spread of endemic diseases are enhanced by the collapse of health services in #Yemen as a result of...,2025-01-29,unknown_user,,Twitter (tweet_eval),en,tweet_eval_sentiment,negative,Unknown,Unknown,False
983,So I'll start watching the 1st season of Game of Thrones tonight. Weee :),2024-12-29,unknown_user,,Twitter (tweet_eval),en,tweet_eval_sentiment,positive,Unknown,Unknown,False
984,@user do you have info for The Vamps in Brussels tomorrow?,2024-09-01,unknown_user,,Twitter (tweet_eval),en,tweet_eval_sentiment,neutral,Unknown,Unknown,False
985,@user it may have been written it just probably wasn't completely finished or nobody knew about Calibraska yet,2024-10-28,unknown_user,,Twitter (tweet_eval),en,tweet_eval_sentiment,neutral,Unknown,Unknown,False
986,I listen to Fleetwood Mac so much I think it may be unhealthy,2024-05-06,unknown_user,,Twitter (tweet_eval),en,tweet_eval_sentiment,neutral,Unknown,Unknown,False
987,"@user Hi there and best from Milan,ITALY; if Dgates made you angry as per NYT may I ask why? Xxx filippo""",2024-05-19,unknown_user,,Twitter (tweet_eval),en,tweet_eval_sentiment,positive,Unknown,Unknown,False
988,an exquisitely crafted and acted tale . ,2024-02-26,unknown_user,,SST-2,en,sst2,positive,Unknown,Unknown,False
989,We used to do an all Bob Dylan all night all request hour.....,2024-07-29,unknown_user,,Twitter (tweet_eval),en,tweet_eval_sentiment,neutral,Unknown,Unknown,False
990,too many improbabilities and rose-colored situations temper what could've been an impacting film .,2025-03-21,unknown_user,,Rotten Tomatoes,en,rotten_tomatoes,negative,Unknown,Unknown,False
991,"""This morning, despite it being a holiday here, I went to yoga. Tomorrow night starts 7pm yoga and I just don't know if I'll do that too.""",2024-08-02,unknown_user,,Twitter (tweet_eval),en,tweet_eval_sentiment,neutral,Unknown,Unknown,False
992,and they don't care about the finer points that may get in way of their tirades. Reactions to that Charlie Hebdo thing were esp instructive,2025-01-28,unknown_user,,Twitter (tweet_eval),en,tweet_eval_sentiment,neutral,Unknown,Unknown,False
993,No better way to end the night than with Paul McCartney. Until tomorrow! #goodnightlolla #Lollapalooza,2024-12-23,unknown_user,,Twitter (tweet_eval),en,tweet_eval_sentiment,positive,Unknown,Unknown,False
994,is prime escapist fare . ,2024-10-22,unknown_user,,SST-2,en,sst2,positive,Unknown,Unknown,False
995,we may get the full visceral impact of a ruthless army on the warpath but no sense of the devilish complexity of the balkans conflict .,2024-07-29,unknown_user,,Rotten Tomatoes,en,rotten_tomatoes,negative,Unknown,Unknown,False
996,"the film is grossly contradictory in conveying its social message , if indeed there is one .",2024-04-29,unknown_user,,Rotten Tomatoes,en,rotten_tomatoes,negative,Unknown,Conservatives,False
997,Hearing that #ToKillAMockingbird and #GoSetAWatchman have identical passages gives more reason not to read it... Watchman is a 1st draft!,2024-03-19,unknown_user,,Twitter (tweet_eval),en,tweet_eval_sentiment,negative,Unknown,Unknown,False
998,Breaking nose: Amazon prime day is rescheduled to the 50th of winter solstice to return on black friday. #goodnews #amazonprimeday,2024-10-06,unknown_user,,Twitter (tweet_eval),en,tweet_eval_sentiment,neutral,Unknown,Unknown,False
999,"Found an ancient ipod nano, I may have to keep it.",2025-02-14,unknown_user,,Twitter (tweet_eval),en,tweet_eval_sentiment,positive,Unknown,Unknown,False
1000,"Tennis-Tough tests from the start for Federer, Murray: NEW YORK, Aug 30 (Reuters) - Roger Federer and Andy Mur...",2024-10-09,unknown_user,,Twitter (tweet_eval),en,tweet_eval_sentiment,positive,Unknown,Unknown,False
